{
"type": "FeatureCollection",
"name": "attractions",
"crs": { "type": "name", "properties": { "name": "urn:ogc:def:crs:OGC:1.3:CRS84" } },
"features": [
{ "type": "Feature", "properties": { "osm_id": "8983852", "code": 2721, "fclass": "attraction", "name": "Engstligenfall" }, "geometry": { "type": "Point", "coordinates": [ 7.5608098, 46.4539098 ] } },
{ "type": "Feature", "properties": { "osm_id": "11210062", "code": 2721, "fclass": "attraction", "name": "007 Bungy Jumping" }, "geometry": { "type": "Point", "coordinates": [ 8.8484174, 46.1966279 ] } },
{ "type": "Feature", "properties": { "osm_id": "56877256", "code": 2721, "fclass": "attraction", "name": "Restaurant Burg Hohenklingen" }, "geometry": { "type": "Point", "coordinates": [ 8.8581363, 47.6669077 ] } },
{ "type": "Feature", "properties": { "osm_id": "60018172", "code": 2721, "fclass": "attraction", "name": "Jet d'eau" }, "geometry": { "type": "Point", "coordinates": [ 6.1558891, 46.2073807 ] } },
{ "type": "Feature", "properties": { "osm_id": "60166425", "code": 2721, "fclass": "attraction", "name": "Pluto (Planetenweg)" }, "geometry": { "type": "Point", "coordinates": [ 7.8714684, 46.2345772 ] } },
{ "type": "Feature", "properties": { "osm_id": "216199023", "code": 2721, "fclass": "attraction", "name": "Forchdenkmal" }, "geometry": { "type": "Point", "coordinates": [ 8.6470096, 47.3284081 ] } },
{ "type": "Feature", "properties": { "osm_id": "252822593", "code": 2721, "fclass": "attraction", "name": "Dreiländereck" }, "geometry": { "type": "Point", "coordinates": [ 7.5897727, 47.5885317 ] } },
{ "type": "Feature", "properties": { "osm_id": "259024613", "code": 2721, "fclass": "attraction", "name": "Ruine Stein" }, "geometry": { "type": "Point", "coordinates": [ 8.3053033, 47.4732192 ] } },
{ "type": "Feature", "properties": { "osm_id": "260938019", "code": 2721, "fclass": "attraction", "name": "Trümmelbachfälle" }, "geometry": { "type": "Point", "coordinates": [ 7.9132073, 46.5700065 ] } },
{ "type": "Feature", "properties": { "osm_id": "264562771", "code": 2721, "fclass": "attraction", "name": "Taminaschlucht" }, "geometry": { "type": "Point", "coordinates": [ 9.4880195, 46.9719691 ] } },
{ "type": "Feature", "properties": { "osm_id": "268473573", "code": 2721, "fclass": "attraction", "name": "Galerie Bruno Bischofberger" }, "geometry": { "type": "Point", "coordinates": [ 8.5465199, 47.364233 ] } },
{ "type": "Feature", "properties": { "osm_id": "279806612", "code": 2721, "fclass": "attraction", "name": "Hermann Hesse" }, "geometry": { "type": "Point", "coordinates": [ 8.9273192, 45.9894451 ] } },
{ "type": "Feature", "properties": { "osm_id": "281744674", "code": 2721, "fclass": "attraction", "name": "Neu-Aspermont" }, "geometry": { "type": "Point", "coordinates": [ 9.5652261, 47.0032475 ] } },
{ "type": "Feature", "properties": { "osm_id": "281748913", "code": 2721, "fclass": "attraction", "name": "Sägewerk" }, "geometry": { "type": "Point", "coordinates": [ 9.6101185, 47.0351128 ] } },
{ "type": "Feature", "properties": { "osm_id": "289150598", "code": 2721, "fclass": "attraction", "name": "Linde von Linn" }, "geometry": { "type": "Point", "coordinates": [ 8.1329376, 47.470871 ] } },
{ "type": "Feature", "properties": { "osm_id": "289562281", "code": 2721, "fclass": "attraction", "name": "Alpe Foppa" }, "geometry": { "type": "Point", "coordinates": [ 8.8930552, 46.1173218 ] } },
{ "type": "Feature", "properties": { "osm_id": "292658872", "code": 2721, "fclass": "attraction", "name": "Elefantenstein" }, "geometry": { "type": "Point", "coordinates": [ 8.2785623, 47.4492006 ] } },
{ "type": "Feature", "properties": { "osm_id": "303186649", "code": 2721, "fclass": "attraction", "name": "Marmorbruch" }, "geometry": { "type": "Point", "coordinates": [ 8.0491897, 46.6139172 ] } },
{ "type": "Feature", "properties": { "osm_id": "305474039", "code": 2721, "fclass": "attraction", "name": "Jucker Farm" }, "geometry": { "type": "Point", "coordinates": [ 8.7730294, 47.3437866 ] } },
{ "type": "Feature", "properties": { "osm_id": "306029563", "code": 2721, "fclass": "attraction", "name": "Tschamberhöhle" }, "geometry": { "type": "Point", "coordinates": [ 7.8191885, 47.5888909 ] } },
{ "type": "Feature", "properties": { "osm_id": "313358771", "code": 2721, "fclass": "attraction", "name": "Chülenmorgen" }, "geometry": { "type": "Point", "coordinates": [ 8.6506044, 47.3099109 ] } },
{ "type": "Feature", "properties": { "osm_id": "316702021", "code": 2721, "fclass": "attraction", "name": "Hinteri Egg" }, "geometry": { "type": "Point", "coordinates": [ 7.7108397, 47.3725813 ] } },
{ "type": "Feature", "properties": { "osm_id": "317816754", "code": 2721, "fclass": "attraction", "name": "Dreiländereck" }, "geometry": { "type": "Point", "coordinates": [ 7.5892988, 47.5876375 ] } },
{ "type": "Feature", "properties": { "osm_id": "327358486", "code": 2721, "fclass": "attraction", "name": "LuckyLuke post 9" }, "geometry": { "type": "Point", "coordinates": [ 7.167392, 46.1990071 ] } },
{ "type": "Feature", "properties": { "osm_id": "333740948", "code": 2721, "fclass": "attraction", "name": "Mini Golf" }, "geometry": { "type": "Point", "coordinates": [ 7.2265205, 46.0953314 ] } },
{ "type": "Feature", "properties": { "osm_id": "348851110", "code": 2721, "fclass": "attraction", "name": "Casino" }, "geometry": { "type": "Point", "coordinates": [ 8.7989542, 46.1696752 ] } },
{ "type": "Feature", "properties": { "osm_id": "353374080", "code": 2721, "fclass": "attraction", "name": "Voliere Exotic" }, "geometry": { "type": "Point", "coordinates": [ 7.8119342, 47.4671505 ] } },
{ "type": "Feature", "properties": { "osm_id": "355018411", "code": 2721, "fclass": "attraction", "name": "Le Gruyérien" }, "geometry": { "type": "Point", "coordinates": [ 7.0569553, 46.6177515 ] } },
{ "type": "Feature", "properties": { "osm_id": "366968994", "code": 2721, "fclass": "attraction", "name": "Seilpark Rigi" }, "geometry": { "type": "Point", "coordinates": [ 8.4503436, 47.0754835 ] } },
{ "type": "Feature", "properties": { "osm_id": "370320852", "code": 2721, "fclass": "attraction", "name": "Baumhaus" }, "geometry": { "type": "Point", "coordinates": [ 8.2056008, 47.1524556 ] } },
{ "type": "Feature", "properties": { "osm_id": "375865333", "code": 2721, "fclass": "attraction", "name": "Gartenbahn Staufen" }, "geometry": { "type": "Point", "coordinates": [ 8.1604794, 47.3724343 ] } },
{ "type": "Feature", "properties": { "osm_id": "381026827", "code": 2721, "fclass": "attraction", "name": "Avalanche Training Center" }, "geometry": { "type": "Point", "coordinates": [ 7.6016467, 46.148036 ] } },
{ "type": "Feature", "properties": { "osm_id": "385282206", "code": 2721, "fclass": "attraction", "name": "Storchenkolonie" }, "geometry": { "type": "Point", "coordinates": [ 7.448818, 47.1928882 ] } },
{ "type": "Feature", "properties": { "osm_id": "385468971", "code": 2721, "fclass": "attraction", "name": "Fromagerie les Martel" }, "geometry": { "type": "Point", "coordinates": [ 6.7371954, 47.0011973 ] } },
{ "type": "Feature", "properties": { "osm_id": "387614728", "code": 2721, "fclass": "attraction", "name": "Mitte des Kantons Aargau" }, "geometry": { "type": "Point", "coordinates": [ 8.1568691, 47.4096992 ] } },
{ "type": "Feature", "properties": { "osm_id": "389763540", "code": 2721, "fclass": "attraction", "name": "Rotes Kreuz" }, "geometry": { "type": "Point", "coordinates": [ 8.4281266, 47.1413378 ] } },
{ "type": "Feature", "properties": { "osm_id": "389780937", "code": 2721, "fclass": "attraction", "name": "Neugotisches Pförtnerhaus" }, "geometry": { "type": "Point", "coordinates": [ 8.4607971, 47.1389675 ] } },
{ "type": "Feature", "properties": { "osm_id": "401869379", "code": 2721, "fclass": "attraction", "name": "Bremgartner Welle" }, "geometry": { "type": "Point", "coordinates": [ 8.3404815, 47.3558652 ] } },
{ "type": "Feature", "properties": { "osm_id": "402380833", "code": 2721, "fclass": "attraction", "name": "Tropicana Pinball Shack" }, "geometry": { "type": "Point", "coordinates": [ 7.6328918, 46.7520227 ] } },
{ "type": "Feature", "properties": { "osm_id": "413741627", "code": 2721, "fclass": "attraction", "name": "Museggmauer" }, "geometry": { "type": "Point", "coordinates": [ 8.3056105, 47.0546864 ] } },
{ "type": "Feature", "properties": { "osm_id": "414207604", "code": 2721, "fclass": "attraction", "name": "Dampfbahn Katzensee" }, "geometry": { "type": "Point", "coordinates": [ 8.4891644, 47.4293413 ] } },
{ "type": "Feature", "properties": { "osm_id": "416085479", "code": 2721, "fclass": "attraction", "name": "Richterswiler Springbrunnen" }, "geometry": { "type": "Point", "coordinates": [ 8.7117826, 47.2055753 ] } },
{ "type": "Feature", "properties": { "osm_id": "416575371", "code": 2721, "fclass": "attraction", "name": "Dinosaurierplatte" }, "geometry": { "type": "Point", "coordinates": [ 7.4756489, 47.236205 ] } },
{ "type": "Feature", "properties": { "osm_id": "419876282", "code": 2721, "fclass": "attraction", "name": null }, "geometry": { "type": "Point", "coordinates": [ 7.2515949, 46.0914771 ] } },
{ "type": "Feature", "properties": { "osm_id": "430049760", "code": 2721, "fclass": "attraction", "name": "Ruine Lichtenstein" }, "geometry": { "type": "Point", "coordinates": [ 9.5265368, 46.8845717 ] } },
{ "type": "Feature", "properties": { "osm_id": "430098050", "code": 2721, "fclass": "attraction", "name": "Dreiländerstein" }, "geometry": { "type": "Point", "coordinates": [ 8.6921227, 47.1634322 ] } },
{ "type": "Feature", "properties": { "osm_id": "430148697", "code": 2721, "fclass": "attraction", "name": "Castello di Morcote" }, "geometry": { "type": "Point", "coordinates": [ 8.9137231, 45.9257964 ] } },
{ "type": "Feature", "properties": { "osm_id": "430272457", "code": 2721, "fclass": "attraction", "name": "Castello di Mesocco" }, "geometry": { "type": "Point", "coordinates": [ 9.2326256, 46.3801961 ] } },
{ "type": "Feature", "properties": { "osm_id": "430886952", "code": 2721, "fclass": "attraction", "name": "Grabenmühle" }, "geometry": { "type": "Point", "coordinates": [ 7.7142433, 46.7233127 ] } },
{ "type": "Feature", "properties": { "osm_id": "440759024", "code": 2721, "fclass": "attraction", "name": "Erdmannlistein" }, "geometry": { "type": "Point", "coordinates": [ 8.3144491, 47.3474841 ] } },
{ "type": "Feature", "properties": { "osm_id": "443214710", "code": 2721, "fclass": "attraction", "name": "Eispaläste Schwarzsee" }, "geometry": { "type": "Point", "coordinates": [ 7.2994665, 46.6948455 ] } },
{ "type": "Feature", "properties": { "osm_id": "445678026", "code": 2721, "fclass": "attraction", "name": "Martinsloch" }, "geometry": { "type": "Point", "coordinates": [ 9.2224142, 46.8996278 ] } },
{ "type": "Feature", "properties": { "osm_id": "449751378", "code": 2721, "fclass": "attraction", "name": "Giardino dei Ghiacciai" }, "geometry": { "type": "Point", "coordinates": [ 10.0480434, 46.3601396 ] } },
{ "type": "Feature", "properties": { "osm_id": "451967752", "code": 2721, "fclass": "attraction", "name": "Maison Cailler" }, "geometry": { "type": "Point", "coordinates": [ 7.1087434, 46.6069293 ] } },
{ "type": "Feature", "properties": { "osm_id": "471496121", "code": 2721, "fclass": "attraction", "name": "Salle de la question" }, "geometry": { "type": "Point", "coordinates": [ 7.0639851, 47.0509839 ] } },
{ "type": "Feature", "properties": { "osm_id": "482085729", "code": 2721, "fclass": "attraction", "name": "Viamalaschlucht" }, "geometry": { "type": "Point", "coordinates": [ 9.4472766, 46.6630477 ] } },
{ "type": "Feature", "properties": { "osm_id": "489410961", "code": 2721, "fclass": "attraction", "name": "Legionärspfad" }, "geometry": { "type": "Point", "coordinates": [ 8.2186663, 47.4804024 ] } },
{ "type": "Feature", "properties": { "osm_id": "495077298", "code": 2721, "fclass": "attraction", "name": "Ruine Rotenfluh" }, "geometry": { "type": "Point", "coordinates": [ 7.8644699, 46.6533468 ] } },
{ "type": "Feature", "properties": { "osm_id": "496255966", "code": 2721, "fclass": "attraction", "name": "Ehemaliges Kloster St.Urban" }, "geometry": { "type": "Point", "coordinates": [ 7.8397734, 47.232326 ] } },
{ "type": "Feature", "properties": { "osm_id": "497205934", "code": 2721, "fclass": "attraction", "name": "Saut-du-Doubs" }, "geometry": { "type": "Point", "coordinates": [ 6.7139886, 47.0870941 ] } },
{ "type": "Feature", "properties": { "osm_id": "515908081", "code": 2721, "fclass": "attraction", "name": "Fulehung Schaukasten" }, "geometry": { "type": "Point", "coordinates": [ 7.6268241, 46.7608488 ] } },
{ "type": "Feature", "properties": { "osm_id": "515910141", "code": 2721, "fclass": "attraction", "name": "Fulehung-Denkmal" }, "geometry": { "type": "Point", "coordinates": [ 7.6289571, 46.7613056 ] } },
{ "type": "Feature", "properties": { "osm_id": "515911470", "code": 2721, "fclass": "attraction", "name": "Scherzligschleuse" }, "geometry": { "type": "Point", "coordinates": [ 7.6325303, 46.7563801 ] } },
{ "type": "Feature", "properties": { "osm_id": "515913657", "code": 2721, "fclass": "attraction", "name": "Bälliz Fussgängerzone" }, "geometry": { "type": "Point", "coordinates": [ 7.6279163, 46.7579956 ] } },
{ "type": "Feature", "properties": { "osm_id": "516200692", "code": 2721, "fclass": "attraction", "name": "Mittelpunkt der Schweiz" }, "geometry": { "type": "Point", "coordinates": [ 8.2317843, 46.7984983 ] } },
{ "type": "Feature", "properties": { "osm_id": "519641264", "code": 2721, "fclass": "attraction", "name": "Chauffage à distance à bois" }, "geometry": { "type": "Point", "coordinates": [ 6.7354824, 46.9977112 ] } },
{ "type": "Feature", "properties": { "osm_id": "526962271", "code": 2721, "fclass": "attraction", "name": "7 Gletschermühlen" }, "geometry": { "type": "Point", "coordinates": [ 9.6886193, 46.4055902 ] } },
{ "type": "Feature", "properties": { "osm_id": "565615339", "code": 2721, "fclass": "attraction", "name": "Alte Säge Buch" }, "geometry": { "type": "Point", "coordinates": [ 8.7840099, 47.7178806 ] } },
{ "type": "Feature", "properties": { "osm_id": "568433501", "code": 2721, "fclass": "attraction", "name": "Rathaus" }, "geometry": { "type": "Point", "coordinates": [ 8.7299427, 47.499999 ] } },
{ "type": "Feature", "properties": { "osm_id": "603247426", "code": 2721, "fclass": "attraction", "name": "Gedenktafel Goethe, Brunnen" }, "geometry": { "type": "Point", "coordinates": [ 8.7398355, 47.2365896 ] } },
{ "type": "Feature", "properties": { "osm_id": "610346016", "code": 2721, "fclass": "attraction", "name": "Planetenweg Saturn" }, "geometry": { "type": "Point", "coordinates": [ 7.4907439, 47.3984189 ] } },
{ "type": "Feature", "properties": { "osm_id": "610346020", "code": 2721, "fclass": "attraction", "name": "Planetenweg Jupiter" }, "geometry": { "type": "Point", "coordinates": [ 7.494751, 47.4033649 ] } },
{ "type": "Feature", "properties": { "osm_id": "610346021", "code": 2721, "fclass": "attraction", "name": "Planetenweg Erde" }, "geometry": { "type": "Point", "coordinates": [ 7.4993381, 47.4086872 ] } },
{ "type": "Feature", "properties": { "osm_id": "610346022", "code": 2721, "fclass": "attraction", "name": "Planetenweg Mars" }, "geometry": { "type": "Point", "coordinates": [ 7.4986306, 47.4082278 ] } },
{ "type": "Feature", "properties": { "osm_id": "610346023", "code": 2721, "fclass": "attraction", "name": "Planetenweg Sonne" }, "geometry": { "type": "Point", "coordinates": [ 7.5005391, 47.4096978 ] } },
{ "type": "Feature", "properties": { "osm_id": "610346024", "code": 2721, "fclass": "attraction", "name": "Planetenweg Merkur" }, "geometry": { "type": "Point", "coordinates": [ 7.4999759, 47.4094747 ] } },
{ "type": "Feature", "properties": { "osm_id": "610346026", "code": 2721, "fclass": "attraction", "name": "Planetenweg Venus" }, "geometry": { "type": "Point", "coordinates": [ 7.4996703, 47.4091137 ] } },
{ "type": "Feature", "properties": { "osm_id": "613159167", "code": 2721, "fclass": "attraction", "name": null }, "geometry": { "type": "Point", "coordinates": [ 6.126112, 46.1427106 ] } },
{ "type": "Feature", "properties": { "osm_id": "631879705", "code": 2721, "fclass": "attraction", "name": null }, "geometry": { "type": "Point", "coordinates": [ 8.612031, 46.9321521 ] } },
{ "type": "Feature", "properties": { "osm_id": "653930472", "code": 2721, "fclass": "attraction", "name": "Kristallhöhle" }, "geometry": { "type": "Point", "coordinates": [ 9.5342219, 47.3228468 ] } },
{ "type": "Feature", "properties": { "osm_id": "663870185", "code": 2721, "fclass": "attraction", "name": "Römerbrücke / Ponte dei Salti" }, "geometry": { "type": "Point", "coordinates": [ 8.8360394, 46.2600086 ] } },
{ "type": "Feature", "properties": { "osm_id": "663870412", "code": 2721, "fclass": "attraction", "name": "Rinquelle" }, "geometry": { "type": "Point", "coordinates": [ 9.1650631, 47.1380936 ] } },
{ "type": "Feature", "properties": { "osm_id": "670308821", "code": 2721, "fclass": "attraction", "name": "Wölfe" }, "geometry": { "type": "Point", "coordinates": [ 7.4510074, 46.9358883 ] } },
{ "type": "Feature", "properties": { "osm_id": "671694372", "code": 2721, "fclass": "attraction", "name": "Europäische Wildkatze" }, "geometry": { "type": "Point", "coordinates": [ 7.4486207, 46.9350894 ] } },
{ "type": "Feature", "properties": { "osm_id": "678868180", "code": 2721, "fclass": "attraction", "name": "Velo Parcour" }, "geometry": { "type": "Point", "coordinates": [ 8.5397682, 47.4151301 ] } },
{ "type": "Feature", "properties": { "osm_id": "702986781", "code": 2721, "fclass": "attraction", "name": "Galleria Eva Lautenbach e Ursula Bovien" }, "geometry": { "type": "Point", "coordinates": [ 8.7118053, 46.2326618 ] } },
{ "type": "Feature", "properties": { "osm_id": "707608201", "code": 2721, "fclass": "attraction", "name": "Pierre d'Avoin" }, "geometry": { "type": "Point", "coordinates": [ 7.5726417, 46.1877889 ] } },
{ "type": "Feature", "properties": { "osm_id": "715198489", "code": 2721, "fclass": "attraction", "name": "Sonnenkalender" }, "geometry": { "type": "Point", "coordinates": [ 7.9139614, 47.4672791 ] } },
{ "type": "Feature", "properties": { "osm_id": "735101278", "code": 2721, "fclass": "attraction", "name": "Agrovision Burgrain: Viehstall Besuchergalerie" }, "geometry": { "type": "Point", "coordinates": [ 7.9988354, 47.1437919 ] } },
{ "type": "Feature", "properties": { "osm_id": "736745794", "code": 2721, "fclass": "attraction", "name": "Ehem. Kloster Schönthal" }, "geometry": { "type": "Point", "coordinates": [ 7.773444, 47.3596494 ] } },
{ "type": "Feature", "properties": { "osm_id": "738200064", "code": 2721, "fclass": "attraction", "name": null }, "geometry": { "type": "Point", "coordinates": [ 7.7697919, 47.1784528 ] } },
{ "type": "Feature", "properties": { "osm_id": "738926707", "code": 2721, "fclass": "attraction", "name": "S. Antonio" }, "geometry": { "type": "Point", "coordinates": [ 8.8630768, 46.4314667 ] } },
{ "type": "Feature", "properties": { "osm_id": "740389532", "code": 2721, "fclass": "attraction", "name": "Dorfspycher" }, "geometry": { "type": "Point", "coordinates": [ 7.7717307, 47.1718511 ] } },
{ "type": "Feature", "properties": { "osm_id": "740389551", "code": 2721, "fclass": "attraction", "name": "Waldfestplatz" }, "geometry": { "type": "Point", "coordinates": [ 7.7661893, 47.1718309 ] } },
{ "type": "Feature", "properties": { "osm_id": "749404927", "code": 2721, "fclass": "attraction", "name": "Mine à Hubacher" }, "geometry": { "type": "Point", "coordinates": [ 7.1116068, 46.0887022 ] } },
{ "type": "Feature", "properties": { "osm_id": "755813520", "code": 2721, "fclass": "attraction", "name": "Riederi" }, "geometry": { "type": "Point", "coordinates": [ 7.9979546, 46.3570768 ] } },
{ "type": "Feature", "properties": { "osm_id": "755833244", "code": 2721, "fclass": "attraction", "name": "Riederi" }, "geometry": { "type": "Point", "coordinates": [ 7.9977772, 46.350115 ] } },
{ "type": "Feature", "properties": { "osm_id": "755850981", "code": 2721, "fclass": "attraction", "name": "Riederi" }, "geometry": { "type": "Point", "coordinates": [ 8.0004427, 46.3467454 ] } },
{ "type": "Feature", "properties": { "osm_id": "756485917", "code": 2721, "fclass": "attraction", "name": "Hungerbrunnen" }, "geometry": { "type": "Point", "coordinates": [ 7.767354, 47.1594181 ] } },
{ "type": "Feature", "properties": { "osm_id": "756485967", "code": 2721, "fclass": "attraction", "name": "Wolfsgrube" }, "geometry": { "type": "Point", "coordinates": [ 7.7760641, 47.1648707 ] } },
{ "type": "Feature", "properties": { "osm_id": "759930032", "code": 2721, "fclass": "attraction", "name": "Modelleisenbahn" }, "geometry": { "type": "Point", "coordinates": [ 7.85018, 46.6757927 ] } },
{ "type": "Feature", "properties": { "osm_id": "760182825", "code": 2721, "fclass": "attraction", "name": "Röselistein" }, "geometry": { "type": "Point", "coordinates": [ 7.7614381, 47.1598698 ] } },
{ "type": "Feature", "properties": { "osm_id": "761768548", "code": 2721, "fclass": "attraction", "name": "Wasserrad" }, "geometry": { "type": "Point", "coordinates": [ 8.6030768, 47.3505112 ] } },
{ "type": "Feature", "properties": { "osm_id": "762999887", "code": 2721, "fclass": "attraction", "name": "Hornusserhütte Lotzwil" }, "geometry": { "type": "Point", "coordinates": [ 7.781327, 47.193294 ] } },
{ "type": "Feature", "properties": { "osm_id": "763169808", "code": 2721, "fclass": "attraction", "name": "Alte Militärkaserne" }, "geometry": { "type": "Point", "coordinates": [ 8.5330846, 47.3757764 ] } },
{ "type": "Feature", "properties": { "osm_id": "764949069", "code": 2721, "fclass": "attraction", "name": "Porte de l'Est" }, "geometry": { "type": "Point", "coordinates": [ 7.05798, 46.8877398 ] } },
{ "type": "Feature", "properties": { "osm_id": "765553875", "code": 2721, "fclass": "attraction", "name": "Rittersgraben" }, "geometry": { "type": "Point", "coordinates": [ 7.7585123, 47.1634115 ] } },
{ "type": "Feature", "properties": { "osm_id": "773944935", "code": 2721, "fclass": "attraction", "name": "Parc La Mutta" }, "geometry": { "type": "Point", "coordinates": [ 9.2353182, 46.7989005 ] } },
{ "type": "Feature", "properties": { "osm_id": "775728152", "code": 2721, "fclass": "attraction", "name": "Burg Neuburg" }, "geometry": { "type": "Point", "coordinates": [ 9.5443804, 46.9128697 ] } },
{ "type": "Feature", "properties": { "osm_id": "775761161", "code": 2721, "fclass": "attraction", "name": "Ruine Haldenstein" }, "geometry": { "type": "Point", "coordinates": [ 9.5235064, 46.8804459 ] } },
{ "type": "Feature", "properties": { "osm_id": "775868597", "code": 2721, "fclass": "attraction", "name": "Storchensiedlung im Weiler Hasel" }, "geometry": { "type": "Point", "coordinates": [ 8.7752729, 47.2631446 ] } },
{ "type": "Feature", "properties": { "osm_id": "792722504", "code": 2721, "fclass": "attraction", "name": "Grosser Römerstein" }, "geometry": { "type": "Point", "coordinates": [ 8.194524, 47.3952321 ] } },
{ "type": "Feature", "properties": { "osm_id": "792733967", "code": 2721, "fclass": "attraction", "name": "Kleiner Römerstein" }, "geometry": { "type": "Point", "coordinates": [ 8.1884305, 47.3954516 ] } },
{ "type": "Feature", "properties": { "osm_id": "793343173", "code": 2721, "fclass": "attraction", "name": "Bettlerstein" }, "geometry": { "type": "Point", "coordinates": [ 8.3139145, 47.3447996 ] } },
{ "type": "Feature", "properties": { "osm_id": "806527316", "code": 2721, "fclass": "attraction", "name": "Drachenhöhle" }, "geometry": { "type": "Point", "coordinates": [ 8.6084531, 47.3256883 ] } },
{ "type": "Feature", "properties": { "osm_id": "833248207", "code": 2721, "fclass": "attraction", "name": "Gipslöcher" }, "geometry": { "type": "Point", "coordinates": [ 10.3334667, 46.9579807 ] } },
{ "type": "Feature", "properties": { "osm_id": "839660371", "code": 2721, "fclass": "attraction", "name": "Ecurie de Louvie" }, "geometry": { "type": "Point", "coordinates": [ 7.3086646, 46.0520362 ] } },
{ "type": "Feature", "properties": { "osm_id": "846857999", "code": 2721, "fclass": "attraction", "name": "Schloss Hallwyl" }, "geometry": { "type": "Point", "coordinates": [ 8.193806, 47.3232471 ] } },
{ "type": "Feature", "properties": { "osm_id": "848928050", "code": 2721, "fclass": "attraction", "name": "Gorges du Durnand" }, "geometry": { "type": "Point", "coordinates": [ 7.0715381, 46.0696135 ] } },
{ "type": "Feature", "properties": { "osm_id": "850585212", "code": 2721, "fclass": "attraction", "name": "Rösslitram" }, "geometry": { "type": "Point", "coordinates": [ 8.8223051, 47.2234154 ] } },
{ "type": "Feature", "properties": { "osm_id": "861720646", "code": 2721, "fclass": "attraction", "name": "Pierre Agassiz (bloc erratique)" }, "geometry": { "type": "Point", "coordinates": [ 7.0758551, 46.9616816 ] } },
{ "type": "Feature", "properties": { "osm_id": "868761079", "code": 2721, "fclass": "attraction", "name": "ehem. Specksteinbruch" }, "geometry": { "type": "Point", "coordinates": [ 8.6861227, 46.6559117 ] } },
{ "type": "Feature", "properties": { "osm_id": "869206214", "code": 2721, "fclass": "attraction", "name": "Pfahlbauerhaus" }, "geometry": { "type": "Point", "coordinates": [ 8.2048845, 47.3188603 ] } },
{ "type": "Feature", "properties": { "osm_id": "873832290", "code": 2721, "fclass": "attraction", "name": "piazza Funtana" }, "geometry": { "type": "Point", "coordinates": [ 8.7120685, 46.2304563 ] } },
{ "type": "Feature", "properties": { "osm_id": "879267274", "code": 2721, "fclass": "attraction", "name": "hive" }, "geometry": { "type": "Point", "coordinates": [ 7.3246153, 46.0475168 ] } },
{ "type": "Feature", "properties": { "osm_id": "881271198", "code": 2721, "fclass": "attraction", "name": "Schloss Brestenberg" }, "geometry": { "type": "Point", "coordinates": [ 8.2081924, 47.3197919 ] } },
{ "type": "Feature", "properties": { "osm_id": "886592575", "code": 2721, "fclass": "attraction", "name": "Wasserrad" }, "geometry": { "type": "Point", "coordinates": [ 7.9913602, 47.4598745 ] } },
{ "type": "Feature", "properties": { "osm_id": "886652260", "code": 2721, "fclass": "attraction", "name": "Granitischer Bionit-Gneis" }, "geometry": { "type": "Point", "coordinates": [ 7.9799476, 47.4654407 ] } },
{ "type": "Feature", "properties": { "osm_id": "897566056", "code": 2721, "fclass": "attraction", "name": "Seehund" }, "geometry": { "type": "Point", "coordinates": [ 8.5716951, 47.3846933 ] } },
{ "type": "Feature", "properties": { "osm_id": "897566067", "code": 2721, "fclass": "attraction", "name": "Schildkröten" }, "geometry": { "type": "Point", "coordinates": [ 8.5729903, 47.3843307 ] } },
{ "type": "Feature", "properties": { "osm_id": "897566069", "code": 2721, "fclass": "attraction", "name": "Darvin-Nandus" }, "geometry": { "type": "Point", "coordinates": [ 8.5721877, 47.3853297 ] } },
{ "type": "Feature", "properties": { "osm_id": "897566073", "code": 2721, "fclass": "attraction", "name": "Europäischer Fischotter" }, "geometry": { "type": "Point", "coordinates": [ 8.5713219, 47.3843311 ] } },
{ "type": "Feature", "properties": { "osm_id": "897566079", "code": 2721, "fclass": "attraction", "name": "Hauskamel/Trampeltier" }, "geometry": { "type": "Point", "coordinates": [ 8.5744199, 47.3867367 ] } },
{ "type": "Feature", "properties": { "osm_id": "897566082", "code": 2721, "fclass": "attraction", "name": "Vikunja" }, "geometry": { "type": "Point", "coordinates": [ 8.5723106, 47.3855464 ] } },
{ "type": "Feature", "properties": { "osm_id": "897566091", "code": 2721, "fclass": "attraction", "name": "Alpaka" }, "geometry": { "type": "Point", "coordinates": [ 8.5718293, 47.3851697 ] } },
{ "type": "Feature", "properties": { "osm_id": "897566095", "code": 2721, "fclass": "attraction", "name": "Grevyzebra" }, "geometry": { "type": "Point", "coordinates": [ 8.578752, 47.3885508 ] } },
{ "type": "Feature", "properties": { "osm_id": "897566103", "code": 2721, "fclass": "attraction", "name": "Kappengibbons" }, "geometry": { "type": "Point", "coordinates": [ 8.57219, 47.3851583 ] } },
{ "type": "Feature", "properties": { "osm_id": "897566105", "code": 2721, "fclass": "attraction", "name": "Chileflamingo" }, "geometry": { "type": "Point", "coordinates": [ 8.5747145, 47.3856241 ] } },
{ "type": "Feature", "properties": { "osm_id": "897617487", "code": 2721, "fclass": "attraction", "name": "Wasserscheide Schwarzes Meer - Mittelmeer - Nordsee" }, "geometry": { "type": "Point", "coordinates": [ 9.6634395, 46.4136939 ] } },
{ "type": "Feature", "properties": { "osm_id": "903915100", "code": 2721, "fclass": "attraction", "name": "Ehem. Erzgruben" }, "geometry": { "type": "Point", "coordinates": [ 9.6648275, 46.723958 ] } },
{ "type": "Feature", "properties": { "osm_id": "916320563", "code": 2721, "fclass": "attraction", "name": "Cloche de Shinagawa" }, "geometry": { "type": "Point", "coordinates": [ 6.1380784, 46.2242798 ] } },
{ "type": "Feature", "properties": { "osm_id": "925435670", "code": 2721, "fclass": "attraction", "name": "LINDE" }, "geometry": { "type": "Point", "coordinates": [ 7.6752911, 47.324231 ] } },
{ "type": "Feature", "properties": { "osm_id": "925435675", "code": 2721, "fclass": "attraction", "name": "EIBEN" }, "geometry": { "type": "Point", "coordinates": [ 7.66614, 47.328965 ] } },
{ "type": "Feature", "properties": { "osm_id": "925435681", "code": 2721, "fclass": "attraction", "name": "AHORNGRUPPE" }, "geometry": { "type": "Point", "coordinates": [ 7.6712521, 47.32704 ] } },
{ "type": "Feature", "properties": { "osm_id": "925435687", "code": 2721, "fclass": "attraction", "name": "Ahorn" }, "geometry": { "type": "Point", "coordinates": [ 7.6813471, 47.333728 ] } },
{ "type": "Feature", "properties": { "osm_id": "940158980", "code": 2721, "fclass": "attraction", "name": "Lindezytli" }, "geometry": { "type": "Point", "coordinates": [ 7.554676, 47.0315477 ] } },
{ "type": "Feature", "properties": { "osm_id": "946570542", "code": 2721, "fclass": "attraction", "name": "Cascata di Foroglio" }, "geometry": { "type": "Point", "coordinates": [ 8.5447679, 46.371038 ] } },
{ "type": "Feature", "properties": { "osm_id": "948595022", "code": 2721, "fclass": "attraction", "name": "Staubbachfall" }, "geometry": { "type": "Point", "coordinates": [ 7.905429, 46.589776 ] } },
{ "type": "Feature", "properties": { "osm_id": "983797939", "code": 2721, "fclass": "attraction", "name": "Gargamelle bubble chamber" }, "geometry": { "type": "Point", "coordinates": [ 6.0552594, 46.2325449 ] } },
{ "type": "Feature", "properties": { "osm_id": "992822857", "code": 2721, "fclass": "attraction", "name": "Teufelsküche" }, "geometry": { "type": "Point", "coordinates": [ 8.4537559, 47.7227297 ] } },
{ "type": "Feature", "properties": { "osm_id": "1066987800", "code": 2721, "fclass": "attraction", "name": "Wagon Ürikon-Bauma Bahn" }, "geometry": { "type": "Point", "coordinates": [ 8.7640644, 47.2394799 ] } },
{ "type": "Feature", "properties": { "osm_id": "1072353810", "code": 2721, "fclass": "attraction", "name": "Freizeitmusiker" }, "geometry": { "type": "Point", "coordinates": [ 9.09926, 47.4009899 ] } },
{ "type": "Feature", "properties": { "osm_id": "1072354241", "code": 2721, "fclass": "attraction", "name": "Fahrzeugschlosser" }, "geometry": { "type": "Point", "coordinates": [ 9.1039379, 47.3983199 ] } },
{ "type": "Feature", "properties": { "osm_id": "1072354831", "code": 2721, "fclass": "attraction", "name": "Forstwart" }, "geometry": { "type": "Point", "coordinates": [ 9.1035649, 47.39729 ] } },
{ "type": "Feature", "properties": { "osm_id": "1072355021", "code": 2721, "fclass": "attraction", "name": null }, "geometry": { "type": "Point", "coordinates": [ 9.1029199, 47.39614 ] } },
{ "type": "Feature", "properties": { "osm_id": "1072380441", "code": 2721, "fclass": "attraction", "name": "Info-Tafel" }, "geometry": { "type": "Point", "coordinates": [ 9.1197349, 47.39645 ] } },
{ "type": "Feature", "properties": { "osm_id": "1083463730", "code": 2721, "fclass": "attraction", "name": "casa Patricia Highsmith" }, "geometry": { "type": "Point", "coordinates": [ 8.7111759, 46.230857 ] } },
{ "type": "Feature", "properties": { "osm_id": "1102278288", "code": 2721, "fclass": "attraction", "name": "Winterquartier Circus Monti" }, "geometry": { "type": "Point", "coordinates": [ 8.2635385, 47.3549518 ] } },
{ "type": "Feature", "properties": { "osm_id": "1103576876", "code": 2721, "fclass": "attraction", "name": "Isler Villa" }, "geometry": { "type": "Point", "coordinates": [ 8.2747267, 47.3507055 ] } },
{ "type": "Feature", "properties": { "osm_id": "1103576905", "code": 2721, "fclass": "attraction", "name": "Casino" }, "geometry": { "type": "Point", "coordinates": [ 8.2762017, 47.3496159 ] } },
{ "type": "Feature", "properties": { "osm_id": "1151534983", "code": 2721, "fclass": "attraction", "name": "Pyramides de Gypse" }, "geometry": { "type": "Point", "coordinates": [ 7.1241211, 46.3255327 ] } },
{ "type": "Feature", "properties": { "osm_id": "1151535046", "code": 2721, "fclass": "attraction", "name": "Pyramides de Gypse" }, "geometry": { "type": "Point", "coordinates": [ 7.1281633, 46.3250346 ] } },
{ "type": "Feature", "properties": { "osm_id": "1230090972", "code": 2721, "fclass": "attraction", "name": "Rheinfall" }, "geometry": { "type": "Point", "coordinates": [ 8.6150718, 47.677719 ] } },
{ "type": "Feature", "properties": { "osm_id": "1268354701", "code": 2721, "fclass": "attraction", "name": "Les Moulins de Saint-Luc" }, "geometry": { "type": "Point", "coordinates": [ 7.6049216, 46.2165553 ] } },
{ "type": "Feature", "properties": { "osm_id": "1296420978", "code": 2721, "fclass": "attraction", "name": "Steinhuhn" }, "geometry": { "type": "Point", "coordinates": [ 7.4503245, 46.9344875 ] } },
{ "type": "Feature", "properties": { "osm_id": "1296435845", "code": 2721, "fclass": "attraction", "name": "Alpenkrähe" }, "geometry": { "type": "Point", "coordinates": [ 7.4501481, 46.9345091 ] } },
{ "type": "Feature", "properties": { "osm_id": "1296563180", "code": 2721, "fclass": "attraction", "name": "Waschbär" }, "geometry": { "type": "Point", "coordinates": [ 7.4488308, 46.9341055 ] } },
{ "type": "Feature", "properties": { "osm_id": "1296563181", "code": 2721, "fclass": "attraction", "name": "Marderhund" }, "geometry": { "type": "Point", "coordinates": [ 7.4486175, 46.934177 ] } },
{ "type": "Feature", "properties": { "osm_id": "1296626644", "code": 2721, "fclass": "attraction", "name": "Rothirsch" }, "geometry": { "type": "Point", "coordinates": [ 7.4521406, 46.9340552 ] } },
{ "type": "Feature", "properties": { "osm_id": "1297480764", "code": 2721, "fclass": "attraction", "name": "Sommerrodelbahn Oeschinensee" }, "geometry": { "type": "Point", "coordinates": [ 7.6965239, 46.5022858 ] } },
{ "type": "Feature", "properties": { "osm_id": "1298834728", "code": 2721, "fclass": "attraction", "name": "Eurasischer Fischotter" }, "geometry": { "type": "Point", "coordinates": [ 7.4523421, 46.9333808 ] } },
{ "type": "Feature", "properties": { "osm_id": "1299447976", "code": 2721, "fclass": "attraction", "name": "Alpensteinbock" }, "geometry": { "type": "Point", "coordinates": [ 7.4540036, 46.9339715 ] } },
{ "type": "Feature", "properties": { "osm_id": "1300752330", "code": 2721, "fclass": "attraction", "name": "Elch" }, "geometry": { "type": "Point", "coordinates": [ 7.4485217, 46.9346642 ] } },
{ "type": "Feature", "properties": { "osm_id": "1301191178", "code": 2721, "fclass": "attraction", "name": "Gedenkstein Giovanni Segantini" }, "geometry": { "type": "Point", "coordinates": [ 9.6199624, 46.6014467 ] } },
{ "type": "Feature", "properties": { "osm_id": "1305368584", "code": 2721, "fclass": "attraction", "name": "Rosaflamingo" }, "geometry": { "type": "Point", "coordinates": [ 7.4499867, 46.9341796 ] } },
{ "type": "Feature", "properties": { "osm_id": "1322218011", "code": 2721, "fclass": "attraction", "name": "Jardin Alpin La Linnaea" }, "geometry": { "type": "Point", "coordinates": [ 7.2074024, 45.9473299 ] } },
{ "type": "Feature", "properties": { "osm_id": "1326226303", "code": 2721, "fclass": "attraction", "name": "Splüi del Forno" }, "geometry": { "type": "Point", "coordinates": [ 8.5848126, 46.3568458 ] } },
{ "type": "Feature", "properties": { "osm_id": "1327271538", "code": 2721, "fclass": "attraction", "name": "La Traction" }, "geometry": { "type": "Point", "coordinates": [ 7.0622821, 47.2783924 ] } },
{ "type": "Feature", "properties": { "osm_id": "1327372526", "code": 2721, "fclass": "attraction", "name": "Sciulél dal Strii" }, "geometry": { "type": "Point", "coordinates": [ 8.590409, 46.3521351 ] } },
{ "type": "Feature", "properties": { "osm_id": "1327372540", "code": 2721, "fclass": "attraction", "name": "Grà" }, "geometry": { "type": "Point", "coordinates": [ 8.5849321, 46.3567345 ] } },
{ "type": "Feature", "properties": { "osm_id": "1327372545", "code": 2721, "fclass": "attraction", "name": null }, "geometry": { "type": "Point", "coordinates": [ 8.5785618, 46.3590941 ] } },
{ "type": "Feature", "properties": { "osm_id": "1329924540", "code": 2721, "fclass": "attraction", "name": "Seerenbachfälle" }, "geometry": { "type": "Point", "coordinates": [ 9.1655273, 47.1387015 ] } },
{ "type": "Feature", "properties": { "osm_id": "1334052132", "code": 2721, "fclass": "attraction", "name": "Campo Nomade Primaverile" }, "geometry": { "type": "Point", "coordinates": [ 8.5674973, 46.3670883 ] } },
{ "type": "Feature", "properties": { "osm_id": "1334052162", "code": 2721, "fclass": "attraction", "name": "Splüi di Inselmit" }, "geometry": { "type": "Point", "coordinates": [ 8.563225, 46.370083 ] } },
{ "type": "Feature", "properties": { "osm_id": "1334052191", "code": 2721, "fclass": "attraction", "name": "Giardino Pensile" }, "geometry": { "type": "Point", "coordinates": [ 8.5737692, 46.3648 ] } },
{ "type": "Feature", "properties": { "osm_id": "1334052240", "code": 2721, "fclass": "attraction", "name": "Splüi di chièuri" }, "geometry": { "type": "Point", "coordinates": [ 8.5753107, 46.3643269 ] } },
{ "type": "Feature", "properties": { "osm_id": "1334809547", "code": 2721, "fclass": "attraction", "name": "Parc géologique" }, "geometry": { "type": "Point", "coordinates": [ 7.3287427, 46.0206979 ] } },
{ "type": "Feature", "properties": { "osm_id": "1336871578", "code": 2721, "fclass": "attraction", "name": "Schwarzes Alpenschwein" }, "geometry": { "type": "Point", "coordinates": [ 8.5772568, 47.3859795 ] } },
{ "type": "Feature", "properties": { "osm_id": "1336871580", "code": 2721, "fclass": "attraction", "name": "Westafrikanische Zwergziegen" }, "geometry": { "type": "Point", "coordinates": [ 8.5767081, 47.3864715 ] } },
{ "type": "Feature", "properties": { "osm_id": "1336871585", "code": 2721, "fclass": "attraction", "name": "Fledermäuse" }, "geometry": { "type": "Point", "coordinates": [ 8.5779974, 47.3854445 ] } },
{ "type": "Feature", "properties": { "osm_id": "1336871588", "code": 2721, "fclass": "attraction", "name": "Hausmeerschweinchen" }, "geometry": { "type": "Point", "coordinates": [ 8.5769266, 47.386364 ] } },
{ "type": "Feature", "properties": { "osm_id": "1336871591", "code": 2721, "fclass": "attraction", "name": "Pferd" }, "geometry": { "type": "Point", "coordinates": [ 8.5776542, 47.3857764 ] } },
{ "type": "Feature", "properties": { "osm_id": "1336871593", "code": 2721, "fclass": "attraction", "name": "Schweizerhuhn" }, "geometry": { "type": "Point", "coordinates": [ 8.5771395, 47.3861147 ] } },
{ "type": "Feature", "properties": { "osm_id": "1336871600", "code": 2721, "fclass": "attraction", "name": "Präriehund" }, "geometry": { "type": "Point", "coordinates": [ 8.5775532, 47.385934 ] } },
{ "type": "Feature", "properties": { "osm_id": "1343555636", "code": 2721, "fclass": "attraction", "name": "Torba e artigianato" }, "geometry": { "type": "Point", "coordinates": [ 8.5474284, 46.3737946 ] } },
{ "type": "Feature", "properties": { "osm_id": "1343738643", "code": 2721, "fclass": "attraction", "name": "Terreni terrazzati" }, "geometry": { "type": "Point", "coordinates": [ 8.5825016, 46.359245 ] } },
{ "type": "Feature", "properties": { "osm_id": "1343738741", "code": 2721, "fclass": "attraction", "name": "Torba" }, "geometry": { "type": "Point", "coordinates": [ 8.537561, 46.394678 ] } },
{ "type": "Feature", "properties": { "osm_id": "1353510296", "code": 2721, "fclass": "attraction", "name": "Amurtiger" }, "geometry": { "type": "Point", "coordinates": [ 8.5735886, 47.3877147 ] } },
{ "type": "Feature", "properties": { "osm_id": "1353510308", "code": 2721, "fclass": "attraction", "name": "Asiatischer Löwe" }, "geometry": { "type": "Point", "coordinates": [ 8.5730989, 47.3864402 ] } },
{ "type": "Feature", "properties": { "osm_id": "1357645261", "code": 2721, "fclass": "attraction", "name": "Schmutzgeier" }, "geometry": { "type": "Point", "coordinates": [ 8.5727505, 47.3859235 ] } },
{ "type": "Feature", "properties": { "osm_id": "1363917572", "code": 2721, "fclass": "attraction", "name": null }, "geometry": { "type": "Point", "coordinates": [ 7.8993213, 46.0920747 ] } },
{ "type": "Feature", "properties": { "osm_id": "1381918819", "code": 2721, "fclass": "attraction", "name": "Naturbrücke" }, "geometry": { "type": "Point", "coordinates": [ 9.4875968, 46.970048 ] } },
{ "type": "Feature", "properties": { "osm_id": "1398711776", "code": 2721, "fclass": "attraction", "name": "Lac Souterrain" }, "geometry": { "type": "Point", "coordinates": [ 7.4258954, 46.2569313 ] } },
{ "type": "Feature", "properties": { "osm_id": "1399017615", "code": 2721, "fclass": "attraction", "name": "Labyrinthe des 10 Chênes et 3 cerisiers" }, "geometry": { "type": "Point", "coordinates": [ 7.1198909, 46.7825031 ] } },
{ "type": "Feature", "properties": { "osm_id": "1414399158", "code": 2721, "fclass": "attraction", "name": "Feeblitz Rodelbobbahn" }, "geometry": { "type": "Point", "coordinates": [ 7.9272172, 46.1048739 ] } },
{ "type": "Feature", "properties": { "osm_id": "1414692874", "code": 2721, "fclass": "attraction", "name": "Eispavillon" }, "geometry": { "type": "Point", "coordinates": [ 7.9051135, 46.0584246 ] } },
{ "type": "Feature", "properties": { "osm_id": "1426834351", "code": 2721, "fclass": "attraction", "name": null }, "geometry": { "type": "Point", "coordinates": [ 7.0511693, 46.4948522 ] } },
{ "type": "Feature", "properties": { "osm_id": "1436691275", "code": 2721, "fclass": "attraction", "name": "Appenzeller Schaukäserei" }, "geometry": { "type": "Point", "coordinates": [ 9.3447056, 47.3733908 ] } },
{ "type": "Feature", "properties": { "osm_id": "1437419564", "code": 2721, "fclass": "attraction", "name": "Fontaine de Lessoc" }, "geometry": { "type": "Point", "coordinates": [ 7.0621301, 46.5048704 ] } },
{ "type": "Feature", "properties": { "osm_id": "1455154156", "code": 2721, "fclass": "attraction", "name": "Canyon Swing" }, "geometry": { "type": "Point", "coordinates": [ 8.0483416, 46.6135267 ] } },
{ "type": "Feature", "properties": { "osm_id": "1458794796", "code": 2721, "fclass": "attraction", "name": "Bloodhound 64" }, "geometry": { "type": "Point", "coordinates": [ 8.2881271, 47.0882846 ] } },
{ "type": "Feature", "properties": { "osm_id": "1464505193", "code": 2721, "fclass": "attraction", "name": "Les Canons" }, "geometry": { "type": "Point", "coordinates": [ 6.1470338, 46.2010975 ] } },
{ "type": "Feature", "properties": { "osm_id": "1468324616", "code": 2721, "fclass": "attraction", "name": "Hawker Hunter" }, "geometry": { "type": "Point", "coordinates": [ 8.2994967, 47.092096 ] } },
{ "type": "Feature", "properties": { "osm_id": "1478273051", "code": 2721, "fclass": "attraction", "name": "Creux du Van" }, "geometry": { "type": "Point", "coordinates": [ 6.7230127, 46.9320198 ] } },
{ "type": "Feature", "properties": { "osm_id": "1493600788", "code": 2721, "fclass": "attraction", "name": "Gorges mystérieuses de Tête Noire" }, "geometry": { "type": "Point", "coordinates": [ 6.9748577, 46.0745233 ] } },
{ "type": "Feature", "properties": { "osm_id": "1493600790", "code": 2721, "fclass": "attraction", "name": "Grotte aux Nymphes" }, "geometry": { "type": "Point", "coordinates": [ 6.9750419, 46.0744542 ] } },
{ "type": "Feature", "properties": { "osm_id": "1495488955", "code": 2721, "fclass": "attraction", "name": null }, "geometry": { "type": "Point", "coordinates": [ 8.0472539, 47.4370011 ] } },
{ "type": "Feature", "properties": { "osm_id": "1500628062", "code": 2721, "fclass": "attraction", "name": "Écuries voutées" }, "geometry": { "type": "Point", "coordinates": [ 6.9769705, 46.0298107 ] } },
{ "type": "Feature", "properties": { "osm_id": "1512845262", "code": 2721, "fclass": "attraction", "name": "Grand Col Ferret" }, "geometry": { "type": "Point", "coordinates": [ 7.0778571, 45.8889936 ] } },
{ "type": "Feature", "properties": { "osm_id": "1541511286", "code": 2721, "fclass": "attraction", "name": "Horloge de la Palud" }, "geometry": { "type": "Point", "coordinates": [ 6.6334022, 46.5217873 ] } },
{ "type": "Feature", "properties": { "osm_id": "1549439949", "code": 2721, "fclass": "attraction", "name": "Pflugstein" }, "geometry": { "type": "Point", "coordinates": [ 8.6097481, 47.2973155 ] } },
{ "type": "Feature", "properties": { "osm_id": "1573053649", "code": 2721, "fclass": "attraction", "name": "Alpineum museum" }, "geometry": { "type": "Point", "coordinates": [ 8.3104191, 47.0579175 ] } },
{ "type": "Feature", "properties": { "osm_id": "1573053687", "code": 2721, "fclass": "attraction", "name": "Aussichtsplattform Luzerner Seebecken" }, "geometry": { "type": "Point", "coordinates": [ 8.327278, 47.0539278 ] } },
{ "type": "Feature", "properties": { "osm_id": "1577255389", "code": 2721, "fclass": "attraction", "name": "Ruina dal chastè Munt Sogn Gieri" }, "geometry": { "type": "Point", "coordinates": [ 9.1384481, 46.7804941 ] } },
{ "type": "Feature", "properties": { "osm_id": "1577255390", "code": 2721, "fclass": "attraction", "name": "Burg Kropfenstein" }, "geometry": { "type": "Point", "coordinates": [ 9.1016957, 46.7698259 ] } },
{ "type": "Feature", "properties": { "osm_id": "1585424860", "code": 2721, "fclass": "attraction", "name": "Burgruine Wulp" }, "geometry": { "type": "Point", "coordinates": [ 8.6057105, 47.3215829 ] } },
{ "type": "Feature", "properties": { "osm_id": "1597355837", "code": 2721, "fclass": "attraction", "name": "Jakobsbrunnen" }, "geometry": { "type": "Point", "coordinates": [ 9.4906329, 47.4788327 ] } },
{ "type": "Feature", "properties": { "osm_id": "1653134586", "code": 2721, "fclass": "attraction", "name": "Gorges du Trient" }, "geometry": { "type": "Point", "coordinates": [ 7.0427192, 46.1310399 ] } },
{ "type": "Feature", "properties": { "osm_id": "1666553744", "code": 2721, "fclass": "attraction", "name": "Crasta" }, "geometry": { "type": "Point", "coordinates": [ 8.5252365, 46.3592009 ] } },
{ "type": "Feature", "properties": { "osm_id": "1680072498", "code": 2721, "fclass": "attraction", "name": "Tufière" }, "geometry": { "type": "Point", "coordinates": [ 6.4838755, 46.6739692 ] } },
{ "type": "Feature", "properties": { "osm_id": "1691936347", "code": 2721, "fclass": "attraction", "name": "Pendule de Foucault" }, "geometry": { "type": "Point", "coordinates": [ 7.0753639, 47.4137236 ] } },
{ "type": "Feature", "properties": { "osm_id": "1705425650", "code": 2721, "fclass": "attraction", "name": "St. Fridli" }, "geometry": { "type": "Point", "coordinates": [ 7.6282987, 47.3793972 ] } },
{ "type": "Feature", "properties": { "osm_id": "1720415905", "code": 2721, "fclass": "attraction", "name": "Der Drache" }, "geometry": { "type": "Point", "coordinates": [ 7.2767729, 46.6594983 ] } },
{ "type": "Feature", "properties": { "osm_id": "1735293988", "code": 2721, "fclass": "attraction", "name": "Findlinggarten" }, "geometry": { "type": "Point", "coordinates": [ 8.5906076, 47.3184589 ] } },
{ "type": "Feature", "properties": { "osm_id": "1800163938", "code": 2721, "fclass": "attraction", "name": "Le vieux chalet" }, "geometry": { "type": "Point", "coordinates": [ 7.0448982, 46.4881737 ] } },
{ "type": "Feature", "properties": { "osm_id": "1800427433", "code": 2721, "fclass": "attraction", "name": "Burgruine Weisswasserstelz" }, "geometry": { "type": "Point", "coordinates": [ 8.4013321, 47.5776594 ] } },
{ "type": "Feature", "properties": { "osm_id": "1814162035", "code": 2721, "fclass": "attraction", "name": "Burgruine Wichenstein" }, "geometry": { "type": "Point", "coordinates": [ 9.5538818, 47.3271735 ] } },
{ "type": "Feature", "properties": { "osm_id": "1831130025", "code": 2721, "fclass": "attraction", "name": null }, "geometry": { "type": "Point", "coordinates": [ 8.7095585, 47.3282063 ] } },
{ "type": "Feature", "properties": { "osm_id": "1832596411", "code": 2721, "fclass": "attraction", "name": "Paléo Festival" }, "geometry": { "type": "Point", "coordinates": [ 6.2107769, 46.4028147 ] } },
{ "type": "Feature", "properties": { "osm_id": "1851215862", "code": 2721, "fclass": "attraction", "name": "Schloss Marienburg" }, "geometry": { "type": "Point", "coordinates": [ 7.9707163, 47.2652847 ] } },
{ "type": "Feature", "properties": { "osm_id": "1857037286", "code": 2721, "fclass": "attraction", "name": "Pont Suspendu" }, "geometry": { "type": "Point", "coordinates": [ 7.0150553, 47.3040165 ] } },
{ "type": "Feature", "properties": { "osm_id": "1857037289", "code": 2721, "fclass": "attraction", "name": "Mühlrad" }, "geometry": { "type": "Point", "coordinates": [ 6.9505379, 47.292573 ] } },
{ "type": "Feature", "properties": { "osm_id": "1857037981", "code": 2721, "fclass": "attraction", "name": "Le Moulin du Milieu" }, "geometry": { "type": "Point", "coordinates": [ 7.0592342, 47.3041586 ] } },
{ "type": "Feature", "properties": { "osm_id": "1882174874", "code": 2721, "fclass": "attraction", "name": "Aaresschlucht Westeingang" }, "geometry": { "type": "Point", "coordinates": [ 8.2048151, 46.7200856 ] } },
{ "type": "Feature", "properties": { "osm_id": "1884060038", "code": 2721, "fclass": "attraction", "name": "La Grotte aux Fées" }, "geometry": { "type": "Point", "coordinates": [ 7.0013075, 46.2234375 ] } },
{ "type": "Feature", "properties": { "osm_id": "1895035255", "code": 2721, "fclass": "attraction", "name": "Marronnier Officiel" }, "geometry": { "type": "Point", "coordinates": [ 6.1463844, 46.200547 ] } },
{ "type": "Feature", "properties": { "osm_id": "1899512755", "code": 2721, "fclass": "attraction", "name": "Chapelle de Notre-Dame-du-Scex" }, "geometry": { "type": "Point", "coordinates": [ 6.9977516, 46.2162862 ] } },
{ "type": "Feature", "properties": { "osm_id": "1910193373", "code": 2721, "fclass": "attraction", "name": "Rund Loch" }, "geometry": { "type": "Point", "coordinates": [ 8.9217898, 46.8754508 ] } },
{ "type": "Feature", "properties": { "osm_id": "1923377678", "code": 2721, "fclass": "attraction", "name": "Fuorcha" }, "geometry": { "type": "Point", "coordinates": [ 10.0807243, 46.7272855 ] } },
{ "type": "Feature", "properties": { "osm_id": "1960441347", "code": 2721, "fclass": "attraction", "name": "Maison de la forêt" }, "geometry": { "type": "Point", "coordinates": [ 7.2433977, 46.1358034 ] } },
{ "type": "Feature", "properties": { "osm_id": "1962936156", "code": 2721, "fclass": "attraction", "name": "Roue de moulin" }, "geometry": { "type": "Point", "coordinates": [ 6.9944586, 46.047769 ] } },
{ "type": "Feature", "properties": { "osm_id": "1969053511", "code": 2721, "fclass": "attraction", "name": "Nopales" }, "geometry": { "type": "Point", "coordinates": [ 7.1443326, 46.156224 ] } },
{ "type": "Feature", "properties": { "osm_id": "1977024736", "code": 2721, "fclass": "attraction", "name": "Brillenbären" }, "geometry": { "type": "Point", "coordinates": [ 8.5729788, 47.3849773 ] } },
{ "type": "Feature", "properties": { "osm_id": "1977024737", "code": 2721, "fclass": "attraction", "name": "Nasenbär" }, "geometry": { "type": "Point", "coordinates": [ 8.5732929, 47.3857186 ] } },
{ "type": "Feature", "properties": { "osm_id": "1977024854", "code": 2721, "fclass": "attraction", "name": "Schneeleopard" }, "geometry": { "type": "Point", "coordinates": [ 8.5729366, 47.387411 ] } },
{ "type": "Feature", "properties": { "osm_id": "1997001692", "code": 2721, "fclass": "attraction", "name": "Historische Brücke" }, "geometry": { "type": "Point", "coordinates": [ 8.4718747, 47.2312515 ] } },
{ "type": "Feature", "properties": { "osm_id": "2001818936", "code": 2721, "fclass": "attraction", "name": "Col du Grand Saint-Bernard" }, "geometry": { "type": "Point", "coordinates": [ 7.1704088, 45.8690526 ] } },
{ "type": "Feature", "properties": { "osm_id": "2003377843", "code": 2721, "fclass": "attraction", "name": "Traces des dinosaures" }, "geometry": { "type": "Point", "coordinates": [ 6.8849164, 46.0487867 ] } },
{ "type": "Feature", "properties": { "osm_id": "2014340296", "code": 2721, "fclass": "attraction", "name": "Moulin de la Fine" }, "geometry": { "type": "Point", "coordinates": [ 7.0216032, 46.1175544 ] } },
{ "type": "Feature", "properties": { "osm_id": "2038444433", "code": 2721, "fclass": "attraction", "name": "Schillerglocke" }, "geometry": { "type": "Point", "coordinates": [ 8.6365713, 47.6951126 ] } },
{ "type": "Feature", "properties": { "osm_id": "2099470957", "code": 2721, "fclass": "attraction", "name": "Flohmarkt, Herbstmesse, Weihnachtsmarkt" }, "geometry": { "type": "Point", "coordinates": [ 7.5896873, 47.5546926 ] } },
{ "type": "Feature", "properties": { "osm_id": "2138869899", "code": 2721, "fclass": "attraction", "name": "altes Walserhaus Palfries" }, "geometry": { "type": "Point", "coordinates": [ 9.4011013, 47.0967027 ] } },
{ "type": "Feature", "properties": { "osm_id": "2184588825", "code": 2721, "fclass": "attraction", "name": "Maquette du MOB" }, "geometry": { "type": "Point", "coordinates": [ 7.1334738, 46.4736767 ] } },
{ "type": "Feature", "properties": { "osm_id": "2237565063", "code": 2721, "fclass": "attraction", "name": "Blumenuhr" }, "geometry": { "type": "Point", "coordinates": [ 7.8589408, 46.687798 ] } },
{ "type": "Feature", "properties": { "osm_id": "2261274617", "code": 2721, "fclass": "attraction", "name": "Tüfels-Chäller" }, "geometry": { "type": "Point", "coordinates": [ 8.3012081, 47.4627688 ] } },
{ "type": "Feature", "properties": { "osm_id": "2264297403", "code": 2721, "fclass": "attraction", "name": "Artilleriewerk Faulensee" }, "geometry": { "type": "Point", "coordinates": [ 7.698035, 46.6752055 ] } },
{ "type": "Feature", "properties": { "osm_id": "2264297404", "code": 2721, "fclass": "attraction", "name": "KP Heinrich" }, "geometry": { "type": "Point", "coordinates": [ 7.6792406, 46.6747768 ] } },
{ "type": "Feature", "properties": { "osm_id": "2269507685", "code": 2721, "fclass": "attraction", "name": "Château de Lucens" }, "geometry": { "type": "Point", "coordinates": [ 6.8366884, 46.710674 ] } },
{ "type": "Feature", "properties": { "osm_id": "2271277425", "code": 2721, "fclass": "attraction", "name": "Cactus" }, "geometry": { "type": "Point", "coordinates": [ 7.0848547, 46.1290457 ] } },
{ "type": "Feature", "properties": { "osm_id": "2284869682", "code": 2721, "fclass": "attraction", "name": "Mühlerad Bistro" }, "geometry": { "type": "Point", "coordinates": [ 8.6152966, 47.6787975 ] } },
{ "type": "Feature", "properties": { "osm_id": "2286202757", "code": 2721, "fclass": "attraction", "name": "Ughür Brunnä" }, "geometry": { "type": "Point", "coordinates": [ 9.3526138, 47.1016927 ] } },
{ "type": "Feature", "properties": { "osm_id": "2289131126", "code": 2721, "fclass": "attraction", "name": "Geometer-Denkmal Ausserrhoden" }, "geometry": { "type": "Point", "coordinates": [ 9.4293199, 47.3963669 ] } },
{ "type": "Feature", "properties": { "osm_id": "2313420003", "code": 2721, "fclass": "attraction", "name": "Waldseilgarten" }, "geometry": { "type": "Point", "coordinates": [ 8.0827814, 47.3410538 ] } },
{ "type": "Feature", "properties": { "osm_id": "2314702789", "code": 2721, "fclass": "attraction", "name": "Hammetschwand-Lift" }, "geometry": { "type": "Point", "coordinates": [ 8.3963472, 47.0009446 ] } },
{ "type": "Feature", "properties": { "osm_id": "2321115828", "code": 2721, "fclass": "attraction", "name": "RhB Ge 6/6 I Nr. 407" }, "geometry": { "type": "Point", "coordinates": [ 9.7471232, 46.6306529 ] } },
{ "type": "Feature", "properties": { "osm_id": "2341169443", "code": 2721, "fclass": "attraction", "name": "Gorges du Dailley" }, "geometry": { "type": "Point", "coordinates": [ 7.0153788, 46.1402622 ] } },
{ "type": "Feature", "properties": { "osm_id": "2341169448", "code": 2721, "fclass": "attraction", "name": "Marmites Glacières" }, "geometry": { "type": "Point", "coordinates": [ 7.0246692, 46.1391874 ] } },
{ "type": "Feature", "properties": { "osm_id": "2346923179", "code": 2721, "fclass": "attraction", "name": "Glungge" }, "geometry": { "type": "Point", "coordinates": [ 7.6866961, 47.1194972 ] } },
{ "type": "Feature", "properties": { "osm_id": "2356509558", "code": 2721, "fclass": "attraction", "name": "Spreuerbrücke" }, "geometry": { "type": "Point", "coordinates": [ 8.3014718, 47.0516326 ] } },
{ "type": "Feature", "properties": { "osm_id": "2367703661", "code": 2721, "fclass": "attraction", "name": "Le Père Frédéric" }, "geometry": { "type": "Point", "coordinates": [ 6.7071431, 47.0667587 ] } },
{ "type": "Feature", "properties": { "osm_id": "2367907050", "code": 2721, "fclass": "attraction", "name": "bunker" }, "geometry": { "type": "Point", "coordinates": [ 7.3434892, 46.0016832 ] } },
{ "type": "Feature", "properties": { "osm_id": "2371328582", "code": 2721, "fclass": "attraction", "name": "Mutzbachfall" }, "geometry": { "type": "Point", "coordinates": [ 7.7094429, 47.1290551 ] } },
{ "type": "Feature", "properties": { "osm_id": "2372220479", "code": 2721, "fclass": "attraction", "name": "Portail de Fully" }, "geometry": { "type": "Point", "coordinates": [ 7.0887225, 46.1579433 ] } },
{ "type": "Feature", "properties": { "osm_id": "2373193682", "code": 2721, "fclass": "attraction", "name": "La ferme de la Chapelle" }, "geometry": { "type": "Point", "coordinates": [ 6.1356925, 46.1712193 ] } },
{ "type": "Feature", "properties": { "osm_id": "2399238321", "code": 2721, "fclass": "attraction", "name": null }, "geometry": { "type": "Point", "coordinates": [ 9.4661386, 47.4097673 ] } },
{ "type": "Feature", "properties": { "osm_id": "2415807772", "code": 2721, "fclass": "attraction", "name": null }, "geometry": { "type": "Point", "coordinates": [ 9.3548885, 46.9253055 ] } },
{ "type": "Feature", "properties": { "osm_id": "2434917957", "code": 2721, "fclass": "attraction", "name": "Gneida" }, "geometry": { "type": "Point", "coordinates": [ 9.0958682, 46.7940669 ] } },
{ "type": "Feature", "properties": { "osm_id": "2440616440", "code": 2721, "fclass": "attraction", "name": "Rhyfallexpress zum Rheinfall" }, "geometry": { "type": "Point", "coordinates": [ 8.6333599, 47.6954039 ] } },
{ "type": "Feature", "properties": { "osm_id": "2446141623", "code": 2721, "fclass": "attraction", "name": "Liliputbahn Stein am Rhein" }, "geometry": { "type": "Point", "coordinates": [ 8.8565006, 47.6607326 ] } },
{ "type": "Feature", "properties": { "osm_id": "2450337833", "code": 2721, "fclass": "attraction", "name": "Arco della Greina" }, "geometry": { "type": "Point", "coordinates": [ 8.9497887, 46.6114183 ] } },
{ "type": "Feature", "properties": { "osm_id": "2459015118", "code": 2721, "fclass": "attraction", "name": "Nautilus" }, "geometry": { "type": "Point", "coordinates": [ 7.8782056, 46.6822024 ] } },
{ "type": "Feature", "properties": { "osm_id": "2459015276", "code": 2721, "fclass": "attraction", "name": "Shuttle" }, "geometry": { "type": "Point", "coordinates": [ 7.8780334, 46.6820865 ] } },
{ "type": "Feature", "properties": { "osm_id": "2474552707", "code": 2721, "fclass": "attraction", "name": "Alpengarten Höreli" }, "geometry": { "type": "Point", "coordinates": [ 7.5695715, 46.5075596 ] } },
{ "type": "Feature", "properties": { "osm_id": "2479547307", "code": 2721, "fclass": "attraction", "name": "Steinflue" }, "geometry": { "type": "Point", "coordinates": [ 7.636789, 47.1987804 ] } },
{ "type": "Feature", "properties": { "osm_id": "2481123835", "code": 2721, "fclass": "attraction", "name": "Fontaine de meyrin XIX siècle" }, "geometry": { "type": "Point", "coordinates": [ 6.0690798, 46.2295696 ] } },
{ "type": "Feature", "properties": { "osm_id": "2484805998", "code": 2721, "fclass": "attraction", "name": "Bagni di Craveggia" }, "geometry": { "type": "Point", "coordinates": [ 8.5398758, 46.1979781 ] } },
{ "type": "Feature", "properties": { "osm_id": "2489285776", "code": 2721, "fclass": "attraction", "name": null }, "geometry": { "type": "Point", "coordinates": [ 9.1649568, 47.1365855 ] } },
{ "type": "Feature", "properties": { "osm_id": "2506983308", "code": 2721, "fclass": "attraction", "name": "Rempart des Helvètes (Oppidum)" }, "geometry": { "type": "Point", "coordinates": [ 7.0919922, 46.9618874 ] } },
{ "type": "Feature", "properties": { "osm_id": "2507678551", "code": 2721, "fclass": "attraction", "name": "Porte de Bougy" }, "geometry": { "type": "Point", "coordinates": [ 6.3890433, 46.4958368 ] } },
{ "type": "Feature", "properties": { "osm_id": "2512025124", "code": 2721, "fclass": "attraction", "name": "Simmenfälle" }, "geometry": { "type": "Point", "coordinates": [ 7.4862399, 46.4245661 ] } },
{ "type": "Feature", "properties": { "osm_id": "2534994758", "code": 2721, "fclass": "attraction", "name": "Twingkreuz Staltefeld" }, "geometry": { "type": "Point", "coordinates": [ 8.0884324, 47.1081295 ] } },
{ "type": "Feature", "properties": { "osm_id": "2537974334", "code": 2721, "fclass": "attraction", "name": "Pluton" }, "geometry": { "type": "Point", "coordinates": [ 6.7091039, 47.0832646 ] } },
{ "type": "Feature", "properties": { "osm_id": "2575994949", "code": 2721, "fclass": "attraction", "name": "Cascate del Caroggia" }, "geometry": { "type": "Point", "coordinates": [ 9.5321368, 46.3404428 ] } },
{ "type": "Feature", "properties": { "osm_id": "2576293445", "code": 2721, "fclass": "attraction", "name": "Gartenbahn" }, "geometry": { "type": "Point", "coordinates": [ 9.6834674, 46.6882001 ] } },
{ "type": "Feature", "properties": { "osm_id": "2593239128", "code": 2721, "fclass": "attraction", "name": "Persischer Leopard" }, "geometry": { "type": "Point", "coordinates": [ 7.4491097, 46.9353848 ] } },
{ "type": "Feature", "properties": { "osm_id": "2688934007", "code": 2721, "fclass": "attraction", "name": "Saarfall" }, "geometry": { "type": "Point", "coordinates": [ 9.4666432, 47.0174511 ] } },
{ "type": "Feature", "properties": { "osm_id": "2692568574", "code": 2721, "fclass": "attraction", "name": "Kleinwasserkraftwerk Gletsch" }, "geometry": { "type": "Point", "coordinates": [ 8.3610254, 46.5621847 ] } },
{ "type": "Feature", "properties": { "osm_id": "2692568575", "code": 2721, "fclass": "attraction", "name": "Klein Wasserkraftwerk" }, "geometry": { "type": "Point", "coordinates": [ 8.3628867, 46.562286 ] } },
{ "type": "Feature", "properties": { "osm_id": "2692605988", "code": 2721, "fclass": "attraction", "name": "Wasserscheide Nordsee - Mittelmeer" }, "geometry": { "type": "Point", "coordinates": [ 8.3391007, 46.5625947 ] } },
{ "type": "Feature", "properties": { "osm_id": "2738259005", "code": 2721, "fclass": "attraction", "name": "Domenico Gilardi" }, "geometry": { "type": "Point", "coordinates": [ 8.9264391, 45.9893196 ] } },
{ "type": "Feature", "properties": { "osm_id": "2738259007", "code": 2721, "fclass": "attraction", "name": "Hugo Ball" }, "geometry": { "type": "Point", "coordinates": [ 8.9264767, 45.9895675 ] } },
{ "type": "Feature", "properties": { "osm_id": "2738259009", "code": 2721, "fclass": "attraction", "name": "Bruno Walter" }, "geometry": { "type": "Point", "coordinates": [ 8.9264284, 45.9897017 ] } },
{ "type": "Feature", "properties": { "osm_id": "2738259010", "code": 2721, "fclass": "attraction", "name": "Ferdinando Fontana" }, "geometry": { "type": "Point", "coordinates": [ 8.9268656, 45.9897781 ] } },
{ "type": "Feature", "properties": { "osm_id": "2738259012", "code": 2721, "fclass": "attraction", "name": "Gunter Böhmer" }, "geometry": { "type": "Point", "coordinates": [ 8.9269112, 45.9896849 ] } },
{ "type": "Feature", "properties": { "osm_id": "2738259014", "code": 2721, "fclass": "attraction", "name": "Fritz Huf" }, "geometry": { "type": "Point", "coordinates": [ 8.9272921, 45.9895284 ] } },
{ "type": "Feature", "properties": { "osm_id": "2738259016", "code": 2721, "fclass": "attraction", "name": "Alexander Ostrowski" }, "geometry": { "type": "Point", "coordinates": [ 8.9266457, 45.9897874 ] } },
{ "type": "Feature", "properties": { "osm_id": "2738259018", "code": 2721, "fclass": "attraction", "name": "Giuseppe Vedovato" }, "geometry": { "type": "Point", "coordinates": [ 8.9267851, 45.9894016 ] } },
{ "type": "Feature", "properties": { "osm_id": "2828691427", "code": 2721, "fclass": "attraction", "name": "Miniature Waterwheels" }, "geometry": { "type": "Point", "coordinates": [ 8.8491721, 46.6928592 ] } },
{ "type": "Feature", "properties": { "osm_id": "2833592010", "code": 2721, "fclass": "attraction", "name": "Wasserräder Clavaniev" }, "geometry": { "type": "Point", "coordinates": [ 8.8411153, 46.7053473 ] } },
{ "type": "Feature", "properties": { "osm_id": "2848338546", "code": 2721, "fclass": "attraction", "name": "Felsli" }, "geometry": { "type": "Point", "coordinates": [ 7.6185496, 47.4852917 ] } },
{ "type": "Feature", "properties": { "osm_id": "2866867965", "code": 2721, "fclass": "attraction", "name": "Eulen" }, "geometry": { "type": "Point", "coordinates": [ 8.5559655, 47.0502159 ] } },
{ "type": "Feature", "properties": { "osm_id": "2904374570", "code": 2721, "fclass": "attraction", "name": "Lass deine Steine hier" }, "geometry": { "type": "Point", "coordinates": [ 8.7266248, 47.1075401 ] } },
{ "type": "Feature", "properties": { "osm_id": "2906240063", "code": 2721, "fclass": "attraction", "name": "Colonnes romaines" }, "geometry": { "type": "Point", "coordinates": [ 6.2386198, 46.3798901 ] } },
{ "type": "Feature", "properties": { "osm_id": "2907853092", "code": 2721, "fclass": "attraction", "name": "Findlingsgarten Schwaderloh" }, "geometry": { "type": "Point", "coordinates": [ 9.1360076, 47.6257111 ] } },
{ "type": "Feature", "properties": { "osm_id": "2953133653", "code": 2721, "fclass": "attraction", "name": "Kleiner Panda" }, "geometry": { "type": "Point", "coordinates": [ 8.5731119, 47.3871711 ] } },
{ "type": "Feature", "properties": { "osm_id": "2953670478", "code": 2721, "fclass": "attraction", "name": "Centum Prata" }, "geometry": { "type": "Point", "coordinates": [ 8.8206136, 47.2359639 ] } },
{ "type": "Feature", "properties": { "osm_id": "2984377102", "code": 2721, "fclass": "attraction", "name": "Miniera d’Oro" }, "geometry": { "type": "Point", "coordinates": [ 8.824463, 46.0052831 ] } },
{ "type": "Feature", "properties": { "osm_id": "2987383981", "code": 2721, "fclass": "attraction", "name": "Landesplattenberg" }, "geometry": { "type": "Point", "coordinates": [ 9.1576368, 46.9697958 ] } },
{ "type": "Feature", "properties": { "osm_id": "3017953795", "code": 2721, "fclass": "attraction", "name": "Gorges du Triège" }, "geometry": { "type": "Point", "coordinates": [ 6.9985477, 46.1038999 ] } },
{ "type": "Feature", "properties": { "osm_id": "3017953798", "code": 2721, "fclass": "attraction", "name": "itre" }, "geometry": { "type": "Point", "coordinates": [ 7.0019642, 46.1056705 ] } },
{ "type": "Feature", "properties": { "osm_id": "3020688279", "code": 2721, "fclass": "attraction", "name": "Agapornis" }, "geometry": { "type": "Point", "coordinates": [ 8.8221708, 47.2225934 ] } },
{ "type": "Feature", "properties": { "osm_id": "3020688280", "code": 2721, "fclass": "attraction", "name": "Katta-Lemur" }, "geometry": { "type": "Point", "coordinates": [ 8.8220988, 47.2228066 ] } },
{ "type": "Feature", "properties": { "osm_id": "3020688281", "code": 2721, "fclass": "attraction", "name": "Arche Noah" }, "geometry": { "type": "Point", "coordinates": [ 8.8219177, 47.223978 ] } },
{ "type": "Feature", "properties": { "osm_id": "3029303057", "code": 2721, "fclass": "attraction", "name": "Jolischlucht" }, "geometry": { "type": "Point", "coordinates": [ 7.7824372, 46.3147618 ] } },
{ "type": "Feature", "properties": { "osm_id": "3029314609", "code": 2721, "fclass": "attraction", "name": "Audiorundgang \"Der Tuff von Gestelnburg\"" }, "geometry": { "type": "Point", "coordinates": [ 7.7821083, 46.3139684 ] } },
{ "type": "Feature", "properties": { "osm_id": "3029328197", "code": 2721, "fclass": "attraction", "name": "Feschtiloch" }, "geometry": { "type": "Point", "coordinates": [ 7.7833653, 46.3134141 ] } },
{ "type": "Feature", "properties": { "osm_id": "3033571181", "code": 2721, "fclass": "attraction", "name": "Glarner Steinpfad" }, "geometry": { "type": "Point", "coordinates": [ 9.0617758, 46.9881374 ] } },
{ "type": "Feature", "properties": { "osm_id": "3064544853", "code": 2721, "fclass": "attraction", "name": "Barfusspfad" }, "geometry": { "type": "Point", "coordinates": [ 9.7997133, 46.7644189 ] } },
{ "type": "Feature", "properties": { "osm_id": "3070788597", "code": 2721, "fclass": "attraction", "name": "Eugen d'Albert" }, "geometry": { "type": "Point", "coordinates": [ 8.9145792, 45.9236423 ] } },
{ "type": "Feature", "properties": { "osm_id": "3070797973", "code": 2721, "fclass": "attraction", "name": "Georges Baklanoff" }, "geometry": { "type": "Point", "coordinates": [ 8.9147748, 45.9237455 ] } },
{ "type": "Feature", "properties": { "osm_id": "3087536399", "code": 2721, "fclass": "attraction", "name": "Eispalast" }, "geometry": { "type": "Point", "coordinates": [ 7.9811106, 46.5479303 ] } },
{ "type": "Feature", "properties": { "osm_id": "3097884097", "code": 2721, "fclass": "attraction", "name": "Ussuricher Braunbär" }, "geometry": { "type": "Point", "coordinates": [ 7.4501191, 46.9358992 ] } },
{ "type": "Feature", "properties": { "osm_id": "3097884100", "code": 2721, "fclass": "attraction", "name": "Braunbär" }, "geometry": { "type": "Point", "coordinates": [ 7.4592569, 46.9477205 ] } },
{ "type": "Feature", "properties": { "osm_id": "3110080930", "code": 2721, "fclass": "attraction", "name": "Bachtelspalt" }, "geometry": { "type": "Point", "coordinates": [ 8.8975742, 47.2896502 ] } },
{ "type": "Feature", "properties": { "osm_id": "3114416180", "code": 2721, "fclass": "attraction", "name": "trace de dinosaures" }, "geometry": { "type": "Point", "coordinates": [ 6.8848407, 46.0487536 ] } },
{ "type": "Feature", "properties": { "osm_id": "3133155112", "code": 2721, "fclass": "attraction", "name": "Cheesere Höhle" }, "geometry": { "type": "Point", "coordinates": [ 7.3666264, 46.7388561 ] } },
{ "type": "Feature", "properties": { "osm_id": "3148809698", "code": 2721, "fclass": "attraction", "name": "Chataigneraie" }, "geometry": { "type": "Point", "coordinates": [ 7.0912796, 46.1314266 ] } },
{ "type": "Feature", "properties": { "osm_id": "3148813300", "code": 2721, "fclass": "attraction", "name": "Trou à l'ours" }, "geometry": { "type": "Point", "coordinates": [ 7.0603142, 46.1415158 ] } },
{ "type": "Feature", "properties": { "osm_id": "3157671995", "code": 2721, "fclass": "attraction", "name": "Wasserfall" }, "geometry": { "type": "Point", "coordinates": [ 9.3850829, 47.203937 ] } },
{ "type": "Feature", "properties": { "osm_id": "3203111763", "code": 2721, "fclass": "attraction", "name": "Grösste Schweizerfahne 31x31m" }, "geometry": { "type": "Point", "coordinates": [ 8.4915148, 47.0175087 ] } },
{ "type": "Feature", "properties": { "osm_id": "3204562906", "code": 2721, "fclass": "attraction", "name": "Mine de fer" }, "geometry": { "type": "Point", "coordinates": [ 7.1074528, 46.0891105 ] } },
{ "type": "Feature", "properties": { "osm_id": "3251410492", "code": 2721, "fclass": "attraction", "name": "La Tine de Conflens" }, "geometry": { "type": "Point", "coordinates": [ 6.493664, 46.6555877 ] } },
{ "type": "Feature", "properties": { "osm_id": "3256406527", "code": 2721, "fclass": "attraction", "name": "Castelgrande" }, "geometry": { "type": "Point", "coordinates": [ 9.0217456, 46.1929023 ] } },
{ "type": "Feature", "properties": { "osm_id": "3256443027", "code": 2721, "fclass": "attraction", "name": "Castello di Montebello" }, "geometry": { "type": "Point", "coordinates": [ 9.0265655, 46.1912869 ] } },
{ "type": "Feature", "properties": { "osm_id": "3256443038", "code": 2721, "fclass": "attraction", "name": "Castello di Sasso Corbaro" }, "geometry": { "type": "Point", "coordinates": [ 9.030132, 46.1881229 ] } },
{ "type": "Feature", "properties": { "osm_id": "3298716294", "code": 2721, "fclass": "attraction", "name": "Wolfsgrube" }, "geometry": { "type": "Point", "coordinates": [ 7.8480344, 46.2828345 ] } },
{ "type": "Feature", "properties": { "osm_id": "3347374092", "code": 2721, "fclass": "attraction", "name": "Marmite glaciaire des Caillettes" }, "geometry": { "type": "Point", "coordinates": [ 7.0079869, 46.2286852 ] } },
{ "type": "Feature", "properties": { "osm_id": "3347628577", "code": 2721, "fclass": "attraction", "name": "Pyramides d'Euseigne" }, "geometry": { "type": "Point", "coordinates": [ 7.4171365, 46.1733771 ] } },
{ "type": "Feature", "properties": { "osm_id": "3380138054", "code": 2721, "fclass": "attraction", "name": "Labyrinthe des Mérovingiens" }, "geometry": { "type": "Point", "coordinates": [ 7.2364913, 47.3361348 ] } },
{ "type": "Feature", "properties": { "osm_id": "3380202464", "code": 2721, "fclass": "attraction", "name": "La cité des métiers" }, "geometry": { "type": "Point", "coordinates": [ 7.2472905, 47.3397679 ] } },
{ "type": "Feature", "properties": { "osm_id": "3380251943", "code": 2721, "fclass": "attraction", "name": "Chapelle de l'Immaculée Conception" }, "geometry": { "type": "Point", "coordinates": [ 7.2219849, 47.3267274 ] } },
{ "type": "Feature", "properties": { "osm_id": "3380270310", "code": 2721, "fclass": "attraction", "name": "Église Saint-Pierre" }, "geometry": { "type": "Point", "coordinates": [ 7.245017, 47.3363495 ] } },
{ "type": "Feature", "properties": { "osm_id": "3381920848", "code": 2721, "fclass": "attraction", "name": "La Barbara" }, "geometry": { "type": "Point", "coordinates": [ 7.2466898, 47.3401943 ] } },
{ "type": "Feature", "properties": { "osm_id": "3395919442", "code": 2721, "fclass": "attraction", "name": "Stadtmodell 1800" }, "geometry": { "type": "Point", "coordinates": [ 8.5457293, 47.3723715 ] } },
{ "type": "Feature", "properties": { "osm_id": "3423502325", "code": 2721, "fclass": "attraction", "name": "Alter Kalkofen" }, "geometry": { "type": "Point", "coordinates": [ 7.8418064, 46.28645 ] } },
{ "type": "Feature", "properties": { "osm_id": "3432337124", "code": 2721, "fclass": "attraction", "name": "Zwölfistein" }, "geometry": { "type": "Point", "coordinates": [ 8.4219232, 47.5071316 ] } },
{ "type": "Feature", "properties": { "osm_id": "3441038580", "code": 2721, "fclass": "attraction", "name": "Sacro Monte di Brissago" }, "geometry": { "type": "Point", "coordinates": [ 8.705737, 46.1211868 ] } },
{ "type": "Feature", "properties": { "osm_id": "3509981260", "code": 2721, "fclass": "attraction", "name": "Pont des Anabaptistes" }, "geometry": { "type": "Point", "coordinates": [ 7.1358786, 47.1668212 ] } },
{ "type": "Feature", "properties": { "osm_id": "3519194118", "code": 2721, "fclass": "attraction", "name": "Insektenhotel" }, "geometry": { "type": "Point", "coordinates": [ 8.1723271, 47.4220398 ] } },
{ "type": "Feature", "properties": { "osm_id": "3529221301", "code": 2721, "fclass": "attraction", "name": "ewb Besucherzentrum" }, "geometry": { "type": "Point", "coordinates": [ 7.4158903, 46.9523214 ] } },
{ "type": "Feature", "properties": { "osm_id": "3545137099", "code": 2721, "fclass": "attraction", "name": "Porta Decumana IV" }, "geometry": { "type": "Point", "coordinates": [ 8.2199506, 47.4830617 ] } },
{ "type": "Feature", "properties": { "osm_id": "3674014970", "code": 2721, "fclass": "attraction", "name": "Klettergarten Aterästei" }, "geometry": { "type": "Point", "coordinates": [ 9.1365637, 46.9857224 ] } },
{ "type": "Feature", "properties": { "osm_id": "3687737454", "code": 2721, "fclass": "attraction", "name": "Fromagerie Tête-de-Moine" }, "geometry": { "type": "Point", "coordinates": [ 7.0053066, 47.26148 ] } },
{ "type": "Feature", "properties": { "osm_id": "3688539742", "code": 2721, "fclass": "attraction", "name": "Le Saut de la truite" }, "geometry": { "type": "Point", "coordinates": [ 6.865426, 46.9494146 ] } },
{ "type": "Feature", "properties": { "osm_id": "3690068108", "code": 2721, "fclass": "attraction", "name": null }, "geometry": { "type": "Point", "coordinates": [ 7.8658735, 46.2276096 ] } },
{ "type": "Feature", "properties": { "osm_id": "3711606395", "code": 2721, "fclass": "attraction", "name": "Chessiloch" }, "geometry": { "type": "Point", "coordinates": [ 8.0475155, 46.8709316 ] } },
{ "type": "Feature", "properties": { "osm_id": "3722013012", "code": 2721, "fclass": "attraction", "name": "Scultures sur bois" }, "geometry": { "type": "Point", "coordinates": [ 7.1359128, 47.1224255 ] } },
{ "type": "Feature", "properties": { "osm_id": "3723063459", "code": 2721, "fclass": "attraction", "name": "Hausyak" }, "geometry": { "type": "Point", "coordinates": [ 8.5743862, 47.3871991 ] } },
{ "type": "Feature", "properties": { "osm_id": "3744450446", "code": 2721, "fclass": "attraction", "name": "Helvetiergrab" }, "geometry": { "type": "Point", "coordinates": [ 7.7361841, 47.2516189 ] } },
{ "type": "Feature", "properties": { "osm_id": "3751662954", "code": 2721, "fclass": "attraction", "name": "Thurwasserfälle" }, "geometry": { "type": "Point", "coordinates": [ 9.3115928, 47.2022534 ] } },
{ "type": "Feature", "properties": { "osm_id": "3758649888", "code": 2721, "fclass": "attraction", "name": null }, "geometry": { "type": "Point", "coordinates": [ 7.5516227, 47.2278081 ] } },
{ "type": "Feature", "properties": { "osm_id": "3768549829", "code": 2721, "fclass": "attraction", "name": "Giessenfall" }, "geometry": { "type": "Point", "coordinates": [ 9.0239125, 47.4252704 ] } },
{ "type": "Feature", "properties": { "osm_id": "3792509397", "code": 2721, "fclass": "attraction", "name": "Cascade du Dard" }, "geometry": { "type": "Point", "coordinates": [ 6.4797113, 46.6866584 ] } },
{ "type": "Feature", "properties": { "osm_id": "3798792797", "code": 2721, "fclass": "attraction", "name": "Augusta Raurica" }, "geometry": { "type": "Point", "coordinates": [ 7.7218273, 47.53283 ] } },
{ "type": "Feature", "properties": { "osm_id": "3805864516", "code": 2721, "fclass": "attraction", "name": "Carrière des bassins de fontaine du Grand Chaney" }, "geometry": { "type": "Point", "coordinates": [ 6.4876738, 46.6814512 ] } },
{ "type": "Feature", "properties": { "osm_id": "3848868309", "code": 2721, "fclass": "attraction", "name": "Skulpturenweg" }, "geometry": { "type": "Point", "coordinates": [ 7.9026046, 47.3398989 ] } },
{ "type": "Feature", "properties": { "osm_id": "3871017541", "code": 2721, "fclass": "attraction", "name": "Naturlehrpfad und Heilpflanzengarten" }, "geometry": { "type": "Point", "coordinates": [ 7.7947051, 47.1273114 ] } },
{ "type": "Feature", "properties": { "osm_id": "3911376391", "code": 2721, "fclass": "attraction", "name": "Moulins du Gor de Vauseyon" }, "geometry": { "type": "Point", "coordinates": [ 6.910209, 46.9893509 ] } },
{ "type": "Feature", "properties": { "osm_id": "4045353496", "code": 2721, "fclass": "attraction", "name": "Réduit du Vully" }, "geometry": { "type": "Point", "coordinates": [ 7.0768445, 46.956978 ] } },
{ "type": "Feature", "properties": { "osm_id": "4058092790", "code": 2721, "fclass": "attraction", "name": "Alte Trafostation, Baujahr 1908" }, "geometry": { "type": "Point", "coordinates": [ 8.5330939, 47.4522733 ] } },
{ "type": "Feature", "properties": { "osm_id": "4073460458", "code": 2721, "fclass": "attraction", "name": "Toboggan géant de la butte de Riantbosson" }, "geometry": { "type": "Point", "coordinates": [ 6.0845665, 46.2287279 ] } },
{ "type": "Feature", "properties": { "osm_id": "4097697350", "code": 2721, "fclass": "attraction", "name": "Glockenspiel" }, "geometry": { "type": "Point", "coordinates": [ 7.6500615, 46.7491628 ] } },
{ "type": "Feature", "properties": { "osm_id": "4109986686", "code": 2721, "fclass": "attraction", "name": "Burgruine Hohburg" }, "geometry": { "type": "Point", "coordinates": [ 7.5168778, 46.8834478 ] } },
{ "type": "Feature", "properties": { "osm_id": "4172037696", "code": 2721, "fclass": "attraction", "name": "Blankenburg auf Schönegg" }, "geometry": { "type": "Point", "coordinates": [ 7.50731, 46.8001901 ] } },
{ "type": "Feature", "properties": { "osm_id": "4192679189", "code": 2721, "fclass": "attraction", "name": "Pulverturm" }, "geometry": { "type": "Point", "coordinates": [ 8.5164891, 47.1638867 ] } },
{ "type": "Feature", "properties": { "osm_id": "4192679200", "code": 2721, "fclass": "attraction", "name": "Kapuzinerturm" }, "geometry": { "type": "Point", "coordinates": [ 8.5176521, 47.1668554 ] } },
{ "type": "Feature", "properties": { "osm_id": "4193791352", "code": 2721, "fclass": "attraction", "name": "Knopfliturm" }, "geometry": { "type": "Point", "coordinates": [ 8.518206, 47.1657487 ] } },
{ "type": "Feature", "properties": { "osm_id": "4260749390", "code": 2721, "fclass": "attraction", "name": "Grottes des Roches Grises \"La Lamberta\"" }, "geometry": { "type": "Point", "coordinates": [ 7.0864781, 46.9539087 ] } },
{ "type": "Feature", "properties": { "osm_id": "4263453027", "code": 2721, "fclass": "attraction", "name": "Big European Bubble Chamber" }, "geometry": { "type": "Point", "coordinates": [ 6.0553883, 46.2324676 ] } },
{ "type": "Feature", "properties": { "osm_id": "4263453028", "code": 2721, "fclass": "attraction", "name": "A Radio Frequency cavity of the Large Electron Positron Collider" }, "geometry": { "type": "Point", "coordinates": [ 6.0554903, 46.2325863 ] } },
{ "type": "Feature", "properties": { "osm_id": "4263453029", "code": 2721, "fclass": "attraction", "name": "Cockcroft-Walton generator" }, "geometry": { "type": "Point", "coordinates": [ 6.0555231, 46.2327559 ] } },
{ "type": "Feature", "properties": { "osm_id": "4263454090", "code": 2721, "fclass": "attraction", "name": "Piste d'aéromodélisme Fribourg" }, "geometry": { "type": "Point", "coordinates": [ 7.1017661, 46.8694949 ] } },
{ "type": "Feature", "properties": { "osm_id": "4278820669", "code": 2721, "fclass": "attraction", "name": "Hasen" }, "geometry": { "type": "Point", "coordinates": [ 8.02963, 47.377008 ] } },
{ "type": "Feature", "properties": { "osm_id": "4278820670", "code": 2721, "fclass": "attraction", "name": "Damhirsch" }, "geometry": { "type": "Point", "coordinates": [ 8.0303514, 47.3797449 ] } },
{ "type": "Feature", "properties": { "osm_id": "4278820671", "code": 2721, "fclass": "attraction", "name": "Hängebauchschwein / Pfau" }, "geometry": { "type": "Point", "coordinates": [ 8.0302623, 47.3775084 ] } },
{ "type": "Feature", "properties": { "osm_id": "4278820672", "code": 2721, "fclass": "attraction", "name": "Murmeltier/Steinbock" }, "geometry": { "type": "Point", "coordinates": [ 8.0313962, 47.3770698 ] } },
{ "type": "Feature", "properties": { "osm_id": "4278822607", "code": 2721, "fclass": "attraction", "name": "Schwarznasenschaf" }, "geometry": { "type": "Point", "coordinates": [ 8.0306604, 47.3763891 ] } },
{ "type": "Feature", "properties": { "osm_id": "4278822608", "code": 2721, "fclass": "attraction", "name": "Truthahn" }, "geometry": { "type": "Point", "coordinates": [ 8.0306365, 47.3774912 ] } },
{ "type": "Feature", "properties": { "osm_id": "4295061756", "code": 2721, "fclass": "attraction", "name": "Pyramide" }, "geometry": { "type": "Point", "coordinates": [ 7.5455999, 47.2329951 ] } },
{ "type": "Feature", "properties": { "osm_id": "4304896889", "code": 2721, "fclass": "attraction", "name": "Trinkhalle" }, "geometry": { "type": "Point", "coordinates": [ 10.2791665, 46.7887691 ] } },
{ "type": "Feature", "properties": { "osm_id": "4306090789", "code": 2721, "fclass": "attraction", "name": "Muglin da Ftan" }, "geometry": { "type": "Point", "coordinates": [ 10.2414641, 46.7870483 ] } },
{ "type": "Feature", "properties": { "osm_id": "4318459097", "code": 2721, "fclass": "attraction", "name": "Hof-Landschi" }, "geometry": { "type": "Point", "coordinates": [ 8.445962, 47.0715573 ] } },
{ "type": "Feature", "properties": { "osm_id": "4327916733", "code": 2721, "fclass": "attraction", "name": "IL-14" }, "geometry": { "type": "Point", "coordinates": [ 8.5578678, 47.4400321 ] } },
{ "type": "Feature", "properties": { "osm_id": "4344787493", "code": 2721, "fclass": "attraction", "name": "Scex que Plliau" }, "geometry": { "type": "Point", "coordinates": [ 6.9203129, 46.4616848 ] } },
{ "type": "Feature", "properties": { "osm_id": "4361600489", "code": 2721, "fclass": "attraction", "name": null }, "geometry": { "type": "Point", "coordinates": [ 8.5404741, 47.3715538 ] } },
{ "type": "Feature", "properties": { "osm_id": "4370184084", "code": 2721, "fclass": "attraction", "name": "Ruine Stockalperturm" }, "geometry": { "type": "Point", "coordinates": [ 8.0836735, 46.1856175 ] } },
{ "type": "Feature", "properties": { "osm_id": "4370201673", "code": 2721, "fclass": "attraction", "name": "Fort Gondo" }, "geometry": { "type": "Point", "coordinates": [ 8.1142547, 46.1955371 ] } },
{ "type": "Feature", "properties": { "osm_id": "4385394965", "code": 2721, "fclass": "attraction", "name": null }, "geometry": { "type": "Point", "coordinates": [ 9.0992624, 47.1337485 ] } },
{ "type": "Feature", "properties": { "osm_id": "4388714590", "code": 2721, "fclass": "attraction", "name": "Salle Communale le Palladium" }, "geometry": { "type": "Point", "coordinates": [ 6.134808, 46.2032341 ] } },
{ "type": "Feature", "properties": { "osm_id": "4405715673", "code": 2721, "fclass": "attraction", "name": "Auguste Piccard (PX 8)" }, "geometry": { "type": "Point", "coordinates": [ 8.3370549, 47.0520494 ] } },
{ "type": "Feature", "properties": { "osm_id": "4422090691", "code": 2721, "fclass": "attraction", "name": "Bienenhaus" }, "geometry": { "type": "Point", "coordinates": [ 7.6240075, 47.5704202 ] } },
{ "type": "Feature", "properties": { "osm_id": "4424707092", "code": 2721, "fclass": "attraction", "name": "Skulpturales in Stein" }, "geometry": { "type": "Point", "coordinates": [ 7.4097281, 46.9405098 ] } },
{ "type": "Feature", "properties": { "osm_id": "4436913089", "code": 2721, "fclass": "attraction", "name": "Gletschermühlen Trin" }, "geometry": { "type": "Point", "coordinates": [ 9.3664018, 46.8541841 ] } },
{ "type": "Feature", "properties": { "osm_id": "4444147259", "code": 2721, "fclass": "attraction", "name": "Erde (Planetenweg)" }, "geometry": { "type": "Point", "coordinates": [ 7.8824056, 46.285546 ] } },
{ "type": "Feature", "properties": { "osm_id": "4444147260", "code": 2721, "fclass": "attraction", "name": "Jupiter (Planetenweg)" }, "geometry": { "type": "Point", "coordinates": [ 7.8834133, 46.2799707 ] } },
{ "type": "Feature", "properties": { "osm_id": "4444147261", "code": 2721, "fclass": "attraction", "name": "Mars (Planetenweg)" }, "geometry": { "type": "Point", "coordinates": [ 7.8826528, 46.2848398 ] } },
{ "type": "Feature", "properties": { "osm_id": "4444147262", "code": 2721, "fclass": "attraction", "name": "Merkur (Planetenweg)" }, "geometry": { "type": "Point", "coordinates": [ 7.8820316, 46.2863274 ] } },
{ "type": "Feature", "properties": { "osm_id": "4444147263", "code": 2721, "fclass": "attraction", "name": "Neptun (Planetenweg)" }, "geometry": { "type": "Point", "coordinates": [ 7.8750151, 46.2457 ] } },
{ "type": "Feature", "properties": { "osm_id": "4444147264", "code": 2721, "fclass": "attraction", "name": "Saturn (Planetenweg)" }, "geometry": { "type": "Point", "coordinates": [ 7.8824519, 46.2739372 ] } },
{ "type": "Feature", "properties": { "osm_id": "4444147265", "code": 2721, "fclass": "attraction", "name": "Sonne (Planetenweg)" }, "geometry": { "type": "Point", "coordinates": [ 7.8818269, 46.2867545 ] } },
{ "type": "Feature", "properties": { "osm_id": "4444147266", "code": 2721, "fclass": "attraction", "name": "Uranus (Planetenweg)" }, "geometry": { "type": "Point", "coordinates": [ 7.8776192, 46.2619963 ] } },
{ "type": "Feature", "properties": { "osm_id": "4444147267", "code": 2721, "fclass": "attraction", "name": "Venus (Planetenweg)" }, "geometry": { "type": "Point", "coordinates": [ 7.8823368, 46.2859299 ] } },
{ "type": "Feature", "properties": { "osm_id": "4476266017", "code": 2721, "fclass": "attraction", "name": "Sources d'eau chaudes de Combioula" }, "geometry": { "type": "Point", "coordinates": [ 7.4160904, 46.1868637 ] } },
{ "type": "Feature", "properties": { "osm_id": "4492254815", "code": 2721, "fclass": "attraction", "name": "Photopoint Männlichen Grindelwald - Wengen" }, "geometry": { "type": "Point", "coordinates": [ 7.9424195, 46.6129134 ] } },
{ "type": "Feature", "properties": { "osm_id": "4492370189", "code": 2721, "fclass": "attraction", "name": "Obermoos" }, "geometry": { "type": "Point", "coordinates": [ 7.5375814, 47.0380128 ] } },
{ "type": "Feature", "properties": { "osm_id": "4493671093", "code": 2721, "fclass": "attraction", "name": "chez Mel" }, "geometry": { "type": "Point", "coordinates": [ 6.9454261, 46.2705245 ] } },
{ "type": "Feature", "properties": { "osm_id": "4523000189", "code": 2721, "fclass": "attraction", "name": null }, "geometry": { "type": "Point", "coordinates": [ 6.5663951, 46.5467099 ] } },
{ "type": "Feature", "properties": { "osm_id": "4572652420", "code": 2721, "fclass": "attraction", "name": "Trapgame" }, "geometry": { "type": "Point", "coordinates": [ 7.1273458, 46.129038 ] } },
{ "type": "Feature", "properties": { "osm_id": "4589886195", "code": 2721, "fclass": "attraction", "name": "Ponte Tibetano Carasc" }, "geometry": { "type": "Point", "coordinates": [ 8.9746245, 46.194895 ] } },
{ "type": "Feature", "properties": { "osm_id": "4598336189", "code": 2721, "fclass": "attraction", "name": "La Muggina" }, "geometry": { "type": "Point", "coordinates": [ 8.9637579, 46.0108019 ] } },
{ "type": "Feature", "properties": { "osm_id": "4659565789", "code": 2721, "fclass": "attraction", "name": "Stägeliweg zum Sonnenberg" }, "geometry": { "type": "Point", "coordinates": [ 8.9579226, 47.5274716 ] } },
{ "type": "Feature", "properties": { "osm_id": "4663113696", "code": 2721, "fclass": "attraction", "name": null }, "geometry": { "type": "Point", "coordinates": [ 6.1463179, 46.2101811 ] } },
{ "type": "Feature", "properties": { "osm_id": "4667583576", "code": 2721, "fclass": "attraction", "name": "Fontaine du Maître Jacques" }, "geometry": { "type": "Point", "coordinates": [ 6.2420811, 46.3819881 ] } },
{ "type": "Feature", "properties": { "osm_id": "4718658388", "code": 2721, "fclass": "attraction", "name": "Gepard" }, "geometry": { "type": "Point", "coordinates": [ 8.8216736, 47.2230336 ] } },
{ "type": "Feature", "properties": { "osm_id": "4737548027", "code": 2721, "fclass": "attraction", "name": "Ganterbrücke" }, "geometry": { "type": "Point", "coordinates": [ 8.0508044, 46.2964969 ] } },
{ "type": "Feature", "properties": { "osm_id": "4739957029", "code": 2721, "fclass": "attraction", "name": "Verticalp Emosson" }, "geometry": { "type": "Point", "coordinates": [ 6.9354994, 46.0678616 ] } },
{ "type": "Feature", "properties": { "osm_id": "4742266487", "code": 2721, "fclass": "attraction", "name": "Reh" }, "geometry": { "type": "Point", "coordinates": [ 7.9225011, 47.3421653 ] } },
{ "type": "Feature", "properties": { "osm_id": "4742266488", "code": 2721, "fclass": "attraction", "name": "Waschbär" }, "geometry": { "type": "Point", "coordinates": [ 7.9225789, 47.3414528 ] } },
{ "type": "Feature", "properties": { "osm_id": "4746611976", "code": 2721, "fclass": "attraction", "name": "Parapark Genève Escape Room" }, "geometry": { "type": "Point", "coordinates": [ 6.1487016, 46.1957738 ] } },
{ "type": "Feature", "properties": { "osm_id": "4758394848", "code": 2721, "fclass": "attraction", "name": "Graagetor" }, "geometry": { "type": "Point", "coordinates": [ 7.9012446, 46.7203752 ] } },
{ "type": "Feature", "properties": { "osm_id": "4779355369", "code": 2721, "fclass": "attraction", "name": "Bezoarziege" }, "geometry": { "type": "Point", "coordinates": [ 7.4549892, 46.9343729 ] } },
{ "type": "Feature", "properties": { "osm_id": "4794099422", "code": 2721, "fclass": "attraction", "name": "Geheimgang 188 Escape Room" }, "geometry": { "type": "Point", "coordinates": [ 8.7184761, 47.4957065 ] } },
{ "type": "Feature", "properties": { "osm_id": "4809475721", "code": 2721, "fclass": "attraction", "name": "Tennisclub Amriswil" }, "geometry": { "type": "Point", "coordinates": [ 9.2908445, 47.5411134 ] } },
{ "type": "Feature", "properties": { "osm_id": "4881190825", "code": 2721, "fclass": "attraction", "name": "Hublot" }, "geometry": { "type": "Point", "coordinates": [ 6.1491281, 46.2035613 ] } },
{ "type": "Feature", "properties": { "osm_id": "4881192922", "code": 2721, "fclass": "attraction", "name": "Tag Heuer" }, "geometry": { "type": "Point", "coordinates": [ 6.1489411, 46.2031587 ] } },
{ "type": "Feature", "properties": { "osm_id": "4881494421", "code": 2721, "fclass": "attraction", "name": "Double" }, "geometry": { "type": "Point", "coordinates": [ 7.1147223, 46.929347 ] } },
{ "type": "Feature", "properties": { "osm_id": "4895486608", "code": 2721, "fclass": "attraction", "name": "Caltgera" }, "geometry": { "type": "Point", "coordinates": [ 9.1806879, 46.6977157 ] } },
{ "type": "Feature", "properties": { "osm_id": "4895486887", "code": 2721, "fclass": "attraction", "name": "Crap dalla Gneida" }, "geometry": { "type": "Point", "coordinates": [ 9.1756392, 46.6896208 ] } },
{ "type": "Feature", "properties": { "osm_id": "4901087275", "code": 2721, "fclass": "attraction", "name": "Spissbachfall" }, "geometry": { "type": "Point", "coordinates": [ 7.9039469, 46.583303 ] } },
{ "type": "Feature", "properties": { "osm_id": "4921331226", "code": 2721, "fclass": "attraction", "name": "Pré la Dolaise" }, "geometry": { "type": "Point", "coordinates": [ 7.1133269, 47.2695128 ] } },
{ "type": "Feature", "properties": { "osm_id": "4931134524", "code": 2721, "fclass": "attraction", "name": "doline de Creux de neige" }, "geometry": { "type": "Point", "coordinates": [ 6.1459454, 46.5126796 ] } },
{ "type": "Feature", "properties": { "osm_id": "4944131721", "code": 2721, "fclass": "attraction", "name": "Club Nautique de Founex" }, "geometry": { "type": "Point", "coordinates": [ 6.2025393, 46.3334592 ] } },
{ "type": "Feature", "properties": { "osm_id": "4968784623", "code": 2721, "fclass": "attraction", "name": "Bunker Windegg MG-Stand" }, "geometry": { "type": "Point", "coordinates": [ 8.5657853, 47.1442392 ] } },
{ "type": "Feature", "properties": { "osm_id": "4969746723", "code": 2721, "fclass": "attraction", "name": "Sibrisboden 1 Ost - Panzerabwehrgeschützstand 7,5cm" }, "geometry": { "type": "Point", "coordinates": [ 8.5505021, 47.1367905 ] } },
{ "type": "Feature", "properties": { "osm_id": "4969746724", "code": 2721, "fclass": "attraction", "name": "Sibrisboden 2 West - Panzerabwehrgeschützstand 7,5cm" }, "geometry": { "type": "Point", "coordinates": [ 8.5474594, 47.1373505 ] } },
{ "type": "Feature", "properties": { "osm_id": "4969776522", "code": 2721, "fclass": "attraction", "name": "Sibrisboden Panzerabwehrgeschützstand" }, "geometry": { "type": "Point", "coordinates": [ 8.5499211, 47.1374263 ] } },
{ "type": "Feature", "properties": { "osm_id": "4971731222", "code": 2721, "fclass": "attraction", "name": "Industrielehrpfad Ehemaliger Steinbruch Waldburg" }, "geometry": { "type": "Point", "coordinates": [ 8.5717639, 47.143305 ] } },
{ "type": "Feature", "properties": { "osm_id": "4971883523", "code": 2721, "fclass": "attraction", "name": "Industrielehrpfad Spinnereien" }, "geometry": { "type": "Point", "coordinates": [ 8.5741258, 47.1389526 ] } },
{ "type": "Feature", "properties": { "osm_id": "4972002422", "code": 2721, "fclass": "attraction", "name": "Industrielehrpfad" }, "geometry": { "type": "Point", "coordinates": [ 8.5854801, 47.1368499 ] } },
{ "type": "Feature", "properties": { "osm_id": "4974577723", "code": 2721, "fclass": "attraction", "name": "Bunker Raten 6" }, "geometry": { "type": "Point", "coordinates": [ 8.6557354, 47.1349779 ] } },
{ "type": "Feature", "properties": { "osm_id": "4974577724", "code": 2721, "fclass": "attraction", "name": "Bunker Raten 7" }, "geometry": { "type": "Point", "coordinates": [ 8.6545594, 47.1341311 ] } },
{ "type": "Feature", "properties": { "osm_id": "4974577725", "code": 2721, "fclass": "attraction", "name": "Bunker Raten 8" }, "geometry": { "type": "Point", "coordinates": [ 8.6518096, 47.1353802 ] } },
{ "type": "Feature", "properties": { "osm_id": "4974584421", "code": 2721, "fclass": "attraction", "name": "Bunker Raten 1" }, "geometry": { "type": "Point", "coordinates": [ 8.6737209, 47.1413501 ] } },
{ "type": "Feature", "properties": { "osm_id": "4977477245", "code": 2721, "fclass": "attraction", "name": "Tête de puits des Rondez" }, "geometry": { "type": "Point", "coordinates": [ 7.362677, 47.362191 ] } },
{ "type": "Feature", "properties": { "osm_id": "4977491624", "code": 2721, "fclass": "attraction", "name": "Observatoire" }, "geometry": { "type": "Point", "coordinates": [ 7.4202625, 47.3515916 ] } },
{ "type": "Feature", "properties": { "osm_id": "4977491626", "code": 2721, "fclass": "attraction", "name": "Swiss Labyrinthe" }, "geometry": { "type": "Point", "coordinates": [ 7.3567314, 47.3599442 ] } },
{ "type": "Feature", "properties": { "osm_id": "4977928433", "code": 2721, "fclass": "attraction", "name": "Grosse Modelleisenbahn" }, "geometry": { "type": "Point", "coordinates": [ 8.5611271, 47.1337359 ] } },
{ "type": "Feature", "properties": { "osm_id": "5021759843", "code": 2721, "fclass": "attraction", "name": "Beinhaus" }, "geometry": { "type": "Point", "coordinates": [ 7.6347303, 46.3175105 ] } },
{ "type": "Feature", "properties": { "osm_id": "5060799922", "code": 2721, "fclass": "attraction", "name": "Grotte traversante" }, "geometry": { "type": "Point", "coordinates": [ 7.0990932, 46.1909641 ] } },
{ "type": "Feature", "properties": { "osm_id": "5060799923", "code": 2721, "fclass": "attraction", "name": "Grotte traversante" }, "geometry": { "type": "Point", "coordinates": [ 7.0993585, 46.1912534 ] } },
{ "type": "Feature", "properties": { "osm_id": "5060801222", "code": 2721, "fclass": "attraction", "name": "Croix" }, "geometry": { "type": "Point", "coordinates": [ 7.1005597, 46.18975 ] } },
{ "type": "Feature", "properties": { "osm_id": "5060925271", "code": 2721, "fclass": "attraction", "name": "Asiatischer Elefant (Auslauf)" }, "geometry": { "type": "Point", "coordinates": [ 8.5769361, 47.3878937 ] } },
{ "type": "Feature", "properties": { "osm_id": "5069277412", "code": 2721, "fclass": "attraction", "name": "Wildschwein" }, "geometry": { "type": "Point", "coordinates": [ 7.4553968, 46.9345232 ] } },
{ "type": "Feature", "properties": { "osm_id": "5097570136", "code": 2721, "fclass": "attraction", "name": "Käppelijoch" }, "geometry": { "type": "Point", "coordinates": [ 7.5898153, 47.5600561 ] } },
{ "type": "Feature", "properties": { "osm_id": "5100178818", "code": 2721, "fclass": "attraction", "name": "Burgruine Grottenstein" }, "geometry": { "type": "Point", "coordinates": [ 9.5219722, 46.8837143 ] } },
{ "type": "Feature", "properties": { "osm_id": "5111600959", "code": 2721, "fclass": "attraction", "name": "Damhirsch" }, "geometry": { "type": "Point", "coordinates": [ 7.9894189, 47.123092 ] } },
{ "type": "Feature", "properties": { "osm_id": "5111600970", "code": 2721, "fclass": "attraction", "name": "Zwergziege" }, "geometry": { "type": "Point", "coordinates": [ 7.9907586, 47.1227909 ] } },
{ "type": "Feature", "properties": { "osm_id": "5111600971", "code": 2721, "fclass": "attraction", "name": "Gänse, Hühner, Enten" }, "geometry": { "type": "Point", "coordinates": [ 7.9900532, 47.1226969 ] } },
{ "type": "Feature", "properties": { "osm_id": "5171485681", "code": 2721, "fclass": "attraction", "name": "Maison Supersaxo" }, "geometry": { "type": "Point", "coordinates": [ 7.3599206, 46.2331972 ] } },
{ "type": "Feature", "properties": { "osm_id": "5186077453", "code": 2721, "fclass": "attraction", "name": "Gelmerbahn" }, "geometry": { "type": "Point", "coordinates": [ 8.3085662, 46.6136562 ] } },
{ "type": "Feature", "properties": { "osm_id": "5188238095", "code": 2721, "fclass": "attraction", "name": "Lüéra di Alnasca" }, "geometry": { "type": "Point", "coordinates": [ 8.7958512, 46.2951966 ] } },
{ "type": "Feature", "properties": { "osm_id": "5223340883", "code": 2721, "fclass": "attraction", "name": "Europäische Sumpfschildkröte" }, "geometry": { "type": "Point", "coordinates": [ 7.4494939, 46.9354242 ] } },
{ "type": "Feature", "properties": { "osm_id": "5223381329", "code": 2721, "fclass": "attraction", "name": "Schnee-Eule" }, "geometry": { "type": "Point", "coordinates": [ 7.4503303, 46.9354867 ] } },
{ "type": "Feature", "properties": { "osm_id": "5223381330", "code": 2721, "fclass": "attraction", "name": "Uhu" }, "geometry": { "type": "Point", "coordinates": [ 7.4500688, 46.9354248 ] } },
{ "type": "Feature", "properties": { "osm_id": "5297662921", "code": 2721, "fclass": "attraction", "name": "3d Bogenparcours" }, "geometry": { "type": "Point", "coordinates": [ 8.0312135, 46.8221037 ] } },
{ "type": "Feature", "properties": { "osm_id": "5365111121", "code": 2721, "fclass": "attraction", "name": null }, "geometry": { "type": "Point", "coordinates": [ 7.2637812, 46.0871121 ] } },
{ "type": "Feature", "properties": { "osm_id": "5368359372", "code": 2721, "fclass": "attraction", "name": "Carbonaia" }, "geometry": { "type": "Point", "coordinates": [ 8.9756895, 46.1964013 ] } },
{ "type": "Feature", "properties": { "osm_id": "5384733414", "code": 2721, "fclass": "attraction", "name": "Steintreppe Stäglimatt" }, "geometry": { "type": "Point", "coordinates": [ 8.0519118, 47.4334166 ] } },
{ "type": "Feature", "properties": { "osm_id": "5422373661", "code": 2721, "fclass": "attraction", "name": "Baumwipfelpfad" }, "geometry": { "type": "Point", "coordinates": [ 9.1436895, 47.3581306 ] } },
{ "type": "Feature", "properties": { "osm_id": "5422852008", "code": 2721, "fclass": "attraction", "name": "Allfarblori" }, "geometry": { "type": "Point", "coordinates": [ 8.5718242, 47.3840049 ] } },
{ "type": "Feature", "properties": { "osm_id": "5423132184", "code": 2721, "fclass": "attraction", "name": "Arabischer Oryx" }, "geometry": { "type": "Point", "coordinates": [ 8.5738267, 47.3864546 ] } },
{ "type": "Feature", "properties": { "osm_id": "5432585921", "code": 2721, "fclass": "attraction", "name": "Langwieser Viadukt" }, "geometry": { "type": "Point", "coordinates": [ 9.7051205, 46.8175876 ] } },
{ "type": "Feature", "properties": { "osm_id": "5434598521", "code": 2721, "fclass": "attraction", "name": "Seilpark" }, "geometry": { "type": "Point", "coordinates": [ 9.6849467, 46.7851573 ] } },
{ "type": "Feature", "properties": { "osm_id": "5434598523", "code": 2721, "fclass": "attraction", "name": "Eichhörnliweg" }, "geometry": { "type": "Point", "coordinates": [ 9.6770531, 46.7864447 ] } },
{ "type": "Feature", "properties": { "osm_id": "5434598621", "code": 2721, "fclass": "attraction", "name": "Pumptrack" }, "geometry": { "type": "Point", "coordinates": [ 9.6818032, 46.7817874 ] } },
{ "type": "Feature", "properties": { "osm_id": "5434598623", "code": 2721, "fclass": "attraction", "name": "Planetenweg" }, "geometry": { "type": "Point", "coordinates": [ 9.6752195, 46.7911121 ] } },
{ "type": "Feature", "properties": { "osm_id": "5434598625", "code": 2721, "fclass": "attraction", "name": "Sagen-Buch" }, "geometry": { "type": "Point", "coordinates": [ 9.6467318, 46.7580738 ] } },
{ "type": "Feature", "properties": { "osm_id": "5434598635", "code": 2721, "fclass": "attraction", "name": "Medergen Walserdorf" }, "geometry": { "type": "Point", "coordinates": [ 9.7396184, 46.8043439 ] } },
{ "type": "Feature", "properties": { "osm_id": "5434599024", "code": 2721, "fclass": "attraction", "name": "Schlittelweg" }, "geometry": { "type": "Point", "coordinates": [ 9.6631677, 46.7804089 ] } },
{ "type": "Feature", "properties": { "osm_id": "5434599027", "code": 2721, "fclass": "attraction", "name": "Tritt" }, "geometry": { "type": "Point", "coordinates": [ 9.7622742, 46.79907 ] } },
{ "type": "Feature", "properties": { "osm_id": "5434599028", "code": 2721, "fclass": "attraction", "name": "Walserdorf Sapün" }, "geometry": { "type": "Point", "coordinates": [ 9.7526757, 46.8176224 ] } },
{ "type": "Feature", "properties": { "osm_id": "5439379419", "code": 2721, "fclass": "attraction", "name": "Moschusochse" }, "geometry": { "type": "Point", "coordinates": [ 7.4494011, 46.9350691 ] } },
{ "type": "Feature", "properties": { "osm_id": "5439379420", "code": 2721, "fclass": "attraction", "name": "Europäischer Ziesel" }, "geometry": { "type": "Point", "coordinates": [ 7.4489824, 46.9348957 ] } },
{ "type": "Feature", "properties": { "osm_id": "5452652122", "code": 2721, "fclass": "attraction", "name": "Société de tir St-Sébastien, stand 300m 50m 25m" }, "geometry": { "type": "Point", "coordinates": [ 6.9811768, 46.0872708 ] } },
{ "type": "Feature", "properties": { "osm_id": "5457011557", "code": 2721, "fclass": "attraction", "name": "Queen - The Studio Experience" }, "geometry": { "type": "Point", "coordinates": [ 6.9120324, 46.4296676 ] } },
{ "type": "Feature", "properties": { "osm_id": "5471565412", "code": 2721, "fclass": "attraction", "name": "Taubenlochschlucht" }, "geometry": { "type": "Point", "coordinates": [ 7.2656873, 47.1543379 ] } },
{ "type": "Feature", "properties": { "osm_id": "5471955021", "code": 2721, "fclass": "attraction", "name": "Sagen-Buch" }, "geometry": { "type": "Point", "coordinates": [ 9.6783259, 46.8013039 ] } },
{ "type": "Feature", "properties": { "osm_id": "5471955022", "code": 2721, "fclass": "attraction", "name": "Sagen-Buch" }, "geometry": { "type": "Point", "coordinates": [ 9.6355966, 46.7688753 ] } },
{ "type": "Feature", "properties": { "osm_id": "5471955121", "code": 2721, "fclass": "attraction", "name": "Sagen-Buch" }, "geometry": { "type": "Point", "coordinates": [ 9.6134419, 46.7690707 ] } },
{ "type": "Feature", "properties": { "osm_id": "5482424221", "code": 2721, "fclass": "attraction", "name": "Gruppo Volo a Vela Ticino" }, "geometry": { "type": "Point", "coordinates": [ 8.8859366, 46.1596129 ] } },
{ "type": "Feature", "properties": { "osm_id": "5538694621", "code": 2721, "fclass": "attraction", "name": "Lost" }, "geometry": { "type": "Point", "coordinates": [ 6.1479514, 46.2212296 ] } },
{ "type": "Feature", "properties": { "osm_id": "5543349328", "code": 2721, "fclass": "attraction", "name": "Lenbrunnen" }, "geometry": { "type": "Point", "coordinates": [ 7.4529263, 46.9488646 ] } },
{ "type": "Feature", "properties": { "osm_id": "5561800121", "code": 2721, "fclass": "attraction", "name": "Hohle Gasse" }, "geometry": { "type": "Point", "coordinates": [ 8.4517824, 47.0912069 ] } },
{ "type": "Feature", "properties": { "osm_id": "5564633797", "code": 2721, "fclass": "attraction", "name": "Kärpfbrücke" }, "geometry": { "type": "Point", "coordinates": [ 9.1029601, 46.938693 ] } },
{ "type": "Feature", "properties": { "osm_id": "5566267073", "code": 2721, "fclass": "attraction", "name": "Arbre classé" }, "geometry": { "type": "Point", "coordinates": [ 6.6713727, 46.5316361 ] } },
{ "type": "Feature", "properties": { "osm_id": "5571088844", "code": 2721, "fclass": "attraction", "name": "Strahlenziegen" }, "geometry": { "type": "Point", "coordinates": [ 8.0304926, 47.3774195 ] } },
{ "type": "Feature", "properties": { "osm_id": "5571904665", "code": 2721, "fclass": "attraction", "name": "Hühnerstall" }, "geometry": { "type": "Point", "coordinates": [ 8.0473152, 47.377981 ] } },
{ "type": "Feature", "properties": { "osm_id": "5610719005", "code": 2721, "fclass": "attraction", "name": "Sikahirsche" }, "geometry": { "type": "Point", "coordinates": [ 8.5285257, 47.2913875 ] } },
{ "type": "Feature", "properties": { "osm_id": "5610719321", "code": 2721, "fclass": "attraction", "name": "Wildschweine" }, "geometry": { "type": "Point", "coordinates": [ 8.5279143, 47.2944721 ] } },
{ "type": "Feature", "properties": { "osm_id": "5618393456", "code": 2721, "fclass": "attraction", "name": null }, "geometry": { "type": "Point", "coordinates": [ 8.4325057, 47.287235 ] } },
{ "type": "Feature", "properties": { "osm_id": "5665865091", "code": 2721, "fclass": "attraction", "name": "Koala" }, "geometry": { "type": "Point", "coordinates": [ 8.5723367, 47.3842914 ] } },
{ "type": "Feature", "properties": { "osm_id": "5665865092", "code": 2721, "fclass": "attraction", "name": "Bennett-Wallaby" }, "geometry": { "type": "Point", "coordinates": [ 8.5722749, 47.3845477 ] } },
{ "type": "Feature", "properties": { "osm_id": "5665865093", "code": 2721, "fclass": "attraction", "name": "Riesenwarane" }, "geometry": { "type": "Point", "coordinates": [ 8.5725873, 47.3846782 ] } },
{ "type": "Feature", "properties": { "osm_id": "5665865094", "code": 2721, "fclass": "attraction", "name": "Grosser Emu" }, "geometry": { "type": "Point", "coordinates": [ 8.5718239, 47.3842302 ] } },
{ "type": "Feature", "properties": { "osm_id": "5665875632", "code": 2721, "fclass": "attraction", "name": "Insektenhotel" }, "geometry": { "type": "Point", "coordinates": [ 8.534623, 47.2987293 ] } },
{ "type": "Feature", "properties": { "osm_id": "5676441326", "code": 2721, "fclass": "attraction", "name": "Alte Mühle" }, "geometry": { "type": "Point", "coordinates": [ 8.0487992, 47.4146425 ] } },
{ "type": "Feature", "properties": { "osm_id": "5684483219", "code": 2721, "fclass": "attraction", "name": "Insel Ufenau" }, "geometry": { "type": "Point", "coordinates": [ 8.7791891, 47.2173558 ] } },
{ "type": "Feature", "properties": { "osm_id": "5684485855", "code": 2721, "fclass": "attraction", "name": "Insel Lützelau" }, "geometry": { "type": "Point", "coordinates": [ 8.7932327, 47.2209134 ] } },
{ "type": "Feature", "properties": { "osm_id": "5684491153", "code": 2721, "fclass": "attraction", "name": "Naturschutzgebiet Heilighüsli" }, "geometry": { "type": "Point", "coordinates": [ 8.8130058, 47.2223105 ] } },
{ "type": "Feature", "properties": { "osm_id": "5684505061", "code": 2721, "fclass": "attraction", "name": "Rosengarten beim Einsiedlerhaus" }, "geometry": { "type": "Point", "coordinates": [ 8.8131454, 47.2265527 ] } },
{ "type": "Feature", "properties": { "osm_id": "5684548956", "code": 2721, "fclass": "attraction", "name": "Kormoraninsel" }, "geometry": { "type": "Point", "coordinates": [ 8.8544948, 47.2197833 ] } },
{ "type": "Feature", "properties": { "osm_id": "5684556731", "code": 2721, "fclass": "attraction", "name": "Joner Allmeind" }, "geometry": { "type": "Point", "coordinates": [ 8.8560438, 47.2258217 ] } },
{ "type": "Feature", "properties": { "osm_id": "5684559500", "code": 2721, "fclass": "attraction", "name": "Sandsteinbruch Lehnholz" }, "geometry": { "type": "Point", "coordinates": [ 8.873616, 47.2203559 ] } },
{ "type": "Feature", "properties": { "osm_id": "5684565822", "code": 2721, "fclass": "attraction", "name": "Wurmsbacherhof" }, "geometry": { "type": "Point", "coordinates": [ 8.8859168, 47.2306026 ] } },
{ "type": "Feature", "properties": { "osm_id": "5684574283", "code": 2721, "fclass": "attraction", "name": "Römischer Gutshof Salet" }, "geometry": { "type": "Point", "coordinates": [ 8.8969505, 47.228183 ] } },
{ "type": "Feature", "properties": { "osm_id": "5684588522", "code": 2721, "fclass": "attraction", "name": "Martinsbrünneli" }, "geometry": { "type": "Point", "coordinates": [ 8.8351788, 47.246314 ] } },
{ "type": "Feature", "properties": { "osm_id": "5684590865", "code": 2721, "fclass": "attraction", "name": "Höcklistein" }, "geometry": { "type": "Point", "coordinates": [ 8.8080001, 47.2417624 ] } },
{ "type": "Feature", "properties": { "osm_id": "5684595421", "code": 2721, "fclass": "attraction", "name": "römische Ausgrabungen" }, "geometry": { "type": "Point", "coordinates": [ 8.8197274, 47.2369538 ] } },
{ "type": "Feature", "properties": { "osm_id": "5684955047", "code": 2721, "fclass": "attraction", "name": "Gonzenbergwerk" }, "geometry": { "type": "Point", "coordinates": [ 9.4475221, 47.0540492 ] } },
{ "type": "Feature", "properties": { "osm_id": "5685085405", "code": 2721, "fclass": "attraction", "name": "Naturschutzgebiet alte Kiesgrube Feerbach" }, "geometry": { "type": "Point", "coordinates": [ 9.424277, 47.0346012 ] } },
{ "type": "Feature", "properties": { "osm_id": "5685085431", "code": 2721, "fclass": "attraction", "name": "alte Mühle Vilters" }, "geometry": { "type": "Point", "coordinates": [ 9.4475177, 47.0235044 ] } },
{ "type": "Feature", "properties": { "osm_id": "5685086376", "code": 2721, "fclass": "attraction", "name": "Kiesfang Vilters" }, "geometry": { "type": "Point", "coordinates": [ 9.446587, 47.0309283 ] } },
{ "type": "Feature", "properties": { "osm_id": "5685086397", "code": 2721, "fclass": "attraction", "name": "Naturschutzgebiet alter Kiesfang" }, "geometry": { "type": "Point", "coordinates": [ 9.446541, 47.0314884 ] } },
{ "type": "Feature", "properties": { "osm_id": "5685423022", "code": 2721, "fclass": "attraction", "name": "Klangwald Lohn - tùn resùn" }, "geometry": { "type": "Point", "coordinates": [ 9.4227997, 46.6489496 ] } },
{ "type": "Feature", "properties": { "osm_id": "5693231921", "code": 2721, "fclass": "attraction", "name": "Murmeli Trail" }, "geometry": { "type": "Point", "coordinates": [ 7.4426247, 46.4561033 ] } },
{ "type": "Feature", "properties": { "osm_id": "5707728331", "code": 2721, "fclass": "attraction", "name": "Blumendeko" }, "geometry": { "type": "Point", "coordinates": [ 7.0154383, 46.6213042 ] } },
{ "type": "Feature", "properties": { "osm_id": "5708364725", "code": 2721, "fclass": "attraction", "name": "Pfahlbauer" }, "geometry": { "type": "Point", "coordinates": [ 7.9954768, 47.3654632 ] } },
{ "type": "Feature", "properties": { "osm_id": "5708559425", "code": 2721, "fclass": "attraction", "name": "Windmühle" }, "geometry": { "type": "Point", "coordinates": [ 8.8184735, 47.7068541 ] } },
{ "type": "Feature", "properties": { "osm_id": "5713322923", "code": 2721, "fclass": "attraction", "name": "Dampflok \"Tigerli\"" }, "geometry": { "type": "Point", "coordinates": [ 8.5578377, 47.2678912 ] } },
{ "type": "Feature", "properties": { "osm_id": "5713337979", "code": 2721, "fclass": "attraction", "name": "Jahrringe" }, "geometry": { "type": "Point", "coordinates": [ 8.5604158, 47.2667892 ] } },
{ "type": "Feature", "properties": { "osm_id": "5713337981", "code": 2721, "fclass": "attraction", "name": "Summstein" }, "geometry": { "type": "Point", "coordinates": [ 8.5603449, 47.268035 ] } },
{ "type": "Feature", "properties": { "osm_id": "5713366245", "code": 2721, "fclass": "attraction", "name": "Totholz" }, "geometry": { "type": "Point", "coordinates": [ 8.5614411, 47.2694625 ] } },
{ "type": "Feature", "properties": { "osm_id": "5713376616", "code": 2721, "fclass": "attraction", "name": "Waldxylophon" }, "geometry": { "type": "Point", "coordinates": [ 8.5576673, 47.2731719 ] } },
{ "type": "Feature", "properties": { "osm_id": "5713376618", "code": 2721, "fclass": "attraction", "name": "Weitsprung" }, "geometry": { "type": "Point", "coordinates": [ 8.5583405, 47.273251 ] } },
{ "type": "Feature", "properties": { "osm_id": "5718428522", "code": 2721, "fclass": "attraction", "name": "Kletterroute" }, "geometry": { "type": "Point", "coordinates": [ 7.6712228, 46.3079691 ] } },
{ "type": "Feature", "properties": { "osm_id": "5734016022", "code": 2721, "fclass": "attraction", "name": "Horloge animée" }, "geometry": { "type": "Point", "coordinates": [ 6.1463671, 46.2036701 ] } },
{ "type": "Feature", "properties": { "osm_id": "5740472774", "code": 2721, "fclass": "attraction", "name": "Zentrumsstein" }, "geometry": { "type": "Point", "coordinates": [ 8.2333117, 47.5634061 ] } },
{ "type": "Feature", "properties": { "osm_id": "5751866827", "code": 2721, "fclass": "attraction", "name": "Denkmal Doppel-Turbinensystem Francis" }, "geometry": { "type": "Point", "coordinates": [ 8.6955441, 47.3476524 ] } },
{ "type": "Feature", "properties": { "osm_id": "5751909721", "code": 2721, "fclass": "attraction", "name": "Turbine mit Transmission" }, "geometry": { "type": "Point", "coordinates": [ 8.7020229, 47.3453594 ] } },
{ "type": "Feature", "properties": { "osm_id": "5760991621", "code": 2721, "fclass": "attraction", "name": "Walderlebnispfad Bannwald" }, "geometry": { "type": "Point", "coordinates": [ 7.8989378, 47.3558717 ] } },
{ "type": "Feature", "properties": { "osm_id": "5761592192", "code": 2721, "fclass": "attraction", "name": "discOWer Seilpark Melchsee-Frutt" }, "geometry": { "type": "Point", "coordinates": [ 8.2777667, 46.8014174 ] } },
{ "type": "Feature", "properties": { "osm_id": "5779364316", "code": 2721, "fclass": "attraction", "name": "Village des Pêcheurs" }, "geometry": { "type": "Point", "coordinates": [ 6.23838, 46.3780306 ] } },
{ "type": "Feature", "properties": { "osm_id": "5785883853", "code": 2721, "fclass": "attraction", "name": "Binzenhof" }, "geometry": { "type": "Point", "coordinates": [ 8.0478274, 47.3778418 ] } },
{ "type": "Feature", "properties": { "osm_id": "5799107248", "code": 2721, "fclass": "attraction", "name": "s'Echo (Akustisches Echo)" }, "geometry": { "type": "Point", "coordinates": [ 8.9114741, 47.2596756 ] } },
{ "type": "Feature", "properties": { "osm_id": "5819473353", "code": 2721, "fclass": "attraction", "name": "Villa Favre-Jacot" }, "geometry": { "type": "Point", "coordinates": [ 6.7342138, 47.0542505 ] } },
{ "type": "Feature", "properties": { "osm_id": "5846576284", "code": 2721, "fclass": "attraction", "name": "Geissurtelstein" }, "geometry": { "type": "Point", "coordinates": [ 9.0204066, 47.0352358 ] } },
{ "type": "Feature", "properties": { "osm_id": "5865752868", "code": 2721, "fclass": "attraction", "name": "Moorpfad Garichte" }, "geometry": { "type": "Point", "coordinates": [ 9.1000821, 46.9597392 ] } },
{ "type": "Feature", "properties": { "osm_id": "5901207339", "code": 2721, "fclass": "attraction", "name": "Einbaum vom Moossee" }, "geometry": { "type": "Point", "coordinates": [ 7.4844489, 47.0185186 ] } },
{ "type": "Feature", "properties": { "osm_id": "5912489603", "code": 2721, "fclass": "attraction", "name": "Pont St-Jean" }, "geometry": { "type": "Point", "coordinates": [ 7.154764, 47.3640295 ] } },
{ "type": "Feature", "properties": { "osm_id": "5930964310", "code": 2721, "fclass": "attraction", "name": "Crystal cavern" }, "geometry": { "type": "Point", "coordinates": [ 8.3199648, 46.5801588 ] } },
{ "type": "Feature", "properties": { "osm_id": "5938669191", "code": 2721, "fclass": "attraction", "name": "Holzbrunnen Valendas" }, "geometry": { "type": "Point", "coordinates": [ 9.2826233, 46.7878284 ] } },
{ "type": "Feature", "properties": { "osm_id": "5954767986", "code": 2721, "fclass": "attraction", "name": "Jardin des sons" }, "geometry": { "type": "Point", "coordinates": [ 6.5539161, 46.6179694 ] } },
{ "type": "Feature", "properties": { "osm_id": "5964244465", "code": 2721, "fclass": "attraction", "name": "Extraterrestrischer Besucher" }, "geometry": { "type": "Point", "coordinates": [ 9.346675, 47.1873479 ] } },
{ "type": "Feature", "properties": { "osm_id": "5964244467", "code": 2721, "fclass": "attraction", "name": "Air Frequencies" }, "geometry": { "type": "Point", "coordinates": [ 9.3418278, 47.1866311 ] } },
{ "type": "Feature", "properties": { "osm_id": "5964244468", "code": 2721, "fclass": "attraction", "name": "Klangkugel" }, "geometry": { "type": "Point", "coordinates": [ 9.3376678, 47.1850729 ] } },
{ "type": "Feature", "properties": { "osm_id": "5964244469", "code": 2721, "fclass": "attraction", "name": "3x4 Stühle und Podest" }, "geometry": { "type": "Point", "coordinates": [ 9.3370574, 47.1834015 ] } },
{ "type": "Feature", "properties": { "osm_id": "5964244471", "code": 2721, "fclass": "attraction", "name": "Klangpilze" }, "geometry": { "type": "Point", "coordinates": [ 9.3292136, 47.1797989 ] } },
{ "type": "Feature", "properties": { "osm_id": "5964244472", "code": 2721, "fclass": "attraction", "name": "Waldweld" }, "geometry": { "type": "Point", "coordinates": [ 9.3272855, 47.1793735 ] } },
{ "type": "Feature", "properties": { "osm_id": "5964244473", "code": 2721, "fclass": "attraction", "name": "Heulvelo" }, "geometry": { "type": "Point", "coordinates": [ 9.3254825, 47.1798283 ] } },
{ "type": "Feature", "properties": { "osm_id": "5964257969", "code": 2721, "fclass": "attraction", "name": "Felsentöne" }, "geometry": { "type": "Point", "coordinates": [ 9.3241581, 47.1797784 ] } },
{ "type": "Feature", "properties": { "osm_id": "5964257970", "code": 2721, "fclass": "attraction", "name": "Schellenbaum" }, "geometry": { "type": "Point", "coordinates": [ 9.3197787, 47.1798412 ] } },
{ "type": "Feature", "properties": { "osm_id": "5964257971", "code": 2721, "fclass": "attraction", "name": "Klangmühle" }, "geometry": { "type": "Point", "coordinates": [ 9.3168786, 47.1836947 ] } },
{ "type": "Feature", "properties": { "osm_id": "5996140391", "code": 2721, "fclass": "attraction", "name": null }, "geometry": { "type": "Point", "coordinates": [ 7.423644, 46.4563902 ] } },
{ "type": "Feature", "properties": { "osm_id": "6005394385", "code": 2721, "fclass": "attraction", "name": "Lavaux Vinorama" }, "geometry": { "type": "Point", "coordinates": [ 6.7774266, 46.4749047 ] } },
{ "type": "Feature", "properties": { "osm_id": "6011027485", "code": 2721, "fclass": "attraction", "name": "Geissen" }, "geometry": { "type": "Point", "coordinates": [ 8.047552, 47.3781671 ] } },
{ "type": "Feature", "properties": { "osm_id": "6012789185", "code": 2721, "fclass": "attraction", "name": "Spycherhandwerk" }, "geometry": { "type": "Point", "coordinates": [ 7.828615, 47.111936 ] } },
{ "type": "Feature", "properties": { "osm_id": "6073894214", "code": 2721, "fclass": "attraction", "name": "Mammutbaum" }, "geometry": { "type": "Point", "coordinates": [ 7.595414, 47.1593501 ] } },
{ "type": "Feature", "properties": { "osm_id": "6110731727", "code": 2721, "fclass": "attraction", "name": "Papiermühle" }, "geometry": { "type": "Point", "coordinates": [ 7.6033087, 47.5546103 ] } },
{ "type": "Feature", "properties": { "osm_id": "6166299785", "code": 2721, "fclass": "attraction", "name": "MystEra" }, "geometry": { "type": "Point", "coordinates": [ 7.0439516, 46.130393 ] } },
{ "type": "Feature", "properties": { "osm_id": "6199656087", "code": 2721, "fclass": "attraction", "name": "Étable de Flore (1963 m)" }, "geometry": { "type": "Point", "coordinates": [ 7.289064, 46.278628 ] } },
{ "type": "Feature", "properties": { "osm_id": "6228932679", "code": 2721, "fclass": "attraction", "name": "Horloge fleurie" }, "geometry": { "type": "Point", "coordinates": [ 6.1509814, 46.2041847 ] } },
{ "type": "Feature", "properties": { "osm_id": "6235604687", "code": 2721, "fclass": "attraction", "name": "Parkbahn Königsfelden" }, "geometry": { "type": "Point", "coordinates": [ 8.2166446, 47.4793366 ] } },
{ "type": "Feature", "properties": { "osm_id": "6235993978", "code": 2721, "fclass": "attraction", "name": "Bear's Paws" }, "geometry": { "type": "Point", "coordinates": [ 8.5618186, 46.9105351 ] } },
{ "type": "Feature", "properties": { "osm_id": "6309375786", "code": 2721, "fclass": "attraction", "name": "Paradis des Marmottes" }, "geometry": { "type": "Point", "coordinates": [ 6.9782191, 46.4317118 ] } },
{ "type": "Feature", "properties": { "osm_id": "6371775492", "code": 2721, "fclass": "attraction", "name": "Paintball Valais" }, "geometry": { "type": "Point", "coordinates": [ 7.5353253, 46.2715051 ] } },
{ "type": "Feature", "properties": { "osm_id": "6404377902", "code": 2721, "fclass": "attraction", "name": "Kattas" }, "geometry": { "type": "Point", "coordinates": [ 7.3193836, 47.1116886 ] } },
{ "type": "Feature", "properties": { "osm_id": "6404377903", "code": 2721, "fclass": "attraction", "name": "Serval" }, "geometry": { "type": "Point", "coordinates": [ 7.32032, 47.1120867 ] } },
{ "type": "Feature", "properties": { "osm_id": "6404377917", "code": 2721, "fclass": "attraction", "name": "Hühner" }, "geometry": { "type": "Point", "coordinates": [ 7.319971, 47.1121075 ] } },
{ "type": "Feature", "properties": { "osm_id": "6404377918", "code": 2721, "fclass": "attraction", "name": "Gänse" }, "geometry": { "type": "Point", "coordinates": [ 7.3200542, 47.1121367 ] } },
{ "type": "Feature", "properties": { "osm_id": "6404431009", "code": 2721, "fclass": "attraction", "name": "Streifenhörnchen" }, "geometry": { "type": "Point", "coordinates": [ 7.3200113, 47.1117078 ] } },
{ "type": "Feature", "properties": { "osm_id": "6410022596", "code": 2721, "fclass": "attraction", "name": "Schillerstein" }, "geometry": { "type": "Point", "coordinates": [ 8.5967367, 46.9828971 ] } },
{ "type": "Feature", "properties": { "osm_id": "6417667386", "code": 2721, "fclass": "attraction", "name": "Lieu du serment" }, "geometry": { "type": "Point", "coordinates": [ 8.5924212, 46.9692437 ] } },
{ "type": "Feature", "properties": { "osm_id": "6423056850", "code": 2721, "fclass": "attraction", "name": "Geologielehrpfad Ägerten" }, "geometry": { "type": "Point", "coordinates": [ 7.8088464, 47.2879477 ] } },
{ "type": "Feature", "properties": { "osm_id": "6425221475", "code": 2721, "fclass": "attraction", "name": "Katzenried" }, "geometry": { "type": "Point", "coordinates": [ 8.9199352, 47.2284581 ] } },
{ "type": "Feature", "properties": { "osm_id": "6431031788", "code": 2721, "fclass": "attraction", "name": "Ponte vecchio ferrovia BM" }, "geometry": { "type": "Point", "coordinates": [ 9.1315927, 46.2376955 ] } },
{ "type": "Feature", "properties": { "osm_id": "6431040085", "code": 2721, "fclass": "attraction", "name": "Ponte vecchio ferrovia BM" }, "geometry": { "type": "Point", "coordinates": [ 9.1176545, 46.2377634 ] } },
{ "type": "Feature", "properties": { "osm_id": "6433060817", "code": 2721, "fclass": "attraction", "name": "Tour de Diesse" }, "geometry": { "type": "Point", "coordinates": [ 6.9281561, 46.9916729 ] } },
{ "type": "Feature", "properties": { "osm_id": "6434179736", "code": 2721, "fclass": "attraction", "name": "Rötelstein" }, "geometry": { "type": "Point", "coordinates": [ 8.6308147, 47.4963472 ] } },
{ "type": "Feature", "properties": { "osm_id": "6441416436", "code": 2721, "fclass": "attraction", "name": null }, "geometry": { "type": "Point", "coordinates": [ 7.6774528, 47.1411946 ] } },
{ "type": "Feature", "properties": { "osm_id": "6441416709", "code": 2721, "fclass": "attraction", "name": "Schalenstein" }, "geometry": { "type": "Point", "coordinates": [ 7.6796746, 47.1430776 ] } },
{ "type": "Feature", "properties": { "osm_id": "6445886192", "code": 2721, "fclass": "attraction", "name": "Grin Festival - Musica dal mondo" }, "geometry": { "type": "Point", "coordinates": [ 9.1350146, 46.2339748 ] } },
{ "type": "Feature", "properties": { "osm_id": "6445908889", "code": 2721, "fclass": "attraction", "name": "Affreschi" }, "geometry": { "type": "Point", "coordinates": [ 9.1284713, 46.237696 ] } },
{ "type": "Feature", "properties": { "osm_id": "6473694787", "code": 2721, "fclass": "attraction", "name": null }, "geometry": { "type": "Point", "coordinates": [ 7.6987182, 46.6817996 ] } },
{ "type": "Feature", "properties": { "osm_id": "6478114929", "code": 2721, "fclass": "attraction", "name": "Cascata Piumogna" }, "geometry": { "type": "Point", "coordinates": [ 8.7953697, 46.4765758 ] } },
{ "type": "Feature", "properties": { "osm_id": "6506078348", "code": 2721, "fclass": "attraction", "name": "Wyland Usziit" }, "geometry": { "type": "Point", "coordinates": [ 8.6307342, 47.6310712 ] } },
{ "type": "Feature", "properties": { "osm_id": "6514632388", "code": 2721, "fclass": "attraction", "name": "Casa di circolo" }, "geometry": { "type": "Point", "coordinates": [ 9.1299241, 46.2377036 ] } },
{ "type": "Feature", "properties": { "osm_id": "6515172385", "code": 2721, "fclass": "attraction", "name": "11 i Uhr" }, "geometry": { "type": "Point", "coordinates": [ 7.534216, 47.2076072 ] } },
{ "type": "Feature", "properties": { "osm_id": "6516195088", "code": 2721, "fclass": "attraction", "name": "Schwimm Platz" }, "geometry": { "type": "Point", "coordinates": [ 8.7036977, 47.4941074 ] } },
{ "type": "Feature", "properties": { "osm_id": "6518024278", "code": 2721, "fclass": "attraction", "name": "Peister Esche" }, "geometry": { "type": "Point", "coordinates": [ 9.6710493, 46.8293801 ] } },
{ "type": "Feature", "properties": { "osm_id": "6551191885", "code": 2721, "fclass": "attraction", "name": "Minigolf" }, "geometry": { "type": "Point", "coordinates": [ 8.2256627, 47.4739634 ] } },
{ "type": "Feature", "properties": { "osm_id": "6557001372", "code": 2721, "fclass": "attraction", "name": null }, "geometry": { "type": "Point", "coordinates": [ 8.517346, 47.4004181 ] } },
{ "type": "Feature", "properties": { "osm_id": "6577535840", "code": 2721, "fclass": "attraction", "name": "Hirschengraben" }, "geometry": { "type": "Point", "coordinates": [ 8.6402351, 47.6971792 ] } },
{ "type": "Feature", "properties": { "osm_id": "6602789204", "code": 2721, "fclass": "attraction", "name": "Gans" }, "geometry": { "type": "Point", "coordinates": [ 8.6164671, 47.3787065 ] } },
{ "type": "Feature", "properties": { "osm_id": "6602789206", "code": 2721, "fclass": "attraction", "name": "Ziege" }, "geometry": { "type": "Point", "coordinates": [ 8.6162167, 47.3786872 ] } },
{ "type": "Feature", "properties": { "osm_id": "6602789212", "code": 2721, "fclass": "attraction", "name": "Pfau" }, "geometry": { "type": "Point", "coordinates": [ 8.6166575, 47.3786467 ] } },
{ "type": "Feature", "properties": { "osm_id": "6602789214", "code": 2721, "fclass": "attraction", "name": "Ente" }, "geometry": { "type": "Point", "coordinates": [ 8.6164413, 47.3786569 ] } },
{ "type": "Feature", "properties": { "osm_id": "6602789216", "code": 2721, "fclass": "attraction", "name": "Huhn" }, "geometry": { "type": "Point", "coordinates": [ 8.616525, 47.3786864 ] } },
{ "type": "Feature", "properties": { "osm_id": "6609151744", "code": 2721, "fclass": "attraction", "name": "Abbachfall" }, "geometry": { "type": "Point", "coordinates": [ 8.0126453, 46.6395363 ] } },
{ "type": "Feature", "properties": { "osm_id": "6609292039", "code": 2721, "fclass": "attraction", "name": "Mosaïque florale" }, "geometry": { "type": "Point", "coordinates": [ 6.2390541, 46.3797057 ] } },
{ "type": "Feature", "properties": { "osm_id": "6609292040", "code": 2721, "fclass": "attraction", "name": "Four à chaux de Saint-George" }, "geometry": { "type": "Point", "coordinates": [ 6.2745143, 46.5136476 ] } },
{ "type": "Feature", "properties": { "osm_id": "6618479224", "code": 2721, "fclass": "attraction", "name": null }, "geometry": { "type": "Point", "coordinates": [ 6.5238652, 46.5175431 ] } },
{ "type": "Feature", "properties": { "osm_id": "6622272385", "code": 2721, "fclass": "attraction", "name": "Charles Kuonen Hängebrücke" }, "geometry": { "type": "Point", "coordinates": [ 7.8023083, 46.1013567 ] } },
{ "type": "Feature", "properties": { "osm_id": "6636792366", "code": 2721, "fclass": "attraction", "name": "Wasserrad" }, "geometry": { "type": "Point", "coordinates": [ 8.5683957, 47.4006696 ] } },
{ "type": "Feature", "properties": { "osm_id": "6673870493", "code": 2721, "fclass": "attraction", "name": "Cholerenschlucht" }, "geometry": { "type": "Point", "coordinates": [ 7.5805662, 46.5157295 ] } },
{ "type": "Feature", "properties": { "osm_id": "6680342544", "code": 2721, "fclass": "attraction", "name": "Arbedo Beach" }, "geometry": { "type": "Point", "coordinates": [ 9.0400818, 46.2179104 ] } },
{ "type": "Feature", "properties": { "osm_id": "6763738121", "code": 2721, "fclass": "attraction", "name": "Croix (Tout est silence)" }, "geometry": { "type": "Point", "coordinates": [ 7.2743125, 46.0306532 ] } },
{ "type": "Feature", "properties": { "osm_id": "6779931885", "code": 2721, "fclass": "attraction", "name": "Musée-galerie de la construction du barrage" }, "geometry": { "type": "Point", "coordinates": [ 7.3443347, 45.9997368 ] } },
{ "type": "Feature", "properties": { "osm_id": "6793887485", "code": 2721, "fclass": "attraction", "name": "MiNi-Train Pully" }, "geometry": { "type": "Point", "coordinates": [ 6.6606528, 46.5057559 ] } },
{ "type": "Feature", "properties": { "osm_id": "6815872007", "code": 2721, "fclass": "attraction", "name": "Labyrinth" }, "geometry": { "type": "Point", "coordinates": [ 7.8085324, 47.2749324 ] } },
{ "type": "Feature", "properties": { "osm_id": "6815969389", "code": 2721, "fclass": "attraction", "name": "Knochenstampferei" }, "geometry": { "type": "Point", "coordinates": [ 7.8366058, 47.2754806 ] } },
{ "type": "Feature", "properties": { "osm_id": "6851430404", "code": 2721, "fclass": "attraction", "name": "Schwarzes Loch" }, "geometry": { "type": "Point", "coordinates": [ 9.2886196, 46.7968032 ] } },
{ "type": "Feature", "properties": { "osm_id": "6880937262", "code": 2721, "fclass": "attraction", "name": "Flugzeug" }, "geometry": { "type": "Point", "coordinates": [ 7.6646689, 47.3114755 ] } },
{ "type": "Feature", "properties": { "osm_id": "6881902056", "code": 2721, "fclass": "attraction", "name": "Wappen Welschenrohr" }, "geometry": { "type": "Point", "coordinates": [ 7.5265787, 47.2898184 ] } },
{ "type": "Feature", "properties": { "osm_id": "6900338167", "code": 2721, "fclass": "attraction", "name": "Bouquetin des Alpes" }, "geometry": { "type": "Point", "coordinates": [ 6.8220241, 47.1055053 ] } },
{ "type": "Feature", "properties": { "osm_id": "6900366294", "code": 2721, "fclass": "attraction", "name": "Lama" }, "geometry": { "type": "Point", "coordinates": [ 6.8218972, 47.1056413 ] } },
{ "type": "Feature", "properties": { "osm_id": "6900366304", "code": 2721, "fclass": "attraction", "name": "Cerf élaphes" }, "geometry": { "type": "Point", "coordinates": [ 6.8212729, 47.1056642 ] } },
{ "type": "Feature", "properties": { "osm_id": "6900366383", "code": 2721, "fclass": "attraction", "name": "Lynx d'Europe" }, "geometry": { "type": "Point", "coordinates": [ 6.8212471, 47.1060564 ] } },
{ "type": "Feature", "properties": { "osm_id": "6943525986", "code": 2721, "fclass": "attraction", "name": "Bogenparcours" }, "geometry": { "type": "Point", "coordinates": [ 10.0094616, 46.6312202 ] } },
{ "type": "Feature", "properties": { "osm_id": "6943564885", "code": 2721, "fclass": "attraction", "name": "Bogenparcour Hochwang" }, "geometry": { "type": "Point", "coordinates": [ 9.6541038, 46.8403463 ] } },
{ "type": "Feature", "properties": { "osm_id": "6945122892", "code": 2721, "fclass": "attraction", "name": "Untere Schleusen" }, "geometry": { "type": "Point", "coordinates": [ 7.6301037, 46.758048 ] } },
{ "type": "Feature", "properties": { "osm_id": "7029648904", "code": 2721, "fclass": "attraction", "name": "Ente" }, "geometry": { "type": "Point", "coordinates": [ 8.3419497, 47.347081 ] } },
{ "type": "Feature", "properties": { "osm_id": "7029648905", "code": 2721, "fclass": "attraction", "name": "Huhn" }, "geometry": { "type": "Point", "coordinates": [ 8.3420382, 47.3470719 ] } },
{ "type": "Feature", "properties": { "osm_id": "7029648906", "code": 2721, "fclass": "attraction", "name": "Hase" }, "geometry": { "type": "Point", "coordinates": [ 8.3414328, 47.346819 ] } },
{ "type": "Feature", "properties": { "osm_id": "7029648907", "code": 2721, "fclass": "attraction", "name": "Lama" }, "geometry": { "type": "Point", "coordinates": [ 8.3413013, 47.3473488 ] } },
{ "type": "Feature", "properties": { "osm_id": "7029648908", "code": 2721, "fclass": "attraction", "name": "Ziege" }, "geometry": { "type": "Point", "coordinates": [ 8.3416044, 47.3472724 ] } },
{ "type": "Feature", "properties": { "osm_id": "7029648910", "code": 2721, "fclass": "attraction", "name": "Schafe" }, "geometry": { "type": "Point", "coordinates": [ 8.3426599, 47.3479548 ] } },
{ "type": "Feature", "properties": { "osm_id": "7050244186", "code": 2721, "fclass": "attraction", "name": "Stadtmodell Zürich Heute" }, "geometry": { "type": "Point", "coordinates": [ 8.540185, 47.3741346 ] } },
{ "type": "Feature", "properties": { "osm_id": "7059608941", "code": 2721, "fclass": "attraction", "name": "Skulpturenweg" }, "geometry": { "type": "Point", "coordinates": [ 10.3685176, 46.8181824 ] } },
{ "type": "Feature", "properties": { "osm_id": "7075316012", "code": 2721, "fclass": "attraction", "name": "Altbach Mühle" }, "geometry": { "type": "Point", "coordinates": [ 7.9728652, 47.4781712 ] } },
{ "type": "Feature", "properties": { "osm_id": "7088074176", "code": 2721, "fclass": "attraction", "name": "Monument de la roue de Bollement" }, "geometry": { "type": "Point", "coordinates": [ 7.1123604, 47.3052858 ] } },
{ "type": "Feature", "properties": { "osm_id": "7126563688", "code": 2721, "fclass": "attraction", "name": "Col de Coux (1920 m)" }, "geometry": { "type": "Point", "coordinates": [ 6.7928816, 46.1503327 ] } },
{ "type": "Feature", "properties": { "osm_id": "7143013905", "code": 2721, "fclass": "attraction", "name": "Zwillingsbuche" }, "geometry": { "type": "Point", "coordinates": [ 7.5393597, 46.7702065 ] } },
{ "type": "Feature", "properties": { "osm_id": "7161008949", "code": 2721, "fclass": "attraction", "name": "Haus der Familie Joseph" }, "geometry": { "type": "Point", "coordinates": [ 9.0481532, 47.4665332 ] } },
{ "type": "Feature", "properties": { "osm_id": "7161008950", "code": 2721, "fclass": "attraction", "name": "Haus zum letzte Wieland" }, "geometry": { "type": "Point", "coordinates": [ 9.0481774, 47.4665585 ] } },
{ "type": "Feature", "properties": { "osm_id": "7171933287", "code": 2721, "fclass": "attraction", "name": null }, "geometry": { "type": "Point", "coordinates": [ 6.9205842, 46.4283756 ] } },
{ "type": "Feature", "properties": { "osm_id": "7203783091", "code": 2721, "fclass": "attraction", "name": "Ave Maria Glocke" }, "geometry": { "type": "Point", "coordinates": [ 8.5627326, 46.9105942 ] } },
{ "type": "Feature", "properties": { "osm_id": "7248471129", "code": 2721, "fclass": "attraction", "name": "Rodelbahn auf dem Gurten" }, "geometry": { "type": "Point", "coordinates": [ 7.4413337, 46.9192346 ] } },
{ "type": "Feature", "properties": { "osm_id": "7251443997", "code": 2721, "fclass": "attraction", "name": null }, "geometry": { "type": "Point", "coordinates": [ 7.103509, 45.9163085 ] } },
{ "type": "Feature", "properties": { "osm_id": "7251443998", "code": 2721, "fclass": "attraction", "name": null }, "geometry": { "type": "Point", "coordinates": [ 7.0992586, 45.9466633 ] } },
{ "type": "Feature", "properties": { "osm_id": "7251443999", "code": 2721, "fclass": "attraction", "name": null }, "geometry": { "type": "Point", "coordinates": [ 7.1231183, 46.0061938 ] } },
{ "type": "Feature", "properties": { "osm_id": "7251444000", "code": 2721, "fclass": "attraction", "name": null }, "geometry": { "type": "Point", "coordinates": [ 7.1195862, 46.011022 ] } },
{ "type": "Feature", "properties": { "osm_id": "7251444004", "code": 2721, "fclass": "attraction", "name": null }, "geometry": { "type": "Point", "coordinates": [ 7.0574213, 46.0442302 ] } },
{ "type": "Feature", "properties": { "osm_id": "7251459285", "code": 2721, "fclass": "attraction", "name": null }, "geometry": { "type": "Point", "coordinates": [ 7.0892017, 45.892075 ] } },
{ "type": "Feature", "properties": { "osm_id": "7260514873", "code": 2721, "fclass": "attraction", "name": "Synchrocyclotron" }, "geometry": { "type": "Point", "coordinates": [ 6.0527126, 46.2330058 ] } },
{ "type": "Feature", "properties": { "osm_id": "7373252498", "code": 2721, "fclass": "attraction", "name": null }, "geometry": { "type": "Point", "coordinates": [ 6.5453973, 46.5130703 ] } },
{ "type": "Feature", "properties": { "osm_id": "7405145702", "code": 2721, "fclass": "attraction", "name": "Netzgiraffe" }, "geometry": { "type": "Point", "coordinates": [ 8.5791514, 47.3878707 ] } },
{ "type": "Feature", "properties": { "osm_id": "7405145704", "code": 2721, "fclass": "attraction", "name": "Südliches Breitmaulnashorn" }, "geometry": { "type": "Point", "coordinates": [ 8.578335, 47.3883338 ] } },
{ "type": "Feature", "properties": { "osm_id": "7405145705", "code": 2721, "fclass": "attraction", "name": "Erdmännchen" }, "geometry": { "type": "Point", "coordinates": [ 8.5782311, 47.3878274 ] } },
{ "type": "Feature", "properties": { "osm_id": "7405145706", "code": 2721, "fclass": "attraction", "name": "Dahomey-Zwergrind" }, "geometry": { "type": "Point", "coordinates": [ 8.5785962, 47.3872801 ] } },
{ "type": "Feature", "properties": { "osm_id": "7423846036", "code": 2721, "fclass": "attraction", "name": "Sodbrunnen" }, "geometry": { "type": "Point", "coordinates": [ 8.5395733, 47.3730554 ] } },
{ "type": "Feature", "properties": { "osm_id": "7432790415", "code": 2721, "fclass": "attraction", "name": "Schienenvelo" }, "geometry": { "type": "Point", "coordinates": [ 7.2360136, 46.9063048 ] } },
{ "type": "Feature", "properties": { "osm_id": "7502167523", "code": 2721, "fclass": "attraction", "name": "Freddie Tours" }, "geometry": { "type": "Point", "coordinates": [ 6.909756, 46.4320374 ] } },
{ "type": "Feature", "properties": { "osm_id": "7525827083", "code": 2721, "fclass": "attraction", "name": "Säbelantilope" }, "geometry": { "type": "Point", "coordinates": [ 8.5789086, 47.3881426 ] } },
{ "type": "Feature", "properties": { "osm_id": "7525849085", "code": 2721, "fclass": "attraction", "name": "Nacktmull" }, "geometry": { "type": "Point", "coordinates": [ 8.5776779, 47.3890874 ] } },
{ "type": "Feature", "properties": { "osm_id": "7544460095", "code": 2721, "fclass": "attraction", "name": "Erdbeerfeld zum selber pflücken" }, "geometry": { "type": "Point", "coordinates": [ 7.8594367, 47.5608277 ] } },
{ "type": "Feature", "properties": { "osm_id": "7570413503", "code": 2721, "fclass": "attraction", "name": "Arrivée des eaux de Susanfe" }, "geometry": { "type": "Point", "coordinates": [ 6.9420201, 46.1375089 ] } },
{ "type": "Feature", "properties": { "osm_id": "7570414988", "code": 2721, "fclass": "attraction", "name": "Fontaine de Moïse" }, "geometry": { "type": "Point", "coordinates": [ 6.9807881, 46.1421588 ] } },
{ "type": "Feature", "properties": { "osm_id": "7600418585", "code": 2721, "fclass": "attraction", "name": "Atelier Grand Cargo" }, "geometry": { "type": "Point", "coordinates": [ 6.8392017, 47.1057322 ] } },
{ "type": "Feature", "properties": { "osm_id": "7608007885", "code": 2721, "fclass": "attraction", "name": "Loga" }, "geometry": { "type": "Point", "coordinates": [ 9.0754925, 46.214435 ] } },
{ "type": "Feature", "properties": { "osm_id": "7616510930", "code": 2721, "fclass": "attraction", "name": "Geographischer Schwerpunkt der Gemeinde Bern" }, "geometry": { "type": "Point", "coordinates": [ 7.4062453, 46.9477565 ] } },
{ "type": "Feature", "properties": { "osm_id": "7619504717", "code": 2721, "fclass": "attraction", "name": "Organic Adventure Park" }, "geometry": { "type": "Point", "coordinates": [ 6.867707, 46.167569 ] } },
{ "type": "Feature", "properties": { "osm_id": "7648132770", "code": 2721, "fclass": "attraction", "name": "Abgelegenster Punkt zu Land des Kantons Zürich" }, "geometry": { "type": "Point", "coordinates": [ 8.4144567, 47.5172328 ] } },
{ "type": "Feature", "properties": { "osm_id": "7671003785", "code": 2721, "fclass": "attraction", "name": "Schaukel" }, "geometry": { "type": "Point", "coordinates": [ 8.5465911, 46.3720411 ] } },
{ "type": "Feature", "properties": { "osm_id": "7671003885", "code": 2721, "fclass": "attraction", "name": "Ponte romano" }, "geometry": { "type": "Point", "coordinates": [ 8.5428832, 46.369508 ] } },
{ "type": "Feature", "properties": { "osm_id": "7677796685", "code": 2721, "fclass": "attraction", "name": "Fischdurchlass" }, "geometry": { "type": "Point", "coordinates": [ 8.3217749, 47.4562854 ] } },
{ "type": "Feature", "properties": { "osm_id": "7688735085", "code": 2721, "fclass": "attraction", "name": "Galerie Défago" }, "geometry": { "type": "Point", "coordinates": [ 6.8711744, 46.1685276 ] } },
{ "type": "Feature", "properties": { "osm_id": "7691780286", "code": 2721, "fclass": "attraction", "name": "Col des Portes du Soleil" }, "geometry": { "type": "Point", "coordinates": [ 6.8315024, 46.194453 ] } },
{ "type": "Feature", "properties": { "osm_id": "7705474760", "code": 2721, "fclass": "attraction", "name": "Waldgärtli" }, "geometry": { "type": "Point", "coordinates": [ 7.7378531, 46.8652545 ] } },
{ "type": "Feature", "properties": { "osm_id": "7716632885", "code": 2721, "fclass": "attraction", "name": "AnniThink" }, "geometry": { "type": "Point", "coordinates": [ 7.5760884, 46.1803375 ] } },
{ "type": "Feature", "properties": { "osm_id": "7728029385", "code": 2721, "fclass": "attraction", "name": "Uttigwelle" }, "geometry": { "type": "Point", "coordinates": [ 7.5819991, 46.7973257 ] } },
{ "type": "Feature", "properties": { "osm_id": "7728782289", "code": 2721, "fclass": "attraction", "name": "Ossario" }, "geometry": { "type": "Point", "coordinates": [ 10.0584509, 46.3258217 ] } },
{ "type": "Feature", "properties": { "osm_id": "7728782291", "code": 2721, "fclass": "attraction", "name": "Monastero di Santa Maria Presentata" }, "geometry": { "type": "Point", "coordinates": [ 10.0587428, 46.3258248 ] } },
{ "type": "Feature", "properties": { "osm_id": "7783716185", "code": 2721, "fclass": "attraction", "name": "Tüfelsschlucht" }, "geometry": { "type": "Point", "coordinates": [ 7.8173003, 47.3498377 ] } },
{ "type": "Feature", "properties": { "osm_id": "7810230085", "code": 2721, "fclass": "attraction", "name": "Eingang Gourmet Gorner Schlucht" }, "geometry": { "type": "Point", "coordinates": [ 7.739787, 46.0093017 ] } },
{ "type": "Feature", "properties": { "osm_id": "7817877366", "code": 2721, "fclass": "attraction", "name": "Meule du charbonnier" }, "geometry": { "type": "Point", "coordinates": [ 6.274755, 46.5138817 ] } },
{ "type": "Feature", "properties": { "osm_id": "7827681885", "code": 2721, "fclass": "attraction", "name": "Fortino militare" }, "geometry": { "type": "Point", "coordinates": [ 9.1410511, 46.1781825 ] } },
{ "type": "Feature", "properties": { "osm_id": "7832941227", "code": 2721, "fclass": "attraction", "name": null }, "geometry": { "type": "Point", "coordinates": [ 8.4601116, 47.6944795 ] } },
{ "type": "Feature", "properties": { "osm_id": "7865978085", "code": 2721, "fclass": "attraction", "name": "Historisches Katapult" }, "geometry": { "type": "Point", "coordinates": [ 7.2421698, 46.9028537 ] } },
{ "type": "Feature", "properties": { "osm_id": "7890849226", "code": 2721, "fclass": "attraction", "name": "Die kleine Glocke der alten Göschneralp" }, "geometry": { "type": "Point", "coordinates": [ 8.4981126, 46.6482228 ] } },
{ "type": "Feature", "properties": { "osm_id": "7899636889", "code": 2721, "fclass": "attraction", "name": "Steinhaufen" }, "geometry": { "type": "Point", "coordinates": [ 9.3408867, 46.8708064 ] } },
{ "type": "Feature", "properties": { "osm_id": "7905065270", "code": 2721, "fclass": "attraction", "name": "Mittelpunkt Obwalden" }, "geometry": { "type": "Point", "coordinates": [ 8.2444435, 46.8544864 ] } },
{ "type": "Feature", "properties": { "osm_id": "8015976668", "code": 2721, "fclass": "attraction", "name": "Mozartweg" }, "geometry": { "type": "Point", "coordinates": [ 8.445271, 47.3971095 ] } },
{ "type": "Feature", "properties": { "osm_id": "8018601307", "code": 2721, "fclass": "attraction", "name": "Cerf élaphes" }, "geometry": { "type": "Point", "coordinates": [ 6.8216221, 47.1059088 ] } },
{ "type": "Feature", "properties": { "osm_id": "8018601308", "code": 2721, "fclass": "attraction", "name": "Canard" }, "geometry": { "type": "Point", "coordinates": [ 6.8208877, 47.1057376 ] } },
{ "type": "Feature", "properties": { "osm_id": "8018601309", "code": 2721, "fclass": "attraction", "name": "Cygne" }, "geometry": { "type": "Point", "coordinates": [ 6.8207799, 47.1056168 ] } },
{ "type": "Feature", "properties": { "osm_id": "8018601358", "code": 2721, "fclass": "attraction", "name": "Mouton d'Ouessant" }, "geometry": { "type": "Point", "coordinates": [ 6.821868, 47.1053463 ] } },
{ "type": "Feature", "properties": { "osm_id": "8018601359", "code": 2721, "fclass": "attraction", "name": "Âne" }, "geometry": { "type": "Point", "coordinates": [ 6.8234548, 47.1058293 ] } },
{ "type": "Feature", "properties": { "osm_id": "8018601360", "code": 2721, "fclass": "attraction", "name": "Chèvre naines" }, "geometry": { "type": "Point", "coordinates": [ 6.8232301, 47.1059615 ] } },
{ "type": "Feature", "properties": { "osm_id": "8018601361", "code": 2721, "fclass": "attraction", "name": "Canard de Barbarie" }, "geometry": { "type": "Point", "coordinates": [ 6.8225002, 47.1056818 ] } },
{ "type": "Feature", "properties": { "osm_id": "8018601362", "code": 2721, "fclass": "attraction", "name": "Canard de Poméranie" }, "geometry": { "type": "Point", "coordinates": [ 6.8225036, 47.1057101 ] } },
{ "type": "Feature", "properties": { "osm_id": "8018601363", "code": 2721, "fclass": "attraction", "name": "Oie" }, "geometry": { "type": "Point", "coordinates": [ 6.8224025, 47.1056528 ] } },
{ "type": "Feature", "properties": { "osm_id": "8018601364", "code": 2721, "fclass": "attraction", "name": "Poule" }, "geometry": { "type": "Point", "coordinates": [ 6.822325, 47.1056872 ] } },
{ "type": "Feature", "properties": { "osm_id": "8018601365", "code": 2721, "fclass": "attraction", "name": "Lapin" }, "geometry": { "type": "Point", "coordinates": [ 6.8224819, 47.1057608 ] } },
{ "type": "Feature", "properties": { "osm_id": "8018601366", "code": 2721, "fclass": "attraction", "name": "Cochon d'Inde" }, "geometry": { "type": "Point", "coordinates": [ 6.8223551, 47.1057484 ] } },
{ "type": "Feature", "properties": { "osm_id": "8018601368", "code": 2721, "fclass": "attraction", "name": "Alpaga" }, "geometry": { "type": "Point", "coordinates": [ 6.8220162, 47.1057919 ] } },
{ "type": "Feature", "properties": { "osm_id": "8018601369", "code": 2721, "fclass": "attraction", "name": "Mouflon de Corse" }, "geometry": { "type": "Point", "coordinates": [ 6.8221375, 47.1059271 ] } },
{ "type": "Feature", "properties": { "osm_id": "8018601373", "code": 2721, "fclass": "attraction", "name": "Raton laveur" }, "geometry": { "type": "Point", "coordinates": [ 6.8228719, 47.1053784 ] } },
{ "type": "Feature", "properties": { "osm_id": "8018601374", "code": 2721, "fclass": "attraction", "name": "Chien viverrin" }, "geometry": { "type": "Point", "coordinates": [ 6.8225979, 47.1054311 ] } },
{ "type": "Feature", "properties": { "osm_id": "8018620485", "code": 2721, "fclass": "attraction", "name": "Harfang des neiges" }, "geometry": { "type": "Point", "coordinates": [ 6.822736, 47.1054938 ] } },
{ "type": "Feature", "properties": { "osm_id": "8018620486", "code": 2721, "fclass": "attraction", "name": "Grand-Duc d'Europe" }, "geometry": { "type": "Point", "coordinates": [ 6.822635, 47.1055152 ] } },
{ "type": "Feature", "properties": { "osm_id": "8018620493", "code": 2721, "fclass": "attraction", "name": "Chevêche d'Athéna" }, "geometry": { "type": "Point", "coordinates": [ 6.8229539, 47.1050727 ] } },
{ "type": "Feature", "properties": { "osm_id": "8018620494", "code": 2721, "fclass": "attraction", "name": "Chouette hulotte" }, "geometry": { "type": "Point", "coordinates": [ 6.8227854, 47.1051292 ] } },
{ "type": "Feature", "properties": { "osm_id": "8018620507", "code": 2721, "fclass": "attraction", "name": "Loutre d'Europe" }, "geometry": { "type": "Point", "coordinates": [ 6.823012, 47.1055639 ] } },
{ "type": "Feature", "properties": { "osm_id": "8018620510", "code": 2721, "fclass": "attraction", "name": "Sanglier" }, "geometry": { "type": "Point", "coordinates": [ 6.8230617, 47.1061106 ] } },
{ "type": "Feature", "properties": { "osm_id": "8018620511", "code": 2721, "fclass": "attraction", "name": "Renne" }, "geometry": { "type": "Point", "coordinates": [ 6.822471, 47.1060441 ] } },
{ "type": "Feature", "properties": { "osm_id": "8018620512", "code": 2721, "fclass": "attraction", "name": "Renne" }, "geometry": { "type": "Point", "coordinates": [ 6.822151, 47.1060594 ] } },
{ "type": "Feature", "properties": { "osm_id": "8018620513", "code": 2721, "fclass": "attraction", "name": "Grand Tétras" }, "geometry": { "type": "Point", "coordinates": [ 6.8219219, 47.1061358 ] } },
{ "type": "Feature", "properties": { "osm_id": "8018620514", "code": 2721, "fclass": "attraction", "name": "Fouine" }, "geometry": { "type": "Point", "coordinates": [ 6.8217213, 47.1060559 ] } },
{ "type": "Feature", "properties": { "osm_id": "8018620515", "code": 2721, "fclass": "attraction", "name": "Oiseaux exotiques" }, "geometry": { "type": "Point", "coordinates": [ 6.8216143, 47.1060555 ] } },
{ "type": "Feature", "properties": { "osm_id": "8023154528", "code": 2721, "fclass": "attraction", "name": "Wappen" }, "geometry": { "type": "Point", "coordinates": [ 7.6140077, 47.5194685 ] } },
{ "type": "Feature", "properties": { "osm_id": "8125596607", "code": 2721, "fclass": "attraction", "name": "L'Orme" }, "geometry": { "type": "Point", "coordinates": [ 6.6234417, 46.5910946 ] } },
{ "type": "Feature", "properties": { "osm_id": "8176396517", "code": 2721, "fclass": "attraction", "name": "Pointe de Mandelon" }, "geometry": { "type": "Point", "coordinates": [ 7.4283283, 46.1288611 ] } },
{ "type": "Feature", "properties": { "osm_id": "8190992517", "code": 2721, "fclass": "attraction", "name": "Bunkerverein Kleinlützel" }, "geometry": { "type": "Point", "coordinates": [ 7.4973187, 47.4102925 ] } },
{ "type": "Feature", "properties": { "osm_id": "8231756621", "code": 2721, "fclass": "attraction", "name": "Real Fly" }, "geometry": { "type": "Point", "coordinates": [ 7.3518497, 46.2197698 ] } },
{ "type": "Feature", "properties": { "osm_id": "8278903932", "code": 2721, "fclass": "attraction", "name": "Summstein" }, "geometry": { "type": "Point", "coordinates": [ 8.5601291, 47.2667095 ] } },
{ "type": "Feature", "properties": { "osm_id": "8315127417", "code": 2721, "fclass": "attraction", "name": "St. Moritz Tobogganing Club" }, "geometry": { "type": "Point", "coordinates": [ 9.8449376, 46.5025508 ] } },
{ "type": "Feature", "properties": { "osm_id": "8378651059", "code": 2721, "fclass": "attraction", "name": "Lokomotive Tigerli" }, "geometry": { "type": "Point", "coordinates": [ 9.478948, 47.1673178 ] } },
{ "type": "Feature", "properties": { "osm_id": "8408996718", "code": 2721, "fclass": "attraction", "name": "Cathédrale de glace" }, "geometry": { "type": "Point", "coordinates": [ 7.2161398, 46.3217691 ] } },
{ "type": "Feature", "properties": { "osm_id": "8409005217", "code": 2721, "fclass": "attraction", "name": "Eisweg Engadin" }, "geometry": { "type": "Point", "coordinates": [ 10.3669369, 46.818509 ] } },
{ "type": "Feature", "properties": { "osm_id": "8485611312", "code": 2721, "fclass": "attraction", "name": "Quartier Circus Bruderholz" }, "geometry": { "type": "Point", "coordinates": [ 7.5928226, 47.5292377 ] } },
{ "type": "Feature", "properties": { "osm_id": "8493678190", "code": 2721, "fclass": "attraction", "name": null }, "geometry": { "type": "Point", "coordinates": [ 8.7670312, 47.5032025 ] } },
{ "type": "Feature", "properties": { "osm_id": "8505073617", "code": 2721, "fclass": "attraction", "name": "Wisent" }, "geometry": { "type": "Point", "coordinates": [ 7.4514565, 46.9345361 ] } },
{ "type": "Feature", "properties": { "osm_id": "8518492990", "code": 2721, "fclass": "attraction", "name": "Eichhörnliplatz" }, "geometry": { "type": "Point", "coordinates": [ 9.8562051, 46.8180334 ] } },
{ "type": "Feature", "properties": { "osm_id": "8524431388", "code": 2721, "fclass": "attraction", "name": "Pulsation" }, "geometry": { "type": "Point", "coordinates": [ 7.528128, 46.2940779 ] } },
{ "type": "Feature", "properties": { "osm_id": "8529263359", "code": 2721, "fclass": "attraction", "name": "Alexanderstein" }, "geometry": { "type": "Point", "coordinates": [ 8.5951367, 47.319115 ] } },
{ "type": "Feature", "properties": { "osm_id": "8549395314", "code": 2721, "fclass": "attraction", "name": "Roter Ibis" }, "geometry": { "type": "Point", "coordinates": [ 8.5745377, 47.3848643 ] } },
{ "type": "Feature", "properties": { "osm_id": "8555926217", "code": 2721, "fclass": "attraction", "name": null }, "geometry": { "type": "Point", "coordinates": [ 6.1692566, 46.2054427 ] } },
{ "type": "Feature", "properties": { "osm_id": "8560638956", "code": 2721, "fclass": "attraction", "name": "Rotes Männle" }, "geometry": { "type": "Point", "coordinates": [ 8.4578363, 47.5728903 ] } },
{ "type": "Feature", "properties": { "osm_id": "8565825518", "code": 2721, "fclass": "attraction", "name": "Bike Park Misox" }, "geometry": { "type": "Point", "coordinates": [ 9.1918145, 46.4601054 ] } },
{ "type": "Feature", "properties": { "osm_id": "8565825617", "code": 2721, "fclass": "attraction", "name": "Parco Avventura San Bernardino" }, "geometry": { "type": "Point", "coordinates": [ 9.1904206, 46.4596377 ] } },
{ "type": "Feature", "properties": { "osm_id": "8567189745", "code": 2721, "fclass": "attraction", "name": "Dicke Berta" }, "geometry": { "type": "Point", "coordinates": [ 8.4565182, 47.415908 ] } },
{ "type": "Feature", "properties": { "osm_id": "8632709229", "code": 2721, "fclass": "attraction", "name": "Baumbestimmung" }, "geometry": { "type": "Point", "coordinates": [ 8.5611553, 47.2676301 ] } },
{ "type": "Feature", "properties": { "osm_id": "8648725898", "code": 2721, "fclass": "attraction", "name": "Kraftbaum" }, "geometry": { "type": "Point", "coordinates": [ 8.0462106, 46.951591 ] } },
{ "type": "Feature", "properties": { "osm_id": "8714913417", "code": 2721, "fclass": "attraction", "name": "Wald Kathedrale" }, "geometry": { "type": "Point", "coordinates": [ 8.1843253, 47.2024548 ] } },
{ "type": "Feature", "properties": { "osm_id": "8714929908", "code": 2721, "fclass": "attraction", "name": "Wasserrad" }, "geometry": { "type": "Point", "coordinates": [ 8.4306673, 47.4340676 ] } },
{ "type": "Feature", "properties": { "osm_id": "8715548623", "code": 2721, "fclass": "attraction", "name": "Sinnespfad" }, "geometry": { "type": "Point", "coordinates": [ 8.6427552, 46.8605293 ] } },
{ "type": "Feature", "properties": { "osm_id": "8719084002", "code": 2721, "fclass": "attraction", "name": "Grotte de l'ermitage" }, "geometry": { "type": "Point", "coordinates": [ 7.1533562, 47.3659453 ] } },
{ "type": "Feature", "properties": { "osm_id": "8728820919", "code": 2721, "fclass": "attraction", "name": "Jardin floral et philosophique" }, "geometry": { "type": "Point", "coordinates": [ 7.2166739, 46.2090921 ] } },
{ "type": "Feature", "properties": { "osm_id": "8728821021", "code": 2721, "fclass": "attraction", "name": "Miniera Franzi" }, "geometry": { "type": "Point", "coordinates": [ 8.8612062, 46.0211403 ] } },
{ "type": "Feature", "properties": { "osm_id": "8728823522", "code": 2721, "fclass": "attraction", "name": "Pont des Golettes, sur l'Hermance." }, "geometry": { "type": "Point", "coordinates": [ 6.2375653, 46.2777336 ] } },
{ "type": "Feature", "properties": { "osm_id": "8728823722", "code": 2721, "fclass": "attraction", "name": "Rando Parc" }, "geometry": { "type": "Point", "coordinates": [ 7.0519404, 46.3058633 ] } },
{ "type": "Feature", "properties": { "osm_id": "8728823724", "code": 2721, "fclass": "attraction", "name": "Cappelletta di Movogno" }, "geometry": { "type": "Point", "coordinates": [ 8.8573279, 46.0134526 ] } },
{ "type": "Feature", "properties": { "osm_id": "8728823925", "code": 2721, "fclass": "attraction", "name": "Miniera Baglioni" }, "geometry": { "type": "Point", "coordinates": [ 8.8613197, 46.0204499 ] } },
{ "type": "Feature", "properties": { "osm_id": "8728824417", "code": 2721, "fclass": "attraction", "name": "La miniera La Monda" }, "geometry": { "type": "Point", "coordinates": [ 8.8681612, 46.0211201 ] } },
{ "type": "Feature", "properties": { "osm_id": "8755633790", "code": 2721, "fclass": "attraction", "name": "Märliweg Station 4" }, "geometry": { "type": "Point", "coordinates": [ 9.1094232, 47.4285013 ] } },
{ "type": "Feature", "properties": { "osm_id": "8755633791", "code": 2721, "fclass": "attraction", "name": "Märliweg Station 2" }, "geometry": { "type": "Point", "coordinates": [ 9.1131021, 47.427485 ] } },
{ "type": "Feature", "properties": { "osm_id": "8755633792", "code": 2721, "fclass": "attraction", "name": "Märliweg Station 3" }, "geometry": { "type": "Point", "coordinates": [ 9.1114193, 47.427924 ] } },
{ "type": "Feature", "properties": { "osm_id": "8755633793", "code": 2721, "fclass": "attraction", "name": "Märliweg Station 1" }, "geometry": { "type": "Point", "coordinates": [ 9.1137651, 47.4272545 ] } },
{ "type": "Feature", "properties": { "osm_id": "8761172048", "code": 2721, "fclass": "attraction", "name": "Daim" }, "geometry": { "type": "Point", "coordinates": [ 6.8227898, 47.105936 ] } },
{ "type": "Feature", "properties": { "osm_id": "8762151917", "code": 2721, "fclass": "attraction", "name": "Biotop" }, "geometry": { "type": "Point", "coordinates": [ 9.7159123, 46.7119336 ] } },
{ "type": "Feature", "properties": { "osm_id": "8784593108", "code": 2721, "fclass": "attraction", "name": "Familea Kinderheim Lindenberg" }, "geometry": { "type": "Point", "coordinates": [ 7.5947992, 47.5582 ] } },
{ "type": "Feature", "properties": { "osm_id": "8806604517", "code": 2721, "fclass": "attraction", "name": null }, "geometry": { "type": "Point", "coordinates": [ 7.5244309, 47.2458265 ] } },
{ "type": "Feature", "properties": { "osm_id": "8817914347", "code": 2721, "fclass": "attraction", "name": "Barfusswäg" }, "geometry": { "type": "Point", "coordinates": [ 8.3670898, 47.2528788 ] } },
{ "type": "Feature", "properties": { "osm_id": "8817996216", "code": 2721, "fclass": "attraction", "name": "Labyrinth" }, "geometry": { "type": "Point", "coordinates": [ 8.3671454, 47.2515515 ] } },
{ "type": "Feature", "properties": { "osm_id": "8818032984", "code": 2721, "fclass": "attraction", "name": "Xylophon" }, "geometry": { "type": "Point", "coordinates": [ 8.3674744, 47.2504194 ] } },
{ "type": "Feature", "properties": { "osm_id": "8818052900", "code": 2721, "fclass": "attraction", "name": "Steinplatz" }, "geometry": { "type": "Point", "coordinates": [ 8.3681754, 47.2492348 ] } },
{ "type": "Feature", "properties": { "osm_id": "8826650117", "code": 2721, "fclass": "attraction", "name": "Engadin River Ranch" }, "geometry": { "type": "Point", "coordinates": [ 9.9393198, 46.5856711 ] } },
{ "type": "Feature", "properties": { "osm_id": "8829755017", "code": 2721, "fclass": "attraction", "name": "Ascenseur pour la collégiale" }, "geometry": { "type": "Point", "coordinates": [ 6.9259075, 46.9908589 ] } },
{ "type": "Feature", "properties": { "osm_id": "8829765326", "code": 2721, "fclass": "attraction", "name": "Ascenseur" }, "geometry": { "type": "Point", "coordinates": [ 6.925914, 46.9911824 ] } },
{ "type": "Feature", "properties": { "osm_id": "8829765327", "code": 2721, "fclass": "attraction", "name": "Cloître de la Collégiale" }, "geometry": { "type": "Point", "coordinates": [ 6.9262023, 46.9921054 ] } },
{ "type": "Feature", "properties": { "osm_id": "8831921560", "code": 2721, "fclass": "attraction", "name": "Höchster Punkt von Winterthur" }, "geometry": { "type": "Point", "coordinates": [ 8.8058043, 47.4794622 ] } },
{ "type": "Feature", "properties": { "osm_id": "8849862535", "code": 2721, "fclass": "attraction", "name": "Canyon de Biederthal" }, "geometry": { "type": "Point", "coordinates": [ 7.4451072, 47.4651113 ] } },
{ "type": "Feature", "properties": { "osm_id": "8863671718", "code": 2721, "fclass": "attraction", "name": "Lac de Brienz" }, "geometry": { "type": "Point", "coordinates": [ 7.9806733, 46.7294704 ] } },
{ "type": "Feature", "properties": { "osm_id": "8889959119", "code": 2721, "fclass": "attraction", "name": "Galerie Monfregola Anderegg" }, "geometry": { "type": "Point", "coordinates": [ 7.6497657, 47.5857749 ] } },
{ "type": "Feature", "properties": { "osm_id": "8912224742", "code": 2721, "fclass": "attraction", "name": "Mine de Peiloz" }, "geometry": { "type": "Point", "coordinates": [ 7.2108871, 46.0516899 ] } },
{ "type": "Feature", "properties": { "osm_id": "8928128217", "code": 2721, "fclass": "attraction", "name": "Grotti di Cama" }, "geometry": { "type": "Point", "coordinates": [ 9.1681304, 46.2733054 ] } },
{ "type": "Feature", "properties": { "osm_id": "8948566347", "code": 2721, "fclass": "attraction", "name": "Hängebrücke Punt Penduossa Sura" }, "geometry": { "type": "Point", "coordinates": [ 10.3343644, 46.8616998 ] } },
{ "type": "Feature", "properties": { "osm_id": "8948581508", "code": 2721, "fclass": "attraction", "name": "Hängebrücke Punt Penduossa Suot" }, "geometry": { "type": "Point", "coordinates": [ 10.3344943, 46.8604612 ] } },
{ "type": "Feature", "properties": { "osm_id": "8980244769", "code": 2721, "fclass": "attraction", "name": "Mittelpunkt von Nidwalden" }, "geometry": { "type": "Point", "coordinates": [ 8.4082115, 46.9280158 ] } },
{ "type": "Feature", "properties": { "osm_id": "8990288601", "code": 2721, "fclass": "attraction", "name": "Zisterne" }, "geometry": { "type": "Point", "coordinates": [ 8.6396784, 47.6966905 ] } },
{ "type": "Feature", "properties": { "osm_id": "8990288602", "code": 2721, "fclass": "attraction", "name": "Wehrgang-Einblick" }, "geometry": { "type": "Point", "coordinates": [ 8.6393877, 47.6967417 ] } },
{ "type": "Feature", "properties": { "osm_id": "8990304539", "code": 2721, "fclass": "attraction", "name": "Zwingeranlage" }, "geometry": { "type": "Point", "coordinates": [ 8.639137, 47.6967859 ] } },
{ "type": "Feature", "properties": { "osm_id": "9025230046", "code": 2721, "fclass": "attraction", "name": null }, "geometry": { "type": "Point", "coordinates": [ 8.4296376, 47.4017571 ] } },
{ "type": "Feature", "properties": { "osm_id": "9062468921", "code": 2721, "fclass": "attraction", "name": "Erlebnisstall" }, "geometry": { "type": "Point", "coordinates": [ 9.6054082, 46.8152354 ] } },
{ "type": "Feature", "properties": { "osm_id": "9081580762", "code": 2721, "fclass": "attraction", "name": "Köhlerei Andelbach" }, "geometry": { "type": "Point", "coordinates": [ 8.7915928, 47.4913714 ] } },
{ "type": "Feature", "properties": { "osm_id": "9089442395", "code": 2721, "fclass": "attraction", "name": "Modelleisenbahn" }, "geometry": { "type": "Point", "coordinates": [ 8.3046293, 47.4650775 ] } },
{ "type": "Feature", "properties": { "osm_id": "9120063834", "code": 2721, "fclass": "attraction", "name": "La pozza del Felice" }, "geometry": { "type": "Point", "coordinates": [ 8.9123621, 46.4488296 ] } },
{ "type": "Feature", "properties": { "osm_id": "9124306478", "code": 2721, "fclass": "attraction", "name": "Erlebnis Eiszeit Mammut" }, "geometry": { "type": "Point", "coordinates": [ 8.3222981, 47.1428099 ] } },
{ "type": "Feature", "properties": { "osm_id": "9127997817", "code": 2721, "fclass": "attraction", "name": "Katzenstein" }, "geometry": { "type": "Point", "coordinates": [ 7.6871091, 46.6916165 ] } },
{ "type": "Feature", "properties": { "osm_id": "9137484017", "code": 2721, "fclass": "attraction", "name": "Sasc tacà / Rocce che si baciano" }, "geometry": { "type": "Point", "coordinates": [ 9.580505, 46.3403671 ] } },
{ "type": "Feature", "properties": { "osm_id": "9160529089", "code": 2721, "fclass": "attraction", "name": "James Bond Strasse" }, "geometry": { "type": "Point", "coordinates": [ 8.490132, 46.5883585 ] } },
{ "type": "Feature", "properties": { "osm_id": "9197981960", "code": 2721, "fclass": "attraction", "name": null }, "geometry": { "type": "Point", "coordinates": [ 8.5094902, 47.3088406 ] } },
{ "type": "Feature", "properties": { "osm_id": "9270237498", "code": 2721, "fclass": "attraction", "name": "Sujet 100.-" }, "geometry": { "type": "Point", "coordinates": [ 7.4218546, 46.3099273 ] } },
{ "type": "Feature", "properties": { "osm_id": "9272029212", "code": 2721, "fclass": "attraction", "name": "Findling Hohlien" }, "geometry": { "type": "Point", "coordinates": [ 8.0987444, 47.2958466 ] } },
{ "type": "Feature", "properties": { "osm_id": "9394332117", "code": 2721, "fclass": "attraction", "name": "Jardin japonais naturel" }, "geometry": { "type": "Point", "coordinates": [ 7.29681, 46.1126619 ] } },
{ "type": "Feature", "properties": { "osm_id": "9442907681", "code": 2721, "fclass": "attraction", "name": "Biene" }, "geometry": { "type": "Point", "coordinates": [ 7.6099896, 47.5747104 ] } },
{ "type": "Feature", "properties": { "osm_id": "9442928770", "code": 2721, "fclass": "attraction", "name": "Meerschweinchen" }, "geometry": { "type": "Point", "coordinates": [ 7.6105776, 47.5745276 ] } },
{ "type": "Feature", "properties": { "osm_id": "9459163288", "code": 2721, "fclass": "attraction", "name": null }, "geometry": { "type": "Point", "coordinates": [ 7.6169857, 46.7741829 ] } },
{ "type": "Feature", "properties": { "osm_id": "9468498813", "code": 2721, "fclass": "attraction", "name": "Luegibodenblock" }, "geometry": { "type": "Point", "coordinates": [ 7.87169, 46.7203583 ] } },
{ "type": "Feature", "properties": { "osm_id": "9493022691", "code": 2721, "fclass": "attraction", "name": "Kanonenschanze" }, "geometry": { "type": "Point", "coordinates": [ 7.8579299, 47.3201649 ] } },
{ "type": "Feature", "properties": { "osm_id": "9540471738", "code": 2721, "fclass": "attraction", "name": "Bartmeise, Kiebitz" }, "geometry": { "type": "Point", "coordinates": [ 7.6087584, 47.5742989 ] } },
{ "type": "Feature", "properties": { "osm_id": "9540471739", "code": 2721, "fclass": "attraction", "name": "Distelfink, Gimpel" }, "geometry": { "type": "Point", "coordinates": [ 7.6089683, 47.5742768 ] } },
{ "type": "Feature", "properties": { "osm_id": "9540471740", "code": 2721, "fclass": "attraction", "name": "Star, Turteltaube" }, "geometry": { "type": "Point", "coordinates": [ 7.6088722, 47.5742887 ] } },
{ "type": "Feature", "properties": { "osm_id": "9540471741", "code": 2721, "fclass": "attraction", "name": "Jurawald" }, "geometry": { "type": "Point", "coordinates": [ 7.6081838, 47.5742758 ] } },
{ "type": "Feature", "properties": { "osm_id": "9540471742", "code": 2721, "fclass": "attraction", "name": "Zwergohreule, Rebhuhn" }, "geometry": { "type": "Point", "coordinates": [ 7.6080744, 47.5742684 ] } },
{ "type": "Feature", "properties": { "osm_id": "9571152921", "code": 2721, "fclass": "attraction", "name": "Francis-Turbine" }, "geometry": { "type": "Point", "coordinates": [ 8.7767876, 47.2495286 ] } },
{ "type": "Feature", "properties": { "osm_id": "9573119605", "code": 2721, "fclass": "attraction", "name": "Gerstler Eibe" }, "geometry": { "type": "Point", "coordinates": [ 7.6752055, 47.0718995 ] } },
{ "type": "Feature", "properties": { "osm_id": "9595183196", "code": 2721, "fclass": "attraction", "name": "Lama" }, "geometry": { "type": "Point", "coordinates": [ 8.5712065, 47.384792 ] } },
{ "type": "Feature", "properties": { "osm_id": "9595183197", "code": 2721, "fclass": "attraction", "name": "Lachender Hans" }, "geometry": { "type": "Point", "coordinates": [ 8.5725921, 47.3847652 ] } },
{ "type": "Feature", "properties": { "osm_id": "9599480953", "code": 2721, "fclass": "attraction", "name": "Hawker Hunter" }, "geometry": { "type": "Point", "coordinates": [ 7.3354008, 46.2195372 ] } },
{ "type": "Feature", "properties": { "osm_id": "9603322704", "code": 2721, "fclass": "attraction", "name": "Abandonned Aircraft" }, "geometry": { "type": "Point", "coordinates": [ 7.324269, 46.2198887 ] } },
{ "type": "Feature", "properties": { "osm_id": "9603322705", "code": 2721, "fclass": "attraction", "name": "Abandonned Aircraft" }, "geometry": { "type": "Point", "coordinates": [ 7.3244528, 46.219884 ] } },
{ "type": "Feature", "properties": { "osm_id": "9616219253", "code": 2721, "fclass": "attraction", "name": "De Havilland Hunter" }, "geometry": { "type": "Point", "coordinates": [ 7.347779, 46.2186974 ] } },
{ "type": "Feature", "properties": { "osm_id": "9631751227", "code": 2721, "fclass": "attraction", "name": "Steve Lee" }, "geometry": { "type": "Point", "coordinates": [ 8.9549916, 46.0274732 ] } },
{ "type": "Feature", "properties": { "osm_id": "9631751228", "code": 2721, "fclass": "attraction", "name": "Clay Regazzoni" }, "geometry": { "type": "Point", "coordinates": [ 8.9551906, 46.0276488 ] } },
{ "type": "Feature", "properties": { "osm_id": "9641450427", "code": 2721, "fclass": "attraction", "name": "Maison de l'Ours" }, "geometry": { "type": "Point", "coordinates": [ 7.431837, 46.1948986 ] } },
{ "type": "Feature", "properties": { "osm_id": "9647857105", "code": 2721, "fclass": "attraction", "name": "Parkbahn Letten" }, "geometry": { "type": "Point", "coordinates": [ 8.5336581, 47.4401275 ] } },
{ "type": "Feature", "properties": { "osm_id": "9655620117", "code": 2721, "fclass": "attraction", "name": "Bowling de Balexert" }, "geometry": { "type": "Point", "coordinates": [ 6.1107311, 46.2188328 ] } },
{ "type": "Feature", "properties": { "osm_id": "9675188317", "code": 2721, "fclass": "attraction", "name": "Zwergenland" }, "geometry": { "type": "Point", "coordinates": [ 8.271111, 46.8810741 ] } },
{ "type": "Feature", "properties": { "osm_id": "9720362756", "code": 2721, "fclass": "attraction", "name": "Sasso del Gallo" }, "geometry": { "type": "Point", "coordinates": [ 10.1505983, 46.2397315 ] } },
{ "type": "Feature", "properties": { "osm_id": "9724249117", "code": 2721, "fclass": "attraction", "name": "La Grange Rouge" }, "geometry": { "type": "Point", "coordinates": [ 7.054659, 46.1152948 ] } },
{ "type": "Feature", "properties": { "osm_id": "9727627795", "code": 2721, "fclass": "attraction", "name": "Margrite Brünneli" }, "geometry": { "type": "Point", "coordinates": [ 7.4493433, 47.4552497 ] } },
{ "type": "Feature", "properties": { "osm_id": "9732948581", "code": 2721, "fclass": "attraction", "name": null }, "geometry": { "type": "Point", "coordinates": [ 7.384993, 46.7416812 ] } },
{ "type": "Feature", "properties": { "osm_id": "9732948583", "code": 2721, "fclass": "attraction", "name": "Posten 2" }, "geometry": { "type": "Point", "coordinates": [ 7.3849518, 46.7446626 ] } },
{ "type": "Feature", "properties": { "osm_id": "9732948585", "code": 2721, "fclass": "attraction", "name": null }, "geometry": { "type": "Point", "coordinates": [ 7.3948154, 46.7353458 ] } },
{ "type": "Feature", "properties": { "osm_id": "9732948587", "code": 2721, "fclass": "attraction", "name": "Posten 8" }, "geometry": { "type": "Point", "coordinates": [ 7.3871933, 46.7393029 ] } },
{ "type": "Feature", "properties": { "osm_id": "9732948588", "code": 2721, "fclass": "attraction", "name": "Posten 3" }, "geometry": { "type": "Point", "coordinates": [ 7.3829521, 46.7441245 ] } },
{ "type": "Feature", "properties": { "osm_id": "9732948590", "code": 2721, "fclass": "attraction", "name": "Posten 4" }, "geometry": { "type": "Point", "coordinates": [ 7.3832577, 46.7434496 ] } },
{ "type": "Feature", "properties": { "osm_id": "9732948593", "code": 2721, "fclass": "attraction", "name": "Posten 1" }, "geometry": { "type": "Point", "coordinates": [ 7.3888065, 46.7411318 ] } },
{ "type": "Feature", "properties": { "osm_id": "9763677115", "code": 2721, "fclass": "attraction", "name": "Schongi Ice Racer" }, "geometry": { "type": "Point", "coordinates": [ 8.2756652, 47.2670175 ] } },
{ "type": "Feature", "properties": { "osm_id": "9764488274", "code": 2721, "fclass": "attraction", "name": null }, "geometry": { "type": "Point", "coordinates": [ 8.7613693, 47.338775 ] } },
{ "type": "Feature", "properties": { "osm_id": "9770635618", "code": 2721, "fclass": "attraction", "name": "La Pyramide" }, "geometry": { "type": "Point", "coordinates": [ 7.3929287, 46.3105812 ] } },
{ "type": "Feature", "properties": { "osm_id": "9773489117", "code": 2721, "fclass": "attraction", "name": "Grenzschild Liechtenstein-Schweiz" }, "geometry": { "type": "Point", "coordinates": [ 9.511668, 47.1324541 ] } },
{ "type": "Feature", "properties": { "osm_id": "9774438378", "code": 2721, "fclass": "attraction", "name": "Alte Hanfreibe" }, "geometry": { "type": "Point", "coordinates": [ 8.7838695, 47.7178836 ] } },
{ "type": "Feature", "properties": { "osm_id": "9780258895", "code": 2721, "fclass": "attraction", "name": "Grossmutterloch" }, "geometry": { "type": "Point", "coordinates": [ 7.276428, 46.5798924 ] } },
{ "type": "Feature", "properties": { "osm_id": "9781796417", "code": 2721, "fclass": "attraction", "name": "Tour du Gibloux" }, "geometry": { "type": "Point", "coordinates": [ 7.0405487, 46.6841745 ] } },
{ "type": "Feature", "properties": { "osm_id": "9844057917", "code": 2721, "fclass": "attraction", "name": "pétanque Bulle club" }, "geometry": { "type": "Point", "coordinates": [ 7.0635336, 46.6301189 ] } },
{ "type": "Feature", "properties": { "osm_id": "9844717317", "code": 2721, "fclass": "attraction", "name": "Grand Tour of Switzerland: Fotopunkt Ascona" }, "geometry": { "type": "Point", "coordinates": [ 8.7660247, 46.1544993 ] } },
{ "type": "Feature", "properties": { "osm_id": "9848263328", "code": 2721, "fclass": "attraction", "name": "Siebenbrunnen, Quelle der Simme" }, "geometry": { "type": "Point", "coordinates": [ 7.4904661, 46.4144073 ] } },
{ "type": "Feature", "properties": { "osm_id": "9850113642", "code": 2721, "fclass": "attraction", "name": "Mauereidechse" }, "geometry": { "type": "Point", "coordinates": [ 7.6088167, 47.5733572 ] } },
{ "type": "Feature", "properties": { "osm_id": "9850113643", "code": 2721, "fclass": "attraction", "name": "Zwergmäuse" }, "geometry": { "type": "Point", "coordinates": [ 7.6084586, 47.5735566 ] } },
{ "type": "Feature", "properties": { "osm_id": "9850113659", "code": 2721, "fclass": "attraction", "name": "Der Gewässerrand" }, "geometry": { "type": "Point", "coordinates": [ 7.6086536, 47.5743047 ] } },
{ "type": "Feature", "properties": { "osm_id": "9881967818", "code": 2721, "fclass": "attraction", "name": "Einstiegstelle Basler Rheinschwimmen" }, "geometry": { "type": "Point", "coordinates": [ 7.604461, 47.5569709 ] } },
{ "type": "Feature", "properties": { "osm_id": "9883440218", "code": 2721, "fclass": "attraction", "name": "Départ de la descente du Rhône" }, "geometry": { "type": "Point", "coordinates": [ 6.1324156, 46.2034657 ] } },
{ "type": "Feature", "properties": { "osm_id": "9895961817", "code": 2721, "fclass": "attraction", "name": "shaka beach" }, "geometry": { "type": "Point", "coordinates": [ 8.8383089, 46.1428864 ] } },
{ "type": "Feature", "properties": { "osm_id": "9910001218", "code": 2721, "fclass": "attraction", "name": "Natürliche Kneipp-Station (Bergbach)" }, "geometry": { "type": "Point", "coordinates": [ 7.9674847, 46.0120417 ] } },
{ "type": "Feature", "properties": { "osm_id": "9913145093", "code": 2721, "fclass": "attraction", "name": "Ponyreiten" }, "geometry": { "type": "Point", "coordinates": [ 8.8223987, 47.2225309 ] } },
{ "type": "Feature", "properties": { "osm_id": "9923776479", "code": 2721, "fclass": "attraction", "name": "Pont naturel" }, "geometry": { "type": "Point", "coordinates": [ 6.9412428, 47.2805594 ] } },
{ "type": "Feature", "properties": { "osm_id": "9923936717", "code": 2721, "fclass": "attraction", "name": "Hängebrücke Milibach" }, "geometry": { "type": "Point", "coordinates": [ 7.7935498, 46.2901567 ] } },
{ "type": "Feature", "properties": { "osm_id": "9934975807", "code": 2721, "fclass": "attraction", "name": "WMB-Triebwagen BFe 4/4" }, "geometry": { "type": "Point", "coordinates": [ 8.7601745, 47.2816217 ] } },
{ "type": "Feature", "properties": { "osm_id": "9943130474", "code": 2721, "fclass": "attraction", "name": "Historische Postkutsche" }, "geometry": { "type": "Point", "coordinates": [ 8.7648521, 47.2837618 ] } },
{ "type": "Feature", "properties": { "osm_id": "9952012017", "code": 2721, "fclass": "attraction", "name": "www.Wanderpokal-glarnerland.ch Stempel" }, "geometry": { "type": "Point", "coordinates": [ 9.1056226, 46.9506254 ] } },
{ "type": "Feature", "properties": { "osm_id": "9952171531", "code": 2721, "fclass": "attraction", "name": "Spaltenschildkröte" }, "geometry": { "type": "Point", "coordinates": [ 8.5798933, 47.3877398 ] } },
{ "type": "Feature", "properties": { "osm_id": "9952171532", "code": 2721, "fclass": "attraction", "name": "Felsenschildechse" }, "geometry": { "type": "Point", "coordinates": [ 8.5798653, 47.3877842 ] } },
{ "type": "Feature", "properties": { "osm_id": "9952477318", "code": 2721, "fclass": "attraction", "name": "Jumpark trampolines indoor" }, "geometry": { "type": "Point", "coordinates": [ 6.6293961, 46.7876684 ] } },
{ "type": "Feature", "properties": { "osm_id": "9957833916", "code": 2721, "fclass": "attraction", "name": null }, "geometry": { "type": "Point", "coordinates": [ 7.9097474, 46.6518222 ] } },
{ "type": "Feature", "properties": { "osm_id": "9986575227", "code": 2721, "fclass": "attraction", "name": "RhyLa - Rhintaler Mais-Labyrinth" }, "geometry": { "type": "Point", "coordinates": [ 9.6125801, 47.3869403 ] } },
{ "type": "Feature", "properties": { "osm_id": "9986748210", "code": 2721, "fclass": "attraction", "name": "Römerstrasse" }, "geometry": { "type": "Point", "coordinates": [ 7.4237219, 47.1673365 ] } },
{ "type": "Feature", "properties": { "osm_id": "10006533357", "code": 2721, "fclass": "attraction", "name": "Brunnenstubete" }, "geometry": { "type": "Point", "coordinates": [ 9.3467095, 47.1884777 ] } },
{ "type": "Feature", "properties": { "osm_id": "10008922393", "code": 2721, "fclass": "attraction", "name": "Bet(t)rufrichter" }, "geometry": { "type": "Point", "coordinates": [ 9.3036242, 47.1805386 ] } },
{ "type": "Feature", "properties": { "osm_id": "10008981319", "code": 2721, "fclass": "attraction", "name": "Einklang-Nachklang" }, "geometry": { "type": "Point", "coordinates": [ 9.302537, 47.1816148 ] } },
{ "type": "Feature", "properties": { "osm_id": "10011215519", "code": 2721, "fclass": "attraction", "name": "Pré Doux" }, "geometry": { "type": "Point", "coordinates": [ 6.5401802, 46.8011967 ] } },
{ "type": "Feature", "properties": { "osm_id": "10021419918", "code": 2721, "fclass": "attraction", "name": "Crotti" }, "geometry": { "type": "Point", "coordinates": [ 10.1284959, 46.2568995 ] } },
{ "type": "Feature", "properties": { "osm_id": "10034276255", "code": 2721, "fclass": "attraction", "name": "Startpunkt Audiothemenweg" }, "geometry": { "type": "Point", "coordinates": [ 8.2896137, 46.6547217 ] } },
{ "type": "Feature", "properties": { "osm_id": "10034458303", "code": 2721, "fclass": "attraction", "name": "Murmelbahn" }, "geometry": { "type": "Point", "coordinates": [ 7.8373741, 47.1179967 ] } },
{ "type": "Feature", "properties": { "osm_id": "10049884410", "code": 2721, "fclass": "attraction", "name": "Jagdflugzeug Mirage III RS \"R-2116\"" }, "geometry": { "type": "Point", "coordinates": [ 8.3547422, 46.968203 ] } },
{ "type": "Feature", "properties": { "osm_id": "10049884411", "code": 2721, "fclass": "attraction", "name": "Jagdflugzeug Mirage III RS \"R-2110\"" }, "geometry": { "type": "Point", "coordinates": [ 8.354579, 46.9680439 ] } },
{ "type": "Feature", "properties": { "osm_id": "10051815867", "code": 2721, "fclass": "attraction", "name": "Altes Mahlwerk" }, "geometry": { "type": "Point", "coordinates": [ 7.5269145, 46.7561573 ] } },
{ "type": "Feature", "properties": { "osm_id": "10058518617", "code": 2721, "fclass": "attraction", "name": "Grand tour of Switzerland" }, "geometry": { "type": "Point", "coordinates": [ 6.7882167, 46.4781925 ] } },
{ "type": "Feature", "properties": { "osm_id": "10066690709", "code": 2721, "fclass": "attraction", "name": "Boccia al Bosco" }, "geometry": { "type": "Point", "coordinates": [ 8.8147516, 46.2689572 ] } },
{ "type": "Feature", "properties": { "osm_id": "10066690710", "code": 2721, "fclass": "attraction", "name": "Boccia al Bosco" }, "geometry": { "type": "Point", "coordinates": [ 8.8103902, 46.2723691 ] } },
{ "type": "Feature", "properties": { "osm_id": "10066690711", "code": 2721, "fclass": "attraction", "name": "Boccia al Bosco" }, "geometry": { "type": "Point", "coordinates": [ 8.8328716, 46.2606325 ] } },
{ "type": "Feature", "properties": { "osm_id": "10066690713", "code": 2721, "fclass": "attraction", "name": "Boccia al Bosco" }, "geometry": { "type": "Point", "coordinates": [ 8.8186334, 46.2661687 ] } },
{ "type": "Feature", "properties": { "osm_id": "10066690714", "code": 2721, "fclass": "attraction", "name": "Boccia al Bosco" }, "geometry": { "type": "Point", "coordinates": [ 8.821457, 46.2644768 ] } },
{ "type": "Feature", "properties": { "osm_id": "10066690716", "code": 2721, "fclass": "attraction", "name": "Boccia al Bosco" }, "geometry": { "type": "Point", "coordinates": [ 8.8255661, 46.2622521 ] } },
{ "type": "Feature", "properties": { "osm_id": "10072973390", "code": 2721, "fclass": "attraction", "name": "Schwebender Wasserhahn" }, "geometry": { "type": "Point", "coordinates": [ 8.7657768, 47.5147809 ] } },
{ "type": "Feature", "properties": { "osm_id": "10115045063", "code": 2721, "fclass": "attraction", "name": "Chalchofo" }, "geometry": { "type": "Point", "coordinates": [ 7.7778484, 46.2990727 ] } },
{ "type": "Feature", "properties": { "osm_id": "10117492403", "code": 2721, "fclass": "attraction", "name": "Pressoir" }, "geometry": { "type": "Point", "coordinates": [ 6.9227076, 46.3966664 ] } },
{ "type": "Feature", "properties": { "osm_id": "10154964635", "code": 2721, "fclass": "attraction", "name": "Felsentor" }, "geometry": { "type": "Point", "coordinates": [ 9.7276865, 46.8229755 ] } },
{ "type": "Feature", "properties": { "osm_id": "10162418254", "code": 2721, "fclass": "attraction", "name": "Pfahlbauerin" }, "geometry": { "type": "Point", "coordinates": [ 8.8197579, 47.2227224 ] } },
{ "type": "Feature", "properties": { "osm_id": "10172428670", "code": 2721, "fclass": "attraction", "name": "Labyrinthe" }, "geometry": { "type": "Point", "coordinates": [ 7.1244102, 46.7899005 ] } },
{ "type": "Feature", "properties": { "osm_id": "10180666782", "code": 2721, "fclass": "attraction", "name": "Posten 6" }, "geometry": { "type": "Point", "coordinates": [ 7.3838473, 46.7426537 ] } },
{ "type": "Feature", "properties": { "osm_id": "10180666783", "code": 2721, "fclass": "attraction", "name": "Posten 5" }, "geometry": { "type": "Point", "coordinates": [ 7.3833448, 46.7427681 ] } },
{ "type": "Feature", "properties": { "osm_id": "10188147533", "code": 2721, "fclass": "attraction", "name": "Canè Vecc" }, "geometry": { "type": "Point", "coordinates": [ 8.9176971, 46.368857 ] } },
{ "type": "Feature", "properties": { "osm_id": "10188147534", "code": 2721, "fclass": "attraction", "name": "Tochio" }, "geometry": { "type": "Point", "coordinates": [ 8.9176384, 46.3698 ] } },
{ "type": "Feature", "properties": { "osm_id": "10188147535", "code": 2721, "fclass": "attraction", "name": "Antichi grotti in pietra" }, "geometry": { "type": "Point", "coordinates": [ 8.9226224, 46.3671025 ] } },
{ "type": "Feature", "properties": { "osm_id": "10221509294", "code": 2721, "fclass": "attraction", "name": "Milchkannen / Bidons à lait" }, "geometry": { "type": "Point", "coordinates": [ 7.1591587, 46.8485671 ] } },
{ "type": "Feature", "properties": { "osm_id": "10221647235", "code": 2721, "fclass": "attraction", "name": "Sinn- und Klangweg - Chörli Musikbox" }, "geometry": { "type": "Point", "coordinates": [ 7.17455, 46.8590516 ] } },
{ "type": "Feature", "properties": { "osm_id": "10221682856", "code": 2721, "fclass": "attraction", "name": "Tonmühlen / Moulins sonores" }, "geometry": { "type": "Point", "coordinates": [ 7.1857819, 46.8500755 ] } },
{ "type": "Feature", "properties": { "osm_id": "10221683752", "code": 2721, "fclass": "attraction", "name": "Der Chlopfer" }, "geometry": { "type": "Point", "coordinates": [ 7.1821905, 46.8563868 ] } },
{ "type": "Feature", "properties": { "osm_id": "10225721307", "code": 2721, "fclass": "attraction", "name": "Glockenspiel / Cloches" }, "geometry": { "type": "Point", "coordinates": [ 7.1573995, 46.8484595 ] } },
{ "type": "Feature", "properties": { "osm_id": "10266910909", "code": 2721, "fclass": "attraction", "name": "Thurkiesbank Uesslingen" }, "geometry": { "type": "Point", "coordinates": [ 8.853212, 47.5771184 ] } },
{ "type": "Feature", "properties": { "osm_id": "10279125682", "code": 2721, "fclass": "attraction", "name": "Waggon Matterhorn Gotthard Bahn" }, "geometry": { "type": "Point", "coordinates": [ 8.3485207, 46.5342995 ] } },
{ "type": "Feature", "properties": { "osm_id": "10286154594", "code": 2721, "fclass": "attraction", "name": "Wasserfall" }, "geometry": { "type": "Point", "coordinates": [ 8.7158374, 47.1901476 ] } },
{ "type": "Feature", "properties": { "osm_id": "10290143979", "code": 2721, "fclass": "attraction", "name": "Themenpfad \"Schauplatz Natur\" - Stein(ge)schichten" }, "geometry": { "type": "Point", "coordinates": [ 8.8473149, 47.2368889 ] } },
{ "type": "Feature", "properties": { "osm_id": "10290585377", "code": 2721, "fclass": "attraction", "name": "Le P’tit Bar" }, "geometry": { "type": "Point", "coordinates": [ 6.1251253, 46.4056238 ] } },
{ "type": "Feature", "properties": { "osm_id": "10290586968", "code": 2721, "fclass": "attraction", "name": "Der Brückenteufel" }, "geometry": { "type": "Point", "coordinates": [ 8.5907532, 46.6477102 ] } },
{ "type": "Feature", "properties": { "osm_id": "10295082981", "code": 2721, "fclass": "attraction", "name": "Wasserhüs" }, "geometry": { "type": "Point", "coordinates": [ 7.634074, 46.3402408 ] } },
{ "type": "Feature", "properties": { "osm_id": "10297942621", "code": 2721, "fclass": "attraction", "name": "DenkWeg Station 2 - Herr der Ringe" }, "geometry": { "type": "Point", "coordinates": [ 9.1369937, 47.1197929 ] } },
{ "type": "Feature", "properties": { "osm_id": "10297997150", "code": 2721, "fclass": "attraction", "name": "DenkWeg Station 4 - Türme von Hanoi" }, "geometry": { "type": "Point", "coordinates": [ 9.1382009, 47.1220089 ] } },
{ "type": "Feature", "properties": { "osm_id": "10298040634", "code": 2721, "fclass": "attraction", "name": "DenkWeg Station 1 - Doppelkreuz" }, "geometry": { "type": "Point", "coordinates": [ 9.1297489, 47.120912 ] } },
{ "type": "Feature", "properties": { "osm_id": "10301240537", "code": 2721, "fclass": "attraction", "name": "Kolkraben" }, "geometry": { "type": "Point", "coordinates": [ 8.555748, 47.0502884 ] } },
{ "type": "Feature", "properties": { "osm_id": "10309504950", "code": 2721, "fclass": "attraction", "name": "permanente Jungfrau-Marathon Startlinie" }, "geometry": { "type": "Point", "coordinates": [ 7.8592094, 46.686938 ] } },
{ "type": "Feature", "properties": { "osm_id": "10315500817", "code": 2721, "fclass": "attraction", "name": "Source de la Doue" }, "geometry": { "type": "Point", "coordinates": [ 6.9167741, 47.4072155 ] } },
{ "type": "Feature", "properties": { "osm_id": "10563578025", "code": 2721, "fclass": "attraction", "name": null }, "geometry": { "type": "Point", "coordinates": [ 7.0360357, 46.5615944 ] } },
{ "type": "Feature", "properties": { "osm_id": "10591492207", "code": 2721, "fclass": "attraction", "name": "UOeB-Güterwagen K 41" }, "geometry": { "type": "Point", "coordinates": [ 8.7396253, 47.2710998 ] } },
{ "type": "Feature", "properties": { "osm_id": "10591492208", "code": 2721, "fclass": "attraction", "name": "WMB-Güterwagen L 53" }, "geometry": { "type": "Point", "coordinates": [ 8.7395768, 47.2711305 ] } },
{ "type": "Feature", "properties": { "osm_id": "10604376695", "code": 2721, "fclass": "attraction", "name": "Gallus 612" }, "geometry": { "type": "Point", "coordinates": [ 9.3774967, 47.4220497 ] } },
{ "type": "Feature", "properties": { "osm_id": "10610747028", "code": 2721, "fclass": "attraction", "name": "Schotterplatz" }, "geometry": { "type": "Point", "coordinates": [ 8.1696794, 47.4163888 ] } },
{ "type": "Feature", "properties": { "osm_id": "10654565405", "code": 2721, "fclass": "attraction", "name": "Eisweg Madulain - Zuoz" }, "geometry": { "type": "Point", "coordinates": [ 9.9379335, 46.5848317 ] } },
{ "type": "Feature", "properties": { "osm_id": "10698068944", "code": 2721, "fclass": "attraction", "name": "Aniviers Indoor Park" }, "geometry": { "type": "Point", "coordinates": [ 7.5727418, 46.1755686 ] } },
{ "type": "Feature", "properties": { "osm_id": "10704746091", "code": 2721, "fclass": "attraction", "name": "Alte Seilbahnkabine" }, "geometry": { "type": "Point", "coordinates": [ 9.4338072, 46.7947637 ] } },
{ "type": "Feature", "properties": { "osm_id": "10735875530", "code": 2721, "fclass": "attraction", "name": "Papiermaschine PM1" }, "geometry": { "type": "Point", "coordinates": [ 9.234994, 47.4928442 ] } },
{ "type": "Feature", "properties": { "osm_id": "10744561662", "code": 2721, "fclass": "attraction", "name": "Glockenspiel im Rumpel" }, "geometry": { "type": "Point", "coordinates": [ 7.7931404, 47.554819 ] } },
{ "type": "Feature", "properties": { "osm_id": "10754403295", "code": 2721, "fclass": "attraction", "name": "Napoleon 6 m gross" }, "geometry": { "type": "Point", "coordinates": [ 9.0687177, 47.6416407 ] } },
{ "type": "Feature", "properties": { "osm_id": "10789888708", "code": 2721, "fclass": "attraction", "name": null }, "geometry": { "type": "Point", "coordinates": [ 6.6336807, 46.5221725 ] } },
{ "type": "Feature", "properties": { "osm_id": "10804706139", "code": 2721, "fclass": "attraction", "name": null }, "geometry": { "type": "Point", "coordinates": [ 7.4218486, 46.3099251 ] } },
{ "type": "Feature", "properties": { "osm_id": "10834318942", "code": 2721, "fclass": "attraction", "name": "Riesenrad am See" }, "geometry": { "type": "Point", "coordinates": [ 9.1782405, 47.6564433 ] } },
{ "type": "Feature", "properties": { "osm_id": "10839346017", "code": 2721, "fclass": "attraction", "name": "Pusteblume" }, "geometry": { "type": "Point", "coordinates": [ 8.8063728, 46.1716444 ] } },
{ "type": "Feature", "properties": { "osm_id": "10844762605", "code": 2721, "fclass": "attraction", "name": "Le magasin où l’on ne vend rien" }, "geometry": { "type": "Point", "coordinates": [ 7.0743844, 46.0998797 ] } },
{ "type": "Feature", "properties": { "osm_id": "10844862826", "code": 2721, "fclass": "attraction", "name": "Tour Plein-Ciel" }, "geometry": { "type": "Point", "coordinates": [ 6.819216, 46.4969511 ] } },
{ "type": "Feature", "properties": { "osm_id": "10857612206", "code": 2721, "fclass": "attraction", "name": "Wasserrad" }, "geometry": { "type": "Point", "coordinates": [ 8.5222532, 47.5490097 ] } },
{ "type": "Feature", "properties": { "osm_id": "10864719905", "code": 2721, "fclass": "attraction", "name": "Streichelzoo Oberdorf" }, "geometry": { "type": "Point", "coordinates": [ 9.345087, 47.191615 ] } },
{ "type": "Feature", "properties": { "osm_id": "10898769366", "code": 2721, "fclass": "attraction", "name": "Eisfuchs" }, "geometry": { "type": "Point", "coordinates": [ 7.4505595, 46.9353323 ] } },
{ "type": "Feature", "properties": { "osm_id": "10898769367", "code": 2721, "fclass": "attraction", "name": "Waldren" }, "geometry": { "type": "Point", "coordinates": [ 7.4501162, 46.9351854 ] } },
{ "type": "Feature", "properties": { "osm_id": "10898769368", "code": 2721, "fclass": "attraction", "name": "Bergotter" }, "geometry": { "type": "Point", "coordinates": [ 7.4488513, 46.9351974 ] } },
{ "type": "Feature", "properties": { "osm_id": "10898769369", "code": 2721, "fclass": "attraction", "name": "Breitrandschildkröte" }, "geometry": { "type": "Point", "coordinates": [ 7.448731, 46.9349916 ] } },
{ "type": "Feature", "properties": { "osm_id": "10913887005", "code": 2721, "fclass": "attraction", "name": "Huskystuf" }, "geometry": { "type": "Point", "coordinates": [ 9.2482162, 47.1859787 ] } },
{ "type": "Feature", "properties": { "osm_id": "10943678188", "code": 2721, "fclass": "attraction", "name": "Pater Heim" }, "geometry": { "type": "Point", "coordinates": [ 8.8889134, 47.2035029 ] } },
{ "type": "Feature", "properties": { "osm_id": "10943678189", "code": 2721, "fclass": "attraction", "name": "Pirat" }, "geometry": { "type": "Point", "coordinates": [ 8.8895194, 47.1994123 ] } },
{ "type": "Feature", "properties": { "osm_id": "10943678191", "code": 2721, "fclass": "attraction", "name": "Haubentaucher" }, "geometry": { "type": "Point", "coordinates": [ 8.853341, 47.2010852 ] } },
{ "type": "Feature", "properties": { "osm_id": "10943678192", "code": 2721, "fclass": "attraction", "name": "Joachim Raff" }, "geometry": { "type": "Point", "coordinates": [ 8.8506878, 47.1933521 ] } },
{ "type": "Feature", "properties": { "osm_id": "10943678193", "code": 2721, "fclass": "attraction", "name": "Gräfin" }, "geometry": { "type": "Point", "coordinates": [ 8.8306771, 47.1938794 ] } },
{ "type": "Feature", "properties": { "osm_id": "10943678194", "code": 2721, "fclass": "attraction", "name": "Schlipflochhexe" }, "geometry": { "type": "Point", "coordinates": [ 8.8307824, 47.1924125 ] } },
{ "type": "Feature", "properties": { "osm_id": "10943678195", "code": 2721, "fclass": "attraction", "name": "Edward Quinn" }, "geometry": { "type": "Point", "coordinates": [ 8.8129971, 47.1989452 ] } },
{ "type": "Feature", "properties": { "osm_id": "10943678196", "code": 2721, "fclass": "attraction", "name": "Studentin" }, "geometry": { "type": "Point", "coordinates": [ 8.8155468, 47.223229 ] } },
{ "type": "Feature", "properties": { "osm_id": "10943678197", "code": 2721, "fclass": "attraction", "name": "Mathilde Bächli" }, "geometry": { "type": "Point", "coordinates": [ 8.8450035, 47.2198463 ] } },
{ "type": "Feature", "properties": { "osm_id": "10943678198", "code": 2721, "fclass": "attraction", "name": "Äbtissin" }, "geometry": { "type": "Point", "coordinates": [ 8.8643439, 47.2191873 ] } },
{ "type": "Feature", "properties": { "osm_id": "10943678199", "code": 2721, "fclass": "attraction", "name": "Baggerschang" }, "geometry": { "type": "Point", "coordinates": [ 8.9239451, 47.22593 ] } },
{ "type": "Feature", "properties": { "osm_id": "10943678200", "code": 2721, "fclass": "attraction", "name": "Steinbrüchler" }, "geometry": { "type": "Point", "coordinates": [ 8.9480451, 47.2242568 ] } },
{ "type": "Feature", "properties": { "osm_id": "10945797619", "code": 2721, "fclass": "attraction", "name": "Schlossgeist" }, "geometry": { "type": "Point", "coordinates": [ 8.971666, 47.2174221 ] } },
{ "type": "Feature", "properties": { "osm_id": "10945797620", "code": 2721, "fclass": "attraction", "name": "Lokführer" }, "geometry": { "type": "Point", "coordinates": [ 8.797245, 47.2115141 ] } },
{ "type": "Feature", "properties": { "osm_id": "10945797621", "code": 2721, "fclass": "attraction", "name": "Kaiser Otto I." }, "geometry": { "type": "Point", "coordinates": [ 8.7879207, 47.2032113 ] } },
{ "type": "Feature", "properties": { "osm_id": "10951773591", "code": 2721, "fclass": "attraction", "name": "Rhododendronwald" }, "geometry": { "type": "Point", "coordinates": [ 7.477216, 47.1668972 ] } },
{ "type": "Feature", "properties": { "osm_id": "10968863377", "code": 2721, "fclass": "attraction", "name": "Schwalbenhaus" }, "geometry": { "type": "Point", "coordinates": [ 7.6104338, 47.5745916 ] } },
{ "type": "Feature", "properties": { "osm_id": "10973810496", "code": 2721, "fclass": "attraction", "name": "Rütifall Diegten" }, "geometry": { "type": "Point", "coordinates": [ 7.8183922, 47.396769 ] } },
{ "type": "Feature", "properties": { "osm_id": "10984726805", "code": 2721, "fclass": "attraction", "name": "Mont-Blanc Express" }, "geometry": { "type": "Point", "coordinates": [ 7.0783351, 46.1058862 ] } },
{ "type": "Feature", "properties": { "osm_id": "11032108006", "code": 2721, "fclass": "attraction", "name": "La Résistance Fer" }, "geometry": { "type": "Point", "coordinates": [ 6.208636, 46.1955825 ] } },
{ "type": "Feature", "properties": { "osm_id": "11032108105", "code": 2721, "fclass": "attraction", "name": "Place historiques (La Première Guerre Mondiale)" }, "geometry": { "type": "Point", "coordinates": [ 6.2041881, 46.1968752 ] } },
{ "type": "Feature", "properties": { "osm_id": "11047467906", "code": 2721, "fclass": "attraction", "name": null }, "geometry": { "type": "Point", "coordinates": [ 7.2531577, 46.0906622 ] } },
{ "type": "Feature", "properties": { "osm_id": "11047468005", "code": 2721, "fclass": "attraction", "name": null }, "geometry": { "type": "Point", "coordinates": [ 7.2515318, 46.0902634 ] } },
{ "type": "Feature", "properties": { "osm_id": "11047540705", "code": 2721, "fclass": "attraction", "name": null }, "geometry": { "type": "Point", "coordinates": [ 7.2526812, 46.0911275 ] } },
{ "type": "Feature", "properties": { "osm_id": "11048218206", "code": 2721, "fclass": "attraction", "name": "Hors-Tribu Festival" }, "geometry": { "type": "Point", "coordinates": [ 6.6163702, 46.9041176 ] } },
{ "type": "Feature", "properties": { "osm_id": "11051602778", "code": 2721, "fclass": "attraction", "name": "World Swing 11" }, "geometry": { "type": "Point", "coordinates": [ 8.8850174, 46.4648259 ] } },
{ "type": "Feature", "properties": { "osm_id": "11051602779", "code": 2721, "fclass": "attraction", "name": "World Swing 2" }, "geometry": { "type": "Point", "coordinates": [ 8.8859669, 46.4629932 ] } },
{ "type": "Feature", "properties": { "osm_id": "11061095105", "code": 2721, "fclass": "attraction", "name": "Carl Zuckmayer Wanderweg Startpunkt" }, "geometry": { "type": "Point", "coordinates": [ 7.9307575, 46.1143307 ] } },
{ "type": "Feature", "properties": { "osm_id": "11061463565", "code": 2721, "fclass": "attraction", "name": "Lynx" }, "geometry": { "type": "Point", "coordinates": [ 6.2452025, 46.4803515 ] } },
{ "type": "Feature", "properties": { "osm_id": "11061463566", "code": 2721, "fclass": "attraction", "name": "Sanglier" }, "geometry": { "type": "Point", "coordinates": [ 6.2449236, 46.4804612 ] } },
{ "type": "Feature", "properties": { "osm_id": "11061463671", "code": 2721, "fclass": "attraction", "name": "Renard roux" }, "geometry": { "type": "Point", "coordinates": [ 6.2444054, 46.478834 ] } },
{ "type": "Feature", "properties": { "osm_id": "11061463789", "code": 2721, "fclass": "attraction", "name": "Loutre d'Europe" }, "geometry": { "type": "Point", "coordinates": [ 6.2445522, 46.4794396 ] } },
{ "type": "Feature", "properties": { "osm_id": "11061499993", "code": 2721, "fclass": "attraction", "name": "Cerf élaphe" }, "geometry": { "type": "Point", "coordinates": [ 6.2445842, 46.48043 ] } },
{ "type": "Feature", "properties": { "osm_id": "11061527924", "code": 2721, "fclass": "attraction", "name": "Bouquetin des Alpes" }, "geometry": { "type": "Point", "coordinates": [ 6.2447098, 46.4801535 ] } },
{ "type": "Feature", "properties": { "osm_id": "11061527926", "code": 2721, "fclass": "attraction", "name": "Ibis chauve" }, "geometry": { "type": "Point", "coordinates": [ 6.2444535, 46.4803187 ] } },
{ "type": "Feature", "properties": { "osm_id": "11061527928", "code": 2721, "fclass": "attraction", "name": "Vautour fauve" }, "geometry": { "type": "Point", "coordinates": [ 6.244652, 46.4800898 ] } },
{ "type": "Feature", "properties": { "osm_id": "11061527930", "code": 2721, "fclass": "attraction", "name": "Marmotte des alpes" }, "geometry": { "type": "Point", "coordinates": [ 6.2447878, 46.4800742 ] } },
{ "type": "Feature", "properties": { "osm_id": "11061527933", "code": 2721, "fclass": "attraction", "name": "Hibou grand-duc" }, "geometry": { "type": "Point", "coordinates": [ 6.2446657, 46.4797773 ] } },
{ "type": "Feature", "properties": { "osm_id": "11061527954", "code": 2721, "fclass": "attraction", "name": "Raton laveur" }, "geometry": { "type": "Point", "coordinates": [ 6.244686, 46.4796229 ] } },
{ "type": "Feature", "properties": { "osm_id": "11065796837", "code": 2721, "fclass": "attraction", "name": "ChäserruggGuck" }, "geometry": { "type": "Point", "coordinates": [ 9.3304231, 47.1890316 ] } },
{ "type": "Feature", "properties": { "osm_id": "11065797829", "code": 2721, "fclass": "attraction", "name": "Zugspecht" }, "geometry": { "type": "Point", "coordinates": [ 9.3063067, 47.1795165 ] } },
{ "type": "Feature", "properties": { "osm_id": "11065802672", "code": 2721, "fclass": "attraction", "name": "Klangschalenbaum" }, "geometry": { "type": "Point", "coordinates": [ 9.326713, 47.1813955 ] } },
{ "type": "Feature", "properties": { "osm_id": "11065803351", "code": 2721, "fclass": "attraction", "name": "Röhrophon" }, "geometry": { "type": "Point", "coordinates": [ 9.2966857, 47.1828146 ] } },
{ "type": "Feature", "properties": { "osm_id": "11065824771", "code": 2721, "fclass": "attraction", "name": "Kuhlöckler" }, "geometry": { "type": "Point", "coordinates": [ 9.3050167, 47.179737 ] } },
{ "type": "Feature", "properties": { "osm_id": "11065826154", "code": 2721, "fclass": "attraction", "name": "The Ringing and Shining Flowers" }, "geometry": { "type": "Point", "coordinates": [ 9.3094996, 47.18387 ] } },
{ "type": "Feature", "properties": { "osm_id": "11065839060", "code": 2721, "fclass": "attraction", "name": "Glockenbühne" }, "geometry": { "type": "Point", "coordinates": [ 9.3088089, 47.1824125 ] } },
{ "type": "Feature", "properties": { "osm_id": "11065841061", "code": 2721, "fclass": "attraction", "name": "Hüpfwasser" }, "geometry": { "type": "Point", "coordinates": [ 9.3283722, 47.1885424 ] } },
{ "type": "Feature", "properties": { "osm_id": "11065850762", "code": 2721, "fclass": "attraction", "name": "Lauschiger Ort" }, "geometry": { "type": "Point", "coordinates": [ 9.3278414, 47.1845597 ] } },
{ "type": "Feature", "properties": { "osm_id": "11065872591", "code": 2721, "fclass": "attraction", "name": "Schwinggabel" }, "geometry": { "type": "Point", "coordinates": [ 9.345051, 47.191596 ] } },
{ "type": "Feature", "properties": { "osm_id": "11077403345", "code": 2721, "fclass": "attraction", "name": "RandoAlpagas" }, "geometry": { "type": "Point", "coordinates": [ 6.8618606, 46.5182751 ] } },
{ "type": "Feature", "properties": { "osm_id": "11078626531", "code": 2721, "fclass": "attraction", "name": "Donnertrommel" }, "geometry": { "type": "Point", "coordinates": [ 9.3353787, 47.1821347 ] } },
{ "type": "Feature", "properties": { "osm_id": "11091964406", "code": 2721, "fclass": "attraction", "name": "Swing of the world" }, "geometry": { "type": "Point", "coordinates": [ 8.9141661, 45.9237713 ] } },
{ "type": "Feature", "properties": { "osm_id": "11094327307", "code": 2721, "fclass": "attraction", "name": "Swing the World" }, "geometry": { "type": "Point", "coordinates": [ 8.9292951, 45.9489034 ] } },
{ "type": "Feature", "properties": { "osm_id": "11099105939", "code": 2721, "fclass": "attraction", "name": "Maislabyrinth Weiernheim" }, "geometry": { "type": "Point", "coordinates": [ 8.0443801, 47.2270459 ] } },
{ "type": "Feature", "properties": { "osm_id": "11112911805", "code": 2721, "fclass": "attraction", "name": "Observatoire" }, "geometry": { "type": "Point", "coordinates": [ 6.8675088, 47.0329179 ] } },
{ "type": "Feature", "properties": { "osm_id": "11123128640", "code": 2721, "fclass": "attraction", "name": "Point G" }, "geometry": { "type": "Point", "coordinates": [ 8.5439678, 47.1273659 ] } },
{ "type": "Feature", "properties": { "osm_id": "11123128647", "code": 2721, "fclass": "attraction", "name": null }, "geometry": { "type": "Point", "coordinates": [ 8.5324885, 47.1398733 ] } },
{ "type": "Feature", "properties": { "osm_id": "11123128649", "code": 2721, "fclass": "attraction", "name": "Point 6" }, "geometry": { "type": "Point", "coordinates": [ 8.5413483, 47.1307515 ] } },
{ "type": "Feature", "properties": { "osm_id": "11123128653", "code": 2721, "fclass": "attraction", "name": "Point C (part 4)" }, "geometry": { "type": "Point", "coordinates": [ 8.5325936, 47.1397469 ] } },
{ "type": "Feature", "properties": { "osm_id": "11123128655", "code": 2721, "fclass": "attraction", "name": "Point E" }, "geometry": { "type": "Point", "coordinates": [ 8.533357, 47.1374903 ] } },
{ "type": "Feature", "properties": { "osm_id": "11123128679", "code": 2721, "fclass": "attraction", "name": "Point 4" }, "geometry": { "type": "Point", "coordinates": [ 8.5390851, 47.1338041 ] } },
{ "type": "Feature", "properties": { "osm_id": "11123148410", "code": 2721, "fclass": "attraction", "name": "Point 8" }, "geometry": { "type": "Point", "coordinates": [ 8.5351348, 47.1341764 ] } },
{ "type": "Feature", "properties": { "osm_id": "11123148429", "code": 2721, "fclass": "attraction", "name": "Point 1" }, "geometry": { "type": "Point", "coordinates": [ 8.5370273, 47.1355171 ] } },
{ "type": "Feature", "properties": { "osm_id": "11123148433", "code": 2721, "fclass": "attraction", "name": "Point 7" }, "geometry": { "type": "Point", "coordinates": [ 8.5419345, 47.1294412 ] } },
{ "type": "Feature", "properties": { "osm_id": "11123148442", "code": 2721, "fclass": "attraction", "name": "Point 9" }, "geometry": { "type": "Point", "coordinates": [ 8.5351683, 47.1351272 ] } },
{ "type": "Feature", "properties": { "osm_id": "11123148446", "code": 2721, "fclass": "attraction", "name": "Point 2" }, "geometry": { "type": "Point", "coordinates": [ 8.537832, 47.1339367 ] } },
{ "type": "Feature", "properties": { "osm_id": "11123148467", "code": 2721, "fclass": "attraction", "name": "Point C (part 1)" }, "geometry": { "type": "Point", "coordinates": [ 8.5317428, 47.1408102 ] } },
{ "type": "Feature", "properties": { "osm_id": "11123148484", "code": 2721, "fclass": "attraction", "name": "Point C (part 2)" }, "geometry": { "type": "Point", "coordinates": [ 8.5319943, 47.1406331 ] } },
{ "type": "Feature", "properties": { "osm_id": "11123148485", "code": 2721, "fclass": "attraction", "name": "Point 3" }, "geometry": { "type": "Point", "coordinates": [ 8.5385713, 47.1343151 ] } },
{ "type": "Feature", "properties": { "osm_id": "11123148492", "code": 2721, "fclass": "attraction", "name": "Point C (part 3)" }, "geometry": { "type": "Point", "coordinates": [ 8.5324203, 47.1400448 ] } },
{ "type": "Feature", "properties": { "osm_id": "11123148500", "code": 2721, "fclass": "attraction", "name": "Point 5" }, "geometry": { "type": "Point", "coordinates": [ 8.5399296, 47.1326085 ] } },
{ "type": "Feature", "properties": { "osm_id": "11151792952", "code": 2721, "fclass": "attraction", "name": "Grimsel 2164m" }, "geometry": { "type": "Point", "coordinates": [ 8.3453925, 46.5617355 ] } },
{ "type": "Feature", "properties": { "osm_id": "11152889710", "code": 2721, "fclass": "attraction", "name": "Walk of Stars, Openair" }, "geometry": { "type": "Point", "coordinates": [ 7.7423933, 46.315034 ] } },
{ "type": "Feature", "properties": { "osm_id": "11153009181", "code": 2721, "fclass": "attraction", "name": "Saitenschellen" }, "geometry": { "type": "Point", "coordinates": [ 9.3294215, 47.1800357 ] } },
{ "type": "Feature", "properties": { "osm_id": "11172220329", "code": 2721, "fclass": "attraction", "name": "Würfeljackpot" }, "geometry": { "type": "Point", "coordinates": [ 7.8058884, 47.5516796 ] } },
{ "type": "Feature", "properties": { "osm_id": "11237771304", "code": 2721, "fclass": "attraction", "name": "Wasserrad" }, "geometry": { "type": "Point", "coordinates": [ 9.4839372, 47.1023832 ] } },
{ "type": "Feature", "properties": { "osm_id": "11263215930", "code": 2721, "fclass": "attraction", "name": "Jungfrau" }, "geometry": { "type": "Point", "coordinates": [ 8.9513578, 45.9535177 ] } },
{ "type": "Feature", "properties": { "osm_id": "11263215931", "code": 2721, "fclass": "attraction", "name": "Phoenix" }, "geometry": { "type": "Point", "coordinates": [ 8.9513457, 45.9535839 ] } },
{ "type": "Feature", "properties": { "osm_id": "11263215932", "code": 2721, "fclass": "attraction", "name": "Mönch" }, "geometry": { "type": "Point", "coordinates": [ 8.9513138, 45.9536157 ] } },
{ "type": "Feature", "properties": { "osm_id": "11263215933", "code": 2721, "fclass": "attraction", "name": "Eiger" }, "geometry": { "type": "Point", "coordinates": [ 8.9511217, 45.9537109 ] } },
{ "type": "Feature", "properties": { "osm_id": "11263215934", "code": 2721, "fclass": "attraction", "name": "Torre do Relogio - Zeitglockenturm" }, "geometry": { "type": "Point", "coordinates": [ 8.9504163, 45.9533886 ] } },
{ "type": "Feature", "properties": { "osm_id": "11263215935", "code": 2721, "fclass": "attraction", "name": "Bundeshaus" }, "geometry": { "type": "Point", "coordinates": [ 8.9504472, 45.9534762 ] } },
{ "type": "Feature", "properties": { "osm_id": "11263215936", "code": 2721, "fclass": "attraction", "name": "Kirchenfeldbrücke" }, "geometry": { "type": "Point", "coordinates": [ 8.9504181, 45.9534212 ] } },
{ "type": "Feature", "properties": { "osm_id": "11263218552", "code": 2721, "fclass": "attraction", "name": "Flughafen Zürich (miniature)" }, "geometry": { "type": "Point", "coordinates": [ 8.9506907, 45.9535269 ] } },
{ "type": "Feature", "properties": { "osm_id": "11263218553", "code": 2721, "fclass": "attraction", "name": "Chillon" }, "geometry": { "type": "Point", "coordinates": [ 8.9504306, 45.9538399 ] } },
{ "type": "Feature", "properties": { "osm_id": "11298078156", "code": 2721, "fclass": "attraction", "name": "Riesenkugelbahn" }, "geometry": { "type": "Point", "coordinates": [ 9.5415863, 46.7778312 ] } },
{ "type": "Feature", "properties": { "osm_id": "11386524527", "code": 2721, "fclass": "attraction", "name": "Wisent" }, "geometry": { "type": "Point", "coordinates": [ 7.4532279, 46.9349597 ] } },
{ "type": "Feature", "properties": { "osm_id": "11414233847", "code": 2721, "fclass": "attraction", "name": "Rodelbahn Pradaschier" }, "geometry": { "type": "Point", "coordinates": [ 9.5413645, 46.7786729 ] } },
{ "type": "Feature", "properties": { "osm_id": "11414239360", "code": 2721, "fclass": "attraction", "name": "Floomzer" }, "geometry": { "type": "Point", "coordinates": [ 9.2799816, 47.0922532 ] } },
{ "type": "Feature", "properties": { "osm_id": "11414254390", "code": 2721, "fclass": "attraction", "name": "Alpine Coaster" }, "geometry": { "type": "Point", "coordinates": [ 7.2049928, 46.3267258 ] } },
{ "type": "Feature", "properties": { "osm_id": "11460976071", "code": 2721, "fclass": "attraction", "name": "Skeleton in old car" }, "geometry": { "type": "Point", "coordinates": [ 7.1111543, 47.0053271 ] } },
{ "type": "Feature", "properties": { "osm_id": "11463314600", "code": 2721, "fclass": "attraction", "name": "Loutres Cendrées" }, "geometry": { "type": "Point", "coordinates": [ 6.8230321, 47.1057291 ] } },
{ "type": "Feature", "properties": { "osm_id": "11466107330", "code": 2721, "fclass": "attraction", "name": "Panzersperre" }, "geometry": { "type": "Point", "coordinates": [ 8.8934385, 46.7175388 ] } },
{ "type": "Feature", "properties": { "osm_id": "11497920283", "code": 2721, "fclass": "attraction", "name": "Widder" }, "geometry": { "type": "Point", "coordinates": [ 8.1391036, 47.3474883 ] } },
{ "type": "Feature", "properties": { "osm_id": "11521188870", "code": 2721, "fclass": "attraction", "name": "Dino" }, "geometry": { "type": "Point", "coordinates": [ 8.3636713, 47.4399816 ] } },
{ "type": "Feature", "properties": { "osm_id": "11531359994", "code": 2721, "fclass": "attraction", "name": "Le Tremplin de la Combe-Girard" }, "geometry": { "type": "Point", "coordinates": [ 6.7645154, 47.0554618 ] } },
{ "type": "Feature", "properties": { "osm_id": "11586280368", "code": 2721, "fclass": "attraction", "name": "Wasserrad" }, "geometry": { "type": "Point", "coordinates": [ 8.7800737, 47.5484835 ] } },
{ "type": "Feature", "properties": { "osm_id": "11638983456", "code": 2721, "fclass": "attraction", "name": "Poule" }, "geometry": { "type": "Point", "coordinates": [ 6.243987, 46.4785707 ] } },
{ "type": "Feature", "properties": { "osm_id": "11638983457", "code": 2721, "fclass": "attraction", "name": "Oie" }, "geometry": { "type": "Point", "coordinates": [ 6.2440536, 46.4786111 ] } },
{ "type": "Feature", "properties": { "osm_id": "11638983458", "code": 2721, "fclass": "attraction", "name": "Chèvre d'Appenzell" }, "geometry": { "type": "Point", "coordinates": [ 6.2440746, 46.4785583 ] } },
{ "type": "Feature", "properties": { "osm_id": "11638983464", "code": 2721, "fclass": "attraction", "name": "Chèvre bottée" }, "geometry": { "type": "Point", "coordinates": [ 6.2443211, 46.4790916 ] } },
{ "type": "Feature", "properties": { "osm_id": "11638983465", "code": 2721, "fclass": "attraction", "name": "Mouton de Saas" }, "geometry": { "type": "Point", "coordinates": [ 6.2441429, 46.4787624 ] } },
{ "type": "Feature", "properties": { "osm_id": "11638983466", "code": 2721, "fclass": "attraction", "name": "Fouine" }, "geometry": { "type": "Point", "coordinates": [ 6.2442889, 46.4787434 ] } },
{ "type": "Feature", "properties": { "osm_id": "11638983467", "code": 2721, "fclass": "attraction", "name": "Hérisson" }, "geometry": { "type": "Point", "coordinates": [ 6.244296, 46.4786423 ] } },
{ "type": "Feature", "properties": { "osm_id": "11638983468", "code": 2721, "fclass": "attraction", "name": "Cochon laineux" }, "geometry": { "type": "Point", "coordinates": [ 6.2444915, 46.478665 ] } },
{ "type": "Feature", "properties": { "osm_id": "11638983469", "code": 2721, "fclass": "attraction", "name": "Cigogne blanche" }, "geometry": { "type": "Point", "coordinates": [ 6.2447718, 46.4788175 ] } },
{ "type": "Feature", "properties": { "osm_id": "11638983470", "code": 2721, "fclass": "attraction", "name": "Castor" }, "geometry": { "type": "Point", "coordinates": [ 6.2450364, 46.4790489 ] } },
{ "type": "Feature", "properties": { "osm_id": "11638983471", "code": 2721, "fclass": "attraction", "name": "Tortue" }, "geometry": { "type": "Point", "coordinates": [ 6.2442088, 46.4788402 ] } },
{ "type": "Feature", "properties": { "osm_id": "11638983472", "code": 2721, "fclass": "attraction", "name": "Chat forestier" }, "geometry": { "type": "Point", "coordinates": [ 6.244424, 46.4805497 ] } },
{ "type": "Feature", "properties": { "osm_id": "11638989743", "code": 2721, "fclass": "attraction", "name": "Gypaète barbu" }, "geometry": { "type": "Point", "coordinates": [ 6.244827, 46.4799269 ] } },
{ "type": "Feature", "properties": { "osm_id": "11639067448", "code": 2721, "fclass": "attraction", "name": "Loup" }, "geometry": { "type": "Point", "coordinates": [ 6.2453265, 46.4798315 ] } },
{ "type": "Feature", "properties": { "osm_id": "11639166506", "code": 2721, "fclass": "attraction", "name": "Cistude d'Europe" }, "geometry": { "type": "Point", "coordinates": [ 6.244831, 46.4794036 ] } },
{ "type": "Feature", "properties": { "osm_id": "11663978507", "code": 2721, "fclass": "attraction", "name": "Sommeroper Selzach" }, "geometry": { "type": "Point", "coordinates": [ 7.4556023, 47.2039855 ] } },
{ "type": "Feature", "properties": { "osm_id": "11768897352", "code": 2721, "fclass": "attraction", "name": "Riesenrad am See" }, "geometry": { "type": "Point", "coordinates": [ 9.1781014, 47.6566042 ] } },
{ "type": "Feature", "properties": { "osm_id": "11773688712", "code": 2721, "fclass": "attraction", "name": "A Pair Of Erratic boulder of the Rhone glacier" }, "geometry": { "type": "Point", "coordinates": [ 6.0051397, 46.2234709 ] } },
{ "type": "Feature", "properties": { "osm_id": "11773705384", "code": 2721, "fclass": "attraction", "name": "Hugh Erratic boulder of the Rhone glacier" }, "geometry": { "type": "Point", "coordinates": [ 6.0056241, 46.2235644 ] } },
{ "type": "Feature", "properties": { "osm_id": "11773733040", "code": 2721, "fclass": "attraction", "name": "Erratic boulder of the Rhone glacier" }, "geometry": { "type": "Point", "coordinates": [ 6.0054109, 46.2235518 ] } },
{ "type": "Feature", "properties": { "osm_id": "11800097669", "code": 2721, "fclass": "attraction", "name": "Plus petite vigne cadastrée au monde (3 ceps)." }, "geometry": { "type": "Point", "coordinates": [ 7.180338, 46.1718919 ] } },
{ "type": "Feature", "properties": { "osm_id": "11809029382", "code": 2721, "fclass": "attraction", "name": "Eisgrotte Allalin" }, "geometry": { "type": "Point", "coordinates": [ 7.9050076, 46.0576355 ] } },
{ "type": "Feature", "properties": { "osm_id": "11862598737", "code": 2721, "fclass": "attraction", "name": "Falco pellegrino" }, "geometry": { "type": "Point", "coordinates": [ 8.7923127, 46.1615806 ] } },
{ "type": "Feature", "properties": { "osm_id": "11862629178", "code": 2721, "fclass": "attraction", "name": "Corvo imperiale" }, "geometry": { "type": "Point", "coordinates": [ 8.7920121, 46.1616793 ] } },
{ "type": "Feature", "properties": { "osm_id": "11862741898", "code": 2721, "fclass": "attraction", "name": "Avvoltoio delle palme / Caracara crestata / Nibbio bruno" }, "geometry": { "type": "Point", "coordinates": [ 8.7920901, 46.1616575 ] } },
{ "type": "Feature", "properties": { "osm_id": "11862741899", "code": 2721, "fclass": "attraction", "name": "Aquila di mare testabianca" }, "geometry": { "type": "Point", "coordinates": [ 8.7921523, 46.1616424 ] } },
{ "type": "Feature", "properties": { "osm_id": "11862741902", "code": 2721, "fclass": "attraction", "name": "Aquila di steller" }, "geometry": { "type": "Point", "coordinates": [ 8.7922712, 46.161608 ] } },
{ "type": "Feature", "properties": { "osm_id": "11862741903", "code": 2721, "fclass": "attraction", "name": "Gufo dagli occhiali" }, "geometry": { "type": "Point", "coordinates": [ 8.7923556, 46.1615674 ] } },
{ "type": "Feature", "properties": { "osm_id": "11862741904", "code": 2721, "fclass": "attraction", "name": "Gufo reale africano" }, "geometry": { "type": "Point", "coordinates": [ 8.7923959, 46.161556 ] } },
{ "type": "Feature", "properties": { "osm_id": "11862741905", "code": 2721, "fclass": "attraction", "name": "Aquila pescatrice africana" }, "geometry": { "type": "Point", "coordinates": [ 8.7922111, 46.1616222 ] } },
{ "type": "Feature", "properties": { "osm_id": "11862741906", "code": 2721, "fclass": "attraction", "name": "Gipeto" }, "geometry": { "type": "Point", "coordinates": [ 8.7920462, 46.1616702 ] } },
{ "type": "Feature", "properties": { "osm_id": "11862741907", "code": 2721, "fclass": "attraction", "name": "Aquila americana" }, "geometry": { "type": "Point", "coordinates": [ 8.7919654, 46.1616937 ] } },
{ "type": "Feature", "properties": { "osm_id": "11862741908", "code": 2721, "fclass": "attraction", "name": "Civetta delle nevi" }, "geometry": { "type": "Point", "coordinates": [ 8.791909, 46.1617101 ] } },
{ "type": "Feature", "properties": { "osm_id": "11862741909", "code": 2721, "fclass": "attraction", "name": "Gufo reale europeo" }, "geometry": { "type": "Point", "coordinates": [ 8.7918601, 46.1617229 ] } },
{ "type": "Feature", "properties": { "osm_id": "11862741910", "code": 2721, "fclass": "attraction", "name": "Aquila blu cilena" }, "geometry": { "type": "Point", "coordinates": [ 8.7917548, 46.1617928 ] } },
{ "type": "Feature", "properties": { "osm_id": "11862741911", "code": 2721, "fclass": "attraction", "name": "Falco giocoliere" }, "geometry": { "type": "Point", "coordinates": [ 8.7917887, 46.1618497 ] } },
{ "type": "Feature", "properties": { "osm_id": "11862782182", "code": 2721, "fclass": "attraction", "name": "Bucero terrestre" }, "geometry": { "type": "Point", "coordinates": [ 8.7917693, 46.1621883 ] } },
{ "type": "Feature", "properties": { "osm_id": "11862782183", "code": 2721, "fclass": "attraction", "name": "Ibis eremita" }, "geometry": { "type": "Point", "coordinates": [ 8.7918036, 46.162217 ] } },
{ "type": "Feature", "properties": { "osm_id": "11862782184", "code": 2721, "fclass": "attraction", "name": "Marabu" }, "geometry": { "type": "Point", "coordinates": [ 8.7918383, 46.1622453 ] } },
{ "type": "Feature", "properties": { "osm_id": "11862782185", "code": 2721, "fclass": "attraction", "name": "Serpentario" }, "geometry": { "type": "Point", "coordinates": [ 8.7919046, 46.1622752 ] } },
{ "type": "Feature", "properties": { "osm_id": "11862782186", "code": 2721, "fclass": "attraction", "name": "Cigogna" }, "geometry": { "type": "Point", "coordinates": [ 8.7919687, 46.1622748 ] } },
{ "type": "Feature", "properties": { "osm_id": "11862782187", "code": 2721, "fclass": "attraction", "name": "Australian boobook" }, "geometry": { "type": "Point", "coordinates": [ 8.7920847, 46.1621987 ] } },
{ "type": "Feature", "properties": { "osm_id": "11862782188", "code": 2721, "fclass": "attraction", "name": "Gipeto giovane" }, "geometry": { "type": "Point", "coordinates": [ 8.7927932, 46.1620151 ] } },
{ "type": "Feature", "properties": { "osm_id": "11862782189", "code": 2721, "fclass": "attraction", "name": "Avvoltoio di rueppell" }, "geometry": { "type": "Point", "coordinates": [ 8.7928661, 46.161991 ] } },
{ "type": "Feature", "properties": { "osm_id": "11862782190", "code": 2721, "fclass": "attraction", "name": "Condor delle ande" }, "geometry": { "type": "Point", "coordinates": [ 8.7929169, 46.1619604 ] } },
{ "type": "Feature", "properties": { "osm_id": "11862782191", "code": 2721, "fclass": "attraction", "name": "Grifone" }, "geometry": { "type": "Point", "coordinates": [ 8.7929208, 46.1619175 ] } },
{ "type": "Feature", "properties": { "osm_id": "11890707369", "code": 2721, "fclass": "attraction", "name": "Site d'escalade des Sangliers" }, "geometry": { "type": "Point", "coordinates": [ 6.7468943, 46.9597189 ] } },
{ "type": "Feature", "properties": { "osm_id": "11891534769", "code": 2721, "fclass": "attraction", "name": "Les animaux magiques" }, "geometry": { "type": "Point", "coordinates": [ 6.3501847, 46.4834284 ] } },
{ "type": "Feature", "properties": { "osm_id": "11891671770", "code": 2721, "fclass": "attraction", "name": "Family Coaster" }, "geometry": { "type": "Point", "coordinates": [ 6.351081, 46.4842968 ] } },
{ "type": "Feature", "properties": { "osm_id": "11891862169", "code": 2721, "fclass": "attraction", "name": "Les bateaux-bouées" }, "geometry": { "type": "Point", "coordinates": [ 6.352192, 46.4845456 ] } },
{ "type": "Feature", "properties": { "osm_id": "11891862170", "code": 2721, "fclass": "attraction", "name": "Carrousel" }, "geometry": { "type": "Point", "coordinates": [ 6.3517586, 46.4842982 ] } },
{ "type": "Feature", "properties": { "osm_id": "11891862171", "code": 2721, "fclass": "attraction", "name": "Circuit le mans" }, "geometry": { "type": "Point", "coordinates": [ 6.3512284, 46.4844728 ] } },
{ "type": "Feature", "properties": { "osm_id": "11891862269", "code": 2721, "fclass": "attraction", "name": "Petit train" }, "geometry": { "type": "Point", "coordinates": [ 6.3513468, 46.4842752 ] } },
{ "type": "Feature", "properties": { "osm_id": "11891862270", "code": 2721, "fclass": "attraction", "name": "Jeux de sable et d'eau" }, "geometry": { "type": "Point", "coordinates": [ 6.3519318, 46.4844183 ] } },
{ "type": "Feature", "properties": { "osm_id": "11891881469", "code": 2721, "fclass": "attraction", "name": "Kid'z Club" }, "geometry": { "type": "Point", "coordinates": [ 6.3542842, 46.4841421 ] } },
{ "type": "Feature", "properties": { "osm_id": "11891915569", "code": 2721, "fclass": "attraction", "name": "Salto Trampoline" }, "geometry": { "type": "Point", "coordinates": [ 6.352825, 46.4845103 ] } },
{ "type": "Feature", "properties": { "osm_id": "11891915669", "code": 2721, "fclass": "attraction", "name": "Water ball" }, "geometry": { "type": "Point", "coordinates": [ 6.3528665, 46.4845679 ] } },
{ "type": "Feature", "properties": { "osm_id": "11893121069", "code": 2721, "fclass": "attraction", "name": "Ponte Romano" }, "geometry": { "type": "Point", "coordinates": [ 8.7219823, 46.225877 ] } },
{ "type": "Feature", "properties": { "osm_id": "11917704369", "code": 2721, "fclass": "attraction", "name": "Observatoire" }, "geometry": { "type": "Point", "coordinates": [ 6.9894307, 47.1640766 ] } },
{ "type": "Feature", "properties": { "osm_id": "11923061984", "code": 2721, "fclass": "attraction", "name": "Post-Zugwagen" }, "geometry": { "type": "Point", "coordinates": [ 7.1081588, 46.6069069 ] } },
{ "type": "Feature", "properties": { "osm_id": "11936724169", "code": 2721, "fclass": "attraction", "name": "Titlis Glacier Cave" }, "geometry": { "type": "Point", "coordinates": [ 8.4233524, 46.7707008 ] } },
{ "type": "Feature", "properties": { "osm_id": "11948097089", "code": 2721, "fclass": "attraction", "name": "Storchensiedlung Altreu" }, "geometry": { "type": "Point", "coordinates": [ 7.4468371, 47.1903301 ] } },
{ "type": "Feature", "properties": { "osm_id": "11970646888", "code": 2721, "fclass": "attraction", "name": "Arche naturelle" }, "geometry": { "type": "Point", "coordinates": [ 7.1555346, 47.3677804 ] } },
{ "type": "Feature", "properties": { "osm_id": "11971550769", "code": 2721, "fclass": "attraction", "name": "Entrée inférieure des mines" }, "geometry": { "type": "Point", "coordinates": [ 6.6573783, 46.9310235 ] } },
{ "type": "Feature", "properties": { "osm_id": "11982632120", "code": 2721, "fclass": "attraction", "name": "Blaireau européen" }, "geometry": { "type": "Point", "coordinates": [ 6.2444905, 46.4790054 ] } },
{ "type": "Feature", "properties": { "osm_id": "12009415766", "code": 2721, "fclass": "attraction", "name": "Alpengämse" }, "geometry": { "type": "Point", "coordinates": [ 7.4529953, 46.9336091 ] } },
{ "type": "Feature", "properties": { "osm_id": "12009446872", "code": 2721, "fclass": "attraction", "name": "Karpaten-Luchs" }, "geometry": { "type": "Point", "coordinates": [ 7.450996, 46.9338679 ] } },
{ "type": "Feature", "properties": { "osm_id": "12010262869", "code": 2721, "fclass": "attraction", "name": "Lucioles" }, "geometry": { "type": "Point", "coordinates": [ 6.5869603, 46.5201525 ] } },
{ "type": "Feature", "properties": { "osm_id": "12012023495", "code": 2721, "fclass": "attraction", "name": "Alpenmurmeltier" }, "geometry": { "type": "Point", "coordinates": [ 7.4535919, 46.9337262 ] } },
{ "type": "Feature", "properties": { "osm_id": "12022873480", "code": 2721, "fclass": "attraction", "name": "Dreiländereck" }, "geometry": { "type": "Point", "coordinates": [ 9.5313549, 47.2700845 ] } },
{ "type": "Feature", "properties": { "osm_id": "12045485176", "code": 2721, "fclass": "attraction", "name": "Teufelsmünster" }, "geometry": { "type": "Point", "coordinates": [ 8.5885771, 46.9600194 ] } },
{ "type": "Feature", "properties": { "osm_id": "12047698652", "code": 2721, "fclass": "attraction", "name": null }, "geometry": { "type": "Point", "coordinates": [ 9.4659611, 47.4097365 ] } },
{ "type": "Feature", "properties": { "osm_id": "12047698653", "code": 2721, "fclass": "attraction", "name": null }, "geometry": { "type": "Point", "coordinates": [ 9.465836, 47.4098006 ] } },
{ "type": "Feature", "properties": { "osm_id": "12047698654", "code": 2721, "fclass": "attraction", "name": null }, "geometry": { "type": "Point", "coordinates": [ 9.466053, 47.4098497 ] } },
{ "type": "Feature", "properties": { "osm_id": "12047698655", "code": 2721, "fclass": "attraction", "name": null }, "geometry": { "type": "Point", "coordinates": [ 9.4658811, 47.4099001 ] } },
{ "type": "Feature", "properties": { "osm_id": "12048825306", "code": 2721, "fclass": "attraction", "name": "Waldsofa" }, "geometry": { "type": "Point", "coordinates": [ 8.3641392, 47.2507438 ] } },
{ "type": "Feature", "properties": { "osm_id": "12050781203", "code": 2721, "fclass": "attraction", "name": "Cerf" }, "geometry": { "type": "Point", "coordinates": [ 6.3415685, 46.692108 ] } },
{ "type": "Feature", "properties": { "osm_id": "12050781246", "code": 2721, "fclass": "attraction", "name": "Alpaca" }, "geometry": { "type": "Point", "coordinates": [ 6.3393928, 46.6913798 ] } },
{ "type": "Feature", "properties": { "osm_id": "12050781247", "code": 2721, "fclass": "attraction", "name": "Chèvres" }, "geometry": { "type": "Point", "coordinates": [ 6.3396082, 46.6915743 ] } },
{ "type": "Feature", "properties": { "osm_id": "12052989995", "code": 2721, "fclass": "attraction", "name": "Bélier hydraulique" }, "geometry": { "type": "Point", "coordinates": [ 6.9948491, 46.790344 ] } },
{ "type": "Feature", "properties": { "osm_id": "12053326024", "code": 2721, "fclass": "attraction", "name": "Loup" }, "geometry": { "type": "Point", "coordinates": [ 6.3403604, 46.6896058 ] } },
{ "type": "Feature", "properties": { "osm_id": "12053326039", "code": 2721, "fclass": "attraction", "name": "Ours brun" }, "geometry": { "type": "Point", "coordinates": [ 6.3409265, 46.6903215 ] } },
{ "type": "Feature", "properties": { "osm_id": "12053326048", "code": 2721, "fclass": "attraction", "name": "Bison" }, "geometry": { "type": "Point", "coordinates": [ 6.3430673, 46.692287 ] } },
{ "type": "Feature", "properties": { "osm_id": "12057460169", "code": 2721, "fclass": "attraction", "name": "Ânes en bronze" }, "geometry": { "type": "Point", "coordinates": [ 6.352912, 46.4839177 ] } },
{ "type": "Feature", "properties": { "osm_id": "12061923808", "code": 2721, "fclass": "attraction", "name": "Borne frontière n°4" }, "geometry": { "type": "Point", "coordinates": [ 6.9628886, 46.0304317 ] } },
{ "type": "Feature", "properties": { "osm_id": "12066665149", "code": 2721, "fclass": "attraction", "name": "Erratic boulder" }, "geometry": { "type": "Point", "coordinates": [ 6.2281238, 46.227128 ] } },
{ "type": "Feature", "properties": { "osm_id": "12066881451", "code": 2721, "fclass": "attraction", "name": null }, "geometry": { "type": "Point", "coordinates": [ 8.9757015, 46.9085528 ] } },
{ "type": "Feature", "properties": { "osm_id": "12074936983", "code": 2721, "fclass": "attraction", "name": "Sagi Reismühle Hegi" }, "geometry": { "type": "Point", "coordinates": [ 8.7677891, 47.5055897 ] } },
{ "type": "Feature", "properties": { "osm_id": "12095225901", "code": 2721, "fclass": "attraction", "name": "Gorges de la Jogne" }, "geometry": { "type": "Point", "coordinates": [ 7.1194272, 46.6081927 ] } },
{ "type": "Feature", "properties": { "osm_id": "12105873090", "code": 2721, "fclass": "attraction", "name": "Ariane" }, "geometry": { "type": "Point", "coordinates": [ 7.0429112, 47.0230084 ] } },
{ "type": "Feature", "properties": { "osm_id": "12118467332", "code": 2721, "fclass": "attraction", "name": "Turmterrasse" }, "geometry": { "type": "Point", "coordinates": [ 7.5396393, 47.2084163 ] } },
{ "type": "Feature", "properties": { "osm_id": "12118501145", "code": 2721, "fclass": "attraction", "name": "Besucherplattform" }, "geometry": { "type": "Point", "coordinates": [ 7.5657459, 47.2358228 ] } },
{ "type": "Feature", "properties": { "osm_id": "12120219019", "code": 2721, "fclass": "attraction", "name": "Avalanche Training Center ATC Avers-Juf" }, "geometry": { "type": "Point", "coordinates": [ 9.5758414, 46.4467904 ] } },
{ "type": "Feature", "properties": { "osm_id": "12128235915", "code": 2721, "fclass": "attraction", "name": "Historische Seilbahngondel Lenk-Betelberg" }, "geometry": { "type": "Point", "coordinates": [ 7.4446804, 46.7840197 ] } },
{ "type": "Feature", "properties": { "osm_id": "12135864801", "code": 2721, "fclass": "attraction", "name": "Espace Abeilles" }, "geometry": { "type": "Point", "coordinates": [ 6.9121408, 47.0589913 ] } },
{ "type": "Feature", "properties": { "osm_id": "12137021027", "code": 2721, "fclass": "attraction", "name": "Walk of Stars, Openair" }, "geometry": { "type": "Point", "coordinates": [ 7.7411499, 46.3152958 ] } },
{ "type": "Feature", "properties": { "osm_id": "12137408343", "code": 2721, "fclass": "attraction", "name": "Testa di Cavallo" }, "geometry": { "type": "Point", "coordinates": [ 10.1655894, 46.2758339 ] } },
{ "type": "Feature", "properties": { "osm_id": "12181023610", "code": 2721, "fclass": "attraction", "name": "Fuchs" }, "geometry": { "type": "Point", "coordinates": [ 7.6060374, 47.573459 ] } },
{ "type": "Feature", "properties": { "osm_id": "12182154889", "code": 2721, "fclass": "attraction", "name": "Riesenwald" }, "geometry": { "type": "Point", "coordinates": [ 9.1578072, 46.9240559 ] } },
{ "type": "Feature", "properties": { "osm_id": "12188895004", "code": 2721, "fclass": "attraction", "name": "Pochtechessel" }, "geometry": { "type": "Point", "coordinates": [ 7.5884356, 46.5209003 ] } },
{ "type": "Feature", "properties": { "osm_id": "12194830436", "code": 2721, "fclass": "attraction", "name": "Knotenpunkt" }, "geometry": { "type": "Point", "coordinates": [ 9.6344031, 47.4309757 ] } },
{ "type": "Feature", "properties": { "osm_id": "12228331271", "code": 2721, "fclass": "attraction", "name": "Ponte Romano" }, "geometry": { "type": "Point", "coordinates": [ 8.6899942, 46.1724865 ] } },
{ "type": "Feature", "properties": { "osm_id": "12244280202", "code": 2721, "fclass": "attraction", "name": "Tremplin parapente" }, "geometry": { "type": "Point", "coordinates": [ 6.853514, 47.0536232 ] } },
{ "type": "Feature", "properties": { "osm_id": "12249288425", "code": 2721, "fclass": "attraction", "name": "alte Dampfmaschine" }, "geometry": { "type": "Point", "coordinates": [ 8.2123678, 47.4796278 ] } },
{ "type": "Feature", "properties": { "osm_id": "12254725362", "code": 2721, "fclass": "attraction", "name": "Wasserverteilung (Suon)" }, "geometry": { "type": "Point", "coordinates": [ 7.7690369, 46.294019 ] } },
{ "type": "Feature", "properties": { "osm_id": "12265642680", "code": 2721, "fclass": "attraction", "name": "A1880 Artilleriewerk Waldbrand" }, "geometry": { "type": "Point", "coordinates": [ 7.7515949, 46.6942982 ] } },
{ "type": "Feature", "properties": { "osm_id": "12273456602", "code": 2721, "fclass": "attraction", "name": "Altes Sportflugzeug" }, "geometry": { "type": "Point", "coordinates": [ 7.4755837, 47.466309 ] } },
{ "type": "Feature", "properties": { "osm_id": "12289866879", "code": 2721, "fclass": "attraction", "name": "Cadran Hauteur" }, "geometry": { "type": "Point", "coordinates": [ 6.152365, 46.2207319 ] } },
{ "type": "Feature", "properties": { "osm_id": "12289906025", "code": 2721, "fclass": "attraction", "name": "Globe Gnomonique" }, "geometry": { "type": "Point", "coordinates": [ 6.1524087, 46.2208064 ] } },
{ "type": "Feature", "properties": { "osm_id": "12310170739", "code": 2721, "fclass": "attraction", "name": null }, "geometry": { "type": "Point", "coordinates": [ 7.6312587, 46.2925331 ] } },
{ "type": "Feature", "properties": { "osm_id": "12310170740", "code": 2721, "fclass": "attraction", "name": null }, "geometry": { "type": "Point", "coordinates": [ 7.6345562, 46.2964068 ] } },
{ "type": "Feature", "properties": { "osm_id": "12310170741", "code": 2721, "fclass": "attraction", "name": null }, "geometry": { "type": "Point", "coordinates": [ 7.587067, 46.2999083 ] } },
{ "type": "Feature", "properties": { "osm_id": "12310217752", "code": 2721, "fclass": "attraction", "name": "Skywalk Raiffeisen" }, "geometry": { "type": "Point", "coordinates": [ 8.6537812, 47.0686441 ] } },
{ "type": "Feature", "properties": { "osm_id": "12311572513", "code": 2721, "fclass": "attraction", "name": "Höchster Punkt von Niederlenz 431 m.ü.M" }, "geometry": { "type": "Point", "coordinates": [ 8.1857303, 47.3965421 ] } },
{ "type": "Feature", "properties": { "osm_id": "12312292441", "code": 2721, "fclass": "attraction", "name": null }, "geometry": { "type": "Point", "coordinates": [ 7.5560151, 46.2637582 ] } },
{ "type": "Feature", "properties": { "osm_id": "12312292442", "code": 2721, "fclass": "attraction", "name": "Panoramabrücke Sigriswil" }, "geometry": { "type": "Point", "coordinates": [ 7.7072407, 46.7183907 ] } },
{ "type": "Feature", "properties": { "osm_id": "12312292443", "code": 2721, "fclass": "attraction", "name": "passarelle à farinet" }, "geometry": { "type": "Point", "coordinates": [ 7.1830346, 46.1833775 ] } },
{ "type": "Feature", "properties": { "osm_id": "12312292444", "code": 2721, "fclass": "attraction", "name": "Aspi-Titter-Hängebrücke" }, "geometry": { "type": "Point", "coordinates": [ 8.1385793, 46.4454688 ] } },
{ "type": "Feature", "properties": { "osm_id": "12312292446", "code": 2721, "fclass": "attraction", "name": "Hängebrücke Leiternweide" }, "geometry": { "type": "Point", "coordinates": [ 7.4625669, 46.6728861 ] } },
{ "type": "Feature", "properties": { "osm_id": "12312292447", "code": 2721, "fclass": "attraction", "name": "Goms Bridge" }, "geometry": { "type": "Point", "coordinates": [ 8.1522002, 46.4099501 ] } },
{ "type": "Feature", "properties": { "osm_id": "12318183933", "code": 2721, "fclass": "attraction", "name": null }, "geometry": { "type": "Point", "coordinates": [ 8.989184, 46.4097892 ] } },
{ "type": "Feature", "properties": { "osm_id": "12319299034", "code": 2721, "fclass": "attraction", "name": null }, "geometry": { "type": "Point", "coordinates": [ 7.6184154, 46.3333213 ] } },
{ "type": "Feature", "properties": { "osm_id": "12346872978", "code": 2721, "fclass": "attraction", "name": "Loutre d'Europe" }, "geometry": { "type": "Point", "coordinates": [ 6.8227839, 47.1056508 ] } },
{ "type": "Feature", "properties": { "osm_id": "12348110894", "code": 2721, "fclass": "attraction", "name": "Posten 7" }, "geometry": { "type": "Point", "coordinates": [ 7.3830889, 46.7409604 ] } },
{ "type": "Feature", "properties": { "osm_id": "12348554298", "code": 2721, "fclass": "attraction", "name": "Hugh Erratic boulder of the Rhone glacier" }, "geometry": { "type": "Point", "coordinates": [ 6.0058351, 46.2236442 ] } },
{ "type": "Feature", "properties": { "osm_id": "12393272269", "code": 2721, "fclass": "attraction", "name": null }, "geometry": { "type": "Point", "coordinates": [ 7.4386312, 46.9510823 ] } },
{ "type": "Feature", "properties": { "osm_id": "12436938233", "code": 2721, "fclass": "attraction", "name": "Ruina Caschlatsch Cyberform 2024-2029" }, "geometry": { "type": "Point", "coordinates": [ 8.8543439, 46.6942162 ] } },
{ "type": "Feature", "properties": { "osm_id": "12451095173", "code": 2721, "fclass": "attraction", "name": "Chaos-Platz" }, "geometry": { "type": "Point", "coordinates": [ 7.9102963, 47.3420644 ] } },
{ "type": "Feature", "properties": { "osm_id": "12467213889", "code": 2721, "fclass": "attraction", "name": "Poudingue de Vallorcine, Erratic Boulder" }, "geometry": { "type": "Point", "coordinates": [ 6.1585167, 46.1995794 ] } },
{ "type": "Feature", "properties": { "osm_id": "12467398443", "code": 2721, "fclass": "attraction", "name": "La Pierre-aux-Dames, Erratic Boulder" }, "geometry": { "type": "Point", "coordinates": [ 6.1511898, 46.1992145 ] } },
{ "type": "Feature", "properties": { "osm_id": "12467516299", "code": 2721, "fclass": "attraction", "name": "La Pierre Féline, Erratic Boulder" }, "geometry": { "type": "Point", "coordinates": [ 6.1896005, 46.3641726 ] } },
{ "type": "Feature", "properties": { "osm_id": "12467719011", "code": 2721, "fclass": "attraction", "name": "La Pierre-à-Bochet, Bloc Erratic" }, "geometry": { "type": "Point", "coordinates": [ 6.2120095, 46.1986568 ] } },
{ "type": "Feature", "properties": { "osm_id": "12532258960", "code": 2721, "fclass": "attraction", "name": "Ponte Romano" }, "geometry": { "type": "Point", "coordinates": [ 8.6881089, 46.2495253 ] } },
{ "type": "Feature", "properties": { "osm_id": "12560795795", "code": 2721, "fclass": "attraction", "name": "Modell des Bundeshauses" }, "geometry": { "type": "Point", "coordinates": [ 7.4432984, 46.9461638 ] } },
{ "type": "Feature", "properties": { "osm_id": "12590202101", "code": 2721, "fclass": "attraction", "name": "The Jump Spot" }, "geometry": { "type": "Point", "coordinates": [ 6.6105385, 46.5253554 ] } },
{ "type": "Feature", "properties": { "osm_id": "12603476370", "code": 2721, "fclass": "attraction", "name": "Grande Citadelle de Monthoux" }, "geometry": { "type": "Point", "coordinates": [ 6.3194756, 46.5548242 ] } },
{ "type": "Feature", "properties": { "osm_id": "12629910164", "code": 2721, "fclass": "attraction", "name": "Europäische Wildkatze" }, "geometry": { "type": "Point", "coordinates": [ 7.6063244, 47.573729 ] } },
{ "type": "Feature", "properties": { "osm_id": "12629930436", "code": 2721, "fclass": "attraction", "name": "Wildschwein" }, "geometry": { "type": "Point", "coordinates": [ 7.6059473, 47.5736918 ] } },
{ "type": "Feature", "properties": { "osm_id": "12645570194", "code": 2721, "fclass": "attraction", "name": "800 to Riesenbagger" }, "geometry": { "type": "Point", "coordinates": [ 9.2682812, 47.3905244 ] } },
{ "type": "Feature", "properties": { "osm_id": "12651678063", "code": 2721, "fclass": "attraction", "name": "Damhirsch" }, "geometry": { "type": "Point", "coordinates": [ 8.5280684, 47.2920076 ] } },
{ "type": "Feature", "properties": { "osm_id": "12698994079", "code": 2721, "fclass": "attraction", "name": "Referenzmeter von Rheinfelden" }, "geometry": { "type": "Point", "coordinates": [ 7.7942135, 47.5539348 ] } },
{ "type": "Feature", "properties": { "osm_id": "12741868150", "code": 2721, "fclass": "attraction", "name": "Baum 14'000 Jahre alt" }, "geometry": { "type": "Point", "coordinates": [ 8.7233839, 47.4776412 ] } },
{ "type": "Feature", "properties": { "osm_id": "12771083941", "code": 2721, "fclass": "attraction", "name": "Borne n°1" }, "geometry": { "type": "Point", "coordinates": [ 5.9573447, 46.1285653 ] } },
{ "type": "Feature", "properties": { "osm_id": "12771114501", "code": 2721, "fclass": "attraction", "name": "Kleinstes Haus der Schweiz" }, "geometry": { "type": "Point", "coordinates": [ 8.7327253, 47.4991099 ] } },
{ "type": "Feature", "properties": { "osm_id": "12792046037", "code": 2721, "fclass": "attraction", "name": "Historischer Sturmbock" }, "geometry": { "type": "Point", "coordinates": [ 7.2421882, 46.9029581 ] } },
{ "type": "Feature", "properties": { "osm_id": "12806609678", "code": 2721, "fclass": "attraction", "name": "Atalapaka" }, "geometry": { "type": "Point", "coordinates": [ 8.7307887, 47.4888738 ] } },
{ "type": "Feature", "properties": { "osm_id": "12830399097", "code": 2721, "fclass": "attraction", "name": "Helgenstöckli" }, "geometry": { "type": "Point", "coordinates": [ 7.7000135, 47.3489931 ] } },
{ "type": "Feature", "properties": { "osm_id": "12912119353", "code": 2721, "fclass": "attraction", "name": "Sinnesoase Prau Gaguls" }, "geometry": { "type": "Point", "coordinates": [ 9.3986397, 46.7305216 ] } },
{ "type": "Feature", "properties": { "osm_id": "12914399765", "code": 2721, "fclass": "attraction", "name": "Splüia Bèla" }, "geometry": { "type": "Point", "coordinates": [ 8.5389359, 46.3668805 ] } },
{ "type": "Feature", "properties": { "osm_id": "12956856875", "code": 2721, "fclass": "attraction", "name": "Wolf / Loup" }, "geometry": { "type": "Point", "coordinates": [ 7.2672393, 47.159281 ] } },
{ "type": "Feature", "properties": { "osm_id": "12956856876", "code": 2721, "fclass": "attraction", "name": "Sikahirsch" }, "geometry": { "type": "Point", "coordinates": [ 7.2666917, 47.1590873 ] } },
{ "type": "Feature", "properties": { "osm_id": "12956914017", "code": 2721, "fclass": "attraction", "name": "Alpensteinbock / Bouquetin des Alpes" }, "geometry": { "type": "Point", "coordinates": [ 7.2657759, 47.1566866 ] } },
{ "type": "Feature", "properties": { "osm_id": "12956914018", "code": 2721, "fclass": "attraction", "name": "Uhu / Grand-duc d'Europe" }, "geometry": { "type": "Point", "coordinates": [ 7.2660579, 47.1571373 ] } },
{ "type": "Feature", "properties": { "osm_id": "12965098170", "code": 2721, "fclass": "attraction", "name": "Graue Bergziege / Chèvre grise" }, "geometry": { "type": "Point", "coordinates": [ 7.2659, 47.1570624 ] } },
{ "type": "Feature", "properties": { "osm_id": "12965108624", "code": 2721, "fclass": "attraction", "name": "Insektenhotel / L'hôtel des insectes" }, "geometry": { "type": "Point", "coordinates": [ 7.2682038, 47.1592354 ] } },
{ "type": "Feature", "properties": { "osm_id": "12965108662", "code": 2721, "fclass": "attraction", "name": "Rothirsch / Cerf élaphe" }, "geometry": { "type": "Point", "coordinates": [ 7.267072, 47.1586596 ] } },
{ "type": "Feature", "properties": { "osm_id": "12965108663", "code": 2721, "fclass": "attraction", "name": "Wildschwein / Sanglier" }, "geometry": { "type": "Point", "coordinates": [ 7.2674807, 47.1588416 ] } },
{ "type": "Feature", "properties": { "osm_id": "12968813152", "code": 2721, "fclass": "attraction", "name": "Alpenmurmeltier / Marmotte des Alpes" }, "geometry": { "type": "Point", "coordinates": [ 7.2661425, 47.1576433 ] } },
{ "type": "Feature", "properties": { "osm_id": "12995629201", "code": 2721, "fclass": "attraction", "name": "Woodpeckers" }, "geometry": { "type": "Point", "coordinates": [ 9.3054634, 47.1797948 ] } },
{ "type": "Feature", "properties": { "osm_id": "12995642001", "code": 2721, "fclass": "attraction", "name": "Edaphon" }, "geometry": { "type": "Point", "coordinates": [ 9.3072154, 47.1794803 ] } },
{ "type": "Feature", "properties": { "osm_id": "12995684701", "code": 2721, "fclass": "attraction", "name": "Aeolion" }, "geometry": { "type": "Point", "coordinates": [ 9.3114993, 47.1848515 ] } },
{ "type": "Feature", "properties": { "osm_id": "12995784801", "code": 2721, "fclass": "attraction", "name": "Archive Cabin" }, "geometry": { "type": "Point", "coordinates": [ 9.3136998, 47.1841935 ] } },
{ "type": "Feature", "properties": { "osm_id": "12995804401", "code": 2721, "fclass": "attraction", "name": "Tonträger" }, "geometry": { "type": "Point", "coordinates": [ 9.3187413, 47.1824182 ] } },
{ "type": "Feature", "properties": { "osm_id": "12995830203", "code": 2721, "fclass": "attraction", "name": "Waldweld" }, "geometry": { "type": "Point", "coordinates": [ 9.329177, 47.1798394 ] } },
{ "type": "Feature", "properties": { "osm_id": "12995840301", "code": 2721, "fclass": "attraction", "name": "Röhrophon" }, "geometry": { "type": "Point", "coordinates": [ 9.3292287, 47.179855 ] } },
{ "type": "Feature", "properties": { "osm_id": "12995864901", "code": 2721, "fclass": "attraction", "name": "Tonmühlen" }, "geometry": { "type": "Point", "coordinates": [ 9.332114, 47.1807403 ] } },
{ "type": "Feature", "properties": { "osm_id": "12995894001", "code": 2721, "fclass": "attraction", "name": "Der Baum" }, "geometry": { "type": "Point", "coordinates": [ 9.3414084, 47.1865504 ] } },
{ "type": "Feature", "properties": { "osm_id": "12995911901", "code": 2721, "fclass": "attraction", "name": "Bet(t)ruftrichter" }, "geometry": { "type": "Point", "coordinates": [ 9.346747, 47.1873693 ] } },
{ "type": "Feature", "properties": { "osm_id": "12995990201", "code": 2721, "fclass": "attraction", "name": "Soundride" }, "geometry": { "type": "Point", "coordinates": [ 9.3452902, 47.1922107 ] } },
{ "type": "Feature", "properties": { "osm_id": "12999934875", "code": 2721, "fclass": "attraction", "name": "Windmaschine" }, "geometry": { "type": "Point", "coordinates": [ 8.7650587, 47.5134398 ] } },
{ "type": "Feature", "properties": { "osm_id": "13057622192", "code": 2721, "fclass": "attraction", "name": "Sentier des toboggans" }, "geometry": { "type": "Point", "coordinates": [ 7.1688956, 46.6186974 ] } },
{ "type": "Feature", "properties": { "osm_id": "13058288163", "code": 2721, "fclass": "attraction", "name": "Cave di Arzo" }, "geometry": { "type": "Point", "coordinates": [ 8.9503602, 45.8818196 ] } },
{ "type": "Feature", "properties": { "osm_id": "13063499029", "code": 2721, "fclass": "attraction", "name": "Klettersteig Nagelflueh" }, "geometry": { "type": "Point", "coordinates": [ 8.4064175, 46.8416379 ] } },
{ "type": "Feature", "properties": { "osm_id": "13063562803", "code": 2721, "fclass": "attraction", "name": "Laubfrösche" }, "geometry": { "type": "Point", "coordinates": [ 7.6084275, 47.5735562 ] } },
{ "type": "Feature", "properties": { "osm_id": "13078248019", "code": 2721, "fclass": "attraction", "name": "Rheinfall" }, "geometry": { "type": "Point", "coordinates": [ 8.6148706, 47.6783615 ] } },
{ "type": "Feature", "properties": { "osm_id": "13084035851", "code": 2721, "fclass": "attraction", "name": "Giraffenfütterung" }, "geometry": { "type": "Point", "coordinates": [ 8.5792235, 47.3874219 ] } },
{ "type": "Feature", "properties": { "osm_id": "13084035852", "code": 2721, "fclass": "attraction", "name": "Giraffenfütterung" }, "geometry": { "type": "Point", "coordinates": [ 8.5778233, 47.3891541 ] } },
{ "type": "Feature", "properties": { "osm_id": "13084035853", "code": 2721, "fclass": "attraction", "name": "Kamele hautnah" }, "geometry": { "type": "Point", "coordinates": [ 8.574231, 47.3872729 ] } },
{ "type": "Feature", "properties": { "osm_id": "13084191847", "code": 2721, "fclass": "attraction", "name": "Dschelada" }, "geometry": { "type": "Point", "coordinates": [ 8.5760022, 47.3874173 ] } },
{ "type": "Feature", "properties": { "osm_id": "13084270715", "code": 2721, "fclass": "attraction", "name": "Königspinguin" }, "geometry": { "type": "Point", "coordinates": [ 8.5745209, 47.3851918 ] } },
{ "type": "Feature", "properties": { "osm_id": "13092941106", "code": 2721, "fclass": "attraction", "name": "Faszination Eisenbahn®" }, "geometry": { "type": "Point", "coordinates": [ 8.2333651, 47.3759349 ] } },
{ "type": "Feature", "properties": { "osm_id": "13121725801", "code": 2721, "fclass": "attraction", "name": "Rugelreise Kugelautomat" }, "geometry": { "type": "Point", "coordinates": [ 8.9220451, 47.5272648 ] } },
{ "type": "Feature", "properties": { "osm_id": "13140742301", "code": 2721, "fclass": "attraction", "name": "Circuit Secret" }, "geometry": { "type": "Point", "coordinates": [ 6.8227728, 46.619553 ] } },
{ "type": "Feature", "properties": { "osm_id": "13140761302", "code": 2721, "fclass": "attraction", "name": "Anciennes cabines" }, "geometry": { "type": "Point", "coordinates": [ 7.0387163, 46.5599905 ] } },
{ "type": "Feature", "properties": { "osm_id": "13145047689", "code": 2721, "fclass": "attraction", "name": "Waldkugelbahn" }, "geometry": { "type": "Point", "coordinates": [ 7.8095941, 47.3567326 ] } },
{ "type": "Feature", "properties": { "osm_id": "13146947323", "code": 2721, "fclass": "attraction", "name": "Lok 7 / 1873" }, "geometry": { "type": "Point", "coordinates": [ 8.4720563, 47.0522335 ] } },
{ "type": "Feature", "properties": { "osm_id": "13158551801", "code": 2721, "fclass": "attraction", "name": "Tombe de Gottlieb et Adele Duttweiler." }, "geometry": { "type": "Point", "coordinates": [ 8.5514326, 47.3025255 ] } },
{ "type": "Feature", "properties": { "osm_id": "13173297486", "code": 2721, "fclass": "attraction", "name": null }, "geometry": { "type": "Point", "coordinates": [ 8.9433727, 46.5106083 ] } },
{ "type": "Feature", "properties": { "osm_id": "13193371082", "code": 2721, "fclass": "attraction", "name": "Grösste Eiche" }, "geometry": { "type": "Point", "coordinates": [ 9.2757234, 47.5868267 ] } },
{ "type": "Feature", "properties": { "osm_id": "13234097137", "code": 2721, "fclass": "attraction", "name": null }, "geometry": { "type": "Point", "coordinates": [ 8.6545216, 46.9787196 ] } },
{ "type": "Feature", "properties": { "osm_id": "13289343001", "code": 2721, "fclass": "attraction", "name": null }, "geometry": { "type": "Point", "coordinates": [ 8.8142795, 47.226038 ] } },
{ "type": "Feature", "properties": { "osm_id": "13338831615", "code": 2721, "fclass": "attraction", "name": "Waldren / Eisfuchs" }, "geometry": { "type": "Point", "coordinates": [ 7.4501758, 46.9352638 ] } },
{ "type": "Feature", "properties": { "osm_id": "13338833588", "code": 2721, "fclass": "attraction", "name": "Wolf / Braunbär" }, "geometry": { "type": "Point", "coordinates": [ 7.4507049, 46.9361818 ] } },
{ "type": "Feature", "properties": { "osm_id": "13411057771", "code": 2721, "fclass": "attraction", "name": "Wilde Flamme" }, "geometry": { "type": "Point", "coordinates": [ 8.1478528, 46.8333048 ] } },
{ "type": "Feature", "properties": { "osm_id": "13423378563", "code": 2721, "fclass": "attraction", "name": "Point le plus haut du canton de Neuchâtel" }, "geometry": { "type": "Point", "coordinates": [ 7.0352756, 47.1219048 ] } },
{ "type": "Feature", "properties": { "osm_id": "13431249425", "code": 2721, "fclass": "attraction", "name": null }, "geometry": { "type": "Point", "coordinates": [ 8.9512222, 46.6253788 ] } },
{ "type": "Feature", "properties": { "osm_id": "13432082452", "code": 2721, "fclass": "attraction", "name": "Lewa Airstrip" }, "geometry": { "type": "Point", "coordinates": [ 8.5780446, 47.3876126 ] } },
{ "type": "Feature", "properties": { "osm_id": "13453504005", "code": 2721, "fclass": "attraction", "name": "Cadran Solaire Analemmatique" }, "geometry": { "type": "Point", "coordinates": [ 6.1522701, 46.2206564 ] } },
{ "type": "Feature", "properties": { "osm_id": "13464937409", "code": 2721, "fclass": "attraction", "name": "Petit train du Gryon Parc" }, "geometry": { "type": "Point", "coordinates": [ 7.0709091, 46.2820356 ] } },
{ "type": "Feature", "properties": { "osm_id": "13479390068", "code": 2721, "fclass": "attraction", "name": "Golden Spot" }, "geometry": { "type": "Point", "coordinates": [ 7.7817978, 45.9837792 ] } },
{ "type": "Feature", "properties": { "osm_id": "13509521081", "code": 2721, "fclass": "attraction", "name": "Eisweg Madulain - Zuoz" }, "geometry": { "type": "Point", "coordinates": [ 9.959634, 46.5957049 ] } },
{ "type": "Feature", "properties": { "osm_id": "13605095196", "code": 2721, "fclass": "attraction", "name": null }, "geometry": { "type": "Point", "coordinates": [ 8.595183, 46.9802035 ] } },
{ "type": "Feature", "properties": { "osm_id": "13614873050", "code": 2721, "fclass": "attraction", "name": "Alte Seilbahnkabine" }, "geometry": { "type": "Point", "coordinates": [ 9.4451478, 46.7803348 ] } },
{ "type": "Feature", "properties": { "osm_id": "13713302249", "code": 2721, "fclass": "attraction", "name": "Pony" }, "geometry": { "type": "Point", "coordinates": [ 8.9175951, 47.5613004 ] } },
{ "type": "Feature", "properties": { "osm_id": "13713302250", "code": 2721, "fclass": "attraction", "name": "Hausesel" }, "geometry": { "type": "Point", "coordinates": [ 8.9178798, 47.5613734 ] } },
{ "type": "Feature", "properties": { "osm_id": "13713302251", "code": 2721, "fclass": "attraction", "name": "Zackelschaf" }, "geometry": { "type": "Point", "coordinates": [ 8.9181817, 47.5614629 ] } },
{ "type": "Feature", "properties": { "osm_id": "13713357289", "code": 2721, "fclass": "attraction", "name": "Wellensittich, Nymphensittich" }, "geometry": { "type": "Point", "coordinates": [ 8.9158594, 47.5604204 ] } },
{ "type": "Feature", "properties": { "osm_id": "13713362761", "code": 2721, "fclass": "attraction", "name": "Neuguinea-Edelpapagei" }, "geometry": { "type": "Point", "coordinates": [ 8.916044, 47.5603921 ] } },
{ "type": "Feature", "properties": { "osm_id": "13742527722", "code": 2721, "fclass": "attraction", "name": "Römische Treppe" }, "geometry": { "type": "Point", "coordinates": [ 9.3520193, 47.1015364 ] } },
{ "type": "Feature", "properties": { "osm_id": "13742527723", "code": 2721, "fclass": "attraction", "name": "Römische Zisterne" }, "geometry": { "type": "Point", "coordinates": [ 9.3524538, 47.1014588 ] } },
{ "type": "Feature", "properties": { "osm_id": "13742527724", "code": 2721, "fclass": "attraction", "name": "Römische Zisterne" }, "geometry": { "type": "Point", "coordinates": [ 9.3521386, 47.1015373 ] } },
{ "type": "Feature", "properties": { "osm_id": "13744263608", "code": 2721, "fclass": "attraction", "name": "Rothirsche" }, "geometry": { "type": "Point", "coordinates": [ 7.956759, 47.2818408 ] } },
{ "type": "Feature", "properties": { "osm_id": "13744263609", "code": 2721, "fclass": "attraction", "name": "Axis-Dam-Sika-Hirsche" }, "geometry": { "type": "Point", "coordinates": [ 7.9549285, 47.282072 ] } },
{ "type": "Feature", "properties": { "osm_id": "13744263610", "code": 2721, "fclass": "attraction", "name": "Axis-Dam-Sika-Hirsche" }, "geometry": { "type": "Point", "coordinates": [ 7.953703, 47.28129 ] } },
{ "type": "Feature", "properties": { "osm_id": "13744263612", "code": 2721, "fclass": "attraction", "name": "Wildschweine" }, "geometry": { "type": "Point", "coordinates": [ 7.9582338, 47.2817177 ] } },
{ "type": "Feature", "properties": { "osm_id": "13744263613", "code": 2721, "fclass": "attraction", "name": "Hühner/Truten" }, "geometry": { "type": "Point", "coordinates": [ 7.9583851, 47.2810244 ] } },
{ "type": "Feature", "properties": { "osm_id": "13744263614", "code": 2721, "fclass": "attraction", "name": "Rothirsche" }, "geometry": { "type": "Point", "coordinates": [ 7.9583184, 47.2813942 ] } },
{ "type": "Feature", "properties": { "osm_id": "13923846421", "code": 2721, "fclass": "attraction", "name": "Kalkofen" }, "geometry": { "type": "Point", "coordinates": [ 9.6674309, 46.6859372 ] } },
{ "type": "Feature", "properties": { "osm_id": "13938277504", "code": 2721, "fclass": "attraction", "name": "höchste Ziegenbrücke" }, "geometry": { "type": "Point", "coordinates": [ 7.5969853, 46.8213556 ] } },
{ "type": "Feature", "properties": { "osm_id": "13943067701", "code": 2721, "fclass": "attraction", "name": "Toggenburger Sagenweg" }, "geometry": { "type": "Point", "coordinates": [ 9.3024419, 47.1817055 ] } },
{ "type": "Feature", "properties": { "osm_id": "13955450947", "code": 2721, "fclass": "attraction", "name": "House of Albert Hofmann" }, "geometry": { "type": "Point", "coordinates": [ 7.5662838, 47.5238753 ] } },
{ "type": "Feature", "properties": { "osm_id": "13957873806", "code": 2721, "fclass": "attraction", "name": "Pony" }, "geometry": { "type": "Point", "coordinates": [ 7.7223392, 47.4868073 ] } },
{ "type": "Feature", "properties": { "osm_id": "13960635985", "code": 2721, "fclass": "attraction", "name": "Lama" }, "geometry": { "type": "Point", "coordinates": [ 7.7239508, 47.4872279 ] } },
{ "type": "Feature", "properties": { "osm_id": "13960635986", "code": 2721, "fclass": "attraction", "name": "Walliser Schwarzhalsziege" }, "geometry": { "type": "Point", "coordinates": [ 7.7228809, 47.4867816 ] } },
{ "type": "Feature", "properties": { "osm_id": "13960635987", "code": 2721, "fclass": "attraction", "name": "Spiegelschaf" }, "geometry": { "type": "Point", "coordinates": [ 7.7219175, 47.4859747 ] } },
{ "type": "Feature", "properties": { "osm_id": "13987853404", "code": 2721, "fclass": "attraction", "name": "Terrain de pétanque" }, "geometry": { "type": "Point", "coordinates": [ 6.9039095, 47.180669 ] } },
{ "type": "Feature", "properties": { "osm_id": "14005340403", "code": 2721, "fclass": "attraction", "name": "Bienenschaukasten" }, "geometry": { "type": "Point", "coordinates": [ 9.2161738, 47.2101308 ] } },
{ "type": "Feature", "properties": { "osm_id": "14005434002", "code": 2721, "fclass": "attraction", "name": "Schaukel Bühl" }, "geometry": { "type": "Point", "coordinates": [ 9.2193931, 47.2021288 ] } },
{ "type": "Feature", "properties": { "osm_id": "14015259501", "code": 2721, "fclass": "attraction", "name": "Pont des fées" }, "geometry": { "type": "Point", "coordinates": [ 6.6079028, 46.8879646 ] } }
]
}
