{
  "type": "FeatureCollection",
  "generator": "overpass-turbo",
  "copyright": "The data included in this document is from www.openstreetmap.org. The data is made available under ODbL.",
  "timestamp": "2026-07-22T00:05:11Z",
  "features": [
    {
      "type": "Feature",
      "properties": {
        "@id": "relation/166101",
        "name": "Thierachern-Willerüti",
        "network": "lwn",
        "operator": "Berner Wanderwege",
        "osmc:name": "Thierachern-Willerüti",
        "osmc:symbol": "yellow::yellow_diamond",
        "route": "hiking",
        "sac_scale": "hiking",
        "symbol": "gelber Diamant",
        "type": "route"
      },
      "geometry": {
        "type": "LineString",
        "coordinates": [
          [
            7.5714772,
            46.7659939
          ],
          [
            7.5714936,
            46.7658617
          ],
          [
            7.5715143,
            46.7657282
          ],
          [
            7.5715429,
            46.7656149
          ],
          [
            7.5715792,
            46.7655035
          ],
          [
            7.5716199,
            46.7653879
          ],
          [
            7.5716679,
            46.7652746
          ],
          [
            7.5717189,
            46.7651621
          ],
          [
            7.5717789,
            46.7650504
          ],
          [
            7.5720373,
            46.7646152
          ],
          [
            7.5720634,
            46.7645452
          ],
          [
            7.5720791,
            46.7644896
          ],
          [
            7.5721205,
            46.763928
          ],
          [
            7.5725477,
            46.761251
          ],
          [
            7.5724549,
            46.7609649
          ],
          [
            7.5725002,
            46.7609453
          ],
          [
            7.5726501,
            46.7609483
          ],
          [
            7.5727617,
            46.7609581
          ],
          [
            7.5728857,
            46.760969
          ],
          [
            7.5731328,
            46.7610226
          ],
          [
            7.5732962,
            46.7610793
          ],
          [
            7.5733807,
            46.7610882
          ],
          [
            7.5734356,
            46.7610796
          ],
          [
            7.5734503,
            46.7610661
          ],
          [
            7.5734589,
            46.7610467
          ],
          [
            7.5734569,
            46.7610329
          ],
          [
            7.5734526,
            46.7610035
          ],
          [
            7.5733288,
            46.760756
          ],
          [
            7.5733122,
            46.7604975
          ],
          [
            7.5733186,
            46.7604007
          ],
          [
            7.5733037,
            46.7603623
          ],
          [
            7.5732467,
            46.760323
          ],
          [
            7.5730469,
            46.7602276
          ],
          [
            7.5729655,
            46.7601531
          ],
          [
            7.5729116,
            46.7600736
          ],
          [
            7.5728263,
            46.7598705
          ],
          [
            7.5727422,
            46.759727
          ],
          [
            7.5725713,
            46.7596052
          ],
          [
            7.5723618,
            46.7595174
          ],
          [
            7.5728788,
            46.7589398
          ],
          [
            7.5729136,
            46.7589345
          ],
          [
            7.5729426,
            46.7589301
          ],
          [
            7.5729732,
            46.7589243
          ],
          [
            7.5731184,
            46.7588861
          ],
          [
            7.5732675,
            46.7588374
          ],
          [
            7.573323,
            46.7588017
          ],
          [
            7.5733437,
            46.7587599
          ],
          [
            7.5733408,
            46.7587032
          ],
          [
            7.5733082,
            46.7586466
          ],
          [
            7.5732264,
            46.758533
          ],
          [
            7.5731965,
            46.7584339
          ],
          [
            7.5732138,
            46.7583125
          ],
          [
            7.5732319,
            46.7580983
          ],
          [
            7.57322,
            46.7578663
          ],
          [
            7.5731516,
            46.7576818
          ],
          [
            7.5730993,
            46.7575175
          ],
          [
            7.5730585,
            46.757337
          ],
          [
            7.5730606,
            46.7571572
          ],
          [
            7.5731251,
            46.7567198
          ],
          [
            7.5730995,
            46.7565288
          ],
          [
            7.5730296,
            46.7562883
          ],
          [
            7.5730047,
            46.7561197
          ],
          [
            7.5729916,
            46.7557783
          ],
          [
            7.5728373,
            46.7553413
          ],
          [
            7.572784,
            46.7550719
          ],
          [
            7.572779,
            46.7549031
          ],
          [
            7.5727845,
            46.7548545
          ],
          [
            7.5727988,
            46.7547283
          ],
          [
            7.5728366,
            46.7545491
          ],
          [
            7.5729461,
            46.7541686
          ],
          [
            7.5730502,
            46.7537672
          ]
        ]
      },
      "id": "relation/166101"
    },
    {
      "type": "Feature",
      "properties": {
        "@id": "relation/167427",
        "name": "Obertschappina-Bruneir",
        "network": "lwn",
        "note": "Obertschappina-Bruneir",
        "operator": "BAW",
        "osmc:name": "Obertschappina-Bruneir",
        "osmc:symbol": "red:white:red_bar",
        "route": "hiking",
        "sac_scale": "mountain_hiking",
        "symbol": "weiss-rot-weiss",
        "type": "route"
      },
      "geometry": {
        "type": "LineString",
        "coordinates": [
          [
            9.3715042,
            46.6864315
          ],
          [
            9.3715048,
            46.6865563
          ],
          [
            9.3714836,
            46.6865965
          ],
          [
            9.3714345,
            46.6866299
          ],
          [
            9.3714128,
            46.6866543
          ],
          [
            9.3714065,
            46.6866755
          ],
          [
            9.3714234,
            46.6867015
          ],
          [
            9.3714927,
            46.6867435
          ],
          [
            9.3715554,
            46.6867758
          ],
          [
            9.3714998,
            46.6868042
          ],
          [
            9.3714318,
            46.6868239
          ],
          [
            9.3713018,
            46.6868245
          ],
          [
            9.3711401,
            46.6868702
          ],
          [
            9.3710998,
            46.6869102
          ],
          [
            9.3710698,
            46.6869257
          ],
          [
            9.3709381,
            46.6870633
          ],
          [
            9.370829,
            46.6871275
          ],
          [
            9.3707921,
            46.6871357
          ],
          [
            9.370642,
            46.6873035
          ],
          [
            9.3703421,
            46.6874337
          ],
          [
            9.3701431,
            46.6875816
          ],
          [
            9.3697397,
            46.6877616
          ],
          [
            9.3693639,
            46.6879561
          ],
          [
            9.3692702,
            46.6880089
          ],
          [
            9.3692333,
            46.6880788
          ],
          [
            9.369148,
            46.6881321
          ],
          [
            9.3684027,
            46.6884073
          ]
        ]
      },
      "id": "relation/167427"
    },
    {
      "type": "Feature",
      "properties": {
        "@id": "relation/167428",
        "name": "Bruneir-Ober Gmeind",
        "network": "lwn",
        "note": "Bruneir-Ober Gmeind",
        "operator": "BAW",
        "osmc:name": "Bruneir-Ober Gmeind",
        "osmc:symbol": "red:white:red_bar",
        "route": "hiking",
        "sac_scale": "mountain_hiking",
        "symbol": "weiss-rot-weiss",
        "type": "route"
      },
      "geometry": {
        "type": "LineString",
        "coordinates": [
          [
            9.3684027,
            46.6884073
          ],
          [
            9.3683799,
            46.6884316
          ],
          [
            9.3682266,
            46.6884428
          ],
          [
            9.3676812,
            46.6885012
          ],
          [
            9.3675034,
            46.6885017
          ],
          [
            9.3672144,
            46.6885254
          ],
          [
            9.3671191,
            46.6885272
          ],
          [
            9.3670279,
            46.6885103
          ],
          [
            9.3668963,
            46.6884987
          ],
          [
            9.3668051,
            46.6884987
          ],
          [
            9.3667146,
            46.6885175
          ],
          [
            9.366581,
            46.6885586
          ],
          [
            9.3665257,
            46.6885723
          ],
          [
            9.366407,
            46.6885803
          ],
          [
            9.3662429,
            46.6886104
          ],
          [
            9.3660253,
            46.6887706
          ],
          [
            9.3658001,
            46.6888681
          ],
          [
            9.3653764,
            46.6888983
          ],
          [
            9.3651407,
            46.6889463
          ],
          [
            9.3651377,
            46.6890358
          ],
          [
            9.365103,
            46.689077
          ],
          [
            9.3650117,
            46.6891149
          ],
          [
            9.3648885,
            46.68911
          ],
          [
            9.3648427,
            46.6891195
          ],
          [
            9.3644848,
            46.6893798
          ],
          [
            9.364218,
            46.6893993
          ],
          [
            9.3634602,
            46.6896853
          ],
          [
            9.3631834,
            46.6897898
          ],
          [
            9.3626302,
            46.6898549
          ],
          [
            9.3622413,
            46.6898678
          ],
          [
            9.3622025,
            46.6898867
          ],
          [
            9.3621693,
            46.6898891
          ],
          [
            9.3620493,
            46.6898522
          ],
          [
            9.3620199,
            46.689854
          ],
          [
            9.3619799,
            46.6898918
          ],
          [
            9.3617778,
            46.690011
          ],
          [
            9.3617075,
            46.6900688
          ],
          [
            9.3617117,
            46.6901938
          ],
          [
            9.3616117,
            46.6902854
          ],
          [
            9.3614243,
            46.6902646
          ],
          [
            9.3613868,
            46.6903062
          ],
          [
            9.3613118,
            46.690427
          ],
          [
            9.3612535,
            46.6904603
          ],
          [
            9.3610411,
            46.6905103
          ],
          [
            9.360835,
            46.6906704
          ],
          [
            9.3607835,
            46.6906908
          ],
          [
            9.3607346,
            46.6907266
          ],
          [
            9.3607064,
            46.6907669
          ],
          [
            9.3606607,
            46.6909085
          ],
          [
            9.3605417,
            46.6910886
          ],
          [
            9.3603206,
            46.691414
          ],
          [
            9.3601624,
            46.6915265
          ],
          [
            9.3601374,
            46.6916473
          ],
          [
            9.3598982,
            46.6918447
          ]
        ]
      },
      "id": "relation/167428"
    },
    {
      "type": "Feature",
      "properties": {
        "@id": "relation/167434",
        "name": "Bischolapass-Rüti(Safien)",
        "network": "lwn",
        "note": "Bischolapass-Rüti(Safien)",
        "operator": "BAW",
        "osmc:name": "Bischolapass-Rüti(Safien)",
        "osmc:symbol": "red:white:red_bar",
        "route": "hiking",
        "sac_scale": "mountain_hiking",
        "symbol": "weiss-rot-weiss",
        "type": "route"
      },
      "geometry": {
        "type": "LineString",
        "coordinates": [
          [
            9.3583106,
            46.707024
          ],
          [
            9.3581993,
            46.7070557
          ],
          [
            9.3581488,
            46.707194
          ],
          [
            9.3580231,
            46.7073217
          ],
          [
            9.3574505,
            46.7077186
          ],
          [
            9.356546,
            46.7081416
          ],
          [
            9.3553096,
            46.7089745
          ],
          [
            9.3546413,
            46.709347
          ],
          [
            9.3544649,
            46.7094909
          ],
          [
            9.3544149,
            46.7095505
          ],
          [
            9.354288,
            46.7095474
          ],
          [
            9.3542806,
            46.7094647
          ],
          [
            9.354245,
            46.7090275
          ],
          [
            9.3541354,
            46.7088605
          ],
          [
            9.3538659,
            46.7089173
          ],
          [
            9.3537815,
            46.7088775
          ],
          [
            9.3538452,
            46.7085975
          ],
          [
            9.3535342,
            46.7086259
          ],
          [
            9.3528189,
            46.7087467
          ],
          [
            9.3524768,
            46.7092585
          ],
          [
            9.352212,
            46.7096123
          ],
          [
            9.3520624,
            46.7098205
          ],
          [
            9.3520233,
            46.710276
          ],
          [
            9.3522311,
            46.7112321
          ],
          [
            9.3521166,
            46.7112595
          ],
          [
            9.3514958,
            46.7106367
          ],
          [
            9.3513732,
            46.7104821
          ],
          [
            9.3512453,
            46.7103435
          ],
          [
            9.3512133,
            46.7103195
          ],
          [
            9.3511253,
            46.7103195
          ],
          [
            9.3509282,
            46.7098796
          ],
          [
            9.3509366,
            46.7098088
          ],
          [
            9.3510074,
            46.7097671
          ],
          [
            9.3509699,
            46.7096755
          ],
          [
            9.351024,
            46.7096005
          ],
          [
            9.3511583,
            46.7093832
          ],
          [
            9.3511432,
            46.7092171
          ],
          [
            9.3510351,
            46.7090992
          ],
          [
            9.3508034,
            46.7090728
          ],
          [
            9.35072,
            46.7090633
          ],
          [
            9.3505161,
            46.7091359
          ],
          [
            9.3502661,
            46.7091965
          ],
          [
            9.350139,
            46.7093085
          ],
          [
            9.3497621,
            46.7096297
          ],
          [
            9.3495392,
            46.7098166
          ],
          [
            9.349279,
            46.71016
          ],
          [
            9.3490105,
            46.7105973
          ],
          [
            9.3486603,
            46.7108851
          ],
          [
            9.3484008,
            46.7109658
          ],
          [
            9.3480538,
            46.7111631
          ],
          [
            9.347888,
            46.7111062
          ],
          [
            9.3475732,
            46.7110961
          ],
          [
            9.3471362,
            46.7113158
          ],
          [
            9.3461357,
            46.7113321
          ],
          [
            9.3458185,
            46.7114297
          ],
          [
            9.3455094,
            46.7114459
          ],
          [
            9.3444275,
            46.7112345
          ],
          [
            9.3433375,
            46.7112182
          ],
          [
            9.3430528,
            46.711145
          ],
          [
            9.3428007,
            46.7108603
          ],
          [
            9.3425078,
            46.7110555
          ],
          [
            9.3421987,
            46.7109986
          ],
          [
            9.3413446,
            46.7112751
          ],
          [
            9.3408872,
            46.7112314
          ],
          [
            9.3403324,
            46.7112085
          ],
          [
            9.3398889,
            46.7111247
          ],
          [
            9.3393445,
            46.7110617
          ],
          [
            9.3393193,
            46.7110664
          ],
          [
            9.339205,
            46.7110741
          ],
          [
            9.3383306,
            46.710342
          ],
          [
            9.3382735,
            46.7104201
          ],
          [
            9.3382944,
            46.7105294
          ],
          [
            9.3382579,
            46.7106647
          ],
          [
            9.3381642,
            46.7106908
          ],
          [
            9.3379872,
            46.7106075
          ],
          [
            9.3379039,
            46.7105034
          ],
          [
            9.3377634,
            46.7105658
          ],
          [
            9.3377373,
            46.7104565
          ],
          [
            9.3377738,
            46.7101546
          ],
          [
            9.337477,
            46.7099359
          ],
          [
            9.3374041,
            46.7097901
          ],
          [
            9.3370085,
            46.7095767
          ],
          [
            9.336717,
            46.7091811
          ],
          [
            9.3366961,
            46.7090093
          ],
          [
            9.3360766,
            46.7087073
          ],
          [
            9.3358372,
            46.7084835
          ],
          [
            9.3358372,
            46.7086813
          ],
          [
            9.3354103,
            46.7084731
          ],
          [
            9.3352749,
            46.7082596
          ],
          [
            9.3341713,
            46.707359
          ],
          [
            9.3342546,
            46.7075048
          ],
          [
            9.3342233,
            46.7076557
          ],
          [
            9.3344212,
            46.7079577
          ],
          [
            9.3344732,
            46.708067
          ],
          [
            9.3344628,
            46.7081451
          ],
          [
            9.3344003,
            46.7082752
          ],
          [
            9.3345097,
            46.7086761
          ],
          [
            9.334494,
            46.7089624
          ],
          [
            9.334416,
            46.7089364
          ],
          [
            9.3344055,
            46.7088635
          ],
          [
            9.3341973,
            46.7087125
          ],
          [
            9.333937,
            46.7084574
          ],
          [
            9.3339214,
            46.7083846
          ],
          [
            9.3336507,
            46.7082284
          ],
          [
            9.3331926,
            46.7077494
          ],
          [
            9.3330052,
            46.7076349
          ],
          [
            9.332469,
            46.7068644
          ],
          [
            9.3324117,
            46.7067603
          ],
          [
            9.3323857,
            46.7068748
          ],
          [
            9.3325627,
            46.7071299
          ],
          [
            9.3325418,
            46.707208
          ],
          [
            9.3327501,
            46.7075308
          ],
          [
            9.3325835,
            46.7074006
          ],
          [
            9.3324273,
            46.707385
          ],
          [
            9.3322659,
            46.7072601
          ],
          [
            9.3321358,
            46.7073486
          ],
          [
            9.3321566,
            46.7074215
          ],
          [
            9.3320212,
            46.707385
          ],
          [
            9.3317766,
            46.7071664
          ],
          [
            9.3317141,
            46.7071976
          ],
          [
            9.3317557,
            46.7072861
          ],
          [
            9.3316985,
            46.7073173
          ],
          [
            9.3313809,
            46.7070883
          ],
          [
            9.3313809,
            46.7070362
          ],
          [
            9.3317453,
            46.7067968
          ],
          [
            9.3315527,
            46.7063595
          ],
          [
            9.3310946,
            46.7060783
          ],
          [
            9.3313445,
            46.7054849
          ],
          [
            9.330954,
            46.7052454
          ],
          [
            9.3311883,
            46.7050996
          ],
          [
            9.3308447,
            46.7050736
          ],
          [
            9.3305104,
            46.7048161
          ],
          [
            9.3304416,
            46.7047145
          ],
          [
            9.3300483,
            46.703947
          ],
          [
            9.3298537,
            46.7036578
          ],
          [
            9.3296103,
            46.7034557
          ],
          [
            9.3291839,
            46.7030061
          ],
          [
            9.3285754,
            46.7027119
          ],
          [
            9.3282931,
            46.7024994
          ],
          [
            9.3282038,
            46.7024922
          ],
          [
            9.3281547,
            46.7025604
          ],
          [
            9.3281478,
            46.7028256
          ],
          [
            9.3282291,
            46.7031407
          ],
          [
            9.3283287,
            46.7033255
          ],
          [
            9.3288625,
            46.7037228
          ],
          [
            9.3291428,
            46.7041283
          ],
          [
            9.3290877,
            46.7041751
          ],
          [
            9.3289641,
            46.7042581
          ],
          [
            9.3289064,
            46.7042968
          ],
          [
            9.3288401,
            46.7043304
          ],
          [
            9.3287763,
            46.7043627
          ],
          [
            9.3287063,
            46.7043591
          ],
          [
            9.3285978,
            46.7043495
          ],
          [
            9.3278433,
            46.7041951
          ],
          [
            9.3273447,
            46.7040826
          ],
          [
            9.3271394,
            46.7040469
          ],
          [
            9.3271043,
            46.7040417
          ],
          [
            9.3269853,
            46.7040382
          ],
          [
            9.3268801,
            46.7040477
          ],
          [
            9.3267875,
            46.7040827
          ],
          [
            9.3266874,
            46.7041376
          ],
          [
            9.326585,
            46.7041944
          ],
          [
            9.326313,
            46.7042877
          ],
          [
            9.3259,
            46.7044849
          ],
          [
            9.3258198,
            46.7045168
          ],
          [
            9.3257424,
            46.7045266
          ],
          [
            9.3256791,
            46.7045238
          ],
          [
            9.3256242,
            46.7045043
          ],
          [
            9.3255874,
            46.7044706
          ],
          [
            9.3255403,
            46.7043667
          ],
          [
            9.3255098,
            46.7043238
          ],
          [
            9.3254631,
            46.7042751
          ],
          [
            9.32541,
            46.7042499
          ],
          [
            9.3253552,
            46.704235
          ],
          [
            9.325273,
            46.7042392
          ],
          [
            9.325196,
            46.7042582
          ],
          [
            9.3250176,
            46.7043321
          ],
          [
            9.3249492,
            46.7043538
          ],
          [
            9.3248956,
            46.7043636
          ],
          [
            9.3248067,
            46.704363
          ],
          [
            9.3247545,
            46.7043579
          ],
          [
            9.3247143,
            46.7043405
          ],
          [
            9.3246621,
            46.7043165
          ],
          [
            9.3246069,
            46.704272
          ],
          [
            9.3245461,
            46.7041808
          ],
          [
            9.324491,
            46.7040861
          ]
        ]
      },
      "id": "relation/167434"
    },
    {
      "type": "Feature",
      "properties": {
        "@id": "relation/167860",
        "name": "- Lüschalp",
        "network": "lwn",
        "note": "NN Wegweiser - Lüschalp",
        "osmc:name": "- Lüschalp",
        "osmc:symbol": "red:white:red_bar",
        "route": "hiking",
        "sac_scale": "mountain_hiking",
        "symbol": "weiss-rot-weiss",
        "type": "route"
      },
      "geometry": {
        "type": "LineString",
        "coordinates": [
          [
            9.3558201,
            46.6961986
          ],
          [
            9.3555577,
            46.6968394
          ],
          [
            9.3555681,
            46.6969279
          ],
          [
            9.3557035,
            46.6969904
          ],
          [
            9.3557106,
            46.6970377
          ],
          [
            9.3557705,
            46.6970943
          ],
          [
            9.3558039,
            46.6971909
          ],
          [
            9.3558011,
            46.6972298
          ],
          [
            9.3557872,
            46.6974242
          ],
          [
            9.3558105,
            46.6975541
          ],
          [
            9.3556839,
            46.6979173
          ],
          [
            9.3557539,
            46.6980805
          ],
          [
            9.3557306,
            46.6983038
          ],
          [
            9.3557805,
            46.6983837
          ],
          [
            9.3560526,
            46.6985147
          ]
        ]
      },
      "id": "relation/167860"
    },
    {
      "type": "Feature",
      "properties": {
        "@id": "relation/167861",
        "name": "Lüschalp - Bischolapass",
        "network": "lwn",
        "note": "Lüschalp - Bischolapass",
        "operator": "BAW",
        "osmc:name": "Lüschalp - Bischolapass",
        "osmc:symbol": "red:white:red_bar",
        "route": "hiking",
        "sac_scale": "hiking",
        "symbol": "weiss-rot-weiss",
        "type": "route"
      },
      "geometry": {
        "type": "LineString",
        "coordinates": [
          [
            9.3560526,
            46.6985147
          ],
          [
            9.3560887,
            46.6985816
          ],
          [
            9.3563243,
            46.6990849
          ],
          [
            9.3562328,
            46.6993798
          ],
          [
            9.3569039,
            46.7001627
          ],
          [
            9.3569445,
            46.7006507
          ],
          [
            9.3572216,
            46.7009498
          ],
          [
            9.3572699,
            46.701088
          ],
          [
            9.3571276,
            46.7015455
          ],
          [
            9.3571683,
            46.7017449
          ],
          [
            9.3571457,
            46.7019231
          ],
          [
            9.3572633,
            46.7021739
          ],
          [
            9.3575953,
            46.7024809
          ],
          [
            9.3576258,
            46.7027758
          ],
          [
            9.3578698,
            46.7030808
          ],
          [
            9.3579181,
            46.7034285
          ],
          [
            9.3578276,
            46.7037542
          ],
          [
            9.3579207,
            46.7040976
          ],
          [
            9.3579153,
            46.7041555
          ],
          [
            9.3578698,
            46.7042095
          ],
          [
            9.3576899,
            46.7043169
          ],
          [
            9.3576293,
            46.7044274
          ],
          [
            9.3576258,
            46.704789
          ],
          [
            9.357817,
            46.705431
          ],
          [
            9.3578004,
            46.70552
          ],
          [
            9.3577655,
            46.7056107
          ],
          [
            9.3576949,
            46.7056891
          ],
          [
            9.3576787,
            46.7057327
          ],
          [
            9.3579507,
            46.7060664
          ],
          [
            9.3580467,
            46.7061337
          ],
          [
            9.3582197,
            46.7062409
          ],
          [
            9.3583481,
            46.7063389
          ],
          [
            9.3585155,
            46.7065472
          ],
          [
            9.358665,
            46.7067233
          ]
        ]
      },
      "id": "relation/167861"
    },
    {
      "type": "Feature",
      "properties": {
        "@id": "relation/167939",
        "name": "Beim Wald - NN Wegweiser",
        "network": "lwn",
        "note": "Beim Wald - NN Wegweiser",
        "operator": "Berner Wanderwege",
        "osmc:name": "Beim Wald - NN Wegweiser",
        "osmc:symbol": "yellow::yellow_diamond",
        "route": "hiking",
        "sac_scale": "hiking",
        "symbol": "gelber Rhombus",
        "type": "route"
      },
      "geometry": {
        "type": "MultiLineString",
        "coordinates": [
          [
            [
              7.5538444,
              46.7442519
            ],
            [
              7.5534263,
              46.744791
            ],
            [
              7.5534049,
              46.7449006
            ],
            [
              7.5533836,
              46.7449943
            ],
            [
              7.5533836,
              46.7450825
            ],
            [
              7.5533882,
              46.7451707
            ],
            [
              7.5533929,
              46.7452627
            ],
            [
              7.5533809,
              46.7453637
            ],
            [
              7.5533406,
              46.745463
            ],
            [
              7.5532402,
              46.7456624
            ],
            [
              7.5527612,
              46.746812
            ],
            [
              7.5522485,
              46.7472799
            ],
            [
              7.5522195,
              46.7473829
            ],
            [
              7.551983,
              46.7474547
            ],
            [
              7.5516874,
              46.7474046
            ],
            [
              7.5514039,
              46.7474383
            ],
            [
              7.5511053,
              46.747556
            ],
            [
              7.5507194,
              46.747822
            ],
            [
              7.5505466,
              46.7479082
            ],
            [
              7.5500345,
              46.748045
            ],
            [
              7.5497341,
              46.7480814
            ],
            [
              7.5495045,
              46.7481692
            ],
            [
              7.5488627,
              46.7484965
            ],
            [
              7.5483899,
              46.7486828
            ],
            [
              7.5480616,
              46.7488709
            ],
            [
              7.5479552,
              46.7489957
            ],
            [
              7.5478773,
              46.7490519
            ],
            [
              7.5477927,
              46.7490887
            ],
            [
              7.5475756,
              46.7491407
            ],
            [
              7.5470304,
              46.749189
            ],
            [
              7.546871,
              46.749227
            ],
            [
              7.5466475,
              46.7493073
            ],
            [
              7.5460228,
              46.7496392
            ],
            [
              7.545737,
              46.7498744
            ],
            [
              7.5455701,
              46.7500694
            ],
            [
              7.5455242,
              46.7501626
            ],
            [
              7.5453543,
              46.750122
            ],
            [
              7.5452905,
              46.7501034
            ],
            [
              7.5451841,
              46.750066
            ],
            [
              7.5451324,
              46.7500424
            ],
            [
              7.5450679,
              46.7500076
            ],
            [
              7.5450261,
              46.7499817
            ],
            [
              7.5449876,
              46.7499524
            ],
            [
              7.5449358,
              46.7499029
            ],
            [
              7.544883,
              46.7498485
            ],
            [
              7.54488,
              46.7498449
            ],
            [
              7.5448326,
              46.7498752
            ],
            [
              7.5446357,
              46.7499468
            ],
            [
              7.5445443,
              46.7500139
            ],
            [
              7.5444769,
              46.7500734
            ],
            [
              7.5443644,
              46.7501825
            ],
            [
              7.5441164,
              46.7504796
            ],
            [
              7.5440397,
              46.7505523
            ],
            [
              7.5439724,
              46.7506043
            ],
            [
              7.5437129,
              46.750814
            ],
            [
              7.5435925,
              46.7509353
            ],
            [
              7.5435173,
              46.7510306
            ],
            [
              7.5434374,
              46.7511201
            ],
            [
              7.5433799,
              46.7511691
            ],
            [
              7.5433129,
              46.7512142
            ],
            [
              7.5426056,
              46.7516236
            ],
            [
              7.5422884,
              46.7518068
            ],
            [
              7.5421055,
              46.7519132
            ],
            [
              7.5418545,
              46.7520583
            ],
            [
              7.5416598,
              46.7521707
            ],
            [
              7.5413992,
              46.7523215
            ],
            [
              7.5410694,
              46.7525076
            ],
            [
              7.5409941,
              46.7525548
            ],
            [
              7.540924,
              46.7526067
            ],
            [
              7.5408334,
              46.7526802
            ],
            [
              7.5407507,
              46.7527387
            ],
            [
              7.5406801,
              46.7527804
            ],
            [
              7.5405995,
              46.7528169
            ],
            [
              7.5404821,
              46.7528616
            ],
            [
              7.5401927,
              46.7529516
            ],
            [
              7.5400929,
              46.7529811
            ],
            [
              7.5397941,
              46.7530595
            ],
            [
              7.5396889,
              46.7530953
            ],
            [
              7.5395917,
              46.7531328
            ],
            [
              7.5394371,
              46.7531938
            ],
            [
              7.5392712,
              46.7532437
            ],
            [
              7.5391438,
              46.7532728
            ],
            [
              7.5389955,
              46.7533009
            ],
            [
              7.5388377,
              46.7533227
            ],
            [
              7.5381202,
              46.7534061
            ],
            [
              7.537821,
              46.7534525
            ],
            [
              7.5376877,
              46.7534804
            ],
            [
              7.5375562,
              46.7535159
            ],
            [
              7.5374661,
              46.7535504
            ],
            [
              7.5373507,
              46.7536023
            ],
            [
              7.5372829,
              46.7536493
            ],
            [
              7.5372326,
              46.7536992
            ],
            [
              7.5371979,
              46.7537465
            ],
            [
              7.5371746,
              46.7538055
            ],
            [
              7.5371576,
              46.7538713
            ],
            [
              7.5371184,
              46.7539492
            ],
            [
              7.5370806,
              46.7539987
            ],
            [
              7.5370399,
              46.754042
            ],
            [
              7.5369503,
              46.754129
            ],
            [
              7.5366432,
              46.7543915
            ],
            [
              7.5365803,
              46.7544553
            ],
            [
              7.5365678,
              46.7544942
            ],
            [
              7.5364254,
              46.7546618
            ],
            [
              7.5363304,
              46.7547094
            ],
            [
              7.536283,
              46.7547719
            ],
            [
              7.5362805,
              46.7548444
            ],
            [
              7.536324,
              46.7548878
            ],
            [
              7.5363726,
              46.7549456
            ],
            [
              7.5367061,
              46.7553321
            ],
            [
              7.5370369,
              46.7556787
            ],
            [
              7.537679,
              46.7562253
            ],
            [
              7.5380617,
              46.7564741
            ],
            [
              7.5384768,
              46.7567185
            ],
            [
              7.5391939,
              46.757169
            ],
            [
              7.5393808,
              46.757317
            ],
            [
              7.5394218,
              46.7573525
            ],
            [
              7.5394601,
              46.7573877
            ],
            [
              7.5395172,
              46.7574509
            ],
            [
              7.5395533,
              46.7575006
            ],
            [
              7.5395819,
              46.7575516
            ],
            [
              7.5396097,
              46.7576291
            ],
            [
              7.5396249,
              46.7577056
            ],
            [
              7.5396507,
              46.7578679
            ],
            [
              7.5396758,
              46.7579714
            ],
            [
              7.5397141,
              46.7580718
            ],
            [
              7.5398087,
              46.7582877
            ],
            [
              7.5398218,
              46.7583287
            ],
            [
              7.539828,
              46.7583672
            ],
            [
              7.5398296,
              46.7584032
            ],
            [
              7.5398223,
              46.7584448
            ],
            [
              7.5398039,
              46.7584848
            ],
            [
              7.5397746,
              46.7585208
            ],
            [
              7.5397385,
              46.7585511
            ],
            [
              7.5396964,
              46.7585767
            ],
            [
              7.539648,
              46.7585941
            ],
            [
              7.5395902,
              46.7586027
            ],
            [
              7.5395755,
              46.7586705
            ],
            [
              7.5395401,
              46.7587558
            ],
            [
              7.5396962,
              46.7588015
            ],
            [
              7.5398336,
              46.7588358
            ],
            [
              7.5400118,
              46.7588566
            ],
            [
              7.53989,
              46.759327
            ],
            [
              7.539508,
              46.760095
            ],
            [
              7.5394598,
              46.7602327
            ],
            [
              7.5394878,
              46.7603671
            ],
            [
              7.5401551,
              46.7610183
            ],
            [
              7.540218,
              46.7611482
            ],
            [
              7.5402107,
              46.7612594
            ],
            [
              7.540079,
              46.7613859
            ],
            [
              7.5398278,
              46.761465
            ],
            [
              7.5393888,
              46.7615906
            ],
            [
              7.5392686,
              46.7616309
            ],
            [
              7.538954,
              46.7617791
            ],
            [
              7.5385084,
              46.7621127
            ]
          ],
          [
            [
              7.5400118,
              46.7588566
            ],
            [
              7.5398336,
              46.7588358
            ],
            [
              7.5396962,
              46.7588015
            ],
            [
              7.5395401,
              46.7587558
            ]
          ]
        ]
      },
      "id": "relation/167939"
    },
    {
      "type": "Feature",
      "properties": {
        "@id": "relation/167940",
        "name": "NN Wegweiser - Geistsee",
        "network": "lwn",
        "note": "NN Wegweiser - Geistsee",
        "operator": "Berner Wanderwege",
        "osmc:name": "NN Wegweiser - Geistsee",
        "osmc:symbol": "yellow::yellow_diamond",
        "route": "hiking",
        "sac_scale": "hiking",
        "symbol": "gelber Rhombus",
        "type": "route"
      },
      "geometry": {
        "type": "LineString",
        "coordinates": [
          [
            7.5385084,
            46.7621127
          ],
          [
            7.5380695,
            46.7621749
          ],
          [
            7.5377666,
            46.7622418
          ],
          [
            7.5375796,
            46.7622769
          ],
          [
            7.53722,
            46.7622968
          ],
          [
            7.5368491,
            46.7625385
          ],
          [
            7.5367983,
            46.7625921
          ]
        ]
      },
      "id": "relation/167940"
    },
    {
      "type": "Feature",
      "properties": {
        "@id": "relation/167941",
        "name": "Geistsee - NN Wegweiser",
        "network": "lwn",
        "note": "Geistsee - NN Wegweiser",
        "operator": "Berner Wanderwege",
        "osmc:name": "Geistsee - NN Wegweiser",
        "osmc:symbol": "yellow::yellow_diamond",
        "route": "hiking",
        "sac_scale": "hiking",
        "symbol": "gelber Rhombus",
        "type": "route"
      },
      "geometry": {
        "type": "LineString",
        "coordinates": [
          [
            7.5367983,
            46.7625921
          ],
          [
            7.5364882,
            46.7625399
          ],
          [
            7.5360614,
            46.7625156
          ],
          [
            7.535773,
            46.762473
          ],
          [
            7.5353783,
            46.762354
          ],
          [
            7.5350543,
            46.7622994
          ],
          [
            7.5337834,
            46.7622246
          ],
          [
            7.5335434,
            46.7622283
          ],
          [
            7.5330641,
            46.7623095
          ],
          [
            7.5329562,
            46.7623199
          ],
          [
            7.5328311,
            46.7623729
          ]
        ]
      },
      "id": "relation/167941"
    },
    {
      "type": "Feature",
      "properties": {
        "@id": "relation/173119",
        "name": "Thierachern Kirche - Thierachern Kirche",
        "network": "lwn",
        "note": "WW Thierachern Kirche - namensloser WW neben Thierachern Kirche",
        "operator": "Berner Wanderwege",
        "osmc:name": "Thierachern Kirche - Thierachern Kirche",
        "osmc:symbol": "yellow::yellow_diamond",
        "route": "hiking",
        "sac_scale": "hiking",
        "symbol": "gelber Diamant",
        "type": "route"
      },
      "geometry": {
        "type": "LineString",
        "coordinates": [
          [
            7.5740612,
            46.7537996
          ],
          [
            7.5739548,
            46.7538273
          ],
          [
            7.5738803,
            46.7538332
          ],
          [
            7.5736688,
            46.7538272
          ],
          [
            7.5734266,
            46.753819
          ],
          [
            7.573301,
            46.7538058
          ],
          [
            7.5730502,
            46.7537672
          ]
        ]
      },
      "id": "relation/173119"
    },
    {
      "type": "Feature",
      "properties": {
        "@id": "relation/1534875",
        "description": "Percorso (Dascio, Codera, Frasnedo, Rif. Omio, San Martino, Rif. Scotti, Rif. Bosio) in 5 siti di importanza comunitaria (Pian di Spagna, Val Codera, Valle dei Ratti, Valle di Mello, Bagni di Masino). Escursionisti esperti con passaggi attrezzati.",
        "fixme": "inserito solo la parte iniziale da Dascio",
        "name": "Sentiero Life delle Alpi Retiche – Dal cigno alla pernice bianca",
        "network": "lwn",
        "operator": "Ersaf Regione Lombardia",
        "osmc:symbol": "yellow:blue:yellow_circle",
        "route": "hiking",
        "sac_scale": "demanding_mountain_hiking",
        "symbol": "Quadrato a sfondo blu, con scritta \"Life\" in giallo circondata da 12 stelle gialle disposte a cerchio",
        "type": "route"
      },
      "geometry": {
        "type": "LineString",
        "coordinates": [
          [
            9.4289246,
            46.2187728
          ],
          [
            9.4293336,
            46.2186338
          ],
          [
            9.4309248,
            46.2179089
          ],
          [
            9.4314583,
            46.2175742
          ],
          [
            9.4322677,
            46.217135
          ],
          [
            9.4332242,
            46.2167818
          ],
          [
            9.4338221,
            46.2166386
          ],
          [
            9.4343464,
            46.2165845
          ],
          [
            9.4346729,
            46.2164986
          ],
          [
            9.4348839,
            46.216362
          ],
          [
            9.4352983,
            46.2162727
          ],
          [
            9.4359974,
            46.2162568
          ],
          [
            9.4364251,
            46.2161677
          ],
          [
            9.4365129,
            46.2162009
          ],
          [
            9.4372023,
            46.2159672
          ],
          [
            9.4378921,
            46.2156362
          ],
          [
            9.4381542,
            46.2156044
          ],
          [
            9.4385589,
            46.2154421
          ],
          [
            9.4388395,
            46.215248
          ],
          [
            9.4393086,
            46.2150316
          ],
          [
            9.4397038,
            46.2147859
          ],
          [
            9.4398733,
            46.2145415
          ],
          [
            9.4398963,
            46.2145091
          ],
          [
            9.4399887,
            46.2143786
          ],
          [
            9.4399383,
            46.2143277
          ],
          [
            9.4399177,
            46.2142706
          ],
          [
            9.4398589,
            46.2142686
          ],
          [
            9.439853,
            46.2142034
          ],
          [
            9.439694,
            46.2141912
          ],
          [
            9.4394439,
            46.2142808
          ],
          [
            9.4392879,
            46.214348
          ],
          [
            9.4392349,
            46.2144132
          ],
          [
            9.43902,
            46.21457
          ],
          [
            9.4388581,
            46.2146311
          ],
          [
            9.4388228,
            46.2145883
          ],
          [
            9.4385962,
            46.2145272
          ],
          [
            9.4386698,
            46.2144356
          ],
          [
            9.4385049,
            46.2143847
          ],
          [
            9.4385138,
            46.2143358
          ],
          [
            9.438552,
            46.2142543
          ],
          [
            9.4384873,
            46.2141566
          ],
          [
            9.4383166,
            46.2141545
          ],
          [
            9.4380164,
            46.2140792
          ],
          [
            9.4379192,
            46.2139325
          ],
          [
            9.4379001,
            46.2138256
          ],
          [
            9.4378869,
            46.2138633
          ],
          [
            9.4378221,
            46.2139387
          ],
          [
            9.4376867,
            46.2140222
          ],
          [
            9.4374218,
            46.2143016
          ],
          [
            9.437224,
            46.2143733
          ],
          [
            9.4364258,
            46.2145769
          ],
          [
            9.4356629,
            46.2147122
          ],
          [
            9.4352155,
            46.2147806
          ],
          [
            9.4351479,
            46.2147252
          ],
          [
            9.4353062,
            46.2145936
          ],
          [
            9.4355358,
            46.2144694
          ],
          [
            9.4356388,
            46.2143166
          ],
          [
            9.4356094,
            46.2142494
          ],
          [
            9.4356212,
            46.2141944
          ],
          [
            9.4356977,
            46.2141802
          ],
          [
            9.4358125,
            46.2140743
          ],
          [
            9.4360833,
            46.2139806
          ],
          [
            9.436148,
            46.2138747
          ],
          [
            9.4360833,
            46.2136649
          ],
          [
            9.4359596,
            46.2136262
          ],
          [
            9.4359273,
            46.2135916
          ],
          [
            9.4359861,
            46.2134898
          ],
          [
            9.4358949,
            46.2132555
          ],
          [
            9.4357095,
            46.2130559
          ],
          [
            9.4356866,
            46.2130033
          ],
          [
            9.4356771,
            46.2129602
          ],
          [
            9.435683,
            46.2128808
          ],
          [
            9.435839,
            46.2125834
          ],
          [
            9.4358066,
            46.2124775
          ],
          [
            9.4357183,
            46.2123736
          ],
          [
            9.43558,
            46.2123309
          ],
          [
            9.4353887,
            46.2123594
          ],
          [
            9.4352121,
            46.2123533
          ],
          [
            9.4350973,
            46.2123003
          ],
          [
            9.4350031,
            46.2121985
          ],
          [
            9.4348971,
            46.2121842
          ],
          [
            9.4348383,
            46.2121516
          ],
          [
            9.4348088,
            46.2120213
          ],
          [
            9.4345586,
            46.2117973
          ],
          [
            9.4344321,
            46.2118013
          ],
          [
            9.4341407,
            46.2116852
          ],
          [
            9.433967,
            46.2115875
          ],
          [
            9.4336963,
            46.2113756
          ],
          [
            9.4337551,
            46.211227
          ],
          [
            9.4336904,
            46.211117
          ],
          [
            9.4336963,
            46.2110131
          ],
          [
            9.433608,
            46.2109052
          ],
          [
            9.4335167,
            46.2108828
          ],
          [
            9.4334049,
            46.2108196
          ],
          [
            9.433396,
            46.2107015
          ],
          [
            9.4332136,
            46.2104591
          ],
          [
            9.4330542,
            46.2102991
          ],
          [
            9.4328986,
            46.2102289
          ],
          [
            9.4327602,
            46.2101867
          ],
          [
            9.4325631,
            46.2101617
          ],
          [
            9.4323924,
            46.2101923
          ],
          [
            9.4318915,
            46.2100648
          ],
          [
            9.4317125,
            46.2100192
          ],
          [
            9.4315182,
            46.2100151
          ],
          [
            9.4312268,
            46.2099275
          ],
          [
            9.4309826,
            46.2099479
          ],
          [
            9.4306617,
            46.2098827
          ],
          [
            9.4304881,
            46.2099173
          ],
          [
            9.4302968,
            46.2098684
          ],
          [
            9.4301172,
            46.2097034
          ],
          [
            9.4297575,
            46.2094216
          ],
          [
            9.4295331,
            46.2094478
          ],
          [
            9.4295043,
            46.209329
          ],
          [
            9.4292342,
            46.2092553
          ],
          [
            9.4288163,
            46.208958
          ],
          [
            9.4286721,
            46.2086463
          ],
          [
            9.4285602,
            46.2084712
          ],
          [
            9.4283954,
            46.2083958
          ],
          [
            9.4282422,
            46.20815
          ],
          [
            9.4280922,
            46.2080292
          ],
          [
            9.4279274,
            46.2079192
          ],
          [
            9.4272387,
            46.207577
          ],
          [
            9.4270003,
            46.2074303
          ],
          [
            9.4269561,
            46.2073285
          ],
          [
            9.4271033,
            46.2072246
          ],
          [
            9.4271681,
            46.2070739
          ],
          [
            9.4271239,
            46.2068376
          ],
          [
            9.4267913,
            46.2063406
          ],
          [
            9.4267737,
            46.2062367
          ],
          [
            9.4267589,
            46.2059821
          ],
          [
            9.4267343,
            46.2059185
          ],
          [
            9.4267089,
            46.2058476
          ],
          [
            9.4266795,
            46.2057234
          ],
          [
            9.4265647,
            46.2055319
          ],
          [
            9.4264528,
            46.2054463
          ],
          [
            9.4263704,
            46.2052936
          ],
          [
            9.4264322,
            46.2051612
          ],
          [
            9.4262829,
            46.2049649
          ],
          [
            9.4259859,
            46.2045741
          ],
          [
            9.4259816,
            46.2044193
          ],
          [
            9.4258767,
            46.2042576
          ],
          [
            9.4256788,
            46.2040612
          ],
          [
            9.425561,
            46.2039736
          ],
          [
            9.4254874,
            46.2038921
          ],
          [
            9.4254231,
            46.2037922
          ],
          [
            9.4253425,
            46.2036416
          ],
          [
            9.4251818,
            46.2033143
          ],
          [
            9.4251343,
            46.2031614
          ],
          [
            9.4250371,
            46.2029874
          ],
          [
            9.4248745,
            46.2026763
          ],
          [
            9.4247767,
            46.2024804
          ],
          [
            9.4247386,
            46.2023524
          ],
          [
            9.4244161,
            46.2022773
          ],
          [
            9.4241147,
            46.2021991
          ],
          [
            9.423958,
            46.2021063
          ],
          [
            9.4238902,
            46.2020093
          ],
          [
            9.4239414,
            46.2019216
          ],
          [
            9.423964,
            46.2019154
          ],
          [
            9.4239972,
            46.2019394
          ],
          [
            9.4241238,
            46.2019498
          ],
          [
            9.4241825,
            46.2018977
          ],
          [
            9.4241433,
            46.2018778
          ],
          [
            9.4241117,
            46.201881
          ],
          [
            9.424068,
            46.2019123
          ],
          [
            9.4240333,
            46.2019112
          ],
          [
            9.4240364,
            46.2018747
          ],
          [
            9.4241005,
            46.2018483
          ],
          [
            9.4240888,
            46.2017858
          ],
          [
            9.4240273,
            46.2017951
          ],
          [
            9.4240302,
            46.2017758
          ],
          [
            9.4241404,
            46.2017353
          ],
          [
            9.4241536,
            46.2017204
          ],
          [
            9.424162,
            46.2016976
          ],
          [
            9.4242297,
            46.201624
          ],
          [
            9.4240609,
            46.2015199
          ],
          [
            9.424076,
            46.2014531
          ],
          [
            9.4241457,
            46.2014223
          ],
          [
            9.4241368,
            46.2013884
          ],
          [
            9.4240876,
            46.2013449
          ],
          [
            9.4240868,
            46.2013222
          ],
          [
            9.4240643,
            46.2012969
          ],
          [
            9.4239648,
            46.2012442
          ],
          [
            9.4238925,
            46.2012009
          ],
          [
            9.4237389,
            46.2011628
          ],
          [
            9.4236708,
            46.2011301
          ],
          [
            9.4235848,
            46.2010786
          ],
          [
            9.4235706,
            46.2010587
          ],
          [
            9.4235425,
            46.2010343
          ],
          [
            9.423541,
            46.2010023
          ],
          [
            9.4234904,
            46.2009568
          ],
          [
            9.423326,
            46.2008707
          ],
          [
            9.4232679,
            46.2008762
          ],
          [
            9.4232138,
            46.2008914
          ],
          [
            9.4231867,
            46.2008817
          ],
          [
            9.4231572,
            46.200881
          ],
          [
            9.4231465,
            46.2008687
          ],
          [
            9.4231312,
            46.2008416
          ],
          [
            9.4231178,
            46.2008275
          ],
          [
            9.4231284,
            46.2007925
          ],
          [
            9.4231196,
            46.2007778
          ],
          [
            9.4230055,
            46.2007149
          ],
          [
            9.422942,
            46.2006723
          ],
          [
            9.4228813,
            46.2006614
          ],
          [
            9.4228139,
            46.2006342
          ],
          [
            9.422755,
            46.2005626
          ],
          [
            9.4227197,
            46.2005464
          ],
          [
            9.4226891,
            46.2005172
          ],
          [
            9.4226375,
            46.2005127
          ],
          [
            9.4225691,
            46.2004863
          ],
          [
            9.4224537,
            46.2003862
          ],
          [
            9.4224283,
            46.2002805
          ],
          [
            9.4223519,
            46.2002151
          ],
          [
            9.4222698,
            46.2000867
          ],
          [
            9.4221713,
            46.1999888
          ],
          [
            9.4221024,
            46.1999357
          ],
          [
            9.4219856,
            46.1998947
          ],
          [
            9.4217696,
            46.1996829
          ],
          [
            9.4217851,
            46.1996071
          ],
          [
            9.4217576,
            46.1995887
          ],
          [
            9.4217127,
            46.1995243
          ],
          [
            9.4217402,
            46.1994219
          ],
          [
            9.421811,
            46.1992941
          ],
          [
            9.4218352,
            46.1992421
          ],
          [
            9.4218428,
            46.1992086
          ],
          [
            9.4218295,
            46.1991605
          ],
          [
            9.4218899,
            46.1991097
          ],
          [
            9.4219604,
            46.1990647
          ],
          [
            9.4220108,
            46.1990396
          ],
          [
            9.4220594,
            46.1989581
          ],
          [
            9.4222215,
            46.1987936
          ],
          [
            9.4221145,
            46.1987094
          ],
          [
            9.4221578,
            46.1986641
          ],
          [
            9.4223207,
            46.1985881
          ],
          [
            9.422389,
            46.19858
          ],
          [
            9.4225256,
            46.1985295
          ],
          [
            9.4225915,
            46.1984333
          ],
          [
            9.4226766,
            46.1983986
          ],
          [
            9.4226523,
            46.1983475
          ],
          [
            9.4227342,
            46.1983252
          ],
          [
            9.4229842,
            46.1982996
          ],
          [
            9.4230087,
            46.1982809
          ],
          [
            9.4229205,
            46.1982603
          ],
          [
            9.4229003,
            46.1982291
          ],
          [
            9.4229079,
            46.198133
          ],
          [
            9.4228109,
            46.1981098
          ],
          [
            9.422657,
            46.1980915
          ],
          [
            9.4226298,
            46.1980469
          ],
          [
            9.4226025,
            46.1979978
          ],
          [
            9.4226517,
            46.1979239
          ],
          [
            9.4227557,
            46.1978808
          ],
          [
            9.4228322,
            46.1978693
          ],
          [
            9.4229535,
            46.1978627
          ],
          [
            9.4230275,
            46.1978054
          ],
          [
            9.4230474,
            46.1977211
          ],
          [
            9.4230214,
            46.1976701
          ],
          [
            9.4229934,
            46.1976075
          ],
          [
            9.4229796,
            46.1975484
          ],
          [
            9.4227987,
            46.1974598
          ],
          [
            9.4227142,
            46.1973514
          ],
          [
            9.4225417,
            46.1971919
          ],
          [
            9.4225797,
            46.1971692
          ],
          [
            9.4225172,
            46.1970137
          ],
          [
            9.4224639,
            46.1968659
          ],
          [
            9.4224135,
            46.1966303
          ],
          [
            9.4224147,
            46.196293
          ],
          [
            9.4224151,
            46.1961737
          ],
          [
            9.4224195,
            46.1960481
          ],
          [
            9.4224218,
            46.1959
          ],
          [
            9.4223913,
            46.1957825
          ],
          [
            9.4223343,
            46.1956329
          ],
          [
            9.4222576,
            46.19549
          ],
          [
            9.4222314,
            46.1952913
          ],
          [
            9.4221868,
            46.195183
          ],
          [
            9.4221357,
            46.1950852
          ],
          [
            9.4221217,
            46.1950035
          ],
          [
            9.421975,
            46.1944836
          ],
          [
            9.421947,
            46.1944049
          ],
          [
            9.4219433,
            46.1942963
          ],
          [
            9.4219486,
            46.1942386
          ],
          [
            9.4219574,
            46.1941957
          ],
          [
            9.4219703,
            46.1941515
          ],
          [
            9.4219696,
            46.1941073
          ],
          [
            9.4219751,
            46.1940352
          ],
          [
            9.4219884,
            46.1939847
          ],
          [
            9.4219892,
            46.1939378
          ],
          [
            9.4220163,
            46.1938842
          ],
          [
            9.4220426,
            46.1937689
          ],
          [
            9.4220588,
            46.1937141
          ],
          [
            9.4220722,
            46.1936499
          ],
          [
            9.4221294,
            46.1935343
          ],
          [
            9.4221258,
            46.1935193
          ],
          [
            9.4221283,
            46.1934889
          ],
          [
            9.4221373,
            46.1934721
          ],
          [
            9.422145,
            46.1934553
          ],
          [
            9.4221869,
            46.1933874
          ],
          [
            9.422231,
            46.1933022
          ],
          [
            9.4222472,
            46.1932669
          ],
          [
            9.422259,
            46.1932332
          ],
          [
            9.422276,
            46.193172
          ],
          [
            9.4223061,
            46.1930452
          ],
          [
            9.4223089,
            46.1930109
          ],
          [
            9.4223047,
            46.1929535
          ],
          [
            9.4223286,
            46.1928764
          ],
          [
            9.422359,
            46.1928171
          ],
          [
            9.4224056,
            46.192769
          ],
          [
            9.4224388,
            46.192719
          ],
          [
            9.422448,
            46.1926503
          ],
          [
            9.4224401,
            46.1926182
          ],
          [
            9.4224561,
            46.1925391
          ],
          [
            9.4225027,
            46.1924928
          ],
          [
            9.4225353,
            46.1924402
          ],
          [
            9.4225516,
            46.1923689
          ],
          [
            9.4225297,
            46.1922715
          ],
          [
            9.422477,
            46.1921991
          ],
          [
            9.4224455,
            46.1921081
          ],
          [
            9.4224209,
            46.1920097
          ],
          [
            9.4223791,
            46.1919112
          ],
          [
            9.4223381,
            46.1918401
          ],
          [
            9.4222786,
            46.1917587
          ],
          [
            9.4221856,
            46.1916539
          ],
          [
            9.4221289,
            46.1915153
          ],
          [
            9.4220809,
            46.1914579
          ],
          [
            9.4220424,
            46.1914086
          ],
          [
            9.4220109,
            46.1913215
          ],
          [
            9.4219635,
            46.191195
          ],
          [
            9.421899,
            46.1910445
          ],
          [
            9.4218145,
            46.1909211
          ],
          [
            9.4217213,
            46.1908041
          ],
          [
            9.4216514,
            46.1907455
          ],
          [
            9.4215996,
            46.1906974
          ],
          [
            9.4213974,
            46.1905887
          ],
          [
            9.4212675,
            46.1905859
          ],
          [
            9.4211742,
            46.1905708
          ],
          [
            9.4210339,
            46.1905444
          ],
          [
            9.420946,
            46.1905334
          ],
          [
            9.4208598,
            46.19053
          ],
          [
            9.4204361,
            46.1905402
          ],
          [
            9.4203527,
            46.1905376
          ],
          [
            9.4202046,
            46.1905255
          ],
          [
            9.4201088,
            46.1905142
          ],
          [
            9.4200587,
            46.1905024
          ],
          [
            9.420006,
            46.1904758
          ],
          [
            9.4199712,
            46.1904337
          ],
          [
            9.4199329,
            46.1904107
          ],
          [
            9.4198872,
            46.190399
          ],
          [
            9.4198296,
            46.1904107
          ],
          [
            9.4197828,
            46.1904242
          ],
          [
            9.4197251,
            46.1904244
          ],
          [
            9.4196042,
            46.1904048
          ],
          [
            9.4193669,
            46.1903704
          ],
          [
            9.419135,
            46.1903079
          ],
          [
            9.4190651,
            46.1902861
          ],
          [
            9.4190217,
            46.1902629
          ],
          [
            9.4189524,
            46.1901851
          ],
          [
            9.418886,
            46.1901191
          ],
          [
            9.4188654,
            46.1900769
          ],
          [
            9.4188166,
            46.1899772
          ],
          [
            9.4187739,
            46.1899196
          ],
          [
            9.4187425,
            46.1898819
          ],
          [
            9.4186509,
            46.1897474
          ],
          [
            9.418506,
            46.1896332
          ],
          [
            9.4184081,
            46.1895702
          ],
          [
            9.4182407,
            46.1894661
          ],
          [
            9.4181791,
            46.1894291
          ],
          [
            9.4181521,
            46.1894083
          ],
          [
            9.4180661,
            46.1893398
          ],
          [
            9.4180264,
            46.1893186
          ],
          [
            9.4179538,
            46.189297
          ],
          [
            9.4178082,
            46.1892751
          ],
          [
            9.4176343,
            46.18924
          ],
          [
            9.417606,
            46.1892269
          ],
          [
            9.4174445,
            46.1891953
          ],
          [
            9.4172938,
            46.1891304
          ],
          [
            9.4170245,
            46.1889872
          ],
          [
            9.4168138,
            46.1887778
          ],
          [
            9.4166427,
            46.1886782
          ],
          [
            9.4165332,
            46.188621
          ],
          [
            9.4163805,
            46.188534
          ],
          [
            9.4163071,
            46.1884925
          ],
          [
            9.4162924,
            46.1884777
          ],
          [
            9.4163291,
            46.1884416
          ],
          [
            9.4163569,
            46.1884388
          ],
          [
            9.4164095,
            46.1884391
          ],
          [
            9.4171039,
            46.1877783
          ],
          [
            9.4171222,
            46.1877893
          ],
          [
            9.4171813,
            46.1878165
          ],
          [
            9.4172719,
            46.1878097
          ],
          [
            9.4174137,
            46.1877184
          ],
          [
            9.4174944,
            46.1877156
          ],
          [
            9.4176171,
            46.18766
          ],
          [
            9.4177406,
            46.1876379
          ],
          [
            9.4179139,
            46.1874835
          ]
        ]
      },
      "id": "relation/1534875"
    },
    {
      "type": "Feature",
      "properties": {
        "@id": "relation/1739498",
        "description": "Nur bei absoluter Tritt- und Schwindelfreiheit zu begehen!",
        "name": "Fründenhütte",
        "network": "lwn",
        "note": "Nur bei absoluter Tritt- und Schwindelfreiheit zu begehen!",
        "note:de": "Alpinwanderweg T4: Schwindelfreiheit und Trittsicherheit erforderlich. Ohne entsprechende Kenntnisse wird von einer Begehung abgeraten!",
        "operator": "Berner Wanderwege",
        "osmc:name": "Fründenhütte",
        "osmc:symbol": "blue:white:blue_bar",
        "route": "hiking",
        "sac_scale": "alpine_hiking",
        "symbol": "weiss-blau-weiss",
        "type": "route"
      },
      "geometry": {
        "type": "LineString",
        "coordinates": [
          [
            7.7427865,
            46.4833374
          ],
          [
            7.7427562,
            46.4833342
          ],
          [
            7.7427217,
            46.4833331
          ],
          [
            7.7427012,
            46.4833338
          ],
          [
            7.7426807,
            46.4833417
          ],
          [
            7.7426697,
            46.4833492
          ],
          [
            7.742651,
            46.4833894
          ],
          [
            7.7426378,
            46.4834244
          ],
          [
            7.7426215,
            46.4834434
          ],
          [
            7.7425979,
            46.4834533
          ],
          [
            7.7425624,
            46.4834641
          ],
          [
            7.7424925,
            46.4835101
          ],
          [
            7.742455,
            46.4835296
          ],
          [
            7.7424313,
            46.4835456
          ],
          [
            7.7424126,
            46.4835473
          ],
          [
            7.7423991,
            46.4835412
          ],
          [
            7.7423969,
            46.4835348
          ],
          [
            7.742429,
            46.48349
          ],
          [
            7.7424236,
            46.4834466
          ],
          [
            7.7424062,
            46.4834245
          ],
          [
            7.7423847,
            46.4834143
          ],
          [
            7.7423673,
            46.4834162
          ],
          [
            7.7423575,
            46.4834234
          ],
          [
            7.7423381,
            46.483441
          ],
          [
            7.7422843,
            46.4834906
          ],
          [
            7.7422412,
            46.4835191
          ],
          [
            7.7421936,
            46.4835337
          ],
          [
            7.7421463,
            46.4835366
          ],
          [
            7.7420621,
            46.4835699
          ],
          [
            7.7420339,
            46.4836137
          ],
          [
            7.74203,
            46.4836697
          ],
          [
            7.7420186,
            46.4836983
          ],
          [
            7.7420307,
            46.483726
          ],
          [
            7.7419823,
            46.4837647
          ],
          [
            7.7420099,
            46.4837879
          ],
          [
            7.742028,
            46.48381
          ],
          [
            7.7420119,
            46.4838373
          ],
          [
            7.7419867,
            46.4838592
          ],
          [
            7.7419004,
            46.4839166
          ],
          [
            7.7418501,
            46.4839481
          ],
          [
            7.741803,
            46.4839652
          ],
          [
            7.7416838,
            46.4839644
          ],
          [
            7.7417473,
            46.4840151
          ],
          [
            7.7417876,
            46.4840559
          ],
          [
            7.7417948,
            46.4840903
          ],
          [
            7.741802,
            46.484112
          ],
          [
            7.741794,
            46.4841295
          ],
          [
            7.7417949,
            46.4841601
          ],
          [
            7.741823,
            46.4841808
          ],
          [
            7.741839,
            46.4841728
          ],
          [
            7.7418651,
            46.4841466
          ],
          [
            7.7419341,
            46.4841
          ],
          [
            7.7419957,
            46.4840781
          ],
          [
            7.7420649,
            46.484073
          ],
          [
            7.7421065,
            46.48406
          ],
          [
            7.7421236,
            46.4840601
          ],
          [
            7.7421293,
            46.484069
          ],
          [
            7.7420823,
            46.4841425
          ],
          [
            7.7420555,
            46.4841688
          ],
          [
            7.7420487,
            46.4841822
          ],
          [
            7.7420837,
            46.4841794
          ],
          [
            7.7421273,
            46.4841605
          ],
          [
            7.7421755,
            46.4841489
          ],
          [
            7.7422269,
            46.48414
          ],
          [
            7.7422768,
            46.4841244
          ],
          [
            7.7423211,
            46.4841234
          ],
          [
            7.742361,
            46.4841104
          ],
          [
            7.742428,
            46.4840768
          ],
          [
            7.7424753,
            46.484064
          ],
          [
            7.7425072,
            46.4840597
          ],
          [
            7.7425068,
            46.4840681
          ],
          [
            7.7424712,
            46.4841263
          ],
          [
            7.7424484,
            46.484184
          ],
          [
            7.7424193,
            46.4842418
          ],
          [
            7.7424223,
            46.4842552
          ],
          [
            7.7424787,
            46.4842618
          ],
          [
            7.7424721,
            46.4842701
          ],
          [
            7.7424543,
            46.4842788
          ],
          [
            7.7424562,
            46.4842895
          ],
          [
            7.7424761,
            46.4842965
          ],
          [
            7.7425004,
            46.4842919
          ],
          [
            7.7425209,
            46.4842777
          ],
          [
            7.7425524,
            46.484263
          ],
          [
            7.7425732,
            46.4842311
          ],
          [
            7.7425946,
            46.4842209
          ],
          [
            7.7426107,
            46.4842274
          ],
          [
            7.7426134,
            46.484238
          ],
          [
            7.742598,
            46.4842902
          ],
          [
            7.7426,
            46.4843151
          ],
          [
            7.7426174,
            46.4843161
          ],
          [
            7.7426335,
            46.4843077
          ],
          [
            7.742659,
            46.4842763
          ],
          [
            7.7426885,
            46.4842468
          ],
          [
            7.7427019,
            46.4842385
          ],
          [
            7.7427086,
            46.4842865
          ],
          [
            7.742708,
            46.4843234
          ],
          [
            7.7427321,
            46.4843304
          ],
          [
            7.7427656,
            46.4843299
          ],
          [
            7.7428038,
            46.4843207
          ],
          [
            7.7428628,
            46.4843318
          ],
          [
            7.7428964,
            46.4843438
          ],
          [
            7.7429145,
            46.4843576
          ],
          [
            7.7429916,
            46.4843835
          ],
          [
            7.7429527,
            46.4843853
          ],
          [
            7.7429165,
            46.4843959
          ],
          [
            7.7428582,
            46.4843973
          ],
          [
            7.7428152,
            46.4844019
          ],
          [
            7.7427723,
            46.484401
          ],
          [
            7.742775,
            46.4844135
          ],
          [
            7.742712,
            46.4844624
          ],
          [
            7.7427173,
            46.4844795
          ],
          [
            7.7426389,
            46.4845275
          ],
          [
            7.7425873,
            46.4845529
          ],
          [
            7.7424974,
            46.4845728
          ],
          [
            7.7423485,
            46.484588
          ],
          [
            7.7423123,
            46.4845802
          ],
          [
            7.7422748,
            46.4845585
          ],
          [
            7.7422332,
            46.4845428
          ],
          [
            7.742199,
            46.484534
          ],
          [
            7.7421965,
            46.4845372
          ],
          [
            7.7422253,
            46.484554
          ],
          [
            7.7422469,
            46.4845721
          ],
          [
            7.7422865,
            46.4845977
          ],
          [
            7.742317,
            46.4846129
          ],
          [
            7.7423489,
            46.4846332
          ],
          [
            7.7423868,
            46.4846531
          ],
          [
            7.7424424,
            46.4846882
          ],
          [
            7.7424555,
            46.4847065
          ],
          [
            7.7423036,
            46.4848106
          ],
          [
            7.7422231,
            46.4848242
          ],
          [
            7.7420551,
            46.4848207
          ],
          [
            7.7421199,
            46.4848524
          ],
          [
            7.7422423,
            46.4849029
          ],
          [
            7.7424126,
            46.4849265
          ],
          [
            7.7423631,
            46.4849829
          ],
          [
            7.7422356,
            46.4850367
          ],
          [
            7.7421544,
            46.4850612
          ],
          [
            7.741964,
            46.4850239
          ],
          [
            7.7420674,
            46.4851916
          ],
          [
            7.7420039,
            46.4851994
          ],
          [
            7.7419093,
            46.4852044
          ],
          [
            7.7418527,
            46.4851931
          ],
          [
            7.7416536,
            46.4851597
          ],
          [
            7.7415638,
            46.4851524
          ],
          [
            7.741474,
            46.4851692
          ],
          [
            7.741431,
            46.485182
          ],
          [
            7.7412359,
            46.4851707
          ],
          [
            7.7413663,
            46.4852461
          ],
          [
            7.7413597,
            46.4852653
          ],
          [
            7.7413097,
            46.4852762
          ],
          [
            7.7410779,
            46.4852629
          ],
          [
            7.7409184,
            46.4852804
          ],
          [
            7.741121,
            46.4854414
          ],
          [
            7.7413868,
            46.4856644
          ],
          [
            7.7411481,
            46.4856612
          ],
          [
            7.7413572,
            46.4858343
          ],
          [
            7.7411396,
            46.485839
          ],
          [
            7.7412542,
            46.4859519
          ],
          [
            7.7410899,
            46.4859719
          ],
          [
            7.7409841,
            46.4859623
          ],
          [
            7.7406555,
            46.4859377
          ],
          [
            7.7406068,
            46.4859504
          ],
          [
            7.7406045,
            46.4859681
          ],
          [
            7.7407855,
            46.4862033
          ],
          [
            7.7404186,
            46.4861935
          ],
          [
            7.740231,
            46.4861595
          ],
          [
            7.7403201,
            46.4863572
          ],
          [
            7.7400726,
            46.4863316
          ],
          [
            7.7401375,
            46.4864868
          ],
          [
            7.7400389,
            46.4864957
          ],
          [
            7.7400896,
            46.4865458
          ],
          [
            7.7399906,
            46.4865092
          ],
          [
            7.7399025,
            46.4864676
          ],
          [
            7.7398204,
            46.4864125
          ],
          [
            7.7398081,
            46.4863828
          ],
          [
            7.7398299,
            46.486342
          ],
          [
            7.7398782,
            46.486318
          ],
          [
            7.7399379,
            46.4862792
          ],
          [
            7.7400016,
            46.4862275
          ],
          [
            7.7400512,
            46.4861739
          ],
          [
            7.7400653,
            46.4861527
          ],
          [
            7.7400727,
            46.4861213
          ],
          [
            7.7400566,
            46.4860992
          ],
          [
            7.7400452,
            46.4860534
          ],
          [
            7.7400405,
            46.4860105
          ],
          [
            7.7400311,
            46.4859703
          ],
          [
            7.7400056,
            46.4859579
          ],
          [
            7.7399748,
            46.4859251
          ],
          [
            7.739954,
            46.485944
          ],
          [
            7.7399594,
            46.4859708
          ],
          [
            7.7399238,
            46.4860516
          ],
          [
            7.739901,
            46.4860128
          ],
          [
            7.7398749,
            46.4859842
          ],
          [
            7.7398547,
            46.4860171
          ],
          [
            7.7397797,
            46.4861047
          ],
          [
            7.7397635,
            46.4861612
          ],
          [
            7.7397388,
            46.4861401
          ],
          [
            7.7397166,
            46.486083
          ],
          [
            7.739674,
            46.486011
          ],
          [
            7.7396087,
            46.4858827
          ],
          [
            7.7395354,
            46.4858133
          ],
          [
            7.7395133,
            46.4858312
          ],
          [
            7.7394093,
            46.4861472
          ],
          [
            7.7392661,
            46.486013
          ],
          [
            7.7391845,
            46.4860827
          ],
          [
            7.7391706,
            46.486328
          ],
          [
            7.7390968,
            46.4862969
          ],
          [
            7.7390594,
            46.4864095
          ],
          [
            7.7389845,
            46.4863982
          ],
          [
            7.7388454,
            46.486245
          ],
          [
            7.7386221,
            46.4861528
          ],
          [
            7.7383448,
            46.4860813
          ],
          [
            7.7381866,
            46.4860719
          ],
          [
            7.7380704,
            46.4859933
          ],
          [
            7.7377989,
            46.4858981
          ],
          [
            7.7379271,
            46.4861575
          ],
          [
            7.7374389,
            46.4859054
          ],
          [
            7.7376579,
            46.4863361
          ],
          [
            7.7374303,
            46.4862911
          ],
          [
            7.7375345,
            46.4864124
          ],
          [
            7.737431,
            46.4864046
          ],
          [
            7.7371326,
            46.4863102
          ],
          [
            7.7372404,
            46.4864471
          ],
          [
            7.7370197,
            46.4864278
          ],
          [
            7.736853,
            46.4864601
          ],
          [
            7.7371719,
            46.4866219
          ],
          [
            7.7370251,
            46.4866276
          ],
          [
            7.7368588,
            46.4866375
          ],
          [
            7.736709,
            46.4866407
          ],
          [
            7.7365412,
            46.4866182
          ],
          [
            7.7365489,
            46.4866635
          ],
          [
            7.7366706,
            46.4867542
          ],
          [
            7.7368809,
            46.4868509
          ],
          [
            7.7370148,
            46.4869745
          ],
          [
            7.7371178,
            46.4870405
          ],
          [
            7.7373046,
            46.4872137
          ],
          [
            7.7371922,
            46.4872238
          ],
          [
            7.7370813,
            46.4872556
          ],
          [
            7.7369343,
            46.4872449
          ],
          [
            7.736747,
            46.4872424
          ],
          [
            7.7366769,
            46.4872371
          ],
          [
            7.7366278,
            46.4872608
          ],
          [
            7.7365656,
            46.4872647
          ],
          [
            7.7365927,
            46.4873174
          ],
          [
            7.7367696,
            46.4874753
          ],
          [
            7.7365359,
            46.4874702
          ],
          [
            7.7366378,
            46.4876266
          ],
          [
            7.7364146,
            46.4875644
          ],
          [
            7.7364897,
            46.4876669
          ],
          [
            7.7363461,
            46.4876202
          ],
          [
            7.7364119,
            46.487742
          ],
          [
            7.736265,
            46.4876656
          ],
          [
            7.7363017,
            46.4877833
          ],
          [
            7.7361375,
            46.487709
          ],
          [
            7.7362955,
            46.487928
          ],
          [
            7.7360804,
            46.4878849
          ],
          [
            7.7361904,
            46.4879894
          ],
          [
            7.7361295,
            46.4879918
          ],
          [
            7.7361455,
            46.4880254
          ],
          [
            7.7359859,
            46.4879854
          ],
          [
            7.7361685,
            46.4881529
          ],
          [
            7.7361017,
            46.4881495
          ],
          [
            7.736035,
            46.4881274
          ],
          [
            7.7360798,
            46.4882013
          ],
          [
            7.7359179,
            46.4881535
          ],
          [
            7.7359015,
            46.488159
          ],
          [
            7.7358972,
            46.488165
          ],
          [
            7.7359321,
            46.4881977
          ],
          [
            7.7360153,
            46.4882626
          ],
          [
            7.7359472,
            46.4882608
          ],
          [
            7.7359438,
            46.4882677
          ],
          [
            7.7359733,
            46.4882938
          ],
          [
            7.7360406,
            46.4883288
          ],
          [
            7.736108,
            46.4883323
          ],
          [
            7.7361382,
            46.4883425
          ],
          [
            7.7361724,
            46.4883605
          ],
          [
            7.7361684,
            46.4883663
          ],
          [
            7.7361453,
            46.4883665
          ],
          [
            7.7361087,
            46.4883651
          ],
          [
            7.7360645,
            46.4883737
          ],
          [
            7.7361389,
            46.4884291
          ],
          [
            7.7361573,
            46.4884515
          ],
          [
            7.7361536,
            46.48846
          ],
          [
            7.7361439,
            46.4884625
          ],
          [
            7.7360584,
            46.4884399
          ],
          [
            7.736039,
            46.4884387
          ],
          [
            7.7360343,
            46.4884496
          ],
          [
            7.7360464,
            46.4884621
          ],
          [
            7.7360366,
            46.4884676
          ],
          [
            7.7359897,
            46.4884768
          ],
          [
            7.7359943,
            46.4884862
          ],
          [
            7.7360782,
            46.4885478
          ],
          [
            7.7360601,
            46.4885539
          ],
          [
            7.7360071,
            46.4885461
          ],
          [
            7.7359314,
            46.4885392
          ],
          [
            7.7358927,
            46.4885431
          ],
          [
            7.7359678,
            46.4885893
          ],
          [
            7.7358274,
            46.4886041
          ],
          [
            7.7359535,
            46.4886463
          ],
          [
            7.7358768,
            46.4886532
          ],
          [
            7.7358194,
            46.4886694
          ],
          [
            7.7357691,
            46.4886682
          ],
          [
            7.7357059,
            46.4886599
          ],
          [
            7.7357442,
            46.4887157
          ],
          [
            7.735656,
            46.4887054
          ],
          [
            7.7356925,
            46.4887405
          ],
          [
            7.7355346,
            46.4887797
          ],
          [
            7.7357139,
            46.4887885
          ],
          [
            7.7359508,
            46.4887612
          ],
          [
            7.7360198,
            46.4887682
          ],
          [
            7.736062,
            46.4888073
          ],
          [
            7.7360622,
            46.4888443
          ],
          [
            7.7359292,
            46.4888602
          ],
          [
            7.7359575,
            46.4888996
          ],
          [
            7.7358603,
            46.4889023
          ],
          [
            7.7359864,
            46.4889815
          ],
          [
            7.7358382,
            46.4889868
          ],
          [
            7.7359163,
            46.4890323
          ],
          [
            7.7356079,
            46.4890655
          ],
          [
            7.735771,
            46.48912
          ],
          [
            7.7358348,
            46.4891276
          ],
          [
            7.7358508,
            46.4891365
          ],
          [
            7.7358324,
            46.4891549
          ],
          [
            7.7358016,
            46.4891744
          ],
          [
            7.7357899,
            46.4891945
          ],
          [
            7.7357795,
            46.4892163
          ],
          [
            7.7357547,
            46.489221
          ],
          [
            7.735744,
            46.4892305
          ],
          [
            7.7357482,
            46.4892557
          ],
          [
            7.7357288,
            46.4892716
          ],
          [
            7.7357293,
            46.4892815
          ],
          [
            7.7357459,
            46.4892921
          ],
          [
            7.7357458,
            46.4893033
          ],
          [
            7.7357379,
            46.4893175
          ],
          [
            7.7357147,
            46.4893316
          ],
          [
            7.7357121,
            46.4893485
          ],
          [
            7.7357154,
            46.4893628
          ],
          [
            7.7357306,
            46.4893907
          ],
          [
            7.7357117,
            46.4893944
          ],
          [
            7.735665,
            46.4893913
          ],
          [
            7.7355113,
            46.4893662
          ],
          [
            7.7355934,
            46.4894636
          ],
          [
            7.7356381,
            46.4895217
          ],
          [
            7.735776,
            46.4895454
          ],
          [
            7.735875,
            46.4895366
          ],
          [
            7.735899,
            46.4895546
          ],
          [
            7.7357619,
            46.4896109
          ],
          [
            7.7355708,
            46.4896362
          ],
          [
            7.7354164,
            46.4896332
          ],
          [
            7.7355821,
            46.4897132
          ],
          [
            7.7357249,
            46.4897502
          ],
          [
            7.735865,
            46.489806
          ],
          [
            7.7358853,
            46.4898215
          ],
          [
            7.7359099,
            46.4898614
          ],
          [
            7.7359293,
            46.4898724
          ],
          [
            7.7360166,
            46.4898542
          ],
          [
            7.736105,
            46.4898512
          ],
          [
            7.7361847,
            46.489862
          ],
          [
            7.7362389,
            46.4898507
          ],
          [
            7.7362729,
            46.489829
          ],
          [
            7.7364191,
            46.4898075
          ],
          [
            7.7364966,
            46.4898101
          ],
          [
            7.7365744,
            46.4898369
          ],
          [
            7.7366871,
            46.4899108
          ],
          [
            7.7368098,
            46.4899722
          ],
          [
            7.7369586,
            46.4900317
          ],
          [
            7.7370942,
            46.4901147
          ],
          [
            7.7372698,
            46.4901744
          ],
          [
            7.7373824,
            46.4902252
          ],
          [
            7.7375105,
            46.4902519
          ],
          [
            7.7378365,
            46.4903838
          ],
          [
            7.7379531,
            46.4903932
          ],
          [
            7.7380577,
            46.4904145
          ],
          [
            7.7380791,
            46.4904126
          ],
          [
            7.7381448,
            46.4904205
          ],
          [
            7.7381314,
            46.4904408
          ],
          [
            7.7381234,
            46.4904551
          ],
          [
            7.7381554,
            46.4904911
          ],
          [
            7.7381945,
            46.4905183
          ],
          [
            7.7381978,
            46.4905373
          ],
          [
            7.7382293,
            46.4905506
          ],
          [
            7.7382481,
            46.4905211
          ],
          [
            7.7382555,
            46.4904988
          ],
          [
            7.7383192,
            46.490612
          ],
          [
            7.7383441,
            46.4906898
          ],
          [
            7.7383436,
            46.4907061
          ],
          [
            7.7384317,
            46.4907835
          ],
          [
            7.7384761,
            46.4908152
          ],
          [
            7.7385362,
            46.4908446
          ],
          [
            7.7386162,
            46.4908567
          ],
          [
            7.7386893,
            46.4908748
          ],
          [
            7.7387423,
            46.4908964
          ],
          [
            7.738779,
            46.4908955
          ],
          [
            7.738832,
            46.4908781
          ],
          [
            7.7389763,
            46.4909184
          ],
          [
            7.7390071,
            46.4909469
          ],
          [
            7.7390655,
            46.4909689
          ],
          [
            7.7391011,
            46.4909721
          ],
          [
            7.7391721,
            46.4909846
          ],
          [
            7.7392157,
            46.4910068
          ],
          [
            7.7392759,
            46.4910235
          ],
          [
            7.7393183,
            46.4910506
          ],
          [
            7.73938,
            46.4910497
          ],
          [
            7.739426,
            46.4910362
          ],
          [
            7.7395,
            46.4910418
          ],
          [
            7.7395669,
            46.491052
          ],
          [
            7.7396715,
            46.4910176
          ],
          [
            7.7396978,
            46.4909934
          ],
          [
            7.7397275,
            46.4909845
          ],
          [
            7.7397772,
            46.4910089
          ],
          [
            7.7398698,
            46.4910957
          ],
          [
            7.7399501,
            46.491146
          ],
          [
            7.7399936,
            46.4911965
          ],
          [
            7.7400445,
            46.491245
          ],
          [
            7.7400702,
            46.4912937
          ],
          [
            7.7401183,
            46.4913235
          ],
          [
            7.7401558,
            46.4913387
          ],
          [
            7.7401873,
            46.4913433
          ],
          [
            7.7402927,
            46.4913761
          ],
          [
            7.740357,
            46.4914005
          ],
          [
            7.7403855,
            46.4914364
          ],
          [
            7.7403919,
            46.4914684
          ],
          [
            7.740412,
            46.491479
          ],
          [
            7.7404133,
            46.4915123
          ],
          [
            7.7404415,
            46.4915302
          ],
          [
            7.7404696,
            46.4915358
          ],
          [
            7.7404784,
            46.491558
          ],
          [
            7.7405345,
            46.4915895
          ],
          [
            7.7405807,
            46.4916588
          ],
          [
            7.7406225,
            46.4916914
          ],
          [
            7.7406569,
            46.4917113
          ],
          [
            7.7406896,
            46.4917563
          ],
          [
            7.7407815,
            46.4918225
          ],
          [
            7.7408324,
            46.4918682
          ],
          [
            7.740874,
            46.4919254
          ],
          [
            7.7409368,
            46.4919682
          ],
          [
            7.7409672,
            46.4919702
          ],
          [
            7.7410175,
            46.4920044
          ],
          [
            7.7410946,
            46.4920021
          ],
          [
            7.7411456,
            46.4920367
          ],
          [
            7.7411905,
            46.492051
          ],
          [
            7.7412137,
            46.4920754
          ],
          [
            7.7412254,
            46.4921161
          ],
          [
            7.7412555,
            46.4921489
          ],
          [
            7.7413159,
            46.4921803
          ],
          [
            7.7413756,
            46.4922352
          ],
          [
            7.7414259,
            46.4922564
          ],
          [
            7.741448,
            46.4922886
          ],
          [
            7.7415647,
            46.49234
          ],
          [
            7.7416076,
            46.4923598
          ],
          [
            7.7416505,
            46.4923654
          ],
          [
            7.741684,
            46.4923751
          ],
          [
            7.7417142,
            46.4924079
          ],
          [
            7.7417424,
            46.4924299
          ],
          [
            7.7417792,
            46.4924559
          ],
          [
            7.7418242,
            46.4924914
          ],
          [
            7.7418865,
            46.4925145
          ],
          [
            7.7419092,
            46.4925332
          ],
          [
            7.7419855,
            46.4925465
          ],
          [
            7.7420052,
            46.4926096
          ],
          [
            7.7420106,
            46.4926765
          ],
          [
            7.7419935,
            46.4927183
          ],
          [
            7.7419683,
            46.4927624
          ],
          [
            7.7418875,
            46.492906
          ],
          [
            7.7418225,
            46.4929705
          ],
          [
            7.741769,
            46.4930816
          ],
          [
            7.7417229,
            46.4930888
          ],
          [
            7.7417115,
            46.4931165
          ],
          [
            7.7416619,
            46.4931488
          ],
          [
            7.7416431,
            46.4931899
          ],
          [
            7.7416293,
            46.4932401
          ],
          [
            7.7415781,
            46.4933565
          ],
          [
            7.7415564,
            46.493371
          ],
          [
            7.7414969,
            46.4933616
          ],
          [
            7.7414745,
            46.4933641
          ],
          [
            7.7414413,
            46.4933861
          ],
          [
            7.7414145,
            46.4934365
          ],
          [
            7.7412958,
            46.4934599
          ],
          [
            7.7411965,
            46.493483
          ],
          [
            7.741161,
            46.4935032
          ],
          [
            7.7411177,
            46.4935043
          ],
          [
            7.7410691,
            46.4935153
          ],
          [
            7.7411253,
            46.4935549
          ],
          [
            7.7412433,
            46.4936103
          ],
          [
            7.7412354,
            46.49364
          ],
          [
            7.7412696,
            46.493676
          ],
          [
            7.7412884,
            46.4937211
          ],
          [
            7.7412938,
            46.4937341
          ],
          [
            7.7412687,
            46.4937742
          ],
          [
            7.7412274,
            46.4937909
          ],
          [
            7.7412097,
            46.4938683
          ],
          [
            7.7411536,
            46.4938639
          ],
          [
            7.7411523,
            46.4938943
          ],
          [
            7.7411114,
            46.4938934
          ],
          [
            7.7410866,
            46.4939359
          ],
          [
            7.741053,
            46.4939539
          ],
          [
            7.740996,
            46.4939663
          ],
          [
            7.7409873,
            46.4940494
          ],
          [
            7.7409876,
            46.4940656
          ],
          [
            7.7409692,
            46.4940905
          ],
          [
            7.7409024,
            46.4942055
          ],
          [
            7.7408237,
            46.4942826
          ],
          [
            7.7407198,
            46.4943643
          ],
          [
            7.7406683,
            46.4943834
          ],
          [
            7.7406138,
            46.4943863
          ],
          [
            7.7405602,
            46.4944474
          ],
          [
            7.740512,
            46.4945455
          ],
          [
            7.7404393,
            46.4945717
          ],
          [
            7.740397,
            46.4945889
          ],
          [
            7.7403361,
            46.4946106
          ],
          [
            7.7402598,
            46.4947599
          ],
          [
            7.7402396,
            46.4947765
          ],
          [
            7.7402311,
            46.4948069
          ],
          [
            7.7401954,
            46.4948236
          ],
          [
            7.7401773,
            46.4948448
          ],
          [
            7.740135,
            46.4948693
          ],
          [
            7.7400682,
            46.494888
          ],
          [
            7.7399607,
            46.4949547
          ],
          [
            7.7398641,
            46.4949884
          ],
          [
            7.7397864,
            46.4950024
          ],
          [
            7.7397964,
            46.4950336
          ],
          [
            7.7398286,
            46.4950692
          ],
          [
            7.7398326,
            46.4950936
          ],
          [
            7.7398735,
            46.4951126
          ],
          [
            7.739905,
            46.4951339
          ],
          [
            7.7399392,
            46.4951186
          ],
          [
            7.7399654,
            46.4951269
          ],
          [
            7.7399265,
            46.4951716
          ],
          [
            7.7399024,
            46.4951869
          ],
          [
            7.7398695,
            46.4952224
          ],
          [
            7.7398299,
            46.495252
          ],
          [
            7.7397857,
            46.4953147
          ],
          [
            7.7397381,
            46.4953424
          ],
          [
            7.7396905,
            46.4953577
          ],
          [
            7.7396362,
            46.4954048
          ],
          [
            7.7395996,
            46.4954325
          ],
          [
            7.7395895,
            46.4954401
          ],
          [
            7.739696,
            46.4954374
          ],
          [
            7.7396321,
            46.4954851
          ],
          [
            7.7395074,
            46.4955192
          ],
          [
            7.7394417,
            46.4955456
          ],
          [
            7.7394129,
            46.4955705
          ],
          [
            7.7393559,
            46.4956028
          ],
          [
            7.7392955,
            46.4956499
          ],
          [
            7.739199,
            46.4956725
          ],
          [
            7.739158,
            46.4957071
          ],
          [
            7.7390836,
            46.4957547
          ],
          [
            7.7389254,
            46.4958299
          ],
          [
            7.7388395,
            46.4958562
          ],
          [
            7.7387926,
            46.4958807
          ],
          [
            7.7387369,
            46.4958987
          ],
          [
            7.7385666,
            46.4960501
          ],
          [
            7.7385163,
            46.4961064
          ],
          [
            7.7384922,
            46.4961586
          ],
          [
            7.7384204,
            46.4962158
          ],
          [
            7.7383722,
            46.496262
          ],
          [
            7.7383346,
            46.4962827
          ],
          [
            7.7382642,
            46.4963141
          ],
          [
            7.7380107,
            46.4965256
          ],
          [
            7.7379417,
            46.4965246
          ],
          [
            7.7378652,
            46.4965422
          ],
          [
            7.7377854,
            46.4965466
          ],
          [
            7.7377112,
            46.4965828
          ],
          [
            7.7376399,
            46.4966276
          ],
          [
            7.737588,
            46.4966884
          ],
          [
            7.7375554,
            46.4967185
          ],
          [
            7.7375333,
            46.4967587
          ],
          [
            7.7375346,
            46.4967757
          ],
          [
            7.7375105,
            46.496821
          ],
          [
            7.7374957,
            46.4968358
          ],
          [
            7.737485,
            46.4968565
          ],
          [
            7.7374823,
            46.4968884
          ],
          [
            7.7374374,
            46.4969253
          ],
          [
            7.7374222,
            46.4969606
          ],
          [
            7.7373777,
            46.4970001
          ],
          [
            7.7373708,
            46.4971315
          ],
          [
            7.7373831,
            46.4971838
          ],
          [
            7.7374173,
            46.497247
          ],
          [
            7.7374912,
            46.4973461
          ],
          [
            7.7374386,
            46.4973697
          ],
          [
            7.7374052,
            46.49738
          ],
          [
            7.737367,
            46.4973737
          ],
          [
            7.7373345,
            46.4973814
          ],
          [
            7.7373053,
            46.4973853
          ],
          [
            7.7372808,
            46.4973996
          ],
          [
            7.7372517,
            46.4973998
          ],
          [
            7.7372281,
            46.4973945
          ],
          [
            7.7372407,
            46.4974334
          ],
          [
            7.7372872,
            46.4974515
          ],
          [
            7.7373523,
            46.4974681
          ],
          [
            7.737369,
            46.4975092
          ],
          [
            7.7373691,
            46.4975446
          ],
          [
            7.7373569,
            46.497584
          ],
          [
            7.7373415,
            46.4976154
          ],
          [
            7.7373327,
            46.4976739
          ],
          [
            7.7372644,
            46.4977322
          ],
          [
            7.7372248,
            46.4977585
          ],
          [
            7.7371203,
            46.4978387
          ],
          [
            7.7371028,
            46.4978974
          ],
          [
            7.737072,
            46.4979399
          ],
          [
            7.7370693,
            46.4979768
          ],
          [
            7.7370961,
            46.4980317
          ],
          [
            7.7371257,
            46.4980883
          ],
          [
            7.7371261,
            46.4981252
          ],
          [
            7.7370974,
            46.4982164
          ],
          [
            7.7370704,
            46.498256
          ],
          [
            7.7369003,
            46.4983743
          ],
          [
            7.7368201,
            46.498447
          ],
          [
            7.7368044,
            46.4984938
          ],
          [
            7.7368029,
            46.4985333
          ],
          [
            7.7368073,
            46.4985946
          ],
          [
            7.7368232,
            46.4986401
          ],
          [
            7.7368599,
            46.4986797
          ],
          [
            7.7368949,
            46.4987389
          ],
          [
            7.7369437,
            46.4987407
          ],
          [
            7.7370971,
            46.4987267
          ],
          [
            7.7372235,
            46.498684
          ],
          [
            7.7372577,
            46.4987061
          ],
          [
            7.7372362,
            46.4987643
          ],
          [
            7.737228,
            46.4988693
          ],
          [
            7.7372074,
            46.4989489
          ],
          [
            7.7371984,
            46.4989589
          ],
          [
            7.73709,
            46.4990788
          ],
          [
            7.7369922,
            46.4991456
          ],
          [
            7.7369533,
            46.4992301
          ],
          [
            7.7369171,
            46.4992762
          ],
          [
            7.7368796,
            46.4993569
          ],
          [
            7.7368725,
            46.499426
          ],
          [
            7.7368433,
            46.499507
          ],
          [
            7.7368178,
            46.4995467
          ],
          [
            7.7367856,
            46.4995734
          ],
          [
            7.7367709,
            46.4996122
          ],
          [
            7.7367796,
            46.4996436
          ],
          [
            7.7367783,
            46.4996741
          ],
          [
            7.7367387,
            46.4997009
          ],
          [
            7.7366965,
            46.4997747
          ],
          [
            7.736693,
            46.4998986
          ],
          [
            7.7366032,
            46.5000217
          ],
          [
            7.7365563,
            46.5000687
          ],
          [
            7.7364926,
            46.5001126
          ],
          [
            7.7364022,
            46.5001616
          ],
          [
            7.7363786,
            46.5002003
          ],
          [
            7.7363194,
            46.5002569
          ],
          [
            7.7362747,
            46.5003152
          ],
          [
            7.7361853,
            46.5003712
          ],
          [
            7.7360627,
            46.5004549
          ],
          [
            7.7360407,
            46.5004878
          ],
          [
            7.7360361,
            46.5005232
          ],
          [
            7.7360225,
            46.5005525
          ],
          [
            7.7359629,
            46.5005562
          ],
          [
            7.7358313,
            46.500626
          ],
          [
            7.7358604,
            46.5006373
          ],
          [
            7.7358583,
            46.5006591
          ],
          [
            7.7359069,
            46.5006888
          ],
          [
            7.7358744,
            46.5007292
          ],
          [
            7.7358697,
            46.5007606
          ],
          [
            7.7358884,
            46.5008017
          ],
          [
            7.7358798,
            46.5008748
          ],
          [
            7.7358808,
            46.5009146
          ],
          [
            7.7358985,
            46.5009563
          ],
          [
            7.7359238,
            46.5009999
          ],
          [
            7.7359226,
            46.5010213
          ],
          [
            7.7359057,
            46.5010352
          ],
          [
            7.7358972,
            46.501093
          ],
          [
            7.7358973,
            46.5011212
          ],
          [
            7.7358556,
            46.501141
          ],
          [
            7.7358298,
            46.5011508
          ],
          [
            7.7357959,
            46.501188
          ],
          [
            7.7357657,
            46.5012328
          ],
          [
            7.7357177,
            46.5012808
          ],
          [
            7.7356524,
            46.501387
          ],
          [
            7.7356498,
            46.5014349
          ],
          [
            7.7356551,
            46.501465
          ],
          [
            7.7356678,
            46.5014779
          ],
          [
            7.7356839,
            46.5014853
          ],
          [
            7.7356853,
            46.5014968
          ],
          [
            7.7356786,
            46.5015121
          ],
          [
            7.7356757,
            46.5015372
          ],
          [
            7.7356558,
            46.5015808
          ],
          [
            7.7356252,
            46.5016612
          ],
          [
            7.7356356,
            46.5017115
          ],
          [
            7.7356437,
            46.5017258
          ],
          [
            7.735641,
            46.5017461
          ],
          [
            7.7356356,
            46.5017645
          ],
          [
            7.7356249,
            46.5017798
          ],
          [
            7.7356125,
            46.5018009
          ],
          [
            7.7356149,
            46.5018292
          ],
          [
            7.7356655,
            46.501924
          ],
          [
            7.7356806,
            46.5019473
          ],
          [
            7.7356806,
            46.5019644
          ],
          [
            7.7356741,
            46.5020165
          ],
          [
            7.7356772,
            46.5020401
          ],
          [
            7.735694,
            46.5020535
          ],
          [
            7.7357208,
            46.5020655
          ],
          [
            7.7357443,
            46.5020761
          ],
          [
            7.7357671,
            46.5020987
          ],
          [
            7.7357719,
            46.5021133
          ],
          [
            7.7357704,
            46.5021289
          ],
          [
            7.7357537,
            46.5021555
          ],
          [
            7.7357449,
            46.5021596
          ],
          [
            7.7357409,
            46.5021666
          ],
          [
            7.7357416,
            46.5021758
          ],
          [
            7.7357543,
            46.5021864
          ],
          [
            7.735753,
            46.5022136
          ],
          [
            7.7357469,
            46.502245
          ],
          [
            7.7357322,
            46.5022635
          ],
          [
            7.7357027,
            46.5022806
          ],
          [
            7.7356437,
            46.5023189
          ],
          [
            7.7356195,
            46.5023429
          ],
          [
            7.7356068,
            46.5023683
          ],
          [
            7.7356028,
            46.502407
          ],
          [
            7.7355921,
            46.5024324
          ],
          [
            7.7355693,
            46.5024546
          ],
          [
            7.7355049,
            46.5024832
          ],
          [
            7.7354747,
            46.5025146
          ],
          [
            7.7354405,
            46.5025349
          ],
          [
            7.7353855,
            46.5025843
          ],
          [
            7.7353205,
            46.5026304
          ],
          [
            7.7352829,
            46.5026655
          ],
          [
            7.7352534,
            46.5026854
          ],
          [
            7.7351877,
            46.5027001
          ],
          [
            7.7351314,
            46.50272
          ],
          [
            7.7350489,
            46.5027447
          ],
          [
            7.7349963,
            46.5027664
          ],
          [
            7.7349523,
            46.502773
          ],
          [
            7.734895,
            46.5028
          ],
          [
            7.7348612,
            46.5028273
          ],
          [
            7.7348042,
            46.5028651
          ],
          [
            7.7347726,
            46.5028785
          ],
          [
            7.734713,
            46.5028912
          ],
          [
            7.7346499,
            46.5028995
          ],
          [
            7.7346308,
            46.5029111
          ],
          [
            7.7345839,
            46.502918
          ],
          [
            7.7345557,
            46.5029353
          ],
          [
            7.7345091,
            46.502948
          ],
          [
            7.7344813,
            46.5029669
          ],
          [
            7.7344323,
            46.5029789
          ],
          [
            7.7343683,
            46.5029814
          ],
          [
            7.7343297,
            46.5029891
          ],
          [
            7.7342657,
            46.5029847
          ],
          [
            7.7342399,
            46.5029907
          ],
          [
            7.7341946,
            46.50302
          ],
          [
            7.734145,
            46.503029
          ],
          [
            7.7341336,
            46.5030373
          ],
          [
            7.7340984,
            46.5030451
          ],
          [
            7.7340481,
            46.5030624
          ],
          [
            7.7340132,
            46.5030839
          ],
          [
            7.7339817,
            46.5031005
          ],
          [
            7.7339261,
            46.503158
          ],
          [
            7.7338855,
            46.5031894
          ],
          [
            7.7338359,
            46.5032263
          ],
          [
            7.7337836,
            46.503248
          ],
          [
            7.7337474,
            46.5032784
          ],
          [
            7.7337138,
            46.5032914
          ],
          [
            7.733577,
            46.503386
          ],
          [
            7.7335764,
            46.5034062
          ],
          [
            7.7335593,
            46.503411
          ],
          [
            7.7335268,
            46.5034094
          ],
          [
            7.7334154,
            46.5034661
          ],
          [
            7.733343,
            46.5034968
          ],
          [
            7.733333,
            46.5035203
          ],
          [
            7.7332974,
            46.5035415
          ],
          [
            7.7332887,
            46.5035748
          ],
          [
            7.7332867,
            46.5035974
          ],
          [
            7.7333021,
            46.5036145
          ],
          [
            7.7333135,
            46.5036311
          ],
          [
            7.7333584,
            46.5036505
          ],
          [
            7.7334114,
            46.5036841
          ],
          [
            7.7334335,
            46.5037123
          ],
          [
            7.7334542,
            46.5037546
          ],
          [
            7.73339,
            46.5038055
          ],
          [
            7.7333493,
            46.5038786
          ],
          [
            7.7333584,
            46.5039223
          ],
          [
            7.7334034,
            46.5039929
          ],
          [
            7.7334054,
            46.5040418
          ],
          [
            7.7333999,
            46.5040807
          ],
          [
            7.7334,
            46.5040995
          ],
          [
            7.7334154,
            46.5041134
          ],
          [
            7.7334449,
            46.5041332
          ],
          [
            7.7334503,
            46.5041738
          ],
          [
            7.7334926,
            46.5042357
          ],
          [
            7.7334892,
            46.5042625
          ],
          [
            7.733568,
            46.504354
          ],
          [
            7.7335643,
            46.5044134
          ],
          [
            7.7335677,
            46.5044522
          ],
          [
            7.733565,
            46.5044725
          ],
          [
            7.7335549,
            46.5045066
          ],
          [
            7.7335495,
            46.5045611
          ],
          [
            7.7335408,
            46.504628
          ],
          [
            7.7335234,
            46.5046705
          ],
          [
            7.7335261,
            46.5047531
          ],
          [
            7.7335351,
            46.5047872
          ],
          [
            7.7335274,
            46.5048117
          ],
          [
            7.7334543,
            46.5048777
          ],
          [
            7.7334372,
            46.5048989
          ],
          [
            7.7334322,
            46.5049432
          ],
          [
            7.7334342,
            46.5049843
          ],
          [
            7.7334376,
            46.5050286
          ],
          [
            7.7334242,
            46.5050628
          ],
          [
            7.7334261,
            46.5051071
          ],
          [
            7.7334215,
            46.5051495
          ],
          [
            7.7333762,
            46.5052066
          ],
          [
            7.7333537,
            46.5052266
          ],
          [
            7.7333397,
            46.5052502
          ],
          [
            7.7333444,
            46.5052977
          ],
          [
            7.7333356,
            46.5053341
          ],
          [
            7.7333128,
            46.5053568
          ],
          [
            7.7332881,
            46.5053706
          ],
          [
            7.7332324,
            46.5054066
          ],
          [
            7.7332138,
            46.5054599
          ],
          [
            7.7331948,
            46.5055169
          ],
          [
            7.7332163,
            46.5055963
          ],
          [
            7.7332067,
            46.5056231
          ],
          [
            7.7332183,
            46.5056891
          ],
          [
            7.7332491,
            46.5057311
          ],
          [
            7.7332612,
            46.5057708
          ],
          [
            7.7332586,
            46.5057995
          ],
          [
            7.7332337,
            46.5058331
          ],
          [
            7.7331837,
            46.5058725
          ],
          [
            7.7331533,
            46.5059175
          ],
          [
            7.7331257,
            46.5059702
          ],
          [
            7.7330777,
            46.5060279
          ],
          [
            7.7330396,
            46.5060666
          ],
          [
            7.7330351,
            46.5061176
          ]
        ]
      },
      "id": "relation/1739498"
    },
    {
      "type": "Feature",
      "properties": {
        "@id": "relation/3148004",
        "name": "Schlund - Rüchiloch",
        "network": "lwn",
        "note": "Schlund - Rüchiloch",
        "operator": "Luzerner Wanderwege",
        "osmc:name": "Schlund - Rüchiloch",
        "osmc:symbol": "blue:white:blue_bar",
        "route": "hiking",
        "sac_scale": "alpine_hiking",
        "symbol": "weiss--blau-weiss",
        "type": "route"
      },
      "geometry": {
        "type": "LineString",
        "coordinates": [
          [
            8.0376318,
            46.8866176
          ],
          [
            8.0374498,
            46.8865969
          ],
          [
            8.0371409,
            46.8864826
          ],
          [
            8.0368845,
            46.8862508
          ],
          [
            8.0368602,
            46.8861702
          ],
          [
            8.0368645,
            46.8861328
          ],
          [
            8.0369004,
            46.8860811
          ],
          [
            8.0369275,
            46.8860636
          ],
          [
            8.0369464,
            46.8860179
          ],
          [
            8.0369459,
            46.8859335
          ],
          [
            8.0369658,
            46.8859044
          ],
          [
            8.0369527,
            46.8858647
          ],
          [
            8.0372287,
            46.8852024
          ],
          [
            8.037208,
            46.8847743
          ],
          [
            8.0368679,
            46.8843579
          ],
          [
            8.0368473,
            46.8843313
          ],
          [
            8.0368354,
            46.8842727
          ],
          [
            8.0368072,
            46.8842149
          ],
          [
            8.0367714,
            46.8840822
          ],
          [
            8.0367535,
            46.8840401
          ],
          [
            8.0368372,
            46.8838751
          ],
          [
            8.0367955,
            46.8835377
          ],
          [
            8.0367892,
            46.8834936
          ],
          [
            8.0368301,
            46.88333
          ],
          [
            8.036808,
            46.8828855
          ],
          [
            8.0371358,
            46.8826
          ],
          [
            8.0370713,
            46.8823663
          ],
          [
            8.0367602,
            46.8821207
          ],
          [
            8.0366475,
            46.8819923
          ],
          [
            8.0363042,
            46.8819447
          ],
          [
            8.035977,
            46.882018
          ],
          [
            8.0358375,
            46.8821647
          ],
          [
            8.0356336,
            46.8821537
          ],
          [
            8.0357187,
            46.8820242
          ],
          [
            8.0354244,
            46.882062
          ],
          [
            8.035183,
            46.8821353
          ],
          [
            8.0348773,
            46.882128
          ],
          [
            8.0346536,
            46.8821179
          ],
          [
            8.0343247,
            46.8821757
          ],
          [
            8.0340082,
            46.882238
          ],
          [
            8.0338741,
            46.882282
          ],
          [
            8.0337346,
            46.8823663
          ],
          [
            8.0336917,
            46.8824837
          ],
          [
            8.0335522,
            46.8824947
          ],
          [
            8.0333484,
            46.8825203
          ],
          [
            8.0332948,
            46.88259
          ],
          [
            8.0333591,
            46.882656
          ],
          [
            8.0332948,
            46.8827953
          ],
          [
            8.0332197,
            46.882766
          ],
          [
            8.0331231,
            46.8828797
          ],
          [
            8.0330587,
            46.8827257
          ],
          [
            8.0329032,
            46.8829127
          ],
          [
            8.032769,
            46.8828393
          ],
          [
            8.032533,
            46.882799
          ],
          [
            8.0323453,
            46.882821
          ],
          [
            8.032179,
            46.882667
          ],
          [
            8.0320127,
            46.8826523
          ],
          [
            8.0318034,
            46.8827
          ],
          [
            8.0317122,
            46.8827953
          ],
          [
            8.0315299,
            46.8827953
          ],
          [
            8.0314118,
            46.8828797
          ],
          [
            8.0312992,
            46.8828503
          ],
          [
            8.0311436,
            46.8829347
          ],
          [
            8.0309988,
            46.882887
          ],
          [
            8.0308861,
            46.8830116
          ],
          [
            8.0307949,
            46.8830923
          ],
          [
            8.0306501,
            46.883118
          ],
          [
            8.0306072,
            46.8831986
          ],
          [
            8.0305482,
            46.883305
          ],
          [
            8.0304194,
            46.883338
          ],
          [
            8.0302692,
            46.8832536
          ],
          [
            8.0301297,
            46.8832023
          ],
          [
            8.0299597,
            46.8832399
          ],
          [
            8.029824,
            46.8832023
          ],
          [
            8.0297183,
            46.8832656
          ],
          [
            8.0296469,
            46.8831583
          ],
          [
            8.0294646,
            46.8832866
          ],
          [
            8.0293358,
            46.8832536
          ],
          [
            8.0292285,
            46.8833123
          ],
          [
            8.0291427,
            46.8832463
          ],
          [
            8.028971,
            46.8831913
          ],
          [
            8.0288975,
            46.8831116
          ],
          [
            8.028853,
            46.8829823
          ],
          [
            8.0289174,
            46.8829127
          ],
          [
            8.0288369,
            46.8828943
          ],
          [
            8.0287296,
            46.8827843
          ],
          [
            8.0285753,
            46.8826418
          ],
          [
            8.028561,
            46.8825898
          ],
          [
            8.0285907,
            46.8824149
          ],
          [
            8.0285909,
            46.8823485
          ],
          [
            8.0285721,
            46.8823133
          ],
          [
            8.0285113,
            46.8822886
          ],
          [
            8.0283514,
            46.88226
          ],
          [
            8.0282394,
            46.8822374
          ],
          [
            8.0281695,
            46.8821939
          ],
          [
            8.0281291,
            46.882146
          ],
          [
            8.0280906,
            46.882064
          ],
          [
            8.028027,
            46.8818613
          ],
          [
            8.0280188,
            46.8817744
          ],
          [
            8.0279871,
            46.881734
          ],
          [
            8.0278729,
            46.8816807
          ],
          [
            8.027812,
            46.881682
          ],
          [
            8.0277342,
            46.8817221
          ],
          [
            8.027651,
            46.8818059
          ],
          [
            8.0275629,
            46.881919
          ],
          [
            8.0274384,
            46.8820589
          ],
          [
            8.0273335,
            46.8821631
          ],
          [
            8.0272346,
            46.882228
          ],
          [
            8.0270942,
            46.8822797
          ],
          [
            8.0268101,
            46.8823419
          ],
          [
            8.0268152,
            46.8823624
          ],
          [
            8.0268538,
            46.8824113
          ],
          [
            8.0270423,
            46.8826386
          ],
          [
            8.0270797,
            46.8826776
          ],
          [
            8.0271313,
            46.8827159
          ],
          [
            8.0271819,
            46.8827537
          ],
          [
            8.0272064,
            46.8827811
          ],
          [
            8.0272294,
            46.8828254
          ],
          [
            8.0272393,
            46.882883
          ],
          [
            8.0272366,
            46.882946
          ],
          [
            8.0272264,
            46.8829805
          ],
          [
            8.0272041,
            46.8830214
          ],
          [
            8.0271517,
            46.883096
          ],
          [
            8.0271232,
            46.8831459
          ],
          [
            8.0271184,
            46.883181
          ],
          [
            8.027118,
            46.883248
          ],
          [
            8.027105,
            46.8832738
          ],
          [
            8.0270761,
            46.8832861
          ],
          [
            8.0270473,
            46.8832813
          ],
          [
            8.0270232,
            46.8832628
          ],
          [
            8.0269725,
            46.8831935
          ],
          [
            8.0268808,
            46.8831048
          ],
          [
            8.0266987,
            46.8829499
          ],
          [
            8.026599,
            46.8828843
          ],
          [
            8.0265554,
            46.8828633
          ],
          [
            8.0265173,
            46.8828585
          ],
          [
            8.0264858,
            46.8828597
          ],
          [
            8.0264639,
            46.8828694
          ],
          [
            8.0264529,
            46.8828873
          ],
          [
            8.0264557,
            46.8829259
          ],
          [
            8.0264724,
            46.8829701
          ],
          [
            8.0265174,
            46.8830407
          ],
          [
            8.0265353,
            46.8830808
          ],
          [
            8.026541,
            46.88312
          ],
          [
            8.0265426,
            46.883169
          ],
          [
            8.0265344,
            46.8832361
          ],
          [
            8.0264945,
            46.883392
          ],
          [
            8.0264847,
            46.8834584
          ],
          [
            8.02647,
            46.8834979
          ],
          [
            8.0264546,
            46.8835143
          ],
          [
            8.0264274,
            46.883521
          ],
          [
            8.0263934,
            46.883514
          ],
          [
            8.0263681,
            46.8834909
          ],
          [
            8.0263341,
            46.8834203
          ],
          [
            8.0263038,
            46.8833847
          ],
          [
            8.0262648,
            46.8833588
          ],
          [
            8.0261683,
            46.8833079
          ],
          [
            8.0260903,
            46.8832518
          ],
          [
            8.0259586,
            46.8831233
          ],
          [
            8.0259027,
            46.8830705
          ],
          [
            8.0258729,
            46.8830295
          ],
          [
            8.0258502,
            46.8829654
          ],
          [
            8.0258073,
            46.8827687
          ],
          [
            8.0257912,
            46.8827201
          ],
          [
            8.0257588,
            46.8826723
          ],
          [
            8.0257011,
            46.8826184
          ],
          [
            8.0256402,
            46.8825778
          ],
          [
            8.0255835,
            46.8825516
          ],
          [
            8.0248898,
            46.8823212
          ],
          [
            8.0248191,
            46.8822916
          ],
          [
            8.0247614,
            46.8822628
          ],
          [
            8.0246906,
            46.8822104
          ],
          [
            8.0246111,
            46.8821328
          ],
          [
            8.0245159,
            46.882018
          ],
          [
            8.0244908,
            46.881982
          ],
          [
            8.0243657,
            46.8819414
          ],
          [
            8.0242885,
            46.881907
          ],
          [
            8.0242369,
            46.8818769
          ],
          [
            8.0242111,
            46.8818552
          ],
          [
            8.0241646,
            46.8817911
          ],
          [
            8.0241427,
            46.8817585
          ],
          [
            8.0241219,
            46.8817462
          ],
          [
            8.0240924,
            46.8817421
          ],
          [
            8.0240701,
            46.8817506
          ],
          [
            8.0240457,
            46.8817681
          ],
          [
            8.0240218,
            46.8817936
          ],
          [
            8.0240088,
            46.881819
          ],
          [
            8.0239783,
            46.8820128
          ],
          [
            8.0239733,
            46.8821127
          ],
          [
            8.0239846,
            46.8822289
          ],
          [
            8.0240133,
            46.8823997
          ],
          [
            8.0240356,
            46.8824712
          ],
          [
            8.0240579,
            46.8825396
          ],
          [
            8.0240755,
            46.8825994
          ],
          [
            8.0240839,
            46.8826418
          ],
          [
            8.0240787,
            46.8826966
          ],
          [
            8.0240621,
            46.8827592
          ],
          [
            8.0240557,
            46.8827971
          ],
          [
            8.0240561,
            46.8828297
          ],
          [
            8.02407,
            46.8828727
          ],
          [
            8.0240906,
            46.8829135
          ],
          [
            8.024123,
            46.8829764
          ],
          [
            8.0241295,
            46.8830255
          ],
          [
            8.0241236,
            46.8830646
          ],
          [
            8.0241064,
            46.8831006
          ],
          [
            8.024054,
            46.8831684
          ],
          [
            8.0240259,
            46.8832043
          ],
          [
            8.0240171,
            46.8832351
          ],
          [
            8.0240161,
            46.8832744
          ],
          [
            8.0240275,
            46.8833128
          ],
          [
            8.0240445,
            46.8833466
          ],
          [
            8.0241088,
            46.8834158
          ],
          [
            8.0241534,
            46.8834695
          ],
          [
            8.024189,
            46.8835217
          ],
          [
            8.0242205,
            46.8835784
          ],
          [
            8.0242486,
            46.8836338
          ],
          [
            8.0242655,
            46.8836812
          ],
          [
            8.0242713,
            46.8837321
          ],
          [
            8.0242735,
            46.8837662
          ],
          [
            8.0242657,
            46.8837978
          ],
          [
            8.024254,
            46.883814
          ],
          [
            8.0242373,
            46.8838251
          ],
          [
            8.0242205,
            46.8838334
          ],
          [
            8.0241942,
            46.8838344
          ],
          [
            8.0241698,
            46.8838328
          ],
          [
            8.0241468,
            46.8838277
          ],
          [
            8.0241277,
            46.8838212
          ]
        ]
      },
      "id": "relation/3148004"
    },
    {
      "type": "Feature",
      "properties": {
        "@id": "relation/8489423",
        "distance": "8.9",
        "fixme": "Wer ist operator? Glarus Süd Tourismus, Verein Glarner Wanderwege oder Wanderland Schweiz?",
        "name": "Panoramaweg Braunwald",
        "network": "lwn",
        "osmc:name": "Panoramaweg Braunwald",
        "osmc:symbol": "green:green::816:white",
        "ref": "816",
        "roundtrip": "yes",
        "route": "hiking",
        "sac_scale": "mountain_hiking",
        "symbol": "weisse 816 auf grünem Viereck",
        "type": "route"
      },
      "geometry": {
        "type": "LineString",
        "coordinates": [
          [
            8.9943765,
            46.9510428
          ],
          [
            8.9943212,
            46.9508536
          ],
          [
            8.9942723,
            46.9507021
          ],
          [
            8.9941771,
            46.9504275
          ],
          [
            8.9941422,
            46.9502892
          ],
          [
            8.994112,
            46.9501464
          ],
          [
            8.9940818,
            46.9500421
          ],
          [
            8.9939725,
            46.9497505
          ],
          [
            8.9939363,
            46.9496672
          ],
          [
            8.9938874,
            46.9495839
          ],
          [
            8.9938471,
            46.949534
          ],
          [
            8.9938331,
            46.9495166
          ],
          [
            8.9937352,
            46.9494255
          ],
          [
            8.9936842,
            46.9493728
          ],
          [
            8.9936621,
            46.9493257
          ],
          [
            8.9936641,
            46.9492735
          ],
          [
            8.9937114,
            46.949134
          ],
          [
            8.9936996,
            46.9491005
          ],
          [
            8.9935977,
            46.9491101
          ],
          [
            8.9935467,
            46.9491279
          ],
          [
            8.9935159,
            46.9491421
          ],
          [
            8.9934669,
            46.9491783
          ],
          [
            8.993365,
            46.9493014
          ],
          [
            8.9933295,
            46.9493362
          ],
          [
            8.9932168,
            46.9494333
          ],
          [
            8.9930928,
            46.9495134
          ],
          [
            8.9930653,
            46.949539
          ],
          [
            8.9930452,
            46.9496081
          ],
          [
            8.9930143,
            46.9496873
          ],
          [
            8.9929882,
            46.9497473
          ],
          [
            8.9929573,
            46.9497953
          ],
          [
            8.9929057,
            46.9498379
          ],
          [
            8.9927971,
            46.9499029
          ],
          [
            8.9926261,
            46.949994
          ],
          [
            8.9924484,
            46.9501712
          ],
          [
            8.9923894,
            46.950216
          ],
          [
            8.9923156,
            46.950249
          ],
          [
            8.9920487,
            46.9503671
          ],
          [
            8.9919716,
            46.950395
          ],
          [
            8.9918885,
            46.9504124
          ],
          [
            8.9917886,
            46.9504252
          ],
          [
            8.9913748,
            46.9504595
          ],
          [
            8.9912327,
            46.9504692
          ],
          [
            8.9910402,
            46.950476
          ],
          [
            8.9907505,
            46.9504806
          ],
          [
            8.9906741,
            46.9504742
          ],
          [
            8.9905152,
            46.9504435
          ],
          [
            8.9904112,
            46.9504183
          ],
          [
            8.9902892,
            46.9503785
          ],
          [
            8.990206,
            46.9503456
          ],
          [
            8.9901316,
            46.9503053
          ],
          [
            8.9900793,
            46.9502659
          ],
          [
            8.9900485,
            46.950211
          ],
          [
            8.9899103,
            46.9502247
          ],
          [
            8.9898352,
            46.9502137
          ],
          [
            8.989803,
            46.9501789
          ],
          [
            8.9897454,
            46.950135
          ],
          [
            8.9895804,
            46.9500773
          ],
          [
            8.9894705,
            46.9500618
          ],
          [
            8.9892773,
            46.9500151
          ],
          [
            8.9891767,
            46.9500087
          ],
          [
            8.989111,
            46.950016
          ],
          [
            8.9890721,
            46.950026
          ],
          [
            8.9889407,
            46.9501982
          ],
          [
            8.9889072,
            46.9502448
          ],
          [
            8.9888763,
            46.9502503
          ],
          [
            8.9888106,
            46.9501982
          ],
          [
            8.9885961,
            46.9501341
          ],
          [
            8.9884163,
            46.9500837
          ],
          [
            8.9882836,
            46.9499711
          ],
          [
            8.9881441,
            46.9498008
          ],
          [
            8.9879912,
            46.9496983
          ],
          [
            8.9878933,
            46.9496287
          ],
          [
            8.9877941,
            46.9495811
          ],
          [
            8.987664,
            46.9495793
          ],
          [
            8.9874561,
            46.9496196
          ],
          [
            8.9871678,
            46.9496891
          ],
          [
            8.9870967,
            46.9497523
          ],
          [
            8.987035,
            46.9498027
          ],
          [
            8.986925,
            46.9499015
          ],
          [
            8.9868969,
            46.9499537
          ],
          [
            8.9868969,
            46.9499739
          ],
          [
            8.9869814,
            46.9500077
          ],
          [
            8.9870082,
            46.9500215
          ],
          [
            8.9869089,
            46.9500508
          ],
          [
            8.9868271,
            46.9500489
          ],
          [
            8.9867547,
            46.9500334
          ],
          [
            8.9865978,
            46.9499327
          ],
          [
            8.9864825,
            46.9498851
          ],
          [
            8.9864047,
            46.9498677
          ],
          [
            8.9862543,
            46.9497894
          ],
          [
            8.9862478,
            46.9498219
          ],
          [
            8.9863095,
            46.9499647
          ],
          [
            8.9863145,
            46.9501484
          ],
          [
            8.9863296,
            46.95033
          ],
          [
            8.9863041,
            46.9503272
          ],
          [
            8.9860103,
            46.950077
          ],
          [
            8.9859179,
            46.9500041
          ],
          [
            8.9858783,
            46.9499025
          ],
          [
            8.9858642,
            46.9498466
          ],
          [
            8.9858387,
            46.9497789
          ],
          [
            8.9857451,
            46.9496499
          ],
          [
            8.9857122,
            46.9496249
          ],
          [
            8.9856248,
            46.9495939
          ],
          [
            8.9855363,
            46.9495097
          ],
          [
            8.9854954,
            46.9494832
          ],
          [
            8.9852875,
            46.9493843
          ],
          [
            8.985195,
            46.9493257
          ],
          [
            8.9851394,
            46.9492859
          ],
          [
            8.9850985,
            46.949246
          ],
          [
            8.9850683,
            46.9491994
          ],
          [
            8.9849985,
            46.9490794
          ],
          [
            8.9849707,
            46.9489962
          ],
          [
            8.9849558,
            46.9489588
          ],
          [
            8.9849164,
            46.9489213
          ],
          [
            8.9848594,
            46.9488909
          ],
          [
            8.9847893,
            46.9488689
          ],
          [
            8.9846098,
            46.9488544
          ],
          [
            8.9844943,
            46.9488501
          ],
          [
            8.9844234,
            46.9488352
          ],
          [
            8.9842226,
            46.9487747
          ],
          [
            8.9841653,
            46.9487635
          ],
          [
            8.9839326,
            46.9487777
          ],
          [
            8.9837682,
            46.9487803
          ],
          [
            8.9836961,
            46.9487707
          ],
          [
            8.9835832,
            46.9487654
          ],
          [
            8.9835193,
            46.9487697
          ],
          [
            8.9834237,
            46.9487861
          ],
          [
            8.9833545,
            46.9487947
          ],
          [
            8.9832805,
            46.9487941
          ],
          [
            8.9832489,
            46.9487877
          ],
          [
            8.9832109,
            46.9487698
          ],
          [
            8.9831645,
            46.9487372
          ],
          [
            8.9831532,
            46.9487225
          ],
          [
            8.983132,
            46.948695
          ],
          [
            8.9829002,
            46.9483588
          ],
          [
            8.9828105,
            46.9481934
          ],
          [
            8.9827239,
            46.9480854
          ],
          [
            8.9826787,
            46.9480263
          ],
          [
            8.9826232,
            46.9479099
          ],
          [
            8.9825431,
            46.9477479
          ],
          [
            8.982522,
            46.9477003
          ],
          [
            8.9824829,
            46.9476507
          ],
          [
            8.9824349,
            46.9476159
          ],
          [
            8.9823711,
            46.947588
          ],
          [
            8.9822865,
            46.94756
          ],
          [
            8.9820246,
            46.9475134
          ],
          [
            8.9819749,
            46.9475072
          ],
          [
            8.9819044,
            46.9475039
          ],
          [
            8.981855,
            46.94751
          ],
          [
            8.9817926,
            46.9475235
          ],
          [
            8.9817363,
            46.9475336
          ],
          [
            8.9816666,
            46.9475295
          ],
          [
            8.9816183,
            46.9475189
          ],
          [
            8.9815781,
            46.9474905
          ],
          [
            8.9815539,
            46.9474558
          ],
          [
            8.9815418,
            46.9474036
          ],
          [
            8.9815392,
            46.9473224
          ],
          [
            8.9815291,
            46.9472099
          ],
          [
            8.9815199,
            46.9471635
          ],
          [
            8.9815074,
            46.947104
          ],
          [
            8.9814908,
            46.9470595
          ],
          [
            8.9814629,
            46.9470137
          ],
          [
            8.9813863,
            46.9469361
          ],
          [
            8.9813256,
            46.9468804
          ],
          [
            8.9812853,
            46.9468551
          ],
          [
            8.9812504,
            46.9468449
          ],
          [
            8.9812126,
            46.9468443
          ],
          [
            8.9811431,
            46.9468554
          ],
          [
            8.9810963,
            46.9468561
          ],
          [
            8.9810251,
            46.9468395
          ],
          [
            8.9809581,
            46.9468167
          ],
          [
            8.9808863,
            46.9468033
          ],
          [
            8.9808067,
            46.9467956
          ],
          [
            8.980729,
            46.9467994
          ],
          [
            8.9806373,
            46.9468115
          ],
          [
            8.9805574,
            46.9468255
          ],
          [
            8.9804663,
            46.9468318
          ],
          [
            8.9803453,
            46.9468362
          ],
          [
            8.9803035,
            46.9468457
          ],
          [
            8.9802607,
            46.9468642
          ],
          [
            8.9802339,
            46.9468795
          ],
          [
            8.9801878,
            46.9469165
          ],
          [
            8.9801446,
            46.9469648
          ],
          [
            8.9800464,
            46.9470796
          ],
          [
            8.9799244,
            46.9471884
          ],
          [
            8.9798556,
            46.9472427
          ],
          [
            8.9798137,
            46.947268
          ],
          [
            8.9797671,
            46.947285
          ],
          [
            8.9797056,
            46.9472959
          ],
          [
            8.9795338,
            46.947299
          ],
          [
            8.9794365,
            46.9472957
          ],
          [
            8.9793675,
            46.9472783
          ],
          [
            8.9793161,
            46.9472513
          ],
          [
            8.9792774,
            46.9472036
          ],
          [
            8.9792447,
            46.9471359
          ],
          [
            8.979222,
            46.9471021
          ],
          [
            8.9791917,
            46.9470865
          ],
          [
            8.9791557,
            46.9470812
          ],
          [
            8.9791159,
            46.9470847
          ],
          [
            8.9790776,
            46.947102
          ],
          [
            8.9790217,
            46.9471402
          ],
          [
            8.978944,
            46.9472071
          ],
          [
            8.9788673,
            46.9472824
          ],
          [
            8.9787703,
            46.947411
          ],
          [
            8.978726,
            46.9474849
          ],
          [
            8.9787015,
            46.9475478
          ],
          [
            8.9786922,
            46.9476565
          ],
          [
            8.9787102,
            46.9477877
          ],
          [
            8.9787555,
            46.9479755
          ],
          [
            8.9787594,
            46.9480501
          ],
          [
            8.9787458,
            46.9480849
          ],
          [
            8.9787205,
            46.9481126
          ],
          [
            8.9786667,
            46.9481608
          ],
          [
            8.978646,
            46.9481896
          ],
          [
            8.978628,
            46.9482234
          ],
          [
            8.9786169,
            46.948269
          ],
          [
            8.9786066,
            46.9483253
          ],
          [
            8.9785889,
            46.9483736
          ],
          [
            8.9785417,
            46.9484461
          ],
          [
            8.9784415,
            46.9485932
          ],
          [
            8.9783353,
            46.9487883
          ],
          [
            8.9782286,
            46.9489366
          ],
          [
            8.9781828,
            46.9489544
          ],
          [
            8.9781762,
            46.9489349
          ],
          [
            8.9781803,
            46.9489078
          ],
          [
            8.9782074,
            46.9488466
          ],
          [
            8.9782469,
            46.9487361
          ],
          [
            8.9782788,
            46.9483167
          ],
          [
            8.9783178,
            46.9481728
          ],
          [
            8.9783389,
            46.9481084
          ],
          [
            8.9783424,
            46.9480638
          ],
          [
            8.97833,
            46.9480289
          ],
          [
            8.9782981,
            46.9480024
          ],
          [
            8.9782496,
            46.9479726
          ],
          [
            8.9781605,
            46.9479378
          ],
          [
            8.9780785,
            46.9479178
          ],
          [
            8.9780406,
            46.9479135
          ],
          [
            8.9779798,
            46.9479166
          ],
          [
            8.9778961,
            46.9479251
          ],
          [
            8.9778565,
            46.9479249
          ],
          [
            8.9778147,
            46.9479143
          ],
          [
            8.9777626,
            46.9478871
          ],
          [
            8.9776189,
            46.9477648
          ],
          [
            8.9775385,
            46.9477077
          ],
          [
            8.9774485,
            46.9476526
          ],
          [
            8.9773492,
            46.9476133
          ],
          [
            8.9772585,
            46.9475853
          ],
          [
            8.9772262,
            46.947581
          ],
          [
            8.9772028,
            46.9475872
          ],
          [
            8.9771889,
            46.9476014
          ],
          [
            8.9771917,
            46.9476258
          ],
          [
            8.9772151,
            46.9476599
          ],
          [
            8.9772408,
            46.9477393
          ],
          [
            8.9772713,
            46.9478036
          ],
          [
            8.9772734,
            46.9478322
          ],
          [
            8.977273,
            46.9478591
          ],
          [
            8.9772533,
            46.9479082
          ],
          [
            8.9772361,
            46.9479636
          ],
          [
            8.9772356,
            46.9480122
          ],
          [
            8.9772616,
            46.9480965
          ],
          [
            8.9772675,
            46.9481355
          ],
          [
            8.9772566,
            46.9481526
          ],
          [
            8.977234,
            46.9481582
          ],
          [
            8.977206,
            46.9481523
          ],
          [
            8.9771727,
            46.9481297
          ],
          [
            8.9771141,
            46.9480914
          ],
          [
            8.9770316,
            46.9480526
          ],
          [
            8.9769335,
            46.9480139
          ],
          [
            8.9768785,
            46.9479975
          ],
          [
            8.9768208,
            46.9479957
          ],
          [
            8.976798,
            46.948008
          ],
          [
            8.9767561,
            46.9480085
          ],
          [
            8.9765161,
            46.948011
          ],
          [
            8.9764537,
            46.9480266
          ],
          [
            8.9764141,
            46.9480458
          ],
          [
            8.9763719,
            46.9480728
          ],
          [
            8.9763464,
            46.9481264
          ],
          [
            8.9762733,
            46.9481685
          ],
          [
            8.9762083,
            46.9481809
          ],
          [
            8.9761741,
            46.948212
          ],
          [
            8.9761459,
            46.948288
          ],
          [
            8.976105,
            46.9483397
          ],
          [
            8.9760755,
            46.9483827
          ],
          [
            8.9760259,
            46.9484184
          ],
          [
            8.975924,
            46.9484692
          ],
          [
            8.9757697,
            46.9485457
          ],
          [
            8.9753553,
            46.9488039
          ],
          [
            8.9752219,
            46.9488267
          ],
          [
            8.9750502,
            46.9488382
          ],
          [
            8.9749859,
            46.9488519
          ],
          [
            8.9749396,
            46.9488721
          ],
          [
            8.9748967,
            46.9488995
          ],
          [
            8.9748839,
            46.9489696
          ],
          [
            8.9747901,
            46.9490295
          ],
          [
            8.9747458,
            46.9490547
          ],
          [
            8.9746479,
            46.9490565
          ],
          [
            8.9745406,
            46.9490822
          ],
          [
            8.9744863,
            46.9490945
          ],
          [
            8.974426,
            46.9490728
          ],
          [
            8.9743341,
            46.949068
          ],
          [
            8.9742167,
            46.9491096
          ],
          [
            8.9741591,
            46.9491128
          ],
          [
            8.9740652,
            46.9491325
          ],
          [
            8.9740203,
            46.9491362
          ],
          [
            8.9739358,
            46.949127
          ],
          [
            8.9738935,
            46.9491403
          ],
          [
            8.9738258,
            46.949144
          ],
          [
            8.9737245,
            46.9491586
          ],
          [
            8.9736414,
            46.9491508
          ],
          [
            8.973573,
            46.9491756
          ],
          [
            8.9735354,
            46.9491774
          ],
          [
            8.9735167,
            46.9491728
          ],
          [
            8.9735126,
            46.9491504
          ],
          [
            8.973465,
            46.9491463
          ],
          [
            8.9734322,
            46.9491174
          ],
          [
            8.9733946,
            46.9491028
          ],
          [
            8.9733772,
            46.9491119
          ],
          [
            8.9733571,
            46.9491431
          ],
          [
            8.973351,
            46.9491623
          ],
          [
            8.9733361,
            46.9492338
          ],
          [
            8.9733638,
            46.9492689
          ],
          [
            8.9733604,
            46.9493179
          ],
          [
            8.9733852,
            46.9493902
          ],
          [
            8.9734221,
            46.949523
          ],
          [
            8.9734711,
            46.949642
          ],
          [
            8.9735059,
            46.9497551
          ],
          [
            8.9735167,
            46.9498484
          ],
          [
            8.9735522,
            46.9499313
          ],
          [
            8.9735529,
            46.9500393
          ],
          [
            8.9735663,
            46.950205
          ],
          [
            8.9735522,
            46.9502984
          ],
          [
            8.9735536,
            46.950438
          ],
          [
            8.9735281,
            46.9506019
          ],
          [
            8.9735106,
            46.9506564
          ],
          [
            8.973512,
            46.9507182
          ],
          [
            8.9734838,
            46.9507717
          ],
          [
            8.9733846,
            46.9508829
          ],
          [
            8.9733685,
            46.9509402
          ],
          [
            8.9733289,
            46.9510308
          ],
          [
            8.973284,
            46.9510821
          ],
          [
            8.9732599,
            46.9510981
          ],
          [
            8.9732143,
            46.9511196
          ],
          [
            8.9731304,
            46.9511731
          ],
          [
            8.973064,
            46.9512171
          ],
          [
            8.9729661,
            46.9513347
          ],
          [
            8.9729235,
            46.9513733
          ],
          [
            8.972824,
            46.9514281
          ],
          [
            8.9727013,
            46.9514835
          ],
          [
            8.9726463,
            46.9515128
          ],
          [
            8.9725444,
            46.9515929
          ],
          [
            8.9724961,
            46.9516547
          ],
          [
            8.9724471,
            46.9517188
          ],
          [
            8.9723747,
            46.9518904
          ],
          [
            8.9723445,
            46.9519353
          ],
          [
            8.9723412,
            46.9519769
          ],
          [
            8.9723472,
            46.95203
          ],
          [
            8.9723204,
            46.9521197
          ],
          [
            8.972307,
            46.9521586
          ],
          [
            8.9723003,
            46.9522026
          ],
          [
            8.9723083,
            46.9522346
          ],
          [
            8.9723077,
            46.952268
          ],
          [
            8.9722849,
            46.9523028
          ],
          [
            8.9722272,
            46.952333
          ],
          [
            8.9721085,
            46.952415
          ],
          [
            8.9720441,
            46.9524456
          ],
          [
            8.9719992,
            46.9525033
          ],
          [
            8.9719395,
            46.9525115
          ],
          [
            8.971853,
            46.9525417
          ],
          [
            8.9717987,
            46.9525692
          ],
          [
            8.9716639,
            46.9526141
          ],
          [
            8.9715479,
            46.9526365
          ],
          [
            8.9714836,
            46.9526662
          ],
          [
            8.9714514,
            46.9526667
          ],
          [
            8.9714266,
            46.9526649
          ],
          [
            8.9713722,
            46.9526827
          ],
          [
            8.9712891,
            46.9526896
          ],
          [
            8.9712182,
            46.9526921
          ],
          [
            8.9711832,
            46.952729
          ],
          [
            8.9711744,
            46.9527477
          ],
          [
            8.9711449,
            46.9527523
          ],
          [
            8.9710933,
            46.9527505
          ],
          [
            8.971049,
            46.9527766
          ],
          [
            8.9709552,
            46.9528086
          ],
          [
            8.9709511,
            46.9528187
          ],
          [
            8.9709793,
            46.952846
          ],
          [
            8.9709686,
            46.9528676
          ],
          [
            8.970929,
            46.9529162
          ],
          [
            8.9709163,
            46.9529505
          ],
          [
            8.9709049,
            46.9529689
          ],
          [
            8.9708626,
            46.9529999
          ],
          [
            8.9708271,
            46.9530507
          ],
          [
            8.9708143,
            46.9530709
          ],
          [
            8.9707936,
            46.9530809
          ],
          [
            8.9707292,
            46.9530754
          ],
          [
            8.9706967,
            46.9530877
          ],
          [
            8.970699,
            46.9531162
          ],
          [
            8.9707399,
            46.9531546
          ],
          [
            8.9707976,
            46.9531793
          ],
          [
            8.970884,
            46.9531803
          ],
          [
            8.9709487,
            46.9531938
          ],
          [
            8.9709746,
            46.9531995
          ],
          [
            8.9710021,
            46.9532146
          ],
          [
            8.9710879,
            46.9532192
          ],
          [
            8.9711986,
            46.9532865
          ],
          [
            8.9712831,
            46.9533981
          ],
          [
            8.9713629,
            46.9534201
          ],
          [
            8.9714795,
            46.9534187
          ],
          [
            8.971796,
            46.9534091
          ],
          [
            8.9718242,
            46.9534265
          ],
          [
            8.9718973,
            46.9534192
          ],
          [
            8.9719476,
            46.9534219
          ],
          [
            8.9720113,
            46.9534293
          ],
          [
            8.9720897,
            46.9534595
          ],
          [
            8.9721501,
            46.953465
          ],
          [
            8.9722332,
            46.953448
          ],
          [
            8.9722865,
            46.9534411
          ],
          [
            8.9724163,
            46.9534631
          ],
          [
            8.9725308,
            46.9534959
          ],
          [
            8.9725826,
            46.9535492
          ],
          [
            8.9726617,
            46.953594
          ],
          [
            8.9727489,
            46.9536334
          ],
          [
            8.9728314,
            46.9536819
          ],
          [
            8.972881,
            46.953708
          ],
          [
            8.9729588,
            46.9538005
          ],
          [
            8.9729936,
            46.9538613
          ],
          [
            8.9730749,
            46.9538956
          ],
          [
            8.9730922,
            46.9539273
          ],
          [
            8.973111,
            46.9539433
          ],
          [
            8.9731559,
            46.9539561
          ],
          [
            8.9731861,
            46.9540037
          ],
          [
            8.9732223,
            46.9540312
          ],
          [
            8.9732565,
            46.9540742
          ],
          [
            8.9732699,
            46.954103
          ],
          [
            8.9733034,
            46.95413
          ],
          [
            8.9733199,
            46.9541625
          ],
          [
            8.9733363,
            46.954195
          ],
          [
            8.973377,
            46.954235
          ],
          [
            8.9734201,
            46.9542701
          ],
          [
            8.9734617,
            46.9543181
          ],
          [
            8.9735287,
            46.9543483
          ],
          [
            8.9735489,
            46.9543731
          ],
          [
            8.9735865,
            46.9544225
          ],
          [
            8.9736226,
            46.9544788
          ],
          [
            8.9736246,
            46.9545204
          ],
          [
            8.973628,
            46.9545488
          ],
          [
            8.9736669,
            46.954585
          ],
          [
            8.9737382,
            46.9546542
          ],
          [
            8.973741,
            46.9546756
          ],
          [
            8.9737189,
            46.9547336
          ],
          [
            8.9737346,
            46.9547813
          ],
          [
            8.9738057,
            46.9548266
          ],
          [
            8.9738291,
            46.9548797
          ],
          [
            8.9738352,
            46.9549168
          ],
          [
            8.9738573,
            46.9549502
          ],
          [
            8.9738828,
            46.9549786
          ],
          [
            8.9739029,
            46.9550143
          ],
          [
            8.97391,
            46.9550388
          ],
          [
            8.9739001,
            46.9550579
          ],
          [
            8.97397,
            46.9551045
          ],
          [
            8.9740632,
            46.9551566
          ],
          [
            8.974191,
            46.9552024
          ],
          [
            8.9742295,
            46.9552226
          ],
          [
            8.9742724,
            46.9552734
          ],
          [
            8.9743361,
            46.9553136
          ],
          [
            8.9743643,
            46.9553461
          ],
          [
            8.9743938,
            46.9553681
          ],
          [
            8.9744326,
            46.9553864
          ],
          [
            8.9746338,
            46.9555214
          ],
          [
            8.9749275,
            46.9557205
          ],
          [
            8.9751159,
            46.9558331
          ],
          [
            8.9752159,
            46.9559164
          ],
          [
            8.9753468,
            46.9560303
          ],
          [
            8.975411,
            46.9560707
          ],
          [
            8.9755035,
            46.9561164
          ],
          [
            8.9755639,
            46.9561311
          ],
          [
            8.9756336,
            46.9561357
          ],
          [
            8.9757463,
            46.9561338
          ],
          [
            8.9758938,
            46.956127
          ],
          [
            8.9759924,
            46.9561219
          ],
          [
            8.9760735,
            46.9561315
          ],
          [
            8.9762291,
            46.9561517
          ],
          [
            8.9763109,
            46.956175
          ],
          [
            8.9764074,
            46.9561842
          ],
          [
            8.9764959,
            46.9561851
          ],
          [
            8.9766441,
            46.9562167
          ],
          [
            8.9767675,
            46.9562409
          ],
          [
            8.9768326,
            46.9562464
          ],
          [
            8.9769707,
            46.9562382
          ],
          [
            8.9771417,
            46.95624
          ],
          [
            8.9772456,
            46.9562428
          ],
          [
            8.9774407,
            46.9562588
          ],
          [
            8.9775239,
            46.956256
          ],
          [
            8.9775849,
            46.9562473
          ],
          [
            8.9776614,
            46.9562295
          ],
          [
            8.9777391,
            46.9562235
          ],
          [
            8.9780053,
            46.9562322
          ],
          [
            8.9781187,
            46.9562295
          ],
          [
            8.978238,
            46.9562116
          ],
          [
            8.9784855,
            46.9561714
          ],
          [
            8.9785922,
            46.956163
          ],
          [
            8.9788241,
            46.9561645
          ],
          [
            8.9789354,
            46.9561563
          ],
          [
            8.9791057,
            46.9561105
          ],
          [
            8.9791862,
            46.9561077
          ],
          [
            8.9793411,
            46.9561242
          ],
          [
            8.9794081,
            46.9561265
          ],
          [
            8.9795215,
            46.956121
          ],
          [
            8.9796549,
            46.9561334
          ],
          [
            8.9798232,
            46.9561746
          ],
          [
            8.9799023,
            46.956181
          ],
          [
            8.9800291,
            46.9562286
          ],
          [
            8.9801082,
            46.9562469
          ],
          [
            8.9802899,
            46.9562858
          ],
          [
            8.9803315,
            46.9562917
          ],
          [
            8.9803858,
            46.9562858
          ],
          [
            8.9804401,
            46.9562775
          ],
          [
            8.9804965,
            46.9562533
          ],
          [
            8.9806315,
            46.9562115
          ],
          [
            8.980713,
            46.9561814
          ],
          [
            8.9808405,
            46.9561339
          ],
          [
            8.9809518,
            46.9561137
          ],
          [
            8.9810161,
            46.9561045
          ],
          [
            8.981059,
            46.956094
          ],
          [
            8.9811838,
            46.9560794
          ],
          [
            8.9813018,
            46.9560427
          ],
          [
            8.9813648,
            46.9560304
          ],
          [
            8.9814574,
            46.9560226
          ],
          [
            8.9816042,
            46.9560116
          ],
          [
            8.9816813,
            46.9560121
          ],
          [
            8.9818544,
            46.9560389
          ],
          [
            8.9820548,
            46.9560839
          ],
          [
            8.9821534,
            46.9560866
          ],
          [
            8.9823981,
            46.9560784
          ],
          [
            8.9824712,
            46.9560876
          ],
          [
            8.9825229,
            46.9561013
          ],
          [
            8.9825859,
            46.9561091
          ],
          [
            8.9826187,
            46.9561087
          ],
          [
            8.9826717,
            46.9561013
          ],
          [
            8.9828917,
            46.9560551
          ],
          [
            8.9830452,
            46.9560189
          ],
          [
            8.9831371,
            46.9560048
          ],
          [
            8.9832108,
            46.9560112
          ],
          [
            8.9833101,
            46.9560578
          ],
          [
            8.9834218,
            46.9561089
          ],
          [
            8.9836268,
            46.9561813
          ],
          [
            8.9836635,
            46.9561862
          ],
          [
            8.9837037,
            46.9561813
          ],
          [
            8.9837511,
            46.9561557
          ],
          [
            8.983786,
            46.9561509
          ],
          [
            8.9838425,
            46.9561654
          ],
          [
            8.9838687,
            46.9561672
          ],
          [
            8.9839042,
            46.956159
          ],
          [
            8.9840251,
            46.9561535
          ],
          [
            8.9842022,
            46.9561665
          ],
          [
            8.9843099,
            46.9561814
          ],
          [
            8.9843662,
            46.9561901
          ],
          [
            8.9843997,
            46.9561965
          ],
          [
            8.9844413,
            46.9562222
          ],
          [
            8.9844594,
            46.9562331
          ],
          [
            8.9845124,
            46.9562254
          ],
          [
            8.9845781,
            46.9562066
          ],
          [
            8.9846431,
            46.9561654
          ],
          [
            8.9847243,
            46.9561334
          ],
          [
            8.9848537,
            46.9560597
          ],
          [
            8.9849181,
            46.9560565
          ],
          [
            8.984963,
            46.9560487
          ],
          [
            8.9849857,
            46.956032
          ],
          [
            8.9850267,
            46.9560016
          ],
          [
            8.9851139,
            46.9560052
          ],
          [
            8.9852202,
            46.9559995
          ],
          [
            8.985185,
            46.9561087
          ],
          [
            8.9851809,
            46.9561329
          ],
          [
            8.985193,
            46.9562739
          ],
          [
            8.985197,
            46.956327
          ],
          [
            8.9851937,
            46.9564039
          ],
          [
            8.9852037,
            46.9564881
          ],
          [
            8.9852124,
            46.9565435
          ],
          [
            8.985189,
            46.9565901
          ],
          [
            8.9851575,
            46.9566464
          ],
          [
            8.9851494,
            46.9567046
          ],
          [
            8.9851908,
            46.95678
          ],
          [
            8.9852198,
            46.9567988
          ],
          [
            8.9852366,
            46.9568059
          ],
          [
            8.9852735,
            46.9568213
          ],
          [
            8.985421,
            46.956824
          ],
          [
            8.9855403,
            46.95684
          ],
          [
            8.985775,
            46.9568799
          ],
          [
            8.9859735,
            46.9569343
          ],
          [
            8.9860781,
            46.9569902
          ],
          [
            8.9862283,
            46.9570259
          ],
          [
            8.9864349,
            46.9570661
          ],
          [
            8.9865542,
            46.9571
          ],
          [
            8.986913,
            46.9571055
          ],
          [
            8.987094,
            46.9571595
          ],
          [
            8.9871463,
            46.9571636
          ],
          [
            8.9873005,
            46.9571645
          ],
          [
            8.9880127,
            46.9571284
          ],
          [
            8.9883131,
            46.9571256
          ],
          [
            8.9889233,
            46.9571284
          ],
          [
            8.989109,
            46.9571595
          ],
          [
            8.9893296,
            46.9572172
          ],
          [
            8.9895167,
            46.9572433
          ],
          [
            8.9895482,
            46.9572611
          ],
          [
            8.9895684,
            46.957289
          ],
          [
            8.9896072,
            46.9574144
          ],
          [
            8.9896502,
            46.9574909
          ],
          [
            8.9897018,
            46.9576067
          ],
          [
            8.9897722,
            46.9577064
          ],
          [
            8.9900029,
            46.9580735
          ],
          [
            8.9901423,
            46.9582703
          ],
          [
            8.9903542,
            46.9584424
          ],
          [
            8.9904052,
            46.9584753
          ],
          [
            8.9905581,
            46.9585293
          ],
          [
            8.9907861,
            46.9585852
          ],
          [
            8.9909148,
            46.9586172
          ],
          [
            8.9910047,
            46.9586419
          ],
          [
            8.9911602,
            46.9586584
          ],
          [
            8.9913775,
            46.9586712
          ],
          [
            8.9916202,
            46.9587261
          ],
          [
            8.9917463,
            46.9587316
          ],
          [
            8.9919595,
            46.9587508
          ],
          [
            8.9921433,
            46.9587637
          ],
          [
            8.9922747,
            46.9587902
          ],
          [
            8.9923739,
            46.9588268
          ],
          [
            8.9924343,
            46.9588387
          ],
          [
            8.9925245,
            46.9588489
          ],
          [
            8.9925734,
            46.9588619
          ],
          [
            8.992657,
            46.9588961
          ],
          [
            8.9927304,
            46.9589391
          ],
          [
            8.9927786,
            46.9589749
          ],
          [
            8.9928455,
            46.9590526
          ],
          [
            8.992947,
            46.9591242
          ],
          [
            8.9930159,
            46.9592061
          ],
          [
            8.9930768,
            46.9592179
          ],
          [
            8.9931177,
            46.9592503
          ],
          [
            8.9931573,
            46.9593102
          ],
          [
            8.9932139,
            46.9593536
          ],
          [
            8.9932512,
            46.9594015
          ],
          [
            8.9932754,
            46.9594517
          ],
          [
            8.9932775,
            46.9595317
          ],
          [
            8.9933118,
            46.9595832
          ],
          [
            8.9933223,
            46.9596265
          ],
          [
            8.9933606,
            46.9596744
          ],
          [
            8.9935367,
            46.959811
          ],
          [
            8.9936607,
            46.9598802
          ],
          [
            8.9938121,
            46.9599413
          ],
          [
            8.9939506,
            46.9599443
          ],
          [
            8.9941869,
            46.9598927
          ],
          [
            8.9943023,
            46.9598681
          ],
          [
            8.9944197,
            46.9598673
          ],
          [
            8.9945426,
            46.9598444
          ],
          [
            8.9947484,
            46.95985
          ],
          [
            8.9949303,
            46.959865
          ],
          [
            8.9950025,
            46.9598459
          ],
          [
            8.9951553,
            46.9598494
          ],
          [
            8.9952362,
            46.9598441
          ],
          [
            8.9954785,
            46.9598597
          ],
          [
            8.9956452,
            46.9598562
          ],
          [
            8.9956922,
            46.9598611
          ],
          [
            8.9957385,
            46.9599262
          ],
          [
            8.995786,
            46.9599603
          ],
          [
            8.9958463,
            46.9599795
          ],
          [
            8.995989,
            46.9599802
          ],
          [
            8.9961381,
            46.9599577
          ],
          [
            8.9965411,
            46.9599471
          ],
          [
            8.9966569,
            46.9599389
          ],
          [
            8.9967456,
            46.959949
          ],
          [
            8.996914,
            46.9599959
          ],
          [
            8.9969877,
            46.9599894
          ],
          [
            8.9970532,
            46.9599633
          ],
          [
            8.997122,
            46.9599232
          ],
          [
            8.997319,
            46.9598575
          ],
          [
            8.9975797,
            46.9598351
          ],
          [
            8.9977492,
            46.9598366
          ],
          [
            8.9979268,
            46.9598669
          ],
          [
            8.9980263,
            46.9598706
          ],
          [
            8.9981042,
            46.9598885
          ],
          [
            8.9981512,
            46.9599244
          ],
          [
            8.9982271,
            46.9599372
          ],
          [
            8.9984566,
            46.9599219
          ],
          [
            8.9985368,
            46.9599278
          ],
          [
            8.9986109,
            46.9599526
          ],
          [
            8.9987003,
            46.960037
          ],
          [
            8.9987253,
            46.9600471
          ],
          [
            8.9987902,
            46.9600525
          ],
          [
            8.9989086,
            46.9600941
          ],
          [
            8.9989747,
            46.9601306
          ],
          [
            8.999051,
            46.9601586
          ],
          [
            8.9992332,
            46.9601947
          ],
          [
            8.9993937,
            46.9602414
          ],
          [
            8.9996841,
            46.9602445
          ],
          [
            8.9998059,
            46.9602507
          ],
          [
            8.9998834,
            46.9602476
          ],
          [
            9.0000155,
            46.9601784
          ],
          [
            9.0001123,
            46.9601559
          ],
          [
            9.0002387,
            46.960159
          ],
          [
            9.000688,
            46.9602315
          ],
          [
            9.0008524,
            46.9602469
          ],
          [
            9.0009268,
            46.9602749
          ],
          [
            9.0009839,
            46.9602876
          ],
          [
            9.0010483,
            46.9602833
          ],
          [
            9.0011029,
            46.9602655
          ],
          [
            9.0011519,
            46.9602421
          ],
          [
            9.0011781,
            46.9602068
          ],
          [
            9.0011751,
            46.9601391
          ],
          [
            9.0012413,
            46.9601481
          ],
          [
            9.0012599,
            46.9601417
          ],
          [
            9.0012667,
            46.960124
          ],
          [
            9.0011891,
            46.9600519
          ],
          [
            9.0012071,
            46.9600424
          ],
          [
            9.0012327,
            46.9600377
          ],
          [
            9.0013106,
            46.960049
          ],
          [
            9.0013139,
            46.9599746
          ],
          [
            9.0012998,
            46.9599332
          ],
          [
            9.0013545,
            46.9599123
          ],
          [
            9.0014376,
            46.9599212
          ],
          [
            9.0015152,
            46.9599188
          ],
          [
            9.0015757,
            46.9599231
          ],
          [
            9.0019244,
            46.9599065
          ],
          [
            9.0020217,
            46.959936
          ],
          [
            9.0021551,
            46.9599305
          ],
          [
            9.0023185,
            46.9599845
          ],
          [
            9.0024752,
            46.960013
          ],
          [
            9.0025466,
            46.9600082
          ],
          [
            9.0026508,
            46.9600605
          ],
          [
            9.0027926,
            46.9602121
          ],
          [
            9.0028722,
            46.9602586
          ],
          [
            9.0029619,
            46.9602943
          ],
          [
            9.0030476,
            46.9603133
          ],
          [
            9.0031587,
            46.9603677
          ],
          [
            9.0035718,
            46.9605228
          ],
          [
            9.0036127,
            46.9605556
          ],
          [
            9.0037479,
            46.9606025
          ],
          [
            9.0038622,
            46.9606434
          ],
          [
            9.0040746,
            46.9607362
          ],
          [
            9.0041114,
            46.9607716
          ],
          [
            9.0042027,
            46.96079
          ],
          [
            9.0043137,
            46.9608326
          ],
          [
            9.0045084,
            46.9609623
          ],
          [
            9.0045623,
            46.9610089
          ],
          [
            9.0046423,
            46.961052
          ],
          [
            9.0047001,
            46.9610724
          ],
          [
            9.0047488,
            46.9611028
          ],
          [
            9.0048638,
            46.9612009
          ],
          [
            9.0049633,
            46.9612584
          ],
          [
            9.0050127,
            46.9613149
          ],
          [
            9.005154,
            46.9614142
          ],
          [
            9.0054265,
            46.9616257
          ],
          [
            9.00565,
            46.9617528
          ],
          [
            9.0059919,
            46.9619006
          ],
          [
            9.0060505,
            46.9619172
          ],
          [
            9.0060557,
            46.9619007
          ],
          [
            9.0059774,
            46.9618406
          ],
          [
            9.0058835,
            46.9617341
          ],
          [
            9.0058224,
            46.9616825
          ],
          [
            9.0058135,
            46.961667
          ],
          [
            9.0058263,
            46.9616688
          ],
          [
            9.0060233,
            46.9617613
          ],
          [
            9.0061578,
            46.9618012
          ],
          [
            9.0062414,
            46.9618477
          ],
          [
            9.0064741,
            46.9619464
          ],
          [
            9.0065973,
            46.962036
          ],
          [
            9.0066447,
            46.9620567
          ],
          [
            9.0067762,
            46.9620928
          ],
          [
            9.0070387,
            46.9621446
          ],
          [
            9.0070592,
            46.9621657
          ],
          [
            9.007067,
            46.9621898
          ],
          [
            9.0071344,
            46.9622627
          ],
          [
            9.0071764,
            46.9622932
          ],
          [
            9.0072411,
            46.9623234
          ],
          [
            9.0074361,
            46.9623955
          ],
          [
            9.0075802,
            46.9624217
          ],
          [
            9.007577,
            46.962411
          ],
          [
            9.0075497,
            46.9623978
          ],
          [
            9.0074076,
            46.9623425
          ],
          [
            9.0073792,
            46.9622914
          ],
          [
            9.0072352,
            46.962171
          ],
          [
            9.0072175,
            46.962146
          ],
          [
            9.0072035,
            46.9620569
          ],
          [
            9.0071594,
            46.9620041
          ],
          [
            9.0069678,
            46.9618552
          ],
          [
            9.0068367,
            46.9617832
          ],
          [
            9.0067282,
            46.9616613
          ],
          [
            9.0066393,
            46.961582
          ],
          [
            9.0065944,
            46.9614991
          ],
          [
            9.00647,
            46.9614173
          ],
          [
            9.0064405,
            46.9613808
          ],
          [
            9.0061715,
            46.9612009
          ],
          [
            9.0061608,
            46.9611739
          ],
          [
            9.0061695,
            46.961131
          ],
          [
            9.0061601,
            46.961104
          ],
          [
            9.0060247,
            46.9609825
          ],
          [
            9.005893,
            46.9608454
          ],
          [
            9.0058532,
            46.9607945
          ],
          [
            9.0057992,
            46.9606726
          ],
          [
            9.0057588,
            46.9606264
          ],
          [
            9.0057058,
            46.9605774
          ],
          [
            9.0055727,
            46.960491
          ],
          [
            9.0054585,
            46.960392
          ],
          [
            9.0053275,
            46.9601881
          ],
          [
            9.0053033,
            46.9601454
          ],
          [
            9.0051592,
            46.9600009
          ],
          [
            9.0050392,
            46.9598427
          ],
          [
            9.0048844,
            46.9597186
          ],
          [
            9.0047921,
            46.9595925
          ],
          [
            9.0047443,
            46.959546
          ],
          [
            9.0046922,
            46.9595094
          ],
          [
            9.0046552,
            46.9594976
          ],
          [
            9.0045577,
            46.9594383
          ],
          [
            9.0043236,
            46.9593245
          ],
          [
            9.0041714,
            46.9592261
          ],
          [
            9.0039194,
            46.9590213
          ],
          [
            9.0038218,
            46.9589878
          ],
          [
            9.0036965,
            46.9588939
          ],
          [
            9.0035356,
            46.9587902
          ],
          [
            9.0034387,
            46.9587234
          ],
          [
            9.0033878,
            46.9586831
          ],
          [
            9.0032664,
            46.9585563
          ],
          [
            9.0032174,
            46.9584964
          ],
          [
            9.0031625,
            46.9584314
          ],
          [
            9.0030619,
            46.9583
          ],
          [
            9.0029358,
            46.9581838
          ],
          [
            9.0028597,
            46.958081
          ],
          [
            9.0027997,
            46.9579641
          ],
          [
            9.0026354,
            46.9577412
          ],
          [
            9.0026093,
            46.9576904
          ],
          [
            9.002571,
            46.9575897
          ],
          [
            9.0025307,
            46.9575201
          ],
          [
            9.0024832,
            46.957457
          ],
          [
            9.0024476,
            46.9574227
          ],
          [
            9.0023719,
            46.957376
          ],
          [
            9.0023078,
            46.9573435
          ],
          [
            9.0021392,
            46.9572638
          ],
          [
            9.001991,
            46.9571723
          ],
          [
            9.0018214,
            46.9570584
          ],
          [
            9.0017261,
            46.9570172
          ],
          [
            9.0015946,
            46.9569765
          ],
          [
            9.0014885,
            46.9569507
          ],
          [
            9.00139,
            46.9569441
          ],
          [
            9.0011629,
            46.9569455
          ],
          [
            9.0010621,
            46.9569405
          ],
          [
            9.0010186,
            46.9569298
          ],
          [
            9.0010028,
            46.9569099
          ],
          [
            9.0010049,
            46.9568892
          ],
          [
            9.0010256,
            46.9568704
          ],
          [
            9.0011185,
            46.956866
          ],
          [
            9.0012543,
            46.9568689
          ],
          [
            9.0014322,
            46.9568665
          ],
          [
            9.0017489,
            46.9568437
          ],
          [
            9.0018837,
            46.9568469
          ],
          [
            9.0020104,
            46.9568803
          ],
          [
            9.0021338,
            46.9569302
          ],
          [
            9.002223,
            46.956959
          ],
          [
            9.0023175,
            46.9569726
          ],
          [
            9.0024046,
            46.9569775
          ],
          [
            9.002593,
            46.9570027
          ],
          [
            9.0026825,
            46.9570232
          ],
          [
            9.0027981,
            46.9570656
          ],
          [
            9.0029517,
            46.957106
          ],
          [
            9.003117,
            46.9571545
          ],
          [
            9.0031826,
            46.9571664
          ],
          [
            9.0032221,
            46.9571673
          ],
          [
            9.0032453,
            46.9571634
          ],
          [
            9.003266,
            46.9571516
          ],
          [
            9.0032827,
            46.9571352
          ],
          [
            9.0032885,
            46.9571128
          ],
          [
            9.0032838,
            46.9570817
          ],
          [
            9.0031732,
            46.9569027
          ],
          [
            9.0031323,
            46.9568593
          ],
          [
            9.0030954,
            46.9568313
          ],
          [
            9.0029973,
            46.9567951
          ],
          [
            9.0026435,
            46.956687
          ],
          [
            9.0020822,
            46.9565238
          ],
          [
            9.0020198,
            46.9564995
          ],
          [
            9.0016477,
            46.9563215
          ],
          [
            9.0015395,
            46.9562838
          ],
          [
            9.0013661,
            46.9562329
          ],
          [
            9.0012328,
            46.9561997
          ],
          [
            9.0009751,
            46.9561522
          ],
          [
            9.0008988,
            46.9561442
          ],
          [
            9.0007185,
            46.9561433
          ],
          [
            9.000571,
            46.9561661
          ],
          [
            9.0005343,
            46.956165
          ],
          [
            9.0005045,
            46.9561541
          ],
          [
            9.0002556,
            46.9559324
          ],
          [
            9.0002009,
            46.955857
          ],
          [
            9.0001729,
            46.9558245
          ],
          [
            8.9998226,
            46.9555926
          ],
          [
            8.9996859,
            46.9554927
          ],
          [
            8.999595,
            46.9554373
          ],
          [
            8.9994727,
            46.9553812
          ],
          [
            8.9993276,
            46.9553413
          ],
          [
            8.9992712,
            46.9553342
          ],
          [
            8.9991606,
            46.9553402
          ],
          [
            8.9989532,
            46.9553747
          ],
          [
            8.9988177,
            46.9553777
          ],
          [
            8.9986536,
            46.9553641
          ],
          [
            8.9984327,
            46.9553309
          ],
          [
            8.9983711,
            46.9553147
          ],
          [
            8.9982469,
            46.9552519
          ],
          [
            8.9981843,
            46.9552029
          ],
          [
            8.9980057,
            46.9550321
          ],
          [
            8.9979236,
            46.9549381
          ],
          [
            8.9978682,
            46.9549106
          ],
          [
            8.9977547,
            46.9548747
          ],
          [
            8.9977208,
            46.9548446
          ],
          [
            8.9976843,
            46.9546708
          ],
          [
            8.9975647,
            46.9544513
          ],
          [
            8.9975271,
            46.9543634
          ],
          [
            8.997505,
            46.9542545
          ],
          [
            8.9974856,
            46.9542078
          ],
          [
            8.997446,
            46.9541405
          ],
          [
            8.9973997,
            46.9540833
          ],
          [
            8.9972958,
            46.9540055
          ],
          [
            8.9970852,
            46.9538627
          ],
          [
            8.9969907,
            46.9537881
          ],
          [
            8.9969075,
            46.9537089
          ],
          [
            8.9968452,
            46.9536714
          ],
          [
            8.9967614,
            46.9536229
          ],
          [
            8.9966802,
            46.9535917
          ],
          [
            8.9965716,
            46.9535643
          ],
          [
            8.9964697,
            46.9535615
          ],
          [
            8.9963959,
            46.9535332
          ],
          [
            8.996302,
            46.9534782
          ],
          [
            8.9959822,
            46.9533148
          ],
          [
            8.9958005,
            46.9532118
          ],
          [
            8.9956751,
            46.9531226
          ],
          [
            8.9954303,
            46.9529464
          ],
          [
            8.9953002,
            46.9528182
          ],
          [
            8.9951983,
            46.9527404
          ],
          [
            8.9950052,
            46.9526269
          ],
          [
            8.9948691,
            46.9525752
          ],
          [
            8.9947343,
            46.9525344
          ],
          [
            8.9945539,
            46.9524571
          ],
          [
            8.9944218,
            46.9523939
          ],
          [
            8.9943615,
            46.9523811
          ],
          [
            8.9942843,
            46.9523774
          ],
          [
            8.9941797,
            46.9523747
          ],
          [
            8.9939531,
            46.9523719
          ],
          [
            8.9938807,
            46.9523609
          ],
          [
            8.993821,
            46.9523436
          ],
          [
            8.9937801,
            46.9523143
          ],
          [
            8.9937519,
            46.952279
          ],
          [
            8.9937352,
            46.9522374
          ],
          [
            8.9937271,
            46.9521875
          ],
          [
            8.9937298,
            46.9521472
          ],
          [
            8.9937446,
            46.9520556
          ],
          [
            8.9937399,
            46.9520186
          ],
          [
            8.9936788,
            46.9518465
          ],
          [
            8.9936634,
            46.9516897
          ],
          [
            8.9937023,
            46.9516712
          ],
          [
            8.9938699,
            46.9515897
          ],
          [
            8.9940731,
            46.9515105
          ],
          [
            8.9942632,
            46.9514507
          ],
          [
            8.994405,
            46.9514514
          ],
          [
            8.9946652,
            46.9514492
          ],
          [
            8.9947618,
            46.9514391
          ],
          [
            8.9948885,
            46.9514167
          ],
          [
            8.9950622,
            46.9513723
          ],
          [
            8.9950883,
            46.9513521
          ],
          [
            8.9951145,
            46.9513294
          ],
          [
            8.9950803,
            46.9513045
          ],
          [
            8.9950246,
            46.9512871
          ],
          [
            8.9949261,
            46.9512825
          ],
          [
            8.9947692,
            46.9512967
          ],
          [
            8.9947148,
            46.9512935
          ],
          [
            8.9946612,
            46.9512825
          ],
          [
            8.9945452,
            46.9512391
          ],
          [
            8.9944801,
            46.9512088
          ],
          [
            8.9944453,
            46.9511873
          ],
          [
            8.9944144,
            46.9511589
          ],
          [
            8.9944017,
            46.9511292
          ],
          [
            8.9943765,
            46.9510428
          ]
        ]
      },
      "id": "relation/8489423"
    },
    {
      "type": "Feature",
      "properties": {
        "@id": "relation/8908704",
        "maintenance": "no",
        "name": "Sentiero per Cigolino",
        "network": "lwn",
        "operator": "Club Alpino Italiano",
        "osmc:symbol": "red:red:white_stripe:D3:black",
        "ref": "D3",
        "route": "hiking",
        "sac_scale": "mountain_hiking",
        "source": "local knowledge",
        "to": "Cigolino",
        "type": "route"
      },
      "geometry": {
        "type": "MultiLineString",
        "coordinates": [
          [
            [
              9.3704815,
              46.312599
            ],
            [
              9.370593,
              46.3126054
            ],
            [
              9.3708174,
              46.3126996
            ],
            [
              9.371081,
              46.312807
            ],
            [
              9.37142,
              46.312803
            ],
            [
              9.371761,
              46.312865
            ],
            [
              9.371807,
              46.312924
            ],
            [
              9.371721,
              46.313132
            ],
            [
              9.371591,
              46.313133
            ],
            [
              9.371394,
              46.313277
            ],
            [
              9.371169,
              46.313287
            ],
            [
              9.371123,
              46.313387
            ],
            [
              9.370784,
              46.313474
            ],
            [
              9.370698,
              46.313567
            ],
            [
              9.370632,
              46.313581
            ],
            [
              9.370605,
              46.31354
            ],
            [
              9.370568,
              46.313609
            ],
            [
              9.370836,
              46.313864
            ],
            [
              9.370627,
              46.314046
            ],
            [
              9.370285,
              46.314044
            ],
            [
              9.370197,
              46.314037
            ],
            [
              9.370384,
              46.314204
            ],
            [
              9.370296,
              46.314275
            ],
            [
              9.370159,
              46.314302
            ],
            [
              9.370319,
              46.314364
            ],
            [
              9.370897,
              46.314445
            ],
            [
              9.371182,
              46.314596
            ],
            [
              9.3714896,
              46.3146253
            ],
            [
              9.3716035,
              46.3146671
            ],
            [
              9.3716016,
              46.3147443
            ],
            [
              9.3716417,
              46.314813
            ],
            [
              9.3716604,
              46.3148744
            ],
            [
              9.3713479,
              46.3149562
            ],
            [
              9.371346,
              46.315069
            ],
            [
              9.371178,
              46.315011
            ],
            [
              9.37092,
              46.314995
            ],
            [
              9.3708854,
              46.3152682
            ],
            [
              9.3706504,
              46.3150551
            ],
            [
              9.3705509,
              46.3150097
            ],
            [
              9.3704646,
              46.3150259
            ],
            [
              9.3703558,
              46.3149272
            ],
            [
              9.3703389,
              46.3148816
            ],
            [
              9.3701664,
              46.3147618
            ],
            [
              9.3700559,
              46.314725
            ],
            [
              9.3696114,
              46.314602
            ],
            [
              9.3694047,
              46.3145636
            ],
            [
              9.3692491,
              46.3145377
            ],
            [
              9.3690949,
              46.3144812
            ],
            [
              9.3687442,
              46.3143473
            ],
            [
              9.3686295,
              46.3142876
            ],
            [
              9.3682996,
              46.3142023
            ],
            [
              9.3681441,
              46.3142246
            ],
            [
              9.3680475,
              46.314269
            ],
            [
              9.3679563,
              46.3143283
            ],
            [
              9.367849,
              46.3143654
            ],
            [
              9.3677042,
              46.3144061
            ],
            [
              9.3675754,
              46.3144432
            ],
            [
              9.3674306,
              46.3144321
            ],
            [
              9.367275,
              46.3144098
            ],
            [
              9.3671436,
              46.3144099
            ]
          ],
          [
            [
              9.3714311,
              46.3119698
            ],
            [
              9.3714716,
              46.3119538
            ],
            [
              9.3715327,
              46.3120261
            ],
            [
              9.3714485,
              46.3120786
            ],
            [
              9.371467,
              46.312103
            ],
            [
              9.3714753,
              46.3121415
            ],
            [
              9.3715316,
              46.3121527
            ],
            [
              9.3715647,
              46.312196
            ],
            [
              9.3716161,
              46.3122089
            ],
            [
              9.3716973,
              46.3122307
            ],
            [
              9.3717339,
              46.3123689
            ],
            [
              9.3717537,
              46.3124055
            ],
            [
              9.371645,
              46.3124196
            ],
            [
              9.3716411,
              46.3124336
            ],
            [
              9.3714762,
              46.3124527
            ],
            [
              9.3714361,
              46.3124662
            ],
            [
              9.3713807,
              46.3124708
            ],
            [
              9.3713252,
              46.3124754
            ],
            [
              9.3712982,
              46.3125007
            ],
            [
              9.3710939,
              46.3125073
            ],
            [
              9.3710831,
              46.3125781
            ],
            [
              9.3710535,
              46.3126001
            ],
            [
              9.3709758,
              46.3126136
            ],
            [
              9.3707408,
              46.3126302
            ],
            [
              9.370593,
              46.3126054
            ]
          ],
          [
            [
              9.3742791,
              46.3036554
            ],
            [
              9.374147,
              46.303693
            ],
            [
              9.373718,
              46.304193
            ],
            [
              9.373761,
              46.30423
            ],
            [
              9.373816,
              46.304213
            ],
            [
              9.373858,
              46.304321
            ],
            [
              9.373715,
              46.304435
            ],
            [
              9.373437,
              46.304533
            ],
            [
              9.373174,
              46.3045674
            ],
            [
              9.372979,
              46.304593
            ],
            [
              9.3728579,
              46.3046097
            ],
            [
              9.3727087,
              46.3046747
            ],
            [
              9.3726213,
              46.3047471
            ],
            [
              9.372331,
              46.304777
            ],
            [
              9.3723005,
              46.3047736
            ],
            [
              9.3722631,
              46.3047603
            ],
            [
              9.3722542,
              46.3045842
            ],
            [
              9.3721827,
              46.3045397
            ],
            [
              9.3720964,
              46.3045234
            ],
            [
              9.372104,
              46.304433
            ],
            [
              9.3719906,
              46.3043393
            ],
            [
              9.3719109,
              46.3044166
            ],
            [
              9.3718022,
              46.3044194
            ],
            [
              9.3717283,
              46.3045156
            ],
            [
              9.3717906,
              46.304571
            ],
            [
              9.3717885,
              46.3046766
            ],
            [
              9.3717628,
              46.3047318
            ],
            [
              9.3716673,
              46.3047685
            ],
            [
              9.370921,
              46.305254
            ],
            [
              9.370895,
              46.305291
            ],
            [
              9.371062,
              46.305317
            ],
            [
              9.370998,
              46.305381
            ],
            [
              9.371066,
              46.305494
            ],
            [
              9.3713708,
              46.3055738
            ],
            [
              9.3715661,
              46.3056638
            ],
            [
              9.371456,
              46.305825
            ],
            [
              9.371477,
              46.30593
            ],
            [
              9.371378,
              46.305978
            ],
            [
              9.371175,
              46.305969
            ],
            [
              9.371197,
              46.306043
            ],
            [
              9.3714097,
              46.3061776
            ],
            [
              9.371473,
              46.30619
            ],
            [
              9.3716176,
              46.3062213
            ],
            [
              9.3716644,
              46.306218
            ],
            [
              9.3720004,
              46.3062951
            ],
            [
              9.3721389,
              46.3063336
            ],
            [
              9.372183,
              46.306364
            ],
            [
              9.3721622,
              46.3064147
            ],
            [
              9.372185,
              46.306477
            ],
            [
              9.372502,
              46.306611
            ],
            [
              9.372666,
              46.306746
            ],
            [
              9.37249,
              46.306771
            ],
            [
              9.372491,
              46.306815
            ],
            [
              9.372377,
              46.306873
            ],
            [
              9.372302,
              46.30685
            ],
            [
              9.372098,
              46.306982
            ],
            [
              9.372151,
              46.30701
            ],
            [
              9.372027,
              46.307062
            ],
            [
              9.372209,
              46.307141
            ],
            [
              9.372603,
              46.307213
            ],
            [
              9.372871,
              46.307348
            ],
            [
              9.372874,
              46.307403
            ],
            [
              9.373045,
              46.307501
            ],
            [
              9.3730331,
              46.3076224
            ],
            [
              9.373008,
              46.307879
            ],
            [
              9.3729433,
              46.3079485
            ],
            [
              9.37293,
              46.3079613
            ],
            [
              9.3727899,
              46.3081735
            ],
            [
              9.3728024,
              46.3082032
            ],
            [
              9.372854,
              46.30827
            ],
            [
              9.372744,
              46.308483
            ],
            [
              9.372836,
              46.308534
            ],
            [
              9.372792,
              46.308591
            ],
            [
              9.372904,
              46.308642
            ],
            [
              9.372908,
              46.308706
            ],
            [
              9.37301,
              46.308778
            ],
            [
              9.373214,
              46.308769
            ],
            [
              9.373346,
              46.308811
            ],
            [
              9.373451,
              46.308955
            ],
            [
              9.373401,
              46.308987
            ],
            [
              9.373475,
              46.309025
            ],
            [
              9.373802,
              46.30908
            ],
            [
              9.374263,
              46.309034
            ],
            [
              9.374403,
              46.309076
            ],
            [
              9.374588,
              46.309053
            ],
            [
              9.374781,
              46.309194
            ],
            [
              9.374901,
              46.309386
            ],
            [
              9.375002,
              46.309424
            ],
            [
              9.375017,
              46.309619
            ],
            [
              9.374814,
              46.309855
            ],
            [
              9.374849,
              46.309885
            ],
            [
              9.374726,
              46.309944
            ],
            [
              9.374798,
              46.310033
            ],
            [
              9.374652,
              46.310087
            ],
            [
              9.374908,
              46.310357
            ],
            [
              9.374991,
              46.310526
            ],
            [
              9.374506,
              46.310561
            ],
            [
              9.374288,
              46.310669
            ],
            [
              9.373841,
              46.311158
            ],
            [
              9.373427,
              46.311386
            ],
            [
              9.373158,
              46.311457
            ],
            [
              9.373188,
              46.311511
            ],
            [
              9.373097,
              46.311474
            ],
            [
              9.372785,
              46.311506
            ],
            [
              9.372775,
              46.311629
            ],
            [
              9.372506,
              46.311694
            ],
            [
              9.372188,
              46.311628
            ],
            [
              9.372107,
              46.311731
            ],
            [
              9.371922,
              46.311719
            ],
            [
              9.3717315,
              46.3117489
            ],
            [
              9.3716214,
              46.3118047
            ],
            [
              9.3713454,
              46.3118626
            ],
            [
              9.3713579,
              46.3119437
            ],
            [
              9.371255,
              46.312039
            ],
            [
              9.3713991,
              46.3119823
            ]
          ]
        ]
      },
      "id": "relation/8908704"
    },
    {
      "type": "Feature",
      "properties": {
        "@id": "relation/9027594",
        "name": "Chessel - Biel",
        "network": "lwn",
        "osmc:symbol": "red:white:red_bar",
        "route": "hiking",
        "sac_scale": "mountain_hiking",
        "symbol": "weiss-rot-weiss",
        "type": "route"
      },
      "geometry": {
        "type": "LineString",
        "coordinates": [
          [
            8.7050678,
            46.8907338
          ],
          [
            8.7049581,
            46.8907577
          ],
          [
            8.7047019,
            46.8907958
          ],
          [
            8.7045026,
            46.8908049
          ],
          [
            8.7043613,
            46.8908026
          ],
          [
            8.7042987,
            46.8908328
          ],
          [
            8.704287,
            46.8909061
          ],
          [
            8.704319,
            46.8909619
          ],
          [
            8.7043181,
            46.8910198
          ],
          [
            8.7044898,
            46.8910573
          ],
          [
            8.7044704,
            46.8911263
          ],
          [
            8.7045348,
            46.8911401
          ],
          [
            8.7046429,
            46.891112
          ],
          [
            8.7047084,
            46.8910757
          ],
          [
            8.7049082,
            46.8911362
          ],
          [
            8.7049991,
            46.8912333
          ],
          [
            8.7051106,
            46.8913164
          ],
          [
            8.705166,
            46.8914302
          ],
          [
            8.705249,
            46.8915091
          ],
          [
            8.7053319,
            46.8915904
          ],
          [
            8.7054396,
            46.8916918
          ],
          [
            8.7054992,
            46.8917348
          ],
          [
            8.7055795,
            46.8917738
          ],
          [
            8.7057175,
            46.8918292
          ],
          [
            8.7058073,
            46.8918524
          ],
          [
            8.7059327,
            46.8918848
          ],
          [
            8.7060682,
            46.8919372
          ],
          [
            8.7061089,
            46.8919786
          ],
          [
            8.7061331,
            46.8920388
          ],
          [
            8.7061611,
            46.8920353
          ],
          [
            8.7062226,
            46.8920116
          ],
          [
            8.7062738,
            46.8920134
          ],
          [
            8.7063268,
            46.892033
          ],
          [
            8.7063871,
            46.8920109
          ],
          [
            8.7064198,
            46.8920293
          ],
          [
            8.7064483,
            46.8920945
          ],
          [
            8.7064475,
            46.8921382
          ],
          [
            8.7063445,
            46.8923111
          ],
          [
            8.7062756,
            46.8923914
          ],
          [
            8.7062037,
            46.8925924
          ],
          [
            8.7064934,
            46.8924816
          ],
          [
            8.7065904,
            46.8924708
          ],
          [
            8.7066245,
            46.8924812
          ],
          [
            8.7066325,
            46.8925192
          ],
          [
            8.7066176,
            46.8925889
          ],
          [
            8.7066208,
            46.8926415
          ],
          [
            8.7066436,
            46.8926914
          ],
          [
            8.7067072,
            46.89273
          ],
          [
            8.7067912,
            46.8927607
          ],
          [
            8.7068622,
            46.892795
          ],
          [
            8.7069224,
            46.892831
          ],
          [
            8.7069806,
            46.892892
          ],
          [
            8.7070451,
            46.8929657
          ],
          [
            8.7071363,
            46.8930528
          ],
          [
            8.7071665,
            46.8931101
          ],
          [
            8.7071809,
            46.8932121
          ],
          [
            8.7071996,
            46.8932575
          ],
          [
            8.7072204,
            46.8932905
          ],
          [
            8.7072559,
            46.8933154
          ],
          [
            8.7073441,
            46.8933408
          ],
          [
            8.7074025,
            46.8933708
          ],
          [
            8.707467,
            46.8934338
          ],
          [
            8.7074983,
            46.8934735
          ],
          [
            8.7075301,
            46.8934896
          ],
          [
            8.7075257,
            46.8935173
          ],
          [
            8.7075004,
            46.8935458
          ],
          [
            8.7075,
            46.8935907
          ],
          [
            8.7074432,
            46.893653
          ],
          [
            8.7074326,
            46.8937152
          ],
          [
            8.7074577,
            46.8937987
          ],
          [
            8.7075823,
            46.8939409
          ],
          [
            8.7076446,
            46.8940508
          ],
          [
            8.7076923,
            46.8941819
          ],
          [
            8.7078026,
            46.8943212
          ],
          [
            8.7078842,
            46.8944116
          ],
          [
            8.7079625,
            46.8944632
          ],
          [
            8.7080208,
            46.8945135
          ],
          [
            8.7080851,
            46.894605
          ],
          [
            8.7081358,
            46.8947015
          ],
          [
            8.708207,
            46.8948021
          ],
          [
            8.7082599,
            46.8948562
          ],
          [
            8.7083428,
            46.8949066
          ],
          [
            8.7084994,
            46.8949643
          ],
          [
            8.7086672,
            46.8950267
          ],
          [
            8.7087532,
            46.8950329
          ],
          [
            8.7089494,
            46.8950256
          ],
          [
            8.7090118,
            46.8949941
          ],
          [
            8.7091538,
            46.8950418
          ],
          [
            8.7092915,
            46.8950842
          ]
        ]
      },
      "id": "relation/9027594"
    },
    {
      "type": "Feature",
      "properties": {
        "@id": "relation/9027595",
        "name": "Talacheren - Chessel",
        "network": "lwn",
        "osmc:symbol": "red:white:red_bar",
        "route": "hiking",
        "sac_scale": "mountain_hiking",
        "symbol": "weiss-rot-weiss",
        "type": "route"
      },
      "geometry": {
        "type": "LineString",
        "coordinates": [
          [
            8.7072667,
            46.8778373
          ],
          [
            8.7073034,
            46.8778669
          ],
          [
            8.7073393,
            46.8778959
          ],
          [
            8.7072959,
            46.877925
          ],
          [
            8.7071044,
            46.8780535
          ],
          [
            8.7069786,
            46.8781706
          ],
          [
            8.7069402,
            46.8782335
          ],
          [
            8.7069191,
            46.8782736
          ],
          [
            8.7068636,
            46.8783495
          ],
          [
            8.7067846,
            46.8784179
          ],
          [
            8.7067336,
            46.8784496
          ],
          [
            8.7066873,
            46.8784783
          ],
          [
            8.7065628,
            46.8785336
          ],
          [
            8.7065054,
            46.8785539
          ],
          [
            8.7064081,
            46.8786059
          ],
          [
            8.7063483,
            46.8786237
          ],
          [
            8.7063036,
            46.8786343
          ],
          [
            8.7062718,
            46.8786512
          ],
          [
            8.7062413,
            46.8786802
          ],
          [
            8.7062115,
            46.8787325
          ],
          [
            8.7061819,
            46.8787575
          ],
          [
            8.706137,
            46.878778
          ],
          [
            8.7060828,
            46.8787913
          ],
          [
            8.7059913,
            46.8788039
          ],
          [
            8.7059277,
            46.8788158
          ],
          [
            8.7058373,
            46.8788412
          ],
          [
            8.7056394,
            46.8789106
          ],
          [
            8.7054905,
            46.8789632
          ],
          [
            8.7054348,
            46.8789801
          ],
          [
            8.7053731,
            46.8789885
          ],
          [
            8.7052677,
            46.8789973
          ],
          [
            8.7052026,
            46.8790052
          ],
          [
            8.7051312,
            46.8790244
          ],
          [
            8.7049974,
            46.8790682
          ],
          [
            8.7048069,
            46.8791489
          ],
          [
            8.7047434,
            46.8791899
          ],
          [
            8.7046392,
            46.8792837
          ],
          [
            8.7045596,
            46.8793389
          ],
          [
            8.7045184,
            46.879375
          ],
          [
            8.7045295,
            46.8793877
          ],
          [
            8.7045249,
            46.8794237
          ],
          [
            8.7045122,
            46.8794669
          ],
          [
            8.7044912,
            46.8795036
          ],
          [
            8.7044359,
            46.8795316
          ],
          [
            8.7043743,
            46.8795638
          ],
          [
            8.7043234,
            46.8796117
          ],
          [
            8.7042597,
            46.8796808
          ],
          [
            8.7041344,
            46.8798003
          ],
          [
            8.7040276,
            46.8799147
          ],
          [
            8.7039796,
            46.8799574
          ],
          [
            8.7039834,
            46.8799738
          ],
          [
            8.7040118,
            46.8799764
          ],
          [
            8.7040989,
            46.8799649
          ],
          [
            8.7042402,
            46.879946
          ],
          [
            8.7044635,
            46.8798998
          ],
          [
            8.7045836,
            46.8798602
          ],
          [
            8.704697,
            46.8798365
          ],
          [
            8.7048084,
            46.8798163
          ],
          [
            8.7048926,
            46.8797927
          ],
          [
            8.7050917,
            46.8797649
          ],
          [
            8.7054278,
            46.8797082
          ],
          [
            8.7058177,
            46.8796878
          ],
          [
            8.7062324,
            46.8797691
          ],
          [
            8.7063745,
            46.879784
          ],
          [
            8.7064464,
            46.8798058
          ],
          [
            8.7064722,
            46.879846
          ],
          [
            8.7064756,
            46.8798979
          ],
          [
            8.7064026,
            46.8799454
          ],
          [
            8.7063654,
            46.8799867
          ],
          [
            8.7062758,
            46.8801146
          ],
          [
            8.70618,
            46.88016
          ],
          [
            8.7061518,
            46.8801817
          ],
          [
            8.7060249,
            46.8802766
          ],
          [
            8.7059288,
            46.8803727
          ],
          [
            8.7058563,
            46.8804121
          ],
          [
            8.7057805,
            46.8804799
          ],
          [
            8.7056032,
            46.8806214
          ],
          [
            8.705867,
            46.8806118
          ],
          [
            8.7060415,
            46.8806073
          ],
          [
            8.7060949,
            46.8806409
          ],
          [
            8.7060642,
            46.8806624
          ],
          [
            8.7059575,
            46.8806986
          ],
          [
            8.705892,
            46.8807426
          ],
          [
            8.7058324,
            46.8807867
          ],
          [
            8.7057274,
            46.8808736
          ],
          [
            8.7056807,
            46.8810244
          ],
          [
            8.7057129,
            46.8810529
          ],
          [
            8.7058764,
            46.8810629
          ],
          [
            8.7060508,
            46.8810437
          ],
          [
            8.7061693,
            46.8810448
          ],
          [
            8.706316,
            46.8810735
          ],
          [
            8.7065437,
            46.88112
          ],
          [
            8.7066226,
            46.8811387
          ],
          [
            8.7066784,
            46.8811262
          ],
          [
            8.7069339,
            46.8811331
          ],
          [
            8.7073021,
            46.8810996
          ],
          [
            8.7074403,
            46.8811006
          ],
          [
            8.7075314,
            46.8811207
          ],
          [
            8.7078157,
            46.8812105
          ],
          [
            8.7079845,
            46.8812407
          ],
          [
            8.7081456,
            46.8812619
          ],
          [
            8.7082054,
            46.8812813
          ],
          [
            8.7082422,
            46.8813255
          ],
          [
            8.7083079,
            46.8813495
          ],
          [
            8.7084399,
            46.8813444
          ],
          [
            8.7085564,
            46.8813481
          ],
          [
            8.7086251,
            46.8813337
          ],
          [
            8.7086282,
            46.8813589
          ],
          [
            8.7085989,
            46.8813875
          ],
          [
            8.7085308,
            46.8814514
          ],
          [
            8.708523,
            46.8814566
          ],
          [
            8.7084071,
            46.8815342
          ],
          [
            8.7083777,
            46.8815905
          ],
          [
            8.7086959,
            46.8815861
          ],
          [
            8.7091323,
            46.881585
          ],
          [
            8.7092675,
            46.8815888
          ],
          [
            8.7093467,
            46.8815951
          ],
          [
            8.7094193,
            46.8816085
          ],
          [
            8.7095021,
            46.8816266
          ],
          [
            8.709579,
            46.8816507
          ],
          [
            8.7097412,
            46.881718
          ],
          [
            8.7099492,
            46.8818133
          ],
          [
            8.7099313,
            46.8818471
          ],
          [
            8.7101464,
            46.8819875
          ],
          [
            8.7102582,
            46.8821021
          ],
          [
            8.7103527,
            46.8822638
          ],
          [
            8.7103522,
            46.8822944
          ],
          [
            8.7103714,
            46.8823547
          ],
          [
            8.7104034,
            46.8824489
          ],
          [
            8.7104648,
            46.8826169
          ],
          [
            8.7104968,
            46.8826712
          ],
          [
            8.710596,
            46.8827806
          ],
          [
            8.7106516,
            46.8828197
          ],
          [
            8.7107079,
            46.8828428
          ],
          [
            8.7107735,
            46.8828585
          ],
          [
            8.7108441,
            46.8828584
          ],
          [
            8.7109716,
            46.8828065
          ],
          [
            8.7110543,
            46.8827737
          ],
          [
            8.71111,
            46.8827588
          ],
          [
            8.7111617,
            46.8827573
          ],
          [
            8.7114267,
            46.8827935
          ],
          [
            8.7115382,
            46.8828222
          ],
          [
            8.7117165,
            46.8828613
          ],
          [
            8.7118239,
            46.8828932
          ],
          [
            8.7119576,
            46.88295
          ],
          [
            8.7120115,
            46.8829784
          ],
          [
            8.7120789,
            46.8830334
          ],
          [
            8.7121543,
            46.8830545
          ],
          [
            8.7122806,
            46.8831131
          ],
          [
            8.7123466,
            46.8831447
          ],
          [
            8.7124573,
            46.8831678
          ],
          [
            8.7125635,
            46.8832101
          ],
          [
            8.7126537,
            46.8832813
          ],
          [
            8.7127521,
            46.8833406
          ],
          [
            8.7128572,
            46.883462
          ],
          [
            8.7128744,
            46.8835204
          ],
          [
            8.7128402,
            46.8835703
          ],
          [
            8.712819,
            46.883602
          ],
          [
            8.7127575,
            46.8836483
          ],
          [
            8.7126849,
            46.8836794
          ],
          [
            8.7125652,
            46.8837063
          ],
          [
            8.7124378,
            46.8837051
          ],
          [
            8.7123377,
            46.8837302
          ],
          [
            8.7120844,
            46.8837925
          ],
          [
            8.7118989,
            46.8838231
          ],
          [
            8.7117935,
            46.8838311
          ],
          [
            8.7116847,
            46.8838228
          ],
          [
            8.7115064,
            46.8837606
          ],
          [
            8.7114468,
            46.8837252
          ],
          [
            8.7113656,
            46.8837146
          ],
          [
            8.711275,
            46.8837244
          ],
          [
            8.7112134,
            46.8837511
          ],
          [
            8.7111539,
            46.8837942
          ],
          [
            8.7110301,
            46.883871
          ],
          [
            8.7108831,
            46.8839601
          ],
          [
            8.7108669,
            46.8839769
          ],
          [
            8.7108504,
            46.883994
          ],
          [
            8.7107023,
            46.8840402
          ],
          [
            8.7105697,
            46.8840487
          ],
          [
            8.7103549,
            46.8840608
          ],
          [
            8.7102575,
            46.8840694
          ],
          [
            8.710179,
            46.8841418
          ],
          [
            8.7098505,
            46.8842231
          ],
          [
            8.7098328,
            46.8842386
          ],
          [
            8.7097881,
            46.8842446
          ],
          [
            8.7097151,
            46.8842375
          ],
          [
            8.7096546,
            46.8842518
          ],
          [
            8.7095481,
            46.8842618
          ],
          [
            8.7094699,
            46.8842801
          ],
          [
            8.7093653,
            46.8843316
          ],
          [
            8.7092606,
            46.8843652
          ],
          [
            8.7091645,
            46.8844031
          ],
          [
            8.7090533,
            46.8844403
          ],
          [
            8.7088341,
            46.884502
          ],
          [
            8.7086605,
            46.8845627
          ],
          [
            8.7085991,
            46.8846076
          ],
          [
            8.7085652,
            46.8846526
          ],
          [
            8.7085486,
            46.884689
          ],
          [
            8.7085169,
            46.8847377
          ],
          [
            8.7084618,
            46.8848431
          ],
          [
            8.7083923,
            46.884954
          ],
          [
            8.7083601,
            46.8849933
          ],
          [
            8.7083031,
            46.8850262
          ],
          [
            8.7081793,
            46.8850642
          ],
          [
            8.708052,
            46.8851111
          ],
          [
            8.7080015,
            46.8851396
          ],
          [
            8.707926,
            46.8852115
          ],
          [
            8.7078418,
            46.8852744
          ],
          [
            8.7078405,
            46.885293
          ],
          [
            8.7076386,
            46.8852123
          ],
          [
            8.7074432,
            46.8852004
          ],
          [
            8.7072286,
            46.8851567
          ],
          [
            8.7070129,
            46.8851063
          ],
          [
            8.7067948,
            46.8851355
          ],
          [
            8.7066274,
            46.8851602
          ],
          [
            8.7064899,
            46.8851753
          ],
          [
            8.7064322,
            46.885199
          ],
          [
            8.7063667,
            46.8852476
          ],
          [
            8.7061511,
            46.8853141
          ],
          [
            8.7059623,
            46.8853885
          ],
          [
            8.7055868,
            46.8855132
          ],
          [
            8.7054927,
            46.8855775
          ],
          [
            8.7054828,
            46.8856667
          ],
          [
            8.7055119,
            46.8857377
          ],
          [
            8.7053984,
            46.8859302
          ],
          [
            8.7054433,
            46.8860237
          ],
          [
            8.7052482,
            46.8860388
          ],
          [
            8.7050644,
            46.8860906
          ],
          [
            8.704849,
            46.8861013
          ],
          [
            8.7047949,
            46.8861599
          ],
          [
            8.7047408,
            46.886193
          ],
          [
            8.7045868,
            46.8862684
          ],
          [
            8.7043734,
            46.8863204
          ],
          [
            8.7041557,
            46.886403
          ],
          [
            8.7041036,
            46.8864722
          ],
          [
            8.7041174,
            46.8865245
          ],
          [
            8.7041174,
            46.8865637
          ],
          [
            8.7041532,
            46.8866
          ],
          [
            8.7041572,
            46.8867162
          ],
          [
            8.7042323,
            46.8867377
          ],
          [
            8.7042748,
            46.8867485
          ],
          [
            8.7042772,
            46.8867662
          ],
          [
            8.7042503,
            46.8867838
          ],
          [
            8.704194,
            46.8868299
          ],
          [
            8.7041192,
            46.8868668
          ],
          [
            8.7039048,
            46.8869135
          ],
          [
            8.7036154,
            46.8869137
          ],
          [
            8.7034002,
            46.8869411
          ],
          [
            8.7033095,
            46.8869795
          ],
          [
            8.7033217,
            46.8870127
          ],
          [
            8.7034236,
            46.8870384
          ],
          [
            8.7034665,
            46.8870842
          ],
          [
            8.7034424,
            46.8871484
          ],
          [
            8.7033724,
            46.8871718
          ],
          [
            8.7034102,
            46.8872226
          ],
          [
            8.7034585,
            46.8872217
          ],
          [
            8.7035378,
            46.8874292
          ],
          [
            8.7036152,
            46.8875496
          ],
          [
            8.7037311,
            46.8877839
          ],
          [
            8.7037294,
            46.8878367
          ],
          [
            8.7037186,
            46.8879403
          ],
          [
            8.7036817,
            46.8880149
          ],
          [
            8.7037656,
            46.8880273
          ],
          [
            8.7038206,
            46.8880365
          ],
          [
            8.703794,
            46.8880775
          ],
          [
            8.703883,
            46.8881074
          ],
          [
            8.7039177,
            46.8881556
          ],
          [
            8.7039829,
            46.8881803
          ],
          [
            8.704014,
            46.8881986
          ],
          [
            8.7039811,
            46.8882133
          ],
          [
            8.7039737,
            46.8882306
          ],
          [
            8.7039119,
            46.8882545
          ],
          [
            8.7039216,
            46.888284
          ],
          [
            8.7040428,
            46.8883048
          ],
          [
            8.7040725,
            46.8883264
          ],
          [
            8.7041103,
            46.8883273
          ],
          [
            8.7041502,
            46.8883548
          ],
          [
            8.7042004,
            46.8884941
          ],
          [
            8.7042561,
            46.8886237
          ],
          [
            8.704282,
            46.888741
          ],
          [
            8.704343,
            46.8888827
          ],
          [
            8.7043664,
            46.8889921
          ],
          [
            8.704349,
            46.8890768
          ],
          [
            8.7042689,
            46.8891887
          ],
          [
            8.704265,
            46.8892255
          ],
          [
            8.7043877,
            46.8893679
          ],
          [
            8.7044418,
            46.8894581
          ],
          [
            8.7045064,
            46.8895305
          ],
          [
            8.7045769,
            46.8895946
          ],
          [
            8.7046748,
            46.8896716
          ],
          [
            8.7048827,
            46.8897467
          ],
          [
            8.705045,
            46.8898696
          ],
          [
            8.7050757,
            46.8899112
          ],
          [
            8.7050926,
            46.8899725
          ],
          [
            8.7050571,
            46.8901051
          ],
          [
            8.7050152,
            46.8901854
          ],
          [
            8.7050232,
            46.8902733
          ],
          [
            8.7050396,
            46.8903837
          ],
          [
            8.7048693,
            46.8905432
          ],
          [
            8.7049927,
            46.8905679
          ],
          [
            8.7049578,
            46.8906284
          ],
          [
            8.7050235,
            46.8906871
          ],
          [
            8.7050678,
            46.8907338
          ]
        ]
      },
      "id": "relation/9027595"
    },
    {
      "type": "Feature",
      "properties": {
        "@id": "relation/9053279",
        "duration": "PT4H",
        "from": "Capanna Cognóra",
        "name": "Via Alta della Verzasca Tappa 4",
        "network": "lwn",
        "operator": "Società Escursionistica Verzaschese (SEV)",
        "osmc:symbol": "blue:white:blue_bar",
        "route": "hiking",
        "sac_scale": "alpine_hiking",
        "to": "Capanna Barone",
        "type": "route"
      },
      "geometry": {
        "type": "LineString",
        "coordinates": [
          [
            8.8133384,
            46.376714
          ],
          [
            8.8136147,
            46.3768834
          ],
          [
            8.814073,
            46.377049
          ],
          [
            8.8143785,
            46.3770565
          ],
          [
            8.8145313,
            46.3771769
          ],
          [
            8.814261,
            46.3774166
          ],
          [
            8.8143125,
            46.3775021
          ],
          [
            8.8148041,
            46.3775834
          ],
          [
            8.8149459,
            46.3778168
          ],
          [
            8.8150015,
            46.3780331
          ],
          [
            8.8151314,
            46.378148
          ],
          [
            8.8153853,
            46.3783783
          ],
          [
            8.815378,
            46.3784708
          ],
          [
            8.8155351,
            46.3786448
          ],
          [
            8.8154473,
            46.3788684
          ],
          [
            8.8154487,
            46.378996
          ],
          [
            8.815431,
            46.37904
          ],
          [
            8.8154844,
            46.3790999
          ],
          [
            8.8154822,
            46.3792068
          ],
          [
            8.8154769,
            46.3792703
          ],
          [
            8.8155142,
            46.3793084
          ],
          [
            8.8155085,
            46.3793592
          ],
          [
            8.815558,
            46.3795519
          ],
          [
            8.8156272,
            46.3796061
          ],
          [
            8.8157533,
            46.3796234
          ],
          [
            8.8157523,
            46.3796431
          ],
          [
            8.8158531,
            46.3797582
          ],
          [
            8.8159102,
            46.3799007
          ],
          [
            8.8160785,
            46.3800533
          ],
          [
            8.8159308,
            46.380282
          ],
          [
            8.8157642,
            46.3804965
          ],
          [
            8.8156832,
            46.3806173
          ],
          [
            8.8154151,
            46.3808127
          ],
          [
            8.8153882,
            46.3808867
          ],
          [
            8.81511,
            46.3811752
          ],
          [
            8.8148859,
            46.3814747
          ],
          [
            8.8147424,
            46.3816073
          ],
          [
            8.8146763,
            46.3816508
          ],
          [
            8.8145028,
            46.3817927
          ],
          [
            8.8143983,
            46.3818348
          ],
          [
            8.8142536,
            46.3818588
          ],
          [
            8.8137141,
            46.3818555
          ],
          [
            8.8136261,
            46.3819569
          ],
          [
            8.813523,
            46.3819205
          ],
          [
            8.813481,
            46.3819234
          ],
          [
            8.8134693,
            46.3819685
          ],
          [
            8.8134133,
            46.3819918
          ],
          [
            8.8129944,
            46.3821152
          ],
          [
            8.8125457,
            46.3820897
          ],
          [
            8.8122945,
            46.38216
          ],
          [
            8.8123927,
            46.3822428
          ],
          [
            8.8123617,
            46.3823096
          ],
          [
            8.8121199,
            46.3824235
          ],
          [
            8.8121003,
            46.382562
          ],
          [
            8.8117162,
            46.3825589
          ],
          [
            8.810887,
            46.382702
          ],
          [
            8.8102323,
            46.3828299
          ],
          [
            8.809414,
            46.3828826
          ],
          [
            8.8089012,
            46.382988
          ],
          [
            8.8086066,
            46.3831987
          ],
          [
            8.8082901,
            46.3834772
          ],
          [
            8.8083655,
            46.3836847
          ],
          [
            8.8083401,
            46.3838862
          ],
          [
            8.8084187,
            46.3840225
          ],
          [
            8.8083447,
            46.3841343
          ],
          [
            8.8082975,
            46.3843881
          ],
          [
            8.8083047,
            46.3845531
          ],
          [
            8.8081264,
            46.3847171
          ],
          [
            8.8080937,
            46.3848847
          ],
          [
            8.8078428,
            46.3850503
          ],
          [
            8.8074402,
            46.3852378
          ],
          [
            8.8072189,
            46.3854951
          ],
          [
            8.8067844,
            46.3857728
          ],
          [
            8.8064338,
            46.3859637
          ],
          [
            8.8062244,
            46.3860327
          ],
          [
            8.8061121,
            46.3860369
          ],
          [
            8.8055712,
            46.3862909
          ],
          [
            8.8055111,
            46.3863845
          ],
          [
            8.8054893,
            46.3865495
          ],
          [
            8.8053769,
            46.3866384
          ],
          [
            8.8051041,
            46.3868717
          ],
          [
            8.8050431,
            46.3870813
          ],
          [
            8.804862,
            46.3872143
          ],
          [
            8.8048787,
            46.3872901
          ],
          [
            8.8048053,
            46.3874062
          ],
          [
            8.8045149,
            46.3876469
          ],
          [
            8.8038712,
            46.3878802
          ],
          [
            8.8033365,
            46.3879705
          ],
          [
            8.8028206,
            46.3880479
          ],
          [
            8.8026163,
            46.3879972
          ],
          [
            8.8023872,
            46.3877974
          ],
          [
            8.8022685,
            46.3876422
          ],
          [
            8.8021856,
            46.3876407
          ],
          [
            8.8022457,
            46.3877482
          ],
          [
            8.8023586,
            46.3878411
          ],
          [
            8.8021786,
            46.3878606
          ],
          [
            8.8020557,
            46.3879469
          ],
          [
            8.8019181,
            46.3879705
          ],
          [
            8.8013886,
            46.3882482
          ],
          [
            8.8008653,
            46.3883352
          ],
          [
            8.8007923,
            46.3884778
          ],
          [
            8.8006514,
            46.3885555
          ],
          [
            8.8006071,
            46.3887359
          ],
          [
            8.8004989,
            46.3889196
          ],
          [
            8.8002684,
            46.3890449
          ],
          [
            8.8002309,
            46.3891836
          ],
          [
            8.8001108,
            46.3892388
          ],
          [
            8.8000155,
            46.3893577
          ],
          [
            8.8000049,
            46.3894401
          ],
          [
            8.7999611,
            46.3894964
          ],
          [
            8.799645,
            46.3897134
          ],
          [
            8.7996239,
            46.3897541
          ],
          [
            8.7996255,
            46.3898604
          ],
          [
            8.7993089,
            46.3898778
          ],
          [
            8.7992352,
            46.3898667
          ],
          [
            8.7991233,
            46.3898605
          ],
          [
            8.7989721,
            46.3898646
          ],
          [
            8.79878,
            46.3898521
          ],
          [
            8.798591,
            46.3898521
          ],
          [
            8.7985139,
            46.3898386
          ],
          [
            8.7983022,
            46.389824
          ],
          [
            8.7982266,
            46.3897885
          ],
          [
            8.798157,
            46.3897885
          ],
          [
            8.798002,
            46.389793
          ],
          [
            8.7977638,
            46.3897614
          ],
          [
            8.7976837,
            46.3897551
          ],
          [
            8.7974432,
            46.3897363
          ],
          [
            8.7971574,
            46.3897384
          ],
          [
            8.7968928,
            46.3897603
          ],
          [
            8.7966206,
            46.3897676
          ],
          [
            8.7963666,
            46.3898375
          ],
          [
            8.7961972,
            46.3898688
          ],
          [
            8.7959688,
            46.3898521
          ],
          [
            8.7956507,
            46.3898238
          ],
          [
            8.7955279,
            46.3897352
          ],
          [
            8.7953045,
            46.3896967
          ],
          [
            8.7951202,
            46.3896158
          ],
          [
            8.7949079,
            46.3894078
          ],
          [
            8.794813,
            46.38935
          ],
          [
            8.7947013,
            46.3892575
          ],
          [
            8.7946186,
            46.3892575
          ],
          [
            8.7944667,
            46.3891227
          ],
          [
            8.794355,
            46.3891112
          ],
          [
            8.7942585,
            46.3890467
          ],
          [
            8.7942601,
            46.3890148
          ],
          [
            8.7941149,
            46.3890341
          ],
          [
            8.793992,
            46.389011
          ],
          [
            8.7937965,
            46.3890534
          ],
          [
            8.7935061,
            46.389115
          ],
          [
            8.7934329,
            46.3892534
          ],
          [
            8.7933089,
            46.3893588
          ],
          [
            8.7932726,
            46.3894234
          ],
          [
            8.7931229,
            46.3895309
          ],
          [
            8.7930064,
            46.3895726
          ],
          [
            8.7928507,
            46.3896727
          ],
          [
            8.7926375,
            46.3897614
          ],
          [
            8.7925603,
            46.3898041
          ],
          [
            8.7925014,
            46.3898667
          ],
          [
            8.7922942,
            46.3899543
          ],
          [
            8.7921294,
            46.3900399
          ],
          [
            8.7920708,
            46.3901166
          ],
          [
            8.7920484,
            46.3901667
          ],
          [
            8.7919535,
            46.3901705
          ],
          [
            8.791833,
            46.3901911
          ],
          [
            8.7916712,
            46.3902547
          ],
          [
            8.7915789,
            46.3903215
          ],
          [
            8.7914732,
            46.3903439
          ],
          [
            8.7914061,
            46.3903824
          ],
          [
            8.7912099,
            46.3904727
          ],
          [
            8.7911631,
            46.3905291
          ],
          [
            8.7910663,
            46.3905739
          ],
          [
            8.7909559,
            46.3906646
          ],
          [
            8.7908062,
            46.3907648
          ],
          [
            8.7907578,
            46.3908221
          ],
          [
            8.7906298,
            46.3908716
          ],
          [
            8.7904846,
            46.3910103
          ],
          [
            8.7904288,
            46.3911259
          ],
          [
            8.7902389,
            46.3911721
          ],
          [
            8.7903059,
            46.3911991
          ],
          [
            8.790183,
            46.3912722
          ],
          [
            8.7901104,
            46.3912722
          ],
          [
            8.7899149,
            46.3912453
          ],
          [
            8.7897418,
            46.3912568
          ],
          [
            8.7894961,
            46.3913069
          ],
          [
            8.7893564,
            46.3913069
          ],
          [
            8.789161,
            46.3913608
          ],
          [
            8.7890103,
            46.3913572
          ],
          [
            8.78877,
            46.3913493
          ],
          [
            8.7886136,
            46.3912838
          ],
          [
            8.788273,
            46.3912684
          ],
          [
            8.7880384,
            46.3912068
          ],
          [
            8.7878485,
            46.3912029
          ],
          [
            8.7874551,
            46.3911382
          ],
          [
            8.787316,
            46.3911267
          ],
          [
            8.7870241,
            46.3910078
          ],
          [
            8.7868926,
            46.3909713
          ],
          [
            8.7867519,
            46.3909734
          ],
          [
            8.7866461,
            46.3909442
          ],
          [
            8.7864586,
            46.3909515
          ],
          [
            8.7862937,
            46.3909473
          ],
          [
            8.7862484,
            46.3909661
          ],
          [
            8.7861516,
            46.3909282
          ],
          [
            8.7859278,
            46.3908847
          ],
          [
            8.7857146,
            46.3908576
          ],
          [
            8.7854499,
            46.390892
          ],
          [
            8.7852609,
            46.3908941
          ],
          [
            8.7849479,
            46.390867
          ],
          [
            8.784473,
            46.3908357
          ],
          [
            8.7841933,
            46.3908315
          ],
          [
            8.7840118,
            46.3907961
          ],
          [
            8.7839982,
            46.3908117
          ],
          [
            8.7840375,
            46.3908555
          ],
          [
            8.7840224,
            46.3908847
          ],
          [
            8.7837956,
            46.3908764
          ],
          [
            8.7836353,
            46.3909212
          ],
          [
            8.78354,
            46.3909223
          ],
          [
            8.7834705,
            46.3909557
          ],
          [
            8.7833767,
            46.3909901
          ],
          [
            8.7833071,
            46.3910777
          ],
          [
            8.7832497,
            46.3911486
          ],
          [
            8.7831363,
            46.3912028
          ],
          [
            8.7830002,
            46.3913082
          ],
          [
            8.7829669,
            46.3913843
          ],
          [
            8.7828822,
            46.3914991
          ],
          [
            8.7828958,
            46.3915877
          ],
          [
            8.7828776,
            46.3916535
          ],
          [
            8.7827749,
            46.3917202
          ],
          [
            8.7825131,
            46.3918029
          ],
          [
            8.7821532,
            46.3918255
          ],
          [
            8.781863,
            46.3917869
          ],
          [
            8.7817714,
            46.3917804
          ],
          [
            8.7816951,
            46.3917901
          ],
          [
            8.7816921,
            46.3918339
          ],
          [
            8.7817481,
            46.3919017
          ],
          [
            8.7816623,
            46.3919083
          ],
          [
            8.7814769,
            46.3918857
          ],
          [
            8.7812641,
            46.3918287
          ],
          [
            8.7811114,
            46.3917775
          ],
          [
            8.7810267,
            46.3917671
          ],
          [
            8.7809269,
            46.3917901
          ],
          [
            8.7808634,
            46.391812
          ],
          [
            8.7805655,
            46.391789
          ],
          [
            8.7805005,
            46.3918141
          ],
          [
            8.7803553,
            46.3918881
          ],
          [
            8.7803311,
            46.3919653
          ],
          [
            8.7803009,
            46.3921071
          ],
          [
            8.7802767,
            46.3923376
          ],
          [
            8.7802056,
            46.3925097
          ],
          [
            8.7801118,
            46.3926432
          ],
          [
            8.7800045,
            46.3927069
          ],
          [
            8.7798911,
            46.3928059
          ],
          [
            8.7799228,
            46.3928435
          ],
          [
            8.7798775,
            46.392929
          ],
          [
            8.7798638,
            46.3930072
          ],
          [
            8.7797308,
            46.3930928
          ],
          [
            8.7794646,
            46.3932117
          ],
          [
            8.7793013,
            46.3932356
          ],
          [
            8.7792015,
            46.3932325
          ],
          [
            8.77902,
            46.3932763
          ],
          [
            8.7789308,
            46.3932815
          ],
          [
            8.7788174,
            46.3932492
          ],
          [
            8.7786722,
            46.3932555
          ],
          [
            8.7784439,
            46.3932795
          ],
          [
            8.7783048,
            46.3932993
          ],
          [
            8.778217,
            46.3932993
          ],
          [
            8.7779811,
            46.3932544
          ],
          [
            8.7779403,
            46.3932273
          ],
          [
            8.7777755,
            46.3932388
          ],
          [
            8.7776666,
            46.3932763
          ],
          [
            8.7775441,
            46.393318
          ],
          [
            8.7774234,
            46.3933979
          ],
          [
            8.7772576,
            46.393428
          ],
          [
            8.7771177,
            46.3934703
          ],
          [
            8.7769816,
            46.3934953
          ],
          [
            8.776926,
            46.3935062
          ],
          [
            8.7768474,
            46.3935785
          ],
          [
            8.776782,
            46.3935684
          ],
          [
            8.7766761,
            46.3935663
          ],
          [
            8.7765899,
            46.3935569
          ],
          [
            8.7764145,
            46.3935663
          ],
          [
            8.7761877,
            46.3935538
          ],
          [
            8.7760924,
            46.3935193
          ],
          [
            8.7759805,
            46.393512
          ],
          [
            8.775855,
            46.393462
          ],
          [
            8.7757673,
            46.3933858
          ],
          [
            8.7757325,
            46.39339
          ],
          [
            8.7757007,
            46.3934077
          ],
          [
            8.7755117,
            46.3933201
          ],
          [
            8.7754694,
            46.3933118
          ],
          [
            8.7754316,
            46.3933253
          ],
          [
            8.7753877,
            46.3933149
          ],
          [
            8.775329,
            46.3932775
          ],
          [
            8.775294,
            46.3932127
          ],
          [
            8.7752229,
            46.3932607
          ],
          [
            8.7751926,
            46.3933024
          ],
          [
            8.7750762,
            46.3933264
          ],
          [
            8.7750236,
            46.3932896
          ],
          [
            8.7749522,
            46.393245
          ],
          [
            8.7749477,
            46.3931991
          ],
          [
            8.7748645,
            46.3931825
          ],
          [
            8.7748463,
            46.3931334
          ],
          [
            8.7748176,
            46.3931303
          ],
          [
            8.7747359,
            46.3931418
          ],
          [
            8.7746649,
            46.3931835
          ],
          [
            8.7746044,
            46.3932117
          ],
          [
            8.7744728,
            46.3932763
          ],
          [
            8.7744154,
            46.3933097
          ],
          [
            8.7742112,
            46.3933764
          ],
          [
            8.7740796,
            46.3933764
          ],
          [
            8.7739405,
            46.3934109
          ],
          [
            8.7737182,
            46.393512
          ],
          [
            8.7734959,
            46.3935871
          ],
          [
            8.7733961,
            46.3935986
          ],
          [
            8.7732676,
            46.3935788
          ],
          [
            8.7731496,
            46.3935277
          ],
          [
            8.7730665,
            46.3934661
          ],
          [
            8.7728805,
            46.3934276
          ],
          [
            8.7726612,
            46.3933525
          ],
          [
            8.7723996,
            46.3932502
          ],
          [
            8.7722363,
            46.3931574
          ],
          [
            8.7721047,
            46.3931178
          ],
          [
            8.7720291,
            46.393099
          ],
          [
            8.7719913,
            46.3930312
          ],
          [
            8.7718673,
            46.392952
          ],
          [
            8.7717009,
            46.39288
          ],
          [
            8.7716541,
            46.3928372
          ],
          [
            8.7711656,
            46.3927006
          ],
          [
            8.7710552,
            46.3926662
          ],
          [
            8.7709252,
            46.3926912
          ],
          [
            8.7708617,
            46.3926818
          ],
          [
            8.7706288,
            46.3926234
          ],
          [
            8.77047,
            46.3926015
          ],
          [
            8.7703233,
            46.3926015
          ],
          [
            8.7701629,
            46.3925854
          ],
          [
            8.7700466,
            46.3925222
          ],
          [
            8.7698848,
            46.3924628
          ],
          [
            8.7697305,
            46.3924211
          ],
          [
            8.7694946,
            46.3923689
          ],
          [
            8.7692723,
            46.3922897
          ],
          [
            8.7691438,
            46.3922271
          ],
          [
            8.7690077,
            46.3921207
          ],
          [
            8.7689245,
            46.3920727
          ],
          [
            8.7688973,
            46.3920936
          ],
          [
            8.7687975,
            46.3920633
          ],
          [
            8.768737,
            46.3920738
          ],
          [
            8.7686463,
            46.3920446
          ],
          [
            8.7684815,
            46.3919841
          ],
          [
            8.7683847,
            46.3919257
          ],
          [
            8.7681473,
            46.3918412
          ],
          [
            8.7680641,
            46.3918422
          ],
          [
            8.7677662,
            46.391715
          ],
          [
            8.7675031,
            46.3916305
          ],
          [
            8.7673791,
            46.3916284
          ],
          [
            8.7672536,
            46.3915829
          ],
          [
            8.7672157,
            46.3916002
          ],
          [
            8.7671749,
            46.3916347
          ],
          [
            8.7671174,
            46.3916962
          ],
          [
            8.7670403,
            46.3917848
          ],
          [
            8.7670297,
            46.3918328
          ],
          [
            8.7670388,
            46.3919293
          ],
          [
            8.7669617,
            46.3919934
          ],
          [
            8.766934,
            46.3920557
          ],
          [
            8.7669148,
            46.3922062
          ],
          [
            8.7668642,
            46.3922664
          ],
          [
            8.7668301,
            46.3923637
          ],
          [
            8.7668211,
            46.3924211
          ],
          [
            8.7668332,
            46.3924691
          ],
          [
            8.7668226,
            46.3925452
          ],
          [
            8.7668936,
            46.3926766
          ],
          [
            8.7668997,
            46.3927256
          ],
          [
            8.7668513,
            46.3928226
          ],
          [
            8.7668528,
            46.3928967
          ],
          [
            8.7668755,
            46.3929978
          ],
          [
            8.7668293,
            46.393091
          ],
          [
            8.7666502,
            46.3932513
          ],
          [
            8.7666112,
            46.3933257
          ],
          [
            8.7665489,
            46.3933691
          ],
          [
            8.7664052,
            46.3934182
          ],
          [
            8.7662918,
            46.3934787
          ],
          [
            8.7661466,
            46.393583
          ],
          [
            8.7659772,
            46.3936455
          ],
          [
            8.7659183,
            46.3936852
          ],
          [
            8.7658351,
            46.3937947
          ],
          [
            8.7657096,
            46.3938896
          ],
          [
            8.7656512,
            46.3939637
          ],
          [
            8.7655378,
            46.3940299
          ],
          [
            8.7653829,
            46.3940815
          ],
          [
            8.7652635,
            46.3941639
          ],
          [
            8.7651319,
            46.394239
          ],
          [
            8.7649701,
            46.3942807
          ],
          [
            8.7648265,
            46.3943224
          ],
          [
            8.764775,
            46.3943401
          ],
          [
            8.7646374,
            46.3943412
          ],
          [
            8.7644378,
            46.3943819
          ],
          [
            8.7642201,
            46.3944434
          ],
          [
            8.7641324,
            46.3944559
          ],
          [
            8.7639978,
            46.394457
          ],
          [
            8.763963,
            46.3944768
          ],
          [
            8.7637528,
            46.3945414
          ],
          [
            8.7636031,
            46.3945905
          ],
          [
            8.7634549,
            46.3946697
          ],
          [
            8.7633474,
            46.394706
          ],
          [
            8.7632628,
            46.3947281
          ],
          [
            8.7631449,
            46.394726
          ],
          [
            8.7630466,
            46.3947521
          ],
          [
            8.7629377,
            46.3947459
          ],
          [
            8.7628379,
            46.3947698
          ],
          [
            8.762661,
            46.3947698
          ],
          [
            8.76223,
            46.394797
          ],
          [
            8.7619686,
            46.3948304
          ],
          [
            8.761858,
            46.3948199
          ],
          [
            8.7616675,
            46.3948345
          ],
          [
            8.7615359,
            46.3948867
          ],
          [
            8.7612773,
            46.394896
          ],
          [
            8.760931,
            46.3948825
          ],
          [
            8.7606858,
            46.3948966
          ],
          [
            8.7605076,
            46.3948773
          ],
          [
            8.760438,
            46.3948366
          ],
          [
            8.7601885,
            46.3948303
          ],
          [
            8.7600449,
            46.3947824
          ],
          [
            8.7599072,
            46.3947542
          ],
          [
            8.7598271,
            46.3947427
          ],
          [
            8.7597908,
            46.3947292
          ],
          [
            8.7597394,
            46.3946353
          ],
          [
            8.7596819,
            46.394603
          ],
          [
            8.7595398,
            46.3945206
          ],
          [
            8.7594339,
            46.3944882
          ],
          [
            8.7592646,
            46.3943986
          ],
          [
            8.759015,
            46.3943036
          ],
          [
            8.7588668,
            46.3942265
          ],
          [
            8.7587489,
            46.3941806
          ],
          [
            8.7585387,
            46.3941316
          ],
          [
            8.7584505,
            46.3941446
          ],
          [
            8.7581201,
            46.394047
          ],
          [
            8.7579167,
            46.3939502
          ],
          [
            8.7577631,
            46.3939392
          ],
          [
            8.757513,
            46.3939148
          ],
          [
            8.7572743,
            46.3938528
          ],
          [
            8.7570241,
            46.3937796
          ],
          [
            8.7567243,
            46.3937231
          ],
          [
            8.7564196,
            46.393729
          ],
          [
            8.7561679,
            46.3938056
          ],
          [
            8.7558521,
            46.3938291
          ],
          [
            8.7556639,
            46.3938476
          ],
          [
            8.7554583,
            46.3938522
          ],
          [
            8.7552611,
            46.3938793
          ],
          [
            8.7550869,
            46.3939419
          ],
          [
            8.7547917,
            46.393985
          ],
          [
            8.7546626,
            46.3941209
          ],
          [
            8.7545156,
            46.394176
          ],
          [
            8.7544707,
            46.3943399
          ],
          [
            8.7541586,
            46.3945346
          ],
          [
            8.7533494,
            46.3948273
          ],
          [
            8.7532033,
            46.3949686
          ],
          [
            8.7526526,
            46.395039
          ],
          [
            8.7520217,
            46.3952177
          ],
          [
            8.7514843,
            46.3953799
          ],
          [
            8.7513827,
            46.3953846
          ],
          [
            8.7508652,
            46.3954087
          ],
          [
            8.7505838,
            46.3954695
          ],
          [
            8.750166,
            46.3955261
          ],
          [
            8.7497365,
            46.3956121
          ],
          [
            8.7491689,
            46.3956761
          ]
        ]
      },
      "id": "relation/9053279"
    },
    {
      "type": "Feature",
      "properties": {
        "@id": "relation/9053280",
        "duration": "PT10H",
        "from": "Capanna Efra",
        "name": "Via Alta della Verzasca Tappa 3",
        "network": "lwn",
        "operator": "Società Escursionistica Verzaschese (SEV)",
        "osmc:symbol": "blue:white:blue_bar",
        "route": "hiking",
        "sac_scale": "difficult_alpine_hiking",
        "to": "Capanna Cognóra",
        "type": "route"
      },
      "geometry": {
        "type": "MultiLineString",
        "coordinates": [
          [
            [
              8.8513205,
              46.3384292
            ],
            [
              8.8514762,
              46.3386746
            ],
            [
              8.8515808,
              46.3387607
            ],
            [
              8.8516563,
              46.3388818
            ],
            [
              8.8518253,
              46.3390106
            ],
            [
              8.8518661,
              46.3393257
            ],
            [
              8.8519126,
              46.3394279
            ],
            [
              8.8519672,
              46.3396388
            ],
            [
              8.852121,
              46.339714
            ],
            [
              8.8520856,
              46.3398347
            ],
            [
              8.8520958,
              46.3400534
            ],
            [
              8.8521958,
              46.3401156
            ],
            [
              8.8523709,
              46.3401962
            ],
            [
              8.85248,
              46.3404599
            ],
            [
              8.8523934,
              46.3405415
            ],
            [
              8.8523283,
              46.3407731
            ],
            [
              8.8523746,
              46.3409358
            ],
            [
              8.8524852,
              46.3411059
            ],
            [
              8.8525455,
              46.3412734
            ],
            [
              8.8525113,
              46.3414581
            ],
            [
              8.8525904,
              46.3417699
            ],
            [
              8.8526327,
              46.3418986
            ],
            [
              8.8528455,
              46.3422717
            ],
            [
              8.8528574,
              46.3423928
            ],
            [
              8.8530133,
              46.3426939
            ],
            [
              8.852851,
              46.3429456
            ],
            [
              8.8525782,
              46.3432092
            ],
            [
              8.8523818,
              46.3434879
            ],
            [
              8.8521636,
              46.3438043
            ],
            [
              8.8517576,
              46.3443587
            ],
            [
              8.8516454,
              46.3444096
            ],
            [
              8.851619,
              46.3445059
            ],
            [
              8.8516635,
              46.3448092
            ],
            [
              8.8515526,
              46.3451224
            ],
            [
              8.851487,
              46.3452655
            ],
            [
              8.8513016,
              46.3456572
            ],
            [
              8.8511052,
              46.3458907
            ],
            [
              8.8510968,
              46.3459825
            ],
            [
              8.8510043,
              46.3461096
            ],
            [
              8.8510068,
              46.3461782
            ],
            [
              8.8511193,
              46.3463469
            ],
            [
              8.8510709,
              46.3464536
            ],
            [
              8.8509634,
              46.3465233
            ],
            [
              8.8508106,
              46.3466288
            ],
            [
              8.850848,
              46.3467271
            ],
            [
              8.8507512,
              46.3468736
            ],
            [
              8.8507232,
              46.3470633
            ],
            [
              8.8506469,
              46.3472012
            ],
            [
              8.8502978,
              46.3472163
            ],
            [
              8.8495633,
              46.3476975
            ],
            [
              8.8490735,
              46.347913
            ],
            [
              8.8487355,
              46.3480518
            ],
            [
              8.8486066,
              46.3481351
            ],
            [
              8.8484211,
              46.3483837
            ],
            [
              8.8481592,
              46.3485117
            ],
            [
              8.8480283,
              46.3486548
            ],
            [
              8.8477758,
              46.3487604
            ],
            [
              8.8476834,
              46.3489206
            ],
            [
              8.8472099,
              46.3493326
            ],
            [
              8.8471079,
              46.349425
            ],
            [
              8.8468368,
              46.3495803
            ],
            [
              8.8466669,
              46.3497714
            ],
            [
              8.8466574,
              46.3499356
            ],
            [
              8.846589,
              46.3499906
            ],
            [
              8.8465827,
              46.3500704
            ],
            [
              8.8465335,
              46.3501762
            ],
            [
              8.8464633,
              46.350418
            ],
            [
              8.8459006,
              46.3505452
            ],
            [
              8.8453987,
              46.3505904
            ],
            [
              8.8448968,
              46.3507109
            ],
            [
              8.8447877,
              46.350869
            ],
            [
              8.8444713,
              46.3509519
            ],
            [
              8.8443649,
              46.351031
            ],
            [
              8.8445367,
              46.3512381
            ],
            [
              8.8446458,
              46.3512983
            ],
            [
              8.844744,
              46.3513887
            ],
            [
              8.8446895,
              46.3515017
            ],
            [
              8.8447768,
              46.3516674
            ],
            [
              8.8446022,
              46.351833
            ],
            [
              8.8446022,
              46.3519686
            ],
            [
              8.8444058,
              46.3520138
            ],
            [
              8.8444931,
              46.3521268
            ],
            [
              8.844384,
              46.3522924
            ],
            [
              8.8441985,
              46.3524807
            ],
            [
              8.8439912,
              46.3526991
            ],
            [
              8.844133,
              46.3528648
            ],
            [
              8.8443512,
              46.3529175
            ],
            [
              8.8446131,
              46.3529476
            ],
            [
              8.8448204,
              46.3529702
            ],
            [
              8.8450168,
              46.3531284
            ],
            [
              8.8449077,
              46.3532865
            ],
            [
              8.8446895,
              46.3534522
            ],
            [
              8.8447877,
              46.3535953
            ],
            [
              8.8450168,
              46.3536405
            ],
            [
              8.8450386,
              46.3537836
            ],
            [
              8.8447331,
              46.3539568
            ],
            [
              8.8445258,
              46.3542053
            ],
            [
              8.8442312,
              46.3545141
            ],
            [
              8.8441112,
              46.354612
            ],
            [
              8.8441112,
              46.3548153
            ],
            [
              8.8443403,
              46.3548831
            ],
            [
              8.8443185,
              46.3550261
            ],
            [
              8.8444385,
              46.3550487
            ],
            [
              8.8443403,
              46.3551843
            ],
            [
              8.8445695,
              46.3552144
            ],
            [
              8.8441003,
              46.3555081
            ],
            [
              8.8437948,
              46.3557867
            ],
            [
              8.8436638,
              46.3560578
            ],
            [
              8.8433256,
              46.3561783
            ],
            [
              8.8426709,
              46.356216
            ],
            [
              8.8425182,
              46.3562762
            ],
            [
              8.8425291,
              46.3563741
            ],
            [
              8.8423872,
              46.3564344
            ],
            [
              8.8424418,
              46.3566678
            ],
            [
              8.8424854,
              46.3568862
            ],
            [
              8.8423436,
              46.3570142
            ],
            [
              8.8423,
              46.3571799
            ],
            [
              8.8425836,
              46.3573079
            ],
            [
              8.8426709,
              46.3575564
            ],
            [
              8.8429546,
              46.3578651
            ],
            [
              8.843031,
              46.3581438
            ],
            [
              8.8431183,
              46.3583019
            ],
            [
              8.8429764,
              46.3584149
            ],
            [
              8.8432601,
              46.3586935
            ],
            [
              8.8431947,
              46.3589796
            ],
            [
              8.8430856,
              46.3592055
            ],
            [
              8.8429001,
              46.3594013
            ],
            [
              8.8429546,
              46.3597929
            ],
            [
              8.8428892,
              46.3603275
            ],
            [
              8.8427811,
              46.3605999
            ],
            [
              8.8426382,
              46.36096
            ],
            [
              8.8426055,
              46.3613666
            ],
            [
              8.8428564,
              46.3615925
            ],
            [
              8.8429546,
              46.3619539
            ],
            [
              8.843151,
              46.3621347
            ],
            [
              8.8431183,
              46.3624208
            ],
            [
              8.8432492,
              46.3625262
            ],
            [
              8.8432056,
              46.3628952
            ],
            [
              8.8431183,
              46.3630232
            ],
            [
              8.8431401,
              46.3632189
            ],
            [
              8.8426491,
              46.3633695
            ],
            [
              8.8419617,
              46.36349
            ],
            [
              8.8414489,
              46.3635427
            ],
            [
              8.8407615,
              46.3636255
            ],
            [
              8.8404342,
              46.3636782
            ],
            [
              8.8401287,
              46.3636632
            ],
            [
              8.8395722,
              46.3638363
            ],
            [
              8.8391357,
              46.364002
            ],
            [
              8.8386775,
              46.3641074
            ],
            [
              8.8383938,
              46.3641375
            ],
            [
              8.8379792,
              46.3642956
            ],
            [
              8.8371608,
              46.3644161
            ],
            [
              8.8365935,
              46.3645065
            ],
            [
              8.8364734,
              46.3643634
            ],
            [
              8.8359824,
              46.3645215
            ],
            [
              8.8355678,
              46.3646571
            ],
            [
              8.8349677,
              46.3648378
            ],
            [
              8.8342149,
              46.3649281
            ],
            [
              8.8336366,
              46.3652368
            ],
            [
              8.8330583,
              46.3654627
            ],
            [
              8.8326764,
              46.3656057
            ],
            [
              8.8326,
              46.3657262
            ],
            [
              8.8321745,
              46.3658617
            ],
            [
              8.8319563,
              46.3661177
            ],
            [
              8.8318471,
              46.3662909
            ],
            [
              8.8315198,
              46.3663662
            ],
            [
              8.8312143,
              46.3666222
            ],
            [
              8.831261,
              46.366718
            ],
            [
              8.8313016,
              46.3668104
            ],
            [
              8.8317162,
              46.3667728
            ],
            [
              8.8321745,
              46.3666975
            ],
            [
              8.8325236,
              46.3666598
            ],
            [
              8.8327309,
              46.3668029
            ],
            [
              8.8327309,
              46.3670137
            ],
            [
              8.832851,
              46.3671718
            ],
            [
              8.8329492,
              46.367345
            ],
            [
              8.832971,
              46.3675181
            ],
            [
              8.8326,
              46.3677139
            ],
            [
              8.83272,
              46.3678795
            ],
            [
              8.8326218,
              46.3680979
            ],
            [
              8.8326437,
              46.3682334
            ],
            [
              8.8323818,
              46.3683162
            ],
            [
              8.8324036,
              46.3685571
            ],
            [
              8.8323163,
              46.368783
            ],
            [
              8.8324582,
              46.3690164
            ],
            [
              8.8325236,
              46.3691895
            ],
            [
              8.8327419,
              46.3691594
            ],
            [
              8.8328728,
              46.3692498
            ],
            [
              8.8326982,
              46.3694606
            ],
            [
              8.8326437,
              46.369694
            ],
            [
              8.8328619,
              46.3697692
            ],
            [
              8.832971,
              46.3698445
            ],
            [
              8.8329492,
              46.3700704
            ],
            [
              8.8326327,
              46.3703264
            ],
            [
              8.8324254,
              46.3707028
            ],
            [
              8.8321636,
              46.3712975
            ],
            [
              8.8318908,
              46.3715987
            ],
            [
              8.8313998,
              46.3718772
            ],
            [
              8.8308652,
              46.3723214
            ],
            [
              8.8306142,
              46.3722838
            ],
            [
              8.8302214,
              46.3726075
            ],
            [
              8.8296977,
              46.3729312
            ],
            [
              8.8298504,
              46.3732248
            ],
            [
              8.8299486,
              46.373669
            ],
            [
              8.8299814,
              46.3740228
            ],
            [
              8.8302432,
              46.3742787
            ],
            [
              8.8301778,
              46.3746476
            ],
            [
              8.8300577,
              46.3750165
            ],
            [
              8.8299268,
              46.3752649
            ],
            [
              8.8299595,
              46.3756413
            ],
            [
              8.830025,
              46.3757467
            ],
            [
              8.8298832,
              46.3760553
            ],
            [
              8.829774,
              46.3762812
            ],
            [
              8.8293703,
              46.3765597
            ],
            [
              8.8293158,
              46.3768533
            ],
            [
              8.8293158,
              46.3770038
            ],
            [
              8.829163,
              46.3771318
            ],
            [
              8.8292394,
              46.3772899
            ],
            [
              8.8292684,
              46.3774858
            ],
            [
              8.8290212,
              46.3774103
            ],
            [
              8.8286175,
              46.3772221
            ],
            [
              8.8281483,
              46.3772296
            ],
            [
              8.8279519,
              46.3773727
            ],
            [
              8.8278755,
              46.377591
            ],
            [
              8.82769,
              46.3777792
            ],
            [
              8.8275045,
              46.3777641
            ],
            [
              8.8271772,
              46.3779598
            ],
            [
              8.826959,
              46.3781781
            ],
            [
              8.8269481,
              46.3783964
            ],
            [
              8.8267299,
              46.3785093
            ],
            [
              8.8266644,
              46.3787653
            ],
            [
              8.8266862,
              46.3789083
            ],
            [
              8.8264243,
              46.3789986
            ],
            [
              8.8259115,
              46.3791642
            ],
            [
              8.8251587,
              46.3791266
            ],
            [
              8.8246349,
              46.3789836
            ],
            [
              8.8240785,
              46.3787954
            ],
            [
              8.823893,
              46.3786975
            ],
            [
              8.8239803,
              46.3783738
            ],
            [
              8.823773,
              46.3783061
            ],
            [
              8.823282,
              46.3783663
            ],
            [
              8.8230746,
              46.3785244
            ],
            [
              8.8229001,
              46.3787803
            ],
            [
              8.8225509,
              46.3788104
            ],
            [
              8.8222781,
              46.3788481
            ],
            [
              8.8221472,
              46.3790889
            ],
            [
              8.821929,
              46.3792169
            ],
            [
              8.8208597,
              46.3792545
            ],
            [
              8.8202487,
              46.3792696
            ],
            [
              8.8198777,
              46.3790287
            ],
            [
              8.8198231,
              46.3788255
            ],
            [
              8.8197904,
              46.3785695
            ],
            [
              8.8195395,
              46.3783588
            ],
            [
              8.8191248,
              46.3783437
            ],
            [
              8.8189612,
              46.3781856
            ],
            [
              8.8188957,
              46.3778921
            ],
            [
              8.8188084,
              46.3776512
            ],
            [
              8.8184811,
              46.377591
            ],
            [
              8.8181101,
              46.3778695
            ],
            [
              8.8178919,
              46.3779899
            ],
            [
              8.8177937,
              46.3782459
            ],
            [
              8.8177124,
              46.3782817
            ],
            [
              8.8176191,
              46.378148
            ],
            [
              8.8173803,
              46.3780894
            ],
            [
              8.8174118,
              46.37802
            ],
            [
              8.8171936,
              46.3780727
            ],
            [
              8.8171166,
              46.3780847
            ],
            [
              8.8169129,
              46.3780506
            ],
            [
              8.8168335,
              46.3779899
            ],
            [
              8.8164298,
              46.3776662
            ],
            [
              8.8160043,
              46.3773426
            ],
            [
              8.815797,
              46.3770189
            ],
            [
              8.815306,
              46.3767629
            ],
            [
              8.8147168,
              46.3766726
            ],
            [
              8.8142258,
              46.3765898
            ],
            [
              8.8138766,
              46.3765898
            ],
            [
              8.8136147,
              46.3765296
            ],
            [
              8.8134163,
              46.3767222
            ],
            [
              8.8133384,
              46.376714
            ]
          ],
          [
            [
              8.8292684,
              46.3774858
            ],
            [
              8.8293711,
              46.3775013
            ],
            [
              8.829294,
              46.3776587
            ],
            [
              8.8291521,
              46.3778243
            ],
            [
              8.8292612,
              46.3780426
            ],
            [
              8.8294467,
              46.3782007
            ],
            [
              8.8294685,
              46.3784039
            ],
            [
              8.8294006,
              46.3784742
            ],
            [
              8.8293812,
              46.3784943
            ],
            [
              8.8294006,
              46.3784742
            ],
            [
              8.8294685,
              46.3784039
            ],
            [
              8.8294467,
              46.3782007
            ],
            [
              8.8292612,
              46.3780426
            ],
            [
              8.8291521,
              46.3778243
            ],
            [
              8.829294,
              46.3776587
            ],
            [
              8.8293711,
              46.3775013
            ],
            [
              8.8292684,
              46.3774858
            ]
          ]
        ]
      },
      "id": "relation/9053280"
    },
    {
      "type": "Feature",
      "properties": {
        "@id": "relation/9053281",
        "duration": "PT8H",
        "from": "Capanna Cornavosa",
        "name": "Via Alta della Verzasca Tappa 2",
        "network": "lwn",
        "note": "weiss blau weisser Teil dieser Etappe",
        "operator": "Società Escursionistica Verzaschese (SEV)",
        "osmc:symbol": "blue:white:blue_bar",
        "route": "hiking",
        "sac_scale": "demanding_alpine_hiking",
        "to": "Capanna Efra",
        "type": "route"
      },
      "geometry": {
        "type": "LineString",
        "coordinates": [
          [
            8.897608,
            46.2793892
          ],
          [
            8.8978444,
            46.2796029
          ],
          [
            8.8980626,
            46.2797915
          ],
          [
            8.8982699,
            46.2799875
          ],
          [
            8.8984445,
            46.2800705
          ],
          [
            8.8984336,
            46.2802364
          ],
          [
            8.89851,
            46.280342
          ],
          [
            8.89851,
            46.2805079
          ],
          [
            8.8985864,
            46.2807416
          ],
          [
            8.8987064,
            46.2810357
          ],
          [
            8.8987609,
            46.2812695
          ],
          [
            8.898881,
            46.2815334
          ],
          [
            8.8988046,
            46.2816541
          ],
          [
            8.8988482,
            46.2819934
          ],
          [
            8.8987282,
            46.2821819
          ],
          [
            8.8989137,
            46.2824534
          ],
          [
            8.8989137,
            46.282657
          ],
          [
            8.8989573,
            46.282853
          ],
          [
            8.8989137,
            46.2830189
          ],
          [
            8.8989683,
            46.2832301
          ],
          [
            8.8987609,
            46.2835543
          ],
          [
            8.8988046,
            46.2837051
          ],
          [
            8.8986409,
            46.2839163
          ],
          [
            8.8986627,
            46.2842405
          ],
          [
            8.8986846,
            46.2843461
          ],
          [
            8.8985427,
            46.2844743
          ],
          [
            8.89851,
            46.284806
          ],
          [
            8.8986627,
            46.2849644
          ],
          [
            8.8989246,
            46.2850624
          ],
          [
            8.8989246,
            46.2853565
          ],
          [
            8.8988482,
            46.2858541
          ],
          [
            8.8988155,
            46.2861633
          ],
          [
            8.8986409,
            46.2863895
          ],
          [
            8.8984773,
            46.2865704
          ],
          [
            8.8980517,
            46.2867439
          ],
          [
            8.897768,
            46.2869625
          ],
          [
            8.8975716,
            46.2871812
          ],
          [
            8.8976153,
            46.2875054
          ],
          [
            8.8974516,
            46.2875507
          ],
          [
            8.8974298,
            46.2877391
          ],
          [
            8.8972552,
            46.2878372
          ],
          [
            8.897037,
            46.2881915
          ],
          [
            8.8967751,
            46.28838
          ],
          [
            8.8964478,
            46.288463
          ],
          [
            8.8961423,
            46.2885233
          ],
          [
            8.8961314,
            46.2888098
          ],
          [
            8.8961532,
            46.2891416
          ],
          [
            8.896295,
            46.2891943
          ],
          [
            8.8966224,
            46.2891566
          ],
          [
            8.8970152,
            46.2890511
          ],
          [
            8.8973861,
            46.2890285
          ],
          [
            8.897528,
            46.2890511
          ],
          [
            8.897648,
            46.2892396
          ],
          [
            8.8978444,
            46.2895864
          ],
          [
            8.8980299,
            46.2899257
          ],
          [
            8.8983354,
            46.2901971
          ],
          [
            8.8986191,
            46.2904007
          ],
          [
            8.8986082,
            46.2905967
          ],
          [
            8.8989573,
            46.2909812
          ],
          [
            8.8991865,
            46.2912225
          ],
          [
            8.8994047,
            46.2914336
          ],
          [
            8.8995029,
            46.2915844
          ],
          [
            8.899852,
            46.2917276
          ],
          [
            8.9000594,
            46.2919689
          ],
          [
            8.9000812,
            46.292278
          ],
          [
            8.9002001,
            46.2925785
          ],
          [
            8.9001794,
            46.292753
          ],
          [
            8.9002776,
            46.2930244
          ],
          [
            8.9004085,
            46.293243
          ],
          [
            8.9004964,
            46.2933189
          ],
          [
            8.9006267,
            46.2934315
          ],
          [
            8.9008122,
            46.2935145
          ],
          [
            8.9008013,
            46.2937934
          ],
          [
            8.9008668,
            46.2939743
          ],
          [
            8.9011286,
            46.2939743
          ],
          [
            8.9009322,
            46.2942081
          ],
          [
            8.9008668,
            46.294389
          ],
          [
            8.9007358,
            46.294487
          ],
          [
            8.9007468,
            46.2946076
          ],
          [
            8.9005504,
            46.2947584
          ],
          [
            8.9005394,
            46.2949921
          ],
          [
            8.9004085,
            46.2951052
          ],
          [
            8.9005067,
            46.295271
          ],
          [
            8.900354,
            46.2955274
          ],
          [
            8.9001576,
            46.2957385
          ],
          [
            8.9001357,
            46.2959797
          ],
          [
            8.8999939,
            46.2961531
          ],
          [
            8.8996338,
            46.2962209
          ],
          [
            8.8994592,
            46.2965074
          ],
          [
            8.8992956,
            46.2967034
          ],
          [
            8.8990973,
            46.2969566
          ],
          [
            8.8990337,
            46.2971181
          ],
          [
            8.8991126,
            46.2971047
          ],
          [
            8.8991785,
            46.2971363
          ],
          [
            8.8992206,
            46.297173
          ],
          [
            8.8993066,
            46.2971401
          ],
          [
            8.8993524,
            46.2971249
          ],
          [
            8.8994329,
            46.2973867
          ],
          [
            8.8995245,
            46.2974879
          ],
          [
            8.8995592,
            46.2976258
          ],
          [
            8.8997899,
            46.2977889
          ],
          [
            8.899799,
            46.2978382
          ],
          [
            8.8997478,
            46.2978812
          ],
          [
            8.8997881,
            46.2979925
          ],
          [
            8.8999308,
            46.2981646
          ],
          [
            8.9000517,
            46.2983391
          ],
          [
            8.9001157,
            46.2984567
          ],
          [
            8.9000846,
            46.2985339
          ],
          [
            8.8999894,
            46.2985731
          ],
          [
            8.900037,
            46.2986161
          ],
          [
            8.8999876,
            46.2987881
          ],
          [
            8.9000004,
            46.2988349
          ],
          [
            8.9000681,
            46.2988652
          ],
          [
            8.9001981,
            46.2987944
          ],
          [
            8.900242,
            46.2988311
          ],
          [
            8.9002347,
            46.298888
          ],
          [
            8.9003354,
            46.2991068
          ],
          [
            8.900394,
            46.2991738
          ],
          [
            8.9003592,
            46.2992181
          ],
          [
            8.9003226,
            46.2992333
          ],
          [
            8.9003427,
            46.2992763
          ],
          [
            8.9004178,
            46.2993066
          ],
          [
            8.9004544,
            46.2993458
          ],
          [
            8.9006607,
            46.2993496
          ],
          [
            8.9008353,
            46.299428
          ],
          [
            8.90094,
            46.2995305
          ],
          [
            8.9010186,
            46.2994823
          ],
          [
            8.9011321,
            46.299627
          ],
          [
            8.9011801,
            46.2996772
          ],
          [
            8.9012159,
            46.2998625
          ],
          [
            8.9011909,
            46.2999045
          ],
          [
            8.9012731,
            46.2999811
          ],
          [
            8.9013768,
            46.3000996
          ],
          [
            8.9015663,
            46.3001688
          ],
          [
            8.9017593,
            46.3001564
          ],
          [
            8.9019166,
            46.3001194
          ],
          [
            8.9020561,
            46.3001268
          ],
          [
            8.9022563,
            46.3002503
          ],
          [
            8.9024494,
            46.3003565
          ],
          [
            8.9027497,
            46.3005121
          ],
          [
            8.9030894,
            46.3006505
          ],
          [
            8.903261,
            46.3007591
          ],
          [
            8.9035399,
            46.3008308
          ],
          [
            8.9037115,
            46.3009049
          ],
          [
            8.9039474,
            46.3010704
          ],
          [
            8.9040976,
            46.3012038
          ],
          [
            8.9042192,
            46.3012556
          ],
          [
            8.9043014,
            46.3013124
          ],
          [
            8.9043944,
            46.3013989
          ],
          [
            8.9044694,
            46.3014582
          ],
          [
            8.9045803,
            46.3015372
          ],
          [
            8.9046732,
            46.3015496
          ],
          [
            8.9048234,
            46.3015891
          ],
          [
            8.9049557,
            46.3016657
          ],
          [
            8.9050808,
            46.3017546
          ],
          [
            8.9051452,
            46.3018015
          ],
          [
            8.9053168,
            46.3018682
          ],
          [
            8.9054991,
            46.301925
          ],
          [
            8.9056493,
            46.3019398
          ],
          [
            8.9058138,
            46.3019201
          ],
          [
            8.905896,
            46.3019102
          ],
          [
            8.9060676,
            46.3019571
          ],
          [
            8.9061642,
            46.3019349
          ],
          [
            8.9061928,
            46.3019942
          ],
          [
            8.9062964,
            46.3019892
          ],
          [
            8.9064645,
            46.3019868
          ],
          [
            8.9066182,
            46.3020337
          ],
          [
            8.9067005,
            46.3020436
          ],
          [
            8.9067541,
            46.3020905
          ],
          [
            8.9068292,
            46.3020955
          ],
          [
            8.9068792,
            46.302135
          ],
          [
            8.906965,
            46.3021029
          ],
          [
            8.907033,
            46.3021053
          ],
          [
            8.9070651,
            46.3022116
          ],
          [
            8.9073261,
            46.3022091
          ],
          [
            8.9074119,
            46.3023252
          ],
          [
            8.9075299,
            46.3023845
          ],
          [
            8.9075693,
            46.3024734
          ],
          [
            8.907605,
            46.3025351
          ],
          [
            8.9076837,
            46.3025524
          ],
          [
            8.9076944,
            46.3026339
          ],
          [
            8.9076622,
            46.3027006
          ],
          [
            8.9076873,
            46.3027722
          ],
          [
            8.90763,
            46.3028167
          ],
          [
            8.9077016,
            46.3028834
          ],
          [
            8.9077373,
            46.302997
          ],
          [
            8.9078374,
            46.3030933
          ],
          [
            8.9078617,
            46.3031702
          ],
          [
            8.9078931,
            46.3032828
          ],
          [
            8.9079275,
            46.3034033
          ],
          [
            8.9079389,
            46.303512
          ],
          [
            8.9079046,
            46.3036385
          ],
          [
            8.9078273,
            46.3037689
          ],
          [
            8.9078302,
            46.3038637
          ],
          [
            8.907793,
            46.3039171
          ],
          [
            8.9077987,
            46.3040198
          ],
          [
            8.9077501,
            46.3041483
          ],
          [
            8.90767,
            46.3042905
          ],
          [
            8.9075871,
            46.3043854
          ],
          [
            8.9075184,
            46.3044664
          ],
          [
            8.907384,
            46.3045237
          ],
          [
            8.9072353,
            46.3046324
          ],
          [
            8.907035,
            46.3047094
          ],
          [
            8.9068577,
            46.3047825
          ],
          [
            8.9067633,
            46.304826
          ],
          [
            8.9066775,
            46.304909
          ],
          [
            8.9066203,
            46.3049347
          ],
          [
            8.9065517,
            46.3049189
          ],
          [
            8.9065059,
            46.3049505
          ],
          [
            8.9064601,
            46.3049545
          ],
          [
            8.9063629,
            46.3050236
          ],
          [
            8.9062685,
            46.3050908
          ],
          [
            8.9061684,
            46.305156
          ],
          [
            8.906054,
            46.3052212
          ],
          [
            8.9059453,
            46.3052864
          ],
          [
            8.9058538,
            46.3053121
          ],
          [
            8.9057022,
            46.305403
          ],
          [
            8.9055448,
            46.3054642
          ],
          [
            8.9053732,
            46.3055117
          ],
          [
            8.9052931,
            46.3055136
          ],
          [
            8.9051701,
            46.3055729
          ],
          [
            8.9050186,
            46.3056342
          ],
          [
            8.904927,
            46.3056599
          ],
          [
            8.904887,
            46.305652
          ],
          [
            8.9049156,
            46.3056184
          ],
          [
            8.9048727,
            46.3056065
          ],
          [
            8.9048469,
            46.3056342
          ],
          [
            8.9047926,
            46.3056381
          ],
          [
            8.9046439,
            46.3057784
          ],
          [
            8.9045323,
            46.305814
          ],
          [
            8.9044351,
            46.3058278
          ],
          [
            8.9043864,
            46.3058673
          ],
          [
            8.9044351,
            46.3059128
          ],
          [
            8.9044122,
            46.305974
          ],
          [
            8.9043092,
            46.3060274
          ],
          [
            8.9042577,
            46.3060689
          ],
          [
            8.9040146,
            46.3061064
          ],
          [
            8.9037829,
            46.3061104
          ],
          [
            8.9036027,
            46.3060728
          ],
          [
            8.9034511,
            46.3060649
          ],
          [
            8.9033596,
            46.3060827
          ],
          [
            8.9032938,
            46.3061123
          ],
          [
            8.9032366,
            46.3060906
          ],
          [
            8.9031794,
            46.3060906
          ],
          [
            8.9031451,
            46.3060748
          ],
          [
            8.903065,
            46.306059
          ],
          [
            8.9029992,
            46.306138
          ],
          [
            8.9028705,
            46.3062072
          ],
          [
            8.9027732,
            46.3062526
          ],
          [
            8.9026274,
            46.3062882
          ],
          [
            8.9024529,
            46.3063672
          ],
          [
            8.9022555,
            46.3064403
          ],
          [
            8.9021812,
            46.3064186
          ],
          [
            8.9020811,
            46.3064324
          ],
          [
            8.9019352,
            46.3064482
          ],
          [
            8.9018637,
            46.3064127
          ],
          [
            8.9017779,
            46.3064028
          ],
          [
            8.9017378,
            46.3064087
          ],
          [
            8.9017264,
            46.3063593
          ],
          [
            8.9016749,
            46.3063811
          ],
          [
            8.9016263,
            46.3063613
          ],
          [
            8.9015834,
            46.3063178
          ],
          [
            8.9015376,
            46.3062862
          ],
          [
            8.901509,
            46.306302
          ],
          [
            8.9014861,
            46.3062665
          ],
          [
            8.9014432,
            46.3062625
          ],
          [
            8.9013374,
            46.3063415
          ],
          [
            8.9013231,
            46.3063139
          ],
          [
            8.9012745,
            46.3062961
          ],
          [
            8.9012401,
            46.306225
          ],
          [
            8.9011457,
            46.3061874
          ],
          [
            8.9009884,
            46.3062408
          ],
          [
            8.9007796,
            46.306302
          ],
          [
            8.9006595,
            46.3063178
          ],
          [
            8.9005108,
            46.3064147
          ],
          [
            8.9003735,
            46.3065134
          ],
          [
            8.9002877,
            46.3064976
          ],
          [
            8.9001818,
            46.306547
          ],
          [
            8.900056,
            46.3065707
          ],
          [
            8.8999444,
            46.3066557
          ],
          [
            8.8997499,
            46.3067762
          ],
          [
            8.8996012,
            46.3069145
          ],
          [
            8.8995268,
            46.3069442
          ],
          [
            8.8995011,
            46.3069778
          ],
          [
            8.8994525,
            46.3069659
          ],
          [
            8.899381,
            46.3070331
          ],
          [
            8.8993152,
            46.3070627
          ],
          [
            8.8992322,
            46.3071655
          ],
          [
            8.8991807,
            46.307286
          ],
          [
            8.8991207,
            46.3073808
          ],
          [
            8.8990577,
            46.3074836
          ],
          [
            8.8989834,
            46.3075033
          ],
          [
            8.8986033,
            46.3074729
          ],
          [
            8.8981982,
            46.3074294
          ],
          [
            8.8978142,
            46.3074005
          ],
          [
            8.8975767,
            46.3073474
          ],
          [
            8.8972695,
            46.3073426
          ],
          [
            8.8969203,
            46.3073088
          ],
          [
            8.8966689,
            46.3073088
          ],
          [
            8.8965013,
            46.3072413
          ],
          [
            8.8963407,
            46.3071062
          ],
          [
            8.8960893,
            46.3070146
          ],
          [
            8.8959706,
            46.3069326
          ],
          [
            8.8959287,
            46.306812
          ],
          [
            8.89581,
            46.3067637
          ],
          [
            8.8956424,
            46.3068168
          ],
          [
            8.8954748,
            46.306812
          ],
          [
            8.8953422,
            46.30673
          ],
          [
            8.8952514,
            46.3066528
          ],
          [
            8.8950908,
            46.3065901
          ],
          [
            8.8949302,
            46.3064454
          ],
          [
            8.8947626,
            46.3063296
          ],
          [
            8.8944972,
            46.3062862
          ],
          [
            8.8943087,
            46.3062379
          ],
          [
            8.894148,
            46.306291
          ],
          [
            8.8939665,
            46.3063055
          ],
          [
            8.8933171,
            46.3062331
          ],
          [
            8.8929749,
            46.3061559
          ],
          [
            8.8925489,
            46.3060402
          ],
          [
            8.8923324,
            46.3059871
          ],
          [
            8.8920601,
            46.3058327
          ],
          [
            8.8918925,
            46.305688
          ],
          [
            8.8916272,
            46.3056494
          ],
          [
            8.8913129,
            46.3056735
          ],
          [
            8.8909428,
            46.3056494
          ],
          [
            8.8906495,
            46.3056012
          ],
          [
            8.8903353,
            46.3055771
          ],
          [
            8.8902724,
            46.3055047
          ],
          [
            8.8901817,
            46.3055578
          ],
          [
            8.8900979,
            46.3054758
          ],
          [
            8.8897836,
            46.3054275
          ],
          [
            8.8895741,
            46.3054468
          ],
          [
            8.8891551,
            46.3053021
          ],
          [
            8.8885895,
            46.3051767
          ],
          [
            8.8881775,
            46.3050947
          ],
          [
            8.8882054,
            46.3052346
          ],
          [
            8.8881566,
            46.3053262
          ],
          [
            8.8880029,
            46.3053503
          ],
          [
            8.8876258,
            46.3053407
          ],
          [
            8.887158,
            46.3053696
          ],
          [
            8.8868647,
            46.3053069
          ],
          [
            8.8865784,
            46.3055819
          ],
          [
            8.8864178,
            46.3056494
          ],
          [
            8.8862292,
            46.3059726
          ],
          [
            8.8860127,
            46.3061511
          ],
          [
            8.8858312,
            46.3065901
          ],
          [
            8.8855868,
            46.3069905
          ],
          [
            8.8855379,
            46.307251
          ],
          [
            8.8852516,
            46.307714
          ],
          [
            8.8851119,
            46.3080421
          ],
          [
            8.885084,
            46.3083363
          ],
          [
            8.8849583,
            46.3086643
          ],
          [
            8.8850281,
            46.3088573
          ],
          [
            8.8849426,
            46.3090579
          ],
          [
            8.8845253,
            46.3095374
          ],
          [
            8.8843438,
            46.3099281
          ],
          [
            8.8840226,
            46.3102031
          ],
          [
            8.8837013,
            46.3105456
          ],
          [
            8.8832474,
            46.3108205
          ],
          [
            8.8828145,
            46.3110086
          ],
          [
            8.8823466,
            46.31138
          ],
          [
            8.8820394,
            46.3116067
          ],
          [
            8.8820394,
            46.311708
          ],
          [
            8.8817181,
            46.3118045
          ],
          [
            8.8815855,
            46.3119588
          ],
          [
            8.8814528,
            46.3121035
          ],
          [
            8.8813271,
            46.3121035
          ],
          [
            8.8813201,
            46.3122772
          ],
          [
            8.8812712,
            46.3123737
          ],
          [
            8.8811106,
            46.3123688
          ],
          [
            8.8810408,
            46.3124364
          ],
          [
            8.8810059,
            46.3125859
          ],
          [
            8.8809919,
            46.3128319
          ],
          [
            8.8808313,
            46.3128898
          ],
          [
            8.8808662,
            46.313155
          ],
          [
            8.8809221,
            46.3132901
          ],
          [
            8.8807475,
            46.3135409
          ],
          [
            8.8805869,
            46.3136277
          ],
          [
            8.8804821,
            46.3138785
          ],
          [
            8.8803185,
            46.31401
          ],
          [
            8.8800282,
            46.3141535
          ],
          [
            8.879966,
            46.3141722
          ],
          [
            8.8797419,
            46.314139
          ],
          [
            8.8793788,
            46.3141969
          ],
          [
            8.8789808,
            46.3142065
          ],
          [
            8.8787931,
            46.3142262
          ],
          [
            8.8786075,
            46.3142465
          ],
          [
            8.878471,
            46.3143223
          ],
          [
            8.8781926,
            46.3143632
          ],
          [
            8.8778753,
            46.314481
          ],
          [
            8.8777519,
            46.3145573
          ],
          [
            8.8774724,
            46.3146744
          ],
          [
            8.877221,
            46.3148432
          ],
          [
            8.8772001,
            46.3149155
          ],
          [
            8.8769627,
            46.315012
          ],
          [
            8.876823,
            46.3151953
          ],
          [
            8.8765716,
            46.3153062
          ],
          [
            8.8763901,
            46.3154702
          ],
          [
            8.8762783,
            46.3156824
          ],
          [
            8.8762164,
            46.3159639
          ],
          [
            8.8761037,
            46.3162033
          ],
          [
            8.8760688,
            46.3163721
          ],
          [
            8.8757546,
            46.316512
          ],
          [
            8.8753845,
            46.316729
          ],
          [
            8.8750353,
            46.3168978
          ],
          [
            8.8746792,
            46.3170714
          ],
          [
            8.8742253,
            46.3173512
          ],
          [
            8.873925,
            46.3175971
          ],
          [
            8.8735382,
            46.3179229
          ],
          [
            8.8732442,
            46.3182042
          ],
          [
            8.8729561,
            46.3184773
          ],
          [
            8.8727658,
            46.3186341
          ],
          [
            8.8726902,
            46.3187196
          ],
          [
            8.8725982,
            46.3189138
          ],
          [
            8.8725566,
            46.3190034
          ],
          [
            8.8725141,
            46.3190644
          ],
          [
            8.8725062,
            46.3191066
          ],
          [
            8.8724374,
            46.3192241
          ],
          [
            8.8723671,
            46.3194311
          ],
          [
            8.872284,
            46.319507
          ],
          [
            8.8720047,
            46.3195986
          ],
          [
            8.8720117,
            46.3197047
          ],
          [
            8.8719209,
            46.3197481
          ],
          [
            8.8718301,
            46.3199507
          ],
          [
            8.8717742,
            46.3201098
          ],
          [
            8.8717044,
            46.320351
          ],
          [
            8.8713762,
            46.3204185
          ],
          [
            8.8708734,
            46.3204812
          ],
          [
            8.8706919,
            46.3205873
          ],
          [
            8.8705033,
            46.3205873
          ],
          [
            8.8702799,
            46.3205487
          ],
          [
            8.869798,
            46.3206789
          ],
          [
            8.8692952,
            46.3207995
          ],
          [
            8.868995,
            46.3208477
          ],
          [
            8.8686807,
            46.3209297
          ],
          [
            8.8684293,
            46.3209345
          ],
          [
            8.8677869,
            46.3211178
          ],
          [
            8.8675285,
            46.3211805
          ],
          [
            8.8672841,
            46.3211708
          ],
          [
            8.8668721,
            46.3212046
          ],
          [
            8.8664252,
            46.3213203
          ],
          [
            8.8661249,
            46.3214891
          ],
          [
            8.8658037,
            46.3215229
          ],
          [
            8.8656431,
            46.321465
          ],
          [
            8.8655174,
            46.3214988
          ],
          [
            8.8646305,
            46.3214891
          ],
          [
            8.8643931,
            46.3215229
          ],
          [
            8.8637227,
            46.3215566
          ],
          [
            8.8632479,
            46.3216145
          ],
          [
            8.8625775,
            46.3215181
          ],
          [
            8.8624378,
            46.3215711
          ],
          [
            8.8622912,
            46.3215663
          ],
          [
            8.8621655,
            46.3214891
          ],
          [
            8.8619141,
            46.3213782
          ],
          [
            8.8613974,
            46.3212673
          ],
          [
            8.8611041,
            46.3212914
          ],
          [
            8.8606013,
            46.3212046
          ],
          [
            8.859903,
            46.3210744
          ],
          [
            8.8596376,
            46.3210792
          ],
          [
            8.8591907,
            46.320949
          ],
          [
            8.8589533,
            46.3209731
          ],
          [
            8.8584296,
            46.3208188
          ],
          [
            8.8584156,
            46.3208718
          ],
          [
            8.8582201,
            46.3208477
          ],
          [
            8.8577941,
            46.3207368
          ],
          [
            8.857829,
            46.3206837
          ],
          [
            8.8575497,
            46.3205969
          ],
          [
            8.8571167,
            46.3204908
          ],
          [
            8.8568444,
            46.3205776
          ],
          [
            8.8563486,
            46.3205246
          ],
          [
            8.8559506,
            46.3205294
          ],
          [
            8.8556922,
            46.3206934
          ],
          [
            8.855371,
            46.3206789
          ],
          [
            8.8553151,
            46.3206403
          ],
          [
            8.8550009,
            46.3207464
          ],
          [
            8.8546936,
            46.3206886
          ],
          [
            8.8543584,
            46.3207561
          ],
          [
            8.8537648,
            46.3208815
          ],
          [
            8.8534017,
            46.3209924
          ],
          [
            8.8527802,
            46.3212287
          ],
          [
            8.852473,
            46.3213059
          ],
          [
            8.8519073,
            46.3216386
          ],
          [
            8.8513906,
            46.3220003
          ],
          [
            8.8511322,
            46.3222559
          ],
          [
            8.850818,
            46.3224054
          ],
          [
            8.8505107,
            46.3227285
          ],
          [
            8.8502035,
            46.3230179
          ],
          [
            8.8498054,
            46.3233506
          ],
          [
            8.8495052,
            46.3234471
          ],
          [
            8.8494842,
            46.3236978
          ],
          [
            8.8492189,
            46.3238425
          ],
          [
            8.8490932,
            46.3239631
          ],
          [
            8.8489326,
            46.3241077
          ],
          [
            8.8486462,
            46.3244501
          ],
          [
            8.8485555,
            46.3246623
          ],
          [
            8.8481365,
            46.3251445
          ],
          [
            8.8479619,
            46.3255207
          ],
          [
            8.8477245,
            46.3259306
          ],
          [
            8.847501,
            46.3263163
          ],
          [
            8.8474591,
            46.3264562
          ],
          [
            8.8469703,
            46.3268468
          ],
          [
            8.8463837,
            46.3269239
          ],
          [
            8.8460276,
            46.3270155
          ],
          [
            8.8456296,
            46.3271457
          ],
          [
            8.8451687,
            46.3273772
          ],
          [
            8.8449662,
            46.3274833
          ],
          [
            8.8444215,
            46.3275749
          ],
          [
            8.8441814,
            46.3276405
          ],
          [
            8.8438209,
            46.3277389
          ],
          [
            8.8432134,
            46.3279269
          ],
          [
            8.8428887,
            46.3280994
          ],
          [
            8.8427595,
            46.328168
          ],
          [
            8.8424173,
            46.328332
          ],
          [
            8.8423545,
            46.328467
          ],
          [
            8.841747,
            46.3285972
          ],
          [
            8.8412162,
            46.3285924
          ],
          [
            8.8409201,
            46.3287334
          ],
          [
            8.8407204,
            46.3288286
          ],
          [
            8.8405808,
            46.3289395
          ],
          [
            8.8404551,
            46.3290649
          ],
          [
            8.8401897,
            46.3291469
          ],
          [
            8.8398476,
            46.329224
          ],
          [
            8.8395193,
            46.3292771
          ],
          [
            8.8394216,
            46.3293542
          ],
          [
            8.8391702,
            46.3294941
          ],
          [
            8.8389747,
            46.329605
          ],
          [
            8.838856,
            46.3296869
          ]
        ]
      },
      "id": "relation/9053281"
    },
    {
      "type": "Feature",
      "properties": {
        "@id": "relation/9053284",
        "duration": "PT10H",
        "from": "Capanna Borgna",
        "name": "Via Alta della Verzasca Tappa 1",
        "network": "lwn",
        "operator": "Società Escursionistica Verzaschese (SEV)",
        "osmc:symbol": "blue:white:blue_bar",
        "route": "hiking",
        "sac_scale": "difficult_alpine_hiking",
        "to": "Capanna Cornavosa",
        "type": "route"
      },
      "geometry": {
        "type": "LineString",
        "coordinates": [
          [
            8.9255356,
            46.229413
          ],
          [
            8.925356,
            46.2297525
          ],
          [
            8.9254729,
            46.2298746
          ],
          [
            8.9254445,
            46.2302363
          ],
          [
            8.9254636,
            46.2304424
          ],
          [
            8.9255841,
            46.2306733
          ],
          [
            8.9256228,
            46.2309894
          ],
          [
            8.9254039,
            46.2313197
          ],
          [
            8.9251101,
            46.2316997
          ],
          [
            8.9251323,
            46.2319054
          ],
          [
            8.9249838,
            46.2320541
          ],
          [
            8.9248359,
            46.2324444
          ],
          [
            8.9247555,
            46.2328533
          ],
          [
            8.9246401,
            46.2329537
          ],
          [
            8.9246393,
            46.2330894
          ],
          [
            8.9246679,
            46.2334143
          ],
          [
            8.9247027,
            46.2336429
          ],
          [
            8.924815,
            46.234075
          ],
          [
            8.924813,
            46.2341488
          ],
          [
            8.9250474,
            46.2343324
          ],
          [
            8.9250793,
            46.2344275
          ],
          [
            8.9252938,
            46.2345093
          ],
          [
            8.9253402,
            46.2345628
          ],
          [
            8.9253886,
            46.234587
          ],
          [
            8.9254203,
            46.2346145
          ],
          [
            8.9255046,
            46.234676
          ],
          [
            8.925536,
            46.2347358
          ],
          [
            8.9256446,
            46.2348438
          ],
          [
            8.9259649,
            46.2350614
          ],
          [
            8.92611,
            46.23517
          ],
          [
            8.9261638,
            46.2352726
          ],
          [
            8.9260095,
            46.2353289
          ],
          [
            8.9258988,
            46.2354621
          ],
          [
            8.9255168,
            46.2357913
          ],
          [
            8.925221,
            46.2360776
          ],
          [
            8.9251921,
            46.2361359
          ],
          [
            8.9250631,
            46.2363237
          ],
          [
            8.9250733,
            46.2364384
          ],
          [
            8.9249859,
            46.2365441
          ],
          [
            8.9249155,
            46.2367432
          ],
          [
            8.9248331,
            46.2368226
          ],
          [
            8.9247317,
            46.2368823
          ],
          [
            8.9247263,
            46.2369702
          ],
          [
            8.924595,
            46.2372122
          ],
          [
            8.9231965,
            46.2376498
          ],
          [
            8.9224701,
            46.2381893
          ],
          [
            8.9221494,
            46.2386477
          ],
          [
            8.9215912,
            46.2393525
          ],
          [
            8.9211613,
            46.2399792
          ],
          [
            8.9208347,
            46.2403999
          ],
          [
            8.9209233,
            46.2409251
          ],
          [
            8.9211846,
            46.2415902
          ],
          [
            8.9216725,
            46.2421393
          ],
          [
            8.9220188,
            46.2427271
          ],
          [
            8.9223739,
            46.2432313
          ],
          [
            8.9231727,
            46.2434794
          ],
          [
            8.9236505,
            46.2439477
          ],
          [
            8.9238854,
            46.2441109
          ],
          [
            8.9239509,
            46.244385
          ],
          [
            8.9240222,
            46.2445405
          ],
          [
            8.9242912,
            46.2446746
          ],
          [
            8.9243479,
            46.2449077
          ],
          [
            8.9243509,
            46.2451718
          ],
          [
            8.9243594,
            46.2453254
          ],
          [
            8.9244958,
            46.2454858
          ],
          [
            8.9243731,
            46.245731
          ],
          [
            8.9245777,
            46.2459008
          ],
          [
            8.9246049,
            46.2460611
          ],
          [
            8.9247277,
            46.2462781
          ],
          [
            8.9247413,
            46.2465044
          ],
          [
            8.9249186,
            46.2465044
          ],
          [
            8.9249459,
            46.2467025
          ],
          [
            8.9251096,
            46.246844
          ],
          [
            8.9253687,
            46.2470421
          ],
          [
            8.9255187,
            46.2472496
          ],
          [
            8.9254505,
            46.2475231
          ],
          [
            8.9254233,
            46.2477683
          ],
          [
            8.9256006,
            46.2479947
          ],
          [
            8.9256688,
            46.2483059
          ],
          [
            8.9258461,
            46.2485983
          ],
          [
            8.9258265,
            46.2487869
          ],
          [
            8.9257642,
            46.2489661
          ],
          [
            8.9257466,
            46.2491735
          ],
          [
            8.9255051,
            46.2491453
          ],
          [
            8.9253072,
            46.2489743
          ],
          [
            8.9250412,
            46.248822
          ],
          [
            8.9249311,
            46.2489202
          ],
          [
            8.9247822,
            46.2489379
          ],
          [
            8.9250277,
            46.2493528
          ],
          [
            8.9252187,
            46.2497395
          ],
          [
            8.9252596,
            46.2499753
          ],
          [
            8.9253687,
            46.2502205
          ],
          [
            8.9253142,
            46.2505789
          ],
          [
            8.9254642,
            46.2506921
          ],
          [
            8.9254778,
            46.2508996
          ],
          [
            8.9257779,
            46.2508619
          ],
          [
            8.9258324,
            46.2509939
          ],
          [
            8.9256415,
            46.2510316
          ],
          [
            8.9256824,
            46.2512108
          ],
          [
            8.9255596,
            46.2512957
          ],
          [
            8.9257233,
            46.2514466
          ],
          [
            8.925696,
            46.2515975
          ],
          [
            8.9254505,
            46.2517107
          ],
          [
            8.9254233,
            46.2519748
          ],
          [
            8.9255869,
            46.2521728
          ],
          [
            8.9255187,
            46.2525029
          ],
          [
            8.9251914,
            46.2529367
          ],
          [
            8.9247822,
            46.2532668
          ],
          [
            8.9247686,
            46.2536629
          ],
          [
            8.9245913,
            46.2536818
          ],
          [
            8.924564,
            46.2538232
          ],
          [
            8.9243072,
            46.2538146
          ],
          [
            8.9241276,
            46.2538044
          ],
          [
            8.9236775,
            46.25371
          ],
          [
            8.9234593,
            46.2535592
          ],
          [
            8.9231729,
            46.2535309
          ],
          [
            8.9230774,
            46.2533988
          ],
          [
            8.9223272,
            46.2535592
          ],
          [
            8.921468,
            46.2536723
          ],
          [
            8.9208679,
            46.2537478
          ],
          [
            8.9204042,
            46.2537289
          ],
          [
            8.9200223,
            46.2539364
          ],
          [
            8.919163,
            46.2542948
          ],
          [
            8.9188069,
            46.2543985
          ],
          [
            8.9183856,
            46.2545211
          ],
          [
            8.9178673,
            46.2546625
          ],
          [
            8.9176218,
            46.2548417
          ],
          [
            8.9170081,
            46.2550303
          ],
          [
            8.9163807,
            46.2555019
          ],
          [
            8.9158352,
            46.2559357
          ],
          [
            8.915576,
            46.2562374
          ],
          [
            8.9152623,
            46.2566147
          ],
          [
            8.9149077,
            46.256775
          ],
          [
            8.9145531,
            46.2567844
          ],
          [
            8.9144576,
            46.2570484
          ],
          [
            8.9140757,
            46.2572182
          ],
          [
            8.9140075,
            46.2574539
          ],
          [
            8.9135711,
            46.2576143
          ],
          [
            8.9136257,
            46.2577746
          ],
          [
            8.9134074,
            46.2580763
          ],
          [
            8.9134484,
            46.2583121
          ],
          [
            8.9132438,
            46.2587364
          ],
          [
            8.9131892,
            46.2589722
          ],
          [
            8.9133392,
            46.2591796
          ],
          [
            8.913312,
            46.2595097
          ],
          [
            8.9132301,
            46.2600283
          ],
          [
            8.9131756,
            46.2604338
          ],
          [
            8.9130937,
            46.2607355
          ],
          [
            8.913312,
            46.2609713
          ],
          [
            8.9131483,
            46.261141
          ],
          [
            8.9131347,
            46.2613673
          ],
          [
            8.912971,
            46.2615371
          ],
          [
            8.9132029,
            46.2616691
          ],
          [
            8.9131483,
            46.2619425
          ],
          [
            8.9134756,
            46.2620085
          ],
          [
            8.9133256,
            46.2622537
          ],
          [
            8.9129437,
            46.262414
          ],
          [
            8.9132165,
            46.2626969
          ],
          [
            8.912821,
            46.2627251
          ],
          [
            8.9125073,
            46.2628194
          ],
          [
            8.9123163,
            46.2630269
          ],
          [
            8.9124936,
            46.2632626
          ],
          [
            8.9126437,
            46.2635172
          ],
          [
            8.9128346,
            46.2639509
          ],
          [
            8.9129574,
            46.2641584
          ],
          [
            8.9130392,
            46.2644412
          ],
          [
            8.9129846,
            46.264743
          ],
          [
            8.9130937,
            46.2650353
          ],
          [
            8.9130801,
            46.265403
          ],
          [
            8.9130801,
            46.2656481
          ],
          [
            8.9130528,
            46.2659593
          ],
          [
            8.9132438,
            46.266261
          ],
          [
            8.9133938,
            46.2664779
          ],
          [
            8.9134347,
            46.2668927
          ],
          [
            8.9133802,
            46.267317
          ],
          [
            8.9134347,
            46.2675244
          ],
          [
            8.9131619,
            46.2680053
          ],
          [
            8.9128892,
            46.2684295
          ],
          [
            8.9125891,
            46.2685615
          ],
          [
            8.9127391,
            46.2686464
          ],
          [
            8.9129574,
            46.268571
          ],
          [
            8.9129846,
            46.2687313
          ],
          [
            8.9126437,
            46.268835
          ],
          [
            8.9125755,
            46.2690424
          ],
          [
            8.9127664,
            46.2691932
          ],
          [
            8.912821,
            46.2694761
          ],
          [
            8.9129983,
            46.2697212
          ],
          [
            8.9129301,
            46.2699192
          ],
          [
            8.9129301,
            46.2703152
          ],
          [
            8.9129437,
            46.2705697
          ],
          [
            8.91263,
            46.2708526
          ],
          [
            8.9124527,
            46.2712862
          ],
          [
            8.9122891,
            46.2717199
          ],
          [
            8.9120163,
            46.2719085
          ],
          [
            8.9114844,
            46.272097
          ],
          [
            8.9107888,
            46.2721913
          ],
          [
            8.9105842,
            46.2723799
          ],
          [
            8.910216,
            46.2726438
          ],
          [
            8.9094522,
            46.2728135
          ],
          [
            8.909193,
            46.2728135
          ],
          [
            8.9089339,
            46.2730209
          ],
          [
            8.9085929,
            46.2731623
          ],
          [
            8.9082383,
            46.2731623
          ],
          [
            8.9081428,
            46.2730681
          ],
          [
            8.9078019,
            46.2732566
          ],
          [
            8.9074745,
            46.2734169
          ],
          [
            8.9071608,
            46.2734452
          ],
          [
            8.9069154,
            46.2733886
          ],
          [
            8.9066699,
            46.2734169
          ],
          [
            8.9060152,
            46.273398
          ],
          [
            8.9056879,
            46.273332
          ],
          [
            8.9054151,
            46.273332
          ],
          [
            8.9050877,
            46.273332
          ],
          [
            8.904624,
            46.2734546
          ],
          [
            8.9041467,
            46.2733603
          ],
          [
            8.9036557,
            46.2732566
          ],
          [
            8.9034758,
            46.2731983
          ],
          [
            8.9032192,
            46.2731152
          ],
          [
            8.9028783,
            46.2729644
          ],
          [
            8.9026191,
            46.2729455
          ],
          [
            8.9022099,
            46.2728607
          ],
          [
            8.9018144,
            46.272691
          ],
          [
            8.9020054,
            46.2729832
          ],
          [
            8.9016371,
            46.2729172
          ],
          [
            8.9010097,
            46.2728324
          ],
          [
            8.9008324,
            46.2729738
          ],
          [
            8.9005051,
            46.2732189
          ],
          [
            8.9003141,
            46.2731718
          ],
          [
            8.900205,
            46.2733509
          ],
          [
            8.9004233,
            46.2735206
          ],
          [
            8.9002187,
            46.2736431
          ],
          [
            8.900246,
            46.2738411
          ],
          [
            8.9003278,
            46.273926
          ],
          [
            8.9001778,
            46.2740768
          ],
          [
            8.9003278,
            46.2741616
          ],
          [
            8.9003005,
            46.2743408
          ],
          [
            8.9001368,
            46.2745482
          ],
          [
            8.8998913,
            46.2748875
          ],
          [
            8.8994549,
            46.2751421
          ],
          [
            8.8992503,
            46.2753023
          ],
          [
            8.8990457,
            46.2756134
          ],
          [
            8.8989366,
            46.2758585
          ],
          [
            8.8987184,
            46.2760659
          ],
          [
            8.8986911,
            46.2764336
          ],
          [
            8.8987593,
            46.2767918
          ],
          [
            8.8987184,
            46.2769992
          ],
          [
            8.8990048,
            46.2771783
          ],
          [
            8.8992503,
            46.2774422
          ],
          [
            8.8993731,
            46.2776968
          ],
          [
            8.8992367,
            46.2780455
          ],
          [
            8.8991276,
            46.2783001
          ],
          [
            8.899264,
            46.2785263
          ],
          [
            8.8993458,
            46.278696
          ],
          [
            8.8995777,
            46.2787808
          ],
          [
            8.8995367,
            46.2788939
          ],
          [
            8.8991821,
            46.2787714
          ],
          [
            8.8986366,
            46.2787808
          ],
          [
            8.8980501,
            46.2787243
          ],
          [
            8.8978728,
            46.2787525
          ],
          [
            8.8979683,
            46.2789599
          ],
          [
            8.8978728,
            46.2790448
          ],
          [
            8.8976409,
            46.2789599
          ],
          [
            8.8977091,
            46.2792239
          ],
          [
            8.897608,
            46.2793892
          ]
        ]
      },
      "id": "relation/9053284"
    },
    {
      "type": "Feature",
      "properties": {
        "@id": "relation/9911212",
        "from": "Mänziwilegg",
        "name": "Mänziwilegg - Walkringen",
        "network": "lwn",
        "operator": "Berner Wanderwege",
        "osmc:name": "Mänziwilegg - Walkringen",
        "osmc:symbol": "yellow::yellow_diamond",
        "route": "hiking",
        "sac_scale": "hiking",
        "symbol": "gelbe Raute",
        "to": "Walkringen",
        "type": "route"
      },
      "geometry": {
        "type": "LineString",
        "coordinates": [
          [
            7.6028303,
            46.9568526
          ],
          [
            7.6028602,
            46.9567526
          ],
          [
            7.6028737,
            46.9566794
          ],
          [
            7.6028736,
            46.9566037
          ],
          [
            7.6028541,
            46.9564463
          ],
          [
            7.6028385,
            46.9563603
          ],
          [
            7.602819,
            46.9562863
          ],
          [
            7.6027936,
            46.9562227
          ],
          [
            7.6026298,
            46.9558965
          ],
          [
            7.6026162,
            46.9558722
          ],
          [
            7.6026018,
            46.9558523
          ],
          [
            7.6024211,
            46.95565
          ],
          [
            7.6023856,
            46.9556036
          ],
          [
            7.6023476,
            46.9555407
          ],
          [
            7.6022333,
            46.9553112
          ],
          [
            7.6022167,
            46.9552827
          ],
          [
            7.6022825,
            46.9553069
          ],
          [
            7.6023278,
            46.9553123
          ],
          [
            7.602425,
            46.955325
          ],
          [
            7.6024869,
            46.9553284
          ],
          [
            7.602551,
            46.9553269
          ],
          [
            7.6025967,
            46.9553201
          ],
          [
            7.60263,
            46.9553112
          ],
          [
            7.602692,
            46.9553008
          ],
          [
            7.6027704,
            46.9552907
          ],
          [
            7.602862,
            46.9553062
          ],
          [
            7.6031017,
            46.9553201
          ],
          [
            7.6035155,
            46.955345
          ],
          [
            7.6038295,
            46.9553555
          ],
          [
            7.6039795,
            46.9553466
          ],
          [
            7.6040685,
            46.9553325
          ],
          [
            7.6041436,
            46.9553099
          ],
          [
            7.6041913,
            46.9552736
          ],
          [
            7.60422,
            46.9552319
          ],
          [
            7.604224,
            46.9551839
          ],
          [
            7.6042144,
            46.9551389
          ],
          [
            7.6041932,
            46.9550986
          ],
          [
            7.6041535,
            46.9550509
          ],
          [
            7.6040474,
            46.9549758
          ],
          [
            7.6039896,
            46.9549224
          ],
          [
            7.6039565,
            46.954884
          ],
          [
            7.6039493,
            46.9548426
          ],
          [
            7.6039673,
            46.9548008
          ],
          [
            7.604001,
            46.9547673
          ],
          [
            7.604044,
            46.9547358
          ],
          [
            7.6041985,
            46.9546691
          ],
          [
            7.6043042,
            46.9546148
          ],
          [
            7.6045633,
            46.9544553
          ],
          [
            7.604616,
            46.954442
          ],
          [
            7.6050619,
            46.9543298
          ],
          [
            7.6057734,
            46.9542521
          ],
          [
            7.6063344,
            46.9542188
          ],
          [
            7.6067491,
            46.9541605
          ],
          [
            7.6071434,
            46.9541106
          ],
          [
            7.6074493,
            46.9540543
          ],
          [
            7.6079344,
            46.9541735
          ],
          [
            7.6080288,
            46.9541768
          ],
          [
            7.6081693,
            46.95416
          ],
          [
            7.6082722,
            46.9541335
          ],
          [
            7.6083492,
            46.9540995
          ],
          [
            7.6084274,
            46.95405
          ],
          [
            7.6084869,
            46.9540036
          ],
          [
            7.6085727,
            46.9539267
          ],
          [
            7.6086273,
            46.9538386
          ],
          [
            7.6086546,
            46.9537577
          ],
          [
            7.6086589,
            46.9536852
          ],
          [
            7.6086538,
            46.9536014
          ],
          [
            7.6086195,
            46.9535173
          ],
          [
            7.6084941,
            46.9531143
          ],
          [
            7.6087849,
            46.9527805
          ],
          [
            7.6088337,
            46.9527286
          ],
          [
            7.6088853,
            46.9526951
          ],
          [
            7.6089568,
            46.9526576
          ],
          [
            7.6090544,
            46.9526177
          ],
          [
            7.6091807,
            46.9525793
          ],
          [
            7.6092601,
            46.9525455
          ],
          [
            7.6093181,
            46.9525082
          ],
          [
            7.609364,
            46.9524711
          ],
          [
            7.6094308,
            46.9523908
          ],
          [
            7.6095196,
            46.9522557
          ],
          [
            7.6096612,
            46.9520807
          ],
          [
            7.6096862,
            46.9520417
          ],
          [
            7.6097032,
            46.9519916
          ],
          [
            7.6097002,
            46.9519344
          ],
          [
            7.6096843,
            46.9518515
          ],
          [
            7.6096545,
            46.9517552
          ],
          [
            7.6096537,
            46.951698
          ],
          [
            7.6096653,
            46.9516589
          ],
          [
            7.6096924,
            46.9516297
          ],
          [
            7.6097251,
            46.9516072
          ],
          [
            7.6098646,
            46.9515456
          ],
          [
            7.6099557,
            46.9515118
          ],
          [
            7.6101101,
            46.9514739
          ],
          [
            7.6101937,
            46.9514629
          ],
          [
            7.6103231,
            46.9514666
          ],
          [
            7.6105732,
            46.9515649
          ],
          [
            7.6107569,
            46.9516465
          ],
          [
            7.6108554,
            46.9516959
          ],
          [
            7.6109539,
            46.9517539
          ],
          [
            7.6110475,
            46.9518179
          ],
          [
            7.6114668,
            46.9521546
          ],
          [
            7.611671,
            46.9522924
          ],
          [
            7.6119033,
            46.9524253
          ],
          [
            7.6123751,
            46.9526733
          ],
          [
            7.6123618,
            46.9526037
          ],
          [
            7.6123413,
            46.9525491
          ],
          [
            7.6121612,
            46.9522376
          ],
          [
            7.6120796,
            46.9520165
          ],
          [
            7.6121536,
            46.9517378
          ],
          [
            7.612107,
            46.9513396
          ],
          [
            7.6121081,
            46.9512829
          ],
          [
            7.6121088,
            46.9512494
          ],
          [
            7.6121173,
            46.9512105
          ],
          [
            7.6121297,
            46.9511834
          ],
          [
            7.6121523,
            46.9511661
          ],
          [
            7.6121966,
            46.9511469
          ],
          [
            7.6122609,
            46.9511411
          ],
          [
            7.6123771,
            46.9511408
          ],
          [
            7.6124457,
            46.9511362
          ],
          [
            7.6124918,
            46.9511282
          ],
          [
            7.6125207,
            46.9511159
          ],
          [
            7.6125713,
            46.951082
          ],
          [
            7.6126688,
            46.9510081
          ],
          [
            7.6126981,
            46.9509751
          ],
          [
            7.6127102,
            46.9509488
          ],
          [
            7.6127169,
            46.9509263
          ],
          [
            7.613169,
            46.9512219
          ],
          [
            7.6134434,
            46.9513749
          ],
          [
            7.6136373,
            46.9515109
          ],
          [
            7.6136867,
            46.9515581
          ],
          [
            7.614011,
            46.9514091
          ],
          [
            7.6146051,
            46.9512794
          ],
          [
            7.6154883,
            46.9509688
          ],
          [
            7.6160022,
            46.9506546
          ],
          [
            7.6164304,
            46.9506089
          ],
          [
            7.6167306,
            46.9506815
          ],
          [
            7.6167923,
            46.9507053
          ],
          [
            7.6168674,
            46.9507163
          ],
          [
            7.6169264,
            46.9507127
          ],
          [
            7.617023,
            46.9506944
          ],
          [
            7.6170873,
            46.9506834
          ],
          [
            7.6171758,
            46.950676
          ],
          [
            7.6172214,
            46.9506962
          ],
          [
            7.6173271,
            46.9507252
          ],
          [
            7.6174441,
            46.9507383
          ],
          [
            7.6174977,
            46.9507365
          ],
          [
            7.6175648,
            46.95072
          ],
          [
            7.6176479,
            46.9506852
          ],
          [
            7.6176962,
            46.9506577
          ],
          [
            7.6177186,
            46.9506346
          ],
          [
            7.6175848,
            46.9504849
          ],
          [
            7.6175044,
            46.9504084
          ],
          [
            7.6172866,
            46.9502265
          ],
          [
            7.6171195,
            46.9499919
          ],
          [
            7.6169468,
            46.9497426
          ],
          [
            7.6172065,
            46.9494791
          ],
          [
            7.6173195,
            46.949343
          ],
          [
            7.6175413,
            46.9490591
          ],
          [
            7.6175682,
            46.9490121
          ],
          [
            7.6175783,
            46.9489858
          ],
          [
            7.6175824,
            46.9489595
          ],
          [
            7.6176958,
            46.9489299
          ],
          [
            7.6177767,
            46.9489034
          ],
          [
            7.617864,
            46.9488694
          ],
          [
            7.6180417,
            46.9487961
          ],
          [
            7.618628,
            46.9485435
          ],
          [
            7.6186458,
            46.9485356
          ],
          [
            7.6191877,
            46.9483045
          ],
          [
            7.6192514,
            46.9482778
          ],
          [
            7.6192868,
            46.948263
          ],
          [
            7.6193808,
            46.9482235
          ]
        ]
      },
      "id": "relation/9911212"
    },
    {
      "type": "Feature",
      "properties": {
        "@id": "relation/11989830",
        "name": "Röthenbach",
        "network": "lwn",
        "operator": "Berner Wanderwege",
        "osmc:symbol": "yellow::yellow_diamond",
        "route": "hiking",
        "sac_scale": "hiking",
        "symbol": "gelber Rhombus",
        "type": "route"
      },
      "geometry": {
        "type": "MultiLineString",
        "coordinates": [
          [
            [
              7.7415326,
              46.8537537
            ],
            [
              7.7414633,
              46.8538806
            ],
            [
              7.7414138,
              46.8539676
            ],
            [
              7.7413997,
              46.8539979
            ],
            [
              7.7413923,
              46.8540204
            ],
            [
              7.7413514,
              46.8540473
            ],
            [
              7.7412896,
              46.8540973
            ],
            [
              7.741207,
              46.8541513
            ],
            [
              7.7411755,
              46.8541707
            ],
            [
              7.7411189,
              46.8542055
            ],
            [
              7.741076,
              46.8542128
            ],
            [
              7.7410308,
              46.8542225
            ],
            [
              7.7408886,
              46.8542597
            ],
            [
              7.7406928,
              46.8543104
            ],
            [
              7.7405316,
              46.8543497
            ],
            [
              7.7403839,
              46.8543829
            ],
            [
              7.7403006,
              46.8544002
            ],
            [
              7.7401936,
              46.8544186
            ],
            [
              7.7400705,
              46.8544371
            ],
            [
              7.739888,
              46.8544605
            ],
            [
              7.7397977,
              46.8544722
            ],
            [
              7.7389743,
              46.8545731
            ],
            [
              7.7389185,
              46.8545799
            ],
            [
              7.7386609,
              46.8546116
            ],
            [
              7.7384939,
              46.8546282
            ],
            [
              7.7384962,
              46.8546568
            ],
            [
              7.7384937,
              46.8546702
            ],
            [
              7.7384867,
              46.8546831
            ],
            [
              7.7384758,
              46.8546949
            ],
            [
              7.7384481,
              46.8547146
            ],
            [
              7.7381593,
              46.8548959
            ],
            [
              7.7381121,
              46.8549319
            ],
            [
              7.7380846,
              46.8549613
            ],
            [
              7.7380664,
              46.8549883
            ],
            [
              7.7380464,
              46.8550303
            ],
            [
              7.7380129,
              46.855124
            ],
            [
              7.7380044,
              46.8551432
            ],
            [
              7.7379948,
              46.855157
            ],
            [
              7.7379786,
              46.8551684
            ],
            [
              7.7379589,
              46.8551763
            ],
            [
              7.7379332,
              46.8551821
            ],
            [
              7.7379031,
              46.8551854
            ],
            [
              7.7378701,
              46.8551872
            ],
            [
              7.7374975,
              46.8551851
            ],
            [
              7.7373118,
              46.8551925
            ],
            [
              7.7367115,
              46.8552164
            ],
            [
              7.7362746,
              46.8552351
            ],
            [
              7.735364,
              46.8552777
            ],
            [
              7.7352219,
              46.8553289
            ],
            [
              7.7350987,
              46.8553732
            ],
            [
              7.7348002,
              46.8554925
            ],
            [
              7.7346997,
              46.8555354
            ],
            [
              7.734625,
              46.8555809
            ],
            [
              7.7320606,
              46.8574922
            ],
            [
              7.7309906,
              46.8592757
            ],
            [
              7.7311081,
              46.859283
            ],
            [
              7.7311764,
              46.8593394
            ],
            [
              7.7313352,
              46.8594664
            ],
            [
              7.7314925,
              46.8594332
            ],
            [
              7.7316828,
              46.8591906
            ],
            [
              7.7321129,
              46.8588926
            ],
            [
              7.7323485,
              46.8588537
            ],
            [
              7.7323855,
              46.8590207
            ],
            [
              7.7323241,
              46.8591638
            ],
            [
              7.7322322,
              46.8592823
            ],
            [
              7.7317393,
              46.8598486
            ],
            [
              7.7302155,
              46.8604888
            ],
            [
              7.7299252,
              46.8605397
            ],
            [
              7.72953,
              46.8606709
            ],
            [
              7.7293728,
              46.8606082
            ],
            [
              7.7291296,
              46.8606171
            ],
            [
              7.7289053,
              46.8605675
            ],
            [
              7.7286274,
              46.8606028
            ],
            [
              7.7281018,
              46.8608398
            ],
            [
              7.7280098,
              46.8610125
            ],
            [
              7.7278574,
              46.8611136
            ],
            [
              7.7272064,
              46.8614006
            ],
            [
              7.7268087,
              46.8614512
            ],
            [
              7.7263537,
              46.8615104
            ],
            [
              7.7259684,
              46.8616826
            ],
            [
              7.7253782,
              46.8617768
            ],
            [
              7.7250527,
              46.8618021
            ],
            [
              7.7250594,
              46.861881
            ],
            [
              7.7249518,
              46.8619087
            ],
            [
              7.7245532,
              46.8619466
            ],
            [
              7.7244712,
              46.861922
            ],
            [
              7.7235972,
              46.8619384
            ],
            [
              7.7232266,
              46.8620204
            ],
            [
              7.7229281,
              46.8621516
            ],
            [
              7.7224362,
              46.8623254
            ],
            [
              7.7218964,
              46.8624123
            ],
            [
              7.7218163,
              46.862473
            ],
            [
              7.7216737,
              46.8624665
            ],
            [
              7.7215342,
              46.862492
            ],
            [
              7.7210339,
              46.8625836
            ],
            [
              7.7200872,
              46.8627742
            ],
            [
              7.7198338,
              46.8629338
            ],
            [
              7.7195453,
              46.8629199
            ],
            [
              7.7188616,
              46.8627046
            ],
            [
              7.7185662,
              46.8625207
            ],
            [
              7.7184973,
              46.8625303
            ],
            [
              7.7184163,
              46.8625297
            ],
            [
              7.7173595,
              46.8624603
            ],
            [
              7.7169996,
              46.8624029
            ],
            [
              7.7166295,
              46.8622342
            ],
            [
              7.7162706,
              46.8620055
            ],
            [
              7.7157664,
              46.8619189
            ],
            [
              7.7152877,
              46.8618092
            ],
            [
              7.7147846,
              46.8617011
            ],
            [
              7.7142299,
              46.8616521
            ],
            [
              7.7139907,
              46.8615984
            ],
            [
              7.7138531,
              46.8615529
            ],
            [
              7.7137058,
              46.8614859
            ],
            [
              7.7133514,
              46.861315
            ],
            [
              7.7130612,
              46.8611926
            ],
            [
              7.7129387,
              46.8611521
            ],
            [
              7.7127759,
              46.8611127
            ],
            [
              7.7127811,
              46.8611715
            ],
            [
              7.7127713,
              46.8612319
            ],
            [
              7.7127569,
              46.8613101
            ],
            [
              7.7127421,
              46.8613657
            ],
            [
              7.7127199,
              46.8614205
            ],
            [
              7.7126957,
              46.8614727
            ],
            [
              7.7126473,
              46.8615474
            ],
            [
              7.7125827,
              46.8616362
            ],
            [
              7.7124152,
              46.8618393
            ],
            [
              7.7123736,
              46.8619075
            ],
            [
              7.7123557,
              46.8619576
            ],
            [
              7.7123501,
              46.8620067
            ],
            [
              7.7123628,
              46.8620933
            ],
            [
              7.712456,
              46.8625137
            ],
            [
              7.7124859,
              46.8626067
            ],
            [
              7.7125212,
              46.8626886
            ],
            [
              7.7125637,
              46.8627591
            ],
            [
              7.7126043,
              46.8628206
            ],
            [
              7.7126449,
              46.8628768
            ],
            [
              7.7127238,
              46.8629683
            ],
            [
              7.71282,
              46.8630568
            ],
            [
              7.713042,
              46.8632159
            ],
            [
              7.7131965,
              46.8633166
            ],
            [
              7.7132944,
              46.8633936
            ],
            [
              7.7133255,
              46.8634265
            ],
            [
              7.7133515,
              46.8634638
            ],
            [
              7.7133781,
              46.8635105
            ],
            [
              7.7133968,
              46.8635556
            ],
            [
              7.7134093,
              46.8636081
            ],
            [
              7.7134165,
              46.8636623
            ],
            [
              7.7134179,
              46.8637106
            ],
            [
              7.7134075,
              46.8637598
            ],
            [
              7.7133845,
              46.8638079
            ],
            [
              7.7133495,
              46.8638635
            ],
            [
              7.7132258,
              46.8640167
            ],
            [
              7.7131243,
              46.8641556
            ],
            [
              7.7130888,
              46.8642336
            ],
            [
              7.7130737,
              46.8643022
            ],
            [
              7.713071,
              46.864374
            ],
            [
              7.7130791,
              46.8644413
            ],
            [
              7.713127,
              46.8645867
            ],
            [
              7.7131602,
              46.8646596
            ],
            [
              7.7132206,
              46.864772
            ],
            [
              7.7133635,
              46.8649896
            ],
            [
              7.713411,
              46.8650825
            ],
            [
              7.7134264,
              46.8651238
            ],
            [
              7.7134395,
              46.8651737
            ],
            [
              7.7134421,
              46.8652202
            ],
            [
              7.7134357,
              46.8652655
            ],
            [
              7.7134267,
              46.865301
            ],
            [
              7.7134095,
              46.8653408
            ],
            [
              7.7133736,
              46.8653915
            ],
            [
              7.7135838,
              46.8653741
            ],
            [
              7.7136822,
              46.8653684
            ],
            [
              7.713771,
              46.8653666
            ],
            [
              7.713868,
              46.865367
            ],
            [
              7.7139587,
              46.8653713
            ],
            [
              7.7141275,
              46.8653817
            ],
            [
              7.7143275,
              46.8654012
            ],
            [
              7.7147311,
              46.8654356
            ],
            [
              7.7149626,
              46.8654562
            ],
            [
              7.7150883,
              46.8654682
            ],
            [
              7.7153016,
              46.8654777
            ],
            [
              7.7156629,
              46.8654497
            ],
            [
              7.7160359,
              46.8654038
            ],
            [
              7.7162796,
              46.8653984
            ],
            [
              7.7165939,
              46.8654185
            ],
            [
              7.7169143,
              46.8654899
            ],
            [
              7.7172901,
              46.8656249
            ],
            [
              7.7176857,
              46.86576
            ],
            [
              7.7180536,
              46.865921
            ],
            [
              7.7181839,
              46.8659809
            ],
            [
              7.7183107,
              46.8660431
            ],
            [
              7.7184868,
              46.866102
            ],
            [
              7.7186803,
              46.8661591
            ],
            [
              7.7189879,
              46.8662511
            ],
            [
              7.7191595,
              46.8663014
            ],
            [
              7.7189879,
              46.8662511
            ],
            [
              7.7186803,
              46.8661591
            ],
            [
              7.7184868,
              46.866102
            ],
            [
              7.7183107,
              46.8660431
            ],
            [
              7.7181839,
              46.8659809
            ],
            [
              7.7180536,
              46.865921
            ],
            [
              7.7176857,
              46.86576
            ],
            [
              7.7172901,
              46.8656249
            ],
            [
              7.7169143,
              46.8654899
            ],
            [
              7.7165939,
              46.8654185
            ],
            [
              7.7162796,
              46.8653984
            ],
            [
              7.7160359,
              46.8654038
            ],
            [
              7.7156629,
              46.8654497
            ],
            [
              7.7153016,
              46.8654777
            ],
            [
              7.7150883,
              46.8654682
            ],
            [
              7.7149626,
              46.8654562
            ],
            [
              7.7147311,
              46.8654356
            ],
            [
              7.7143275,
              46.8654012
            ],
            [
              7.7141275,
              46.8653817
            ],
            [
              7.7139587,
              46.8653713
            ],
            [
              7.713868,
              46.865367
            ],
            [
              7.713771,
              46.8653666
            ],
            [
              7.7136822,
              46.8653684
            ],
            [
              7.7135838,
              46.8653741
            ],
            [
              7.7133736,
              46.8653915
            ],
            [
              7.7134095,
              46.8653408
            ],
            [
              7.7134267,
              46.865301
            ],
            [
              7.7134357,
              46.8652655
            ],
            [
              7.7134421,
              46.8652202
            ],
            [
              7.7134395,
              46.8651737
            ],
            [
              7.7134264,
              46.8651238
            ],
            [
              7.713411,
              46.8650825
            ],
            [
              7.7133635,
              46.8649896
            ],
            [
              7.7132206,
              46.864772
            ],
            [
              7.7131602,
              46.8646596
            ],
            [
              7.713127,
              46.8645867
            ],
            [
              7.7130791,
              46.8644413
            ],
            [
              7.713071,
              46.864374
            ],
            [
              7.7130737,
              46.8643022
            ],
            [
              7.7130888,
              46.8642336
            ],
            [
              7.7131243,
              46.8641556
            ],
            [
              7.7132258,
              46.8640167
            ],
            [
              7.7133495,
              46.8638635
            ],
            [
              7.7133845,
              46.8638079
            ],
            [
              7.7134075,
              46.8637598
            ],
            [
              7.7134179,
              46.8637106
            ],
            [
              7.7134165,
              46.8636623
            ],
            [
              7.7134093,
              46.8636081
            ],
            [
              7.7133968,
              46.8635556
            ],
            [
              7.7133781,
              46.8635105
            ],
            [
              7.7133515,
              46.8634638
            ],
            [
              7.7133255,
              46.8634265
            ],
            [
              7.7132944,
              46.8633936
            ],
            [
              7.7131965,
              46.8633166
            ],
            [
              7.713042,
              46.8632159
            ],
            [
              7.71282,
              46.8630568
            ],
            [
              7.7127238,
              46.8629683
            ],
            [
              7.7126449,
              46.8628768
            ]
          ],
          [
            [
              7.7270273,
              46.8702478
            ],
            [
              7.7271659,
              46.8702214
            ],
            [
              7.7272785,
              46.870189
            ],
            [
              7.7273212,
              46.8701702
            ],
            [
              7.7273568,
              46.8701498
            ],
            [
              7.7273893,
              46.8701206
            ],
            [
              7.7273568,
              46.8701498
            ],
            [
              7.7273212,
              46.8701702
            ],
            [
              7.7272785,
              46.870189
            ],
            [
              7.7271659,
              46.8702214
            ],
            [
              7.7270273,
              46.8702478
            ]
          ],
          [
            [
              7.7270273,
              46.8702478
            ],
            [
              7.7266305,
              46.8703139
            ],
            [
              7.7265318,
              46.8702313
            ],
            [
              7.7263492,
              46.8701441
            ],
            [
              7.726221,
              46.8700693
            ],
            [
              7.7260767,
              46.8699734
            ],
            [
              7.7259827,
              46.8699298
            ],
            [
              7.7258568,
              46.8698914
            ],
            [
              7.72589,
              46.8698561
            ],
            [
              7.7258692,
              46.8698072
            ],
            [
              7.7257877,
              46.869704
            ],
            [
              7.7256766,
              46.8696239
            ],
            [
              7.7255762,
              46.8695889
            ],
            [
              7.7251106,
              46.8693825
            ],
            [
              7.7248566,
              46.8693004
            ],
            [
              7.7246097,
              46.86923
            ],
            [
              7.7243329,
              46.8691098
            ],
            [
              7.7242433,
              46.8690786
            ],
            [
              7.7241687,
              46.8690382
            ],
            [
              7.7239928,
              46.8689819
            ],
            [
              7.7239055,
              46.8689719
            ],
            [
              7.7236398,
              46.8688552
            ],
            [
              7.7233927,
              46.8687351
            ],
            [
              7.7231031,
              46.8685915
            ],
            [
              7.7229552,
              46.8685303
            ],
            [
              7.7227021,
              46.8684252
            ],
            [
              7.7225225,
              46.868339
            ],
            [
              7.7222652,
              46.8682508
            ],
            [
              7.7220822,
              46.8681688
            ],
            [
              7.7219191,
              46.8681141
            ],
            [
              7.7217475,
              46.8680276
            ],
            [
              7.7214456,
              46.8678565
            ],
            [
              7.7209494,
              46.8677119
            ],
            [
              7.7206731,
              46.86765
            ],
            [
              7.7205002,
              46.8675529
            ],
            [
              7.7203967,
              46.8675021
            ],
            [
              7.7202167,
              46.8673725
            ],
            [
              7.7200943,
              46.8672871
            ],
            [
              7.7200516,
              46.867199
            ],
            [
              7.7199399,
              46.866997
            ],
            [
              7.7196056,
              46.8668212
            ],
            [
              7.7195128,
              46.866761
            ],
            [
              7.7194265,
              46.8666217
            ],
            [
              7.7193251,
              46.8664796
            ],
            [
              7.7191595,
              46.8663014
            ],
            [
              7.7193251,
              46.8664796
            ],
            [
              7.7194265,
              46.8666217
            ],
            [
              7.7195128,
              46.866761
            ],
            [
              7.7196056,
              46.8668212
            ],
            [
              7.7199399,
              46.866997
            ],
            [
              7.7200516,
              46.867199
            ],
            [
              7.7200943,
              46.8672871
            ],
            [
              7.7202167,
              46.8673725
            ],
            [
              7.7203967,
              46.8675021
            ],
            [
              7.7205002,
              46.8675529
            ],
            [
              7.7206731,
              46.86765
            ],
            [
              7.7209494,
              46.8677119
            ],
            [
              7.7214456,
              46.8678565
            ],
            [
              7.7217475,
              46.8680276
            ],
            [
              7.7219191,
              46.8681141
            ],
            [
              7.7220822,
              46.8681688
            ],
            [
              7.7222652,
              46.8682508
            ],
            [
              7.7225225,
              46.868339
            ],
            [
              7.7227021,
              46.8684252
            ],
            [
              7.7229552,
              46.8685303
            ],
            [
              7.7231031,
              46.8685915
            ],
            [
              7.7233927,
              46.8687351
            ],
            [
              7.7236398,
              46.8688552
            ],
            [
              7.7239055,
              46.8689719
            ],
            [
              7.7239928,
              46.8689819
            ],
            [
              7.7241687,
              46.8690382
            ],
            [
              7.7242433,
              46.8690786
            ],
            [
              7.7243329,
              46.8691098
            ],
            [
              7.7246097,
              46.86923
            ],
            [
              7.7248566,
              46.8693004
            ],
            [
              7.7251106,
              46.8693825
            ],
            [
              7.7255762,
              46.8695889
            ],
            [
              7.7256766,
              46.8696239
            ],
            [
              7.7257877,
              46.869704
            ],
            [
              7.7258692,
              46.8698072
            ],
            [
              7.72589,
              46.8698561
            ],
            [
              7.7258568,
              46.8698914
            ],
            [
              7.7259827,
              46.8699298
            ],
            [
              7.7260767,
              46.8699734
            ],
            [
              7.726221,
              46.8700693
            ],
            [
              7.7263492,
              46.8701441
            ],
            [
              7.7265318,
              46.8702313
            ],
            [
              7.7266305,
              46.8703139
            ],
            [
              7.7270273,
              46.8702478
            ],
            [
              7.7271659,
              46.8702214
            ],
            [
              7.7272785,
              46.870189
            ],
            [
              7.7273212,
              46.8701702
            ],
            [
              7.7273568,
              46.8701498
            ],
            [
              7.7273893,
              46.8701206
            ],
            [
              7.727627,
              46.8702143
            ],
            [
              7.7277503,
              46.8702857
            ],
            [
              7.7281038,
              46.8702582
            ],
            [
              7.7284344,
              46.8701165
            ],
            [
              7.7290578,
              46.8703567
            ],
            [
              7.7292027,
              46.8704313
            ],
            [
              7.729355,
              46.8704838
            ],
            [
              7.7295793,
              46.8704152
            ],
            [
              7.7298797,
              46.8703932
            ],
            [
              7.7306522,
              46.8705986
            ],
            [
              7.7312101,
              46.8707893
            ],
            [
              7.7315842,
              46.8709979
            ],
            [
              7.7319474,
              46.8710434
            ],
            [
              7.732122,
              46.8710313
            ],
            [
              7.7323623,
              46.8709532
            ],
            [
              7.7326269,
              46.8714071
            ],
            [
              7.7326185,
              46.871443
            ],
            [
              7.7326177,
              46.8715084
            ],
            [
              7.7326547,
              46.8717286
            ],
            [
              7.7327443,
              46.8721828
            ],
            [
              7.732862,
              46.8723419
            ],
            [
              7.7329233,
              46.8723118
            ],
            [
              7.73302,
              46.8722447
            ],
            [
              7.7331095,
              46.8721735
            ],
            [
              7.7332298,
              46.8719921
            ],
            [
              7.7333689,
              46.8716976
            ],
            [
              7.733485,
              46.8713772
            ],
            [
              7.7335043,
              46.871285
            ],
            [
              7.7335574,
              46.8712599
            ],
            [
              7.7336174,
              46.8712613
            ],
            [
              7.7336716,
              46.8712782
            ],
            [
              7.7337065,
              46.8713465
            ],
            [
              7.7346028,
              46.8712208
            ],
            [
              7.7350434,
              46.8711312
            ],
            [
              7.7356021,
              46.8708909
            ],
            [
              7.7359386,
              46.8707208
            ],
            [
              7.7358268,
              46.8706027
            ],
            [
              7.7353148,
              46.8702056
            ],
            [
              7.7348387,
              46.8699191
            ],
            [
              7.7348146,
              46.8697516
            ],
            [
              7.7347927,
              46.869678
            ],
            [
              7.7347045,
              46.8695954
            ],
            [
              7.7346777,
              46.869539
            ],
            [
              7.7346625,
              46.869506
            ],
            [
              7.7346361,
              46.8694756
            ],
            [
              7.7345459,
              46.869414
            ],
            [
              7.7344688,
              46.8693763
            ],
            [
              7.7343404,
              46.8693071
            ],
            [
              7.733859,
              46.8690863
            ],
            [
              7.733652,
              46.8689392
            ],
            [
              7.7336373,
              46.8689301
            ],
            [
              7.7334321,
              46.868803
            ],
            [
              7.7334083,
              46.8687781
            ],
            [
              7.7333628,
              46.8686981
            ],
            [
              7.7332048,
              46.8683724
            ],
            [
              7.7329722,
              46.8680021
            ],
            [
              7.7328379,
              46.8678751
            ],
            [
              7.7326208,
              46.8676834
            ],
            [
              7.7324967,
              46.8673968
            ],
            [
              7.7324379,
              46.8671501
            ],
            [
              7.7322088,
              46.8667799
            ],
            [
              7.7321853,
              46.8667464
            ],
            [
              7.7319129,
              46.8667141
            ],
            [
              7.731777,
              46.8666557
            ],
            [
              7.7317724,
              46.8665905
            ],
            [
              7.7319418,
              46.8665112
            ],
            [
              7.7319724,
              46.866392
            ],
            [
              7.7320025,
              46.8661521
            ],
            [
              7.731982,
              46.8660272
            ],
            [
              7.7319746,
              46.8659093
            ],
            [
              7.7319852,
              46.8658262
            ],
            [
              7.7321537,
              46.8656326
            ],
            [
              7.7322803,
              46.8653853
            ],
            [
              7.7323599,
              46.8652813
            ],
            [
              7.7324303,
              46.8651941
            ],
            [
              7.7324564,
              46.865136
            ],
            [
              7.7325148,
              46.8651637
            ],
            [
              7.7328097,
              46.8651198
            ],
            [
              7.7334724,
              46.8648498
            ],
            [
              7.7338877,
              46.8647168
            ],
            [
              7.7339678,
              46.8646657
            ],
            [
              7.7340931,
              46.8644982
            ],
            [
              7.7341556,
              46.8641872
            ],
            [
              7.7341907,
              46.8641012
            ],
            [
              7.7342536,
              46.8640587
            ],
            [
              7.734079,
              46.8639022
            ],
            [
              7.7341537,
              46.8638578
            ],
            [
              7.734201,
              46.8638258
            ],
            [
              7.7344045,
              46.8636811
            ],
            [
              7.7345051,
              46.8636175
            ],
            [
              7.7346069,
              46.8635611
            ],
            [
              7.7347688,
              46.8634835
            ],
            [
              7.7352321,
              46.8632709
            ],
            [
              7.7353819,
              46.8632007
            ],
            [
              7.735417,
              46.8631786
            ],
            [
              7.7354475,
              46.8631526
            ],
            [
              7.7357719,
              46.8630744
            ],
            [
              7.7360118,
              46.8630689
            ],
            [
              7.7361033,
              46.8629561
            ],
            [
              7.7362021,
              46.8627529
            ],
            [
              7.7362282,
              46.8627366
            ],
            [
              7.7362796,
              46.8627218
            ],
            [
              7.7364388,
              46.8626815
            ],
            [
              7.7365093,
              46.8626563
            ],
            [
              7.7365442,
              46.86264
            ],
            [
              7.7365772,
              46.8626147
            ],
            [
              7.7366042,
              46.862588
            ],
            [
              7.7366266,
              46.8625542
            ],
            [
              7.7366681,
              46.8624811
            ],
            [
              7.7368419,
              46.8620786
            ],
            [
              7.7370164,
              46.8616539
            ],
            [
              7.7371053,
              46.8614304
            ],
            [
              7.737175,
              46.8612902
            ],
            [
              7.7372344,
              46.8612109
            ],
            [
              7.7372991,
              46.8611505
            ],
            [
              7.7373484,
              46.86112
            ],
            [
              7.7373993,
              46.8611012
            ],
            [
              7.7374524,
              46.8610915
            ],
            [
              7.7375347,
              46.8610895
            ],
            [
              7.7376868,
              46.8610997
            ],
            [
              7.737805,
              46.8611089
            ],
            [
              7.7379108,
              46.8611242
            ],
            [
              7.7380623,
              46.8611507
            ],
            [
              7.7381897,
              46.8611828
            ],
            [
              7.7382701,
              46.8611921
            ],
            [
              7.7383522,
              46.8611925
            ],
            [
              7.7384845,
              46.8611757
            ],
            [
              7.738652,
              46.8611561
            ],
            [
              7.7388222,
              46.8611393
            ],
            [
              7.7388677,
              46.8610115
            ],
            [
              7.7389844,
              46.8608377
            ],
            [
              7.7392924,
              46.8605799
            ],
            [
              7.7393915,
              46.8604437
            ],
            [
              7.7394402,
              46.8603593
            ],
            [
              7.7394566,
              46.8602117
            ],
            [
              7.7394128,
              46.8600922
            ],
            [
              7.7393968,
              46.8600044
            ],
            [
              7.7392879,
              46.8598458
            ],
            [
              7.7392188,
              46.8596606
            ],
            [
              7.7391565,
              46.8593788
            ],
            [
              7.7390266,
              46.8591541
            ],
            [
              7.7389749,
              46.8590825
            ],
            [
              7.7389114,
              46.8590119
            ],
            [
              7.7389749,
              46.8589583
            ],
            [
              7.7390295,
              46.8588885
            ],
            [
              7.7390498,
              46.8585422
            ],
            [
              7.739127,
              46.858303
            ],
            [
              7.7389671,
              46.8579607
            ],
            [
              7.7388922,
              46.8577862
            ],
            [
              7.7387698,
              46.8577002
            ],
            [
              7.7386336,
              46.8575086
            ],
            [
              7.7385977,
              46.8574366
            ],
            [
              7.7385872,
              46.8573532
            ],
            [
              7.7386019,
              46.8572282
            ],
            [
              7.7386925,
              46.8570365
            ],
            [
              7.7387721,
              46.8568966
            ],
            [
              7.7387852,
              46.8568083
            ],
            [
              7.7387578,
              46.8564991
            ],
            [
              7.7388303,
              46.8562925
            ],
            [
              7.7387682,
              46.8561959
            ],
            [
              7.7386519,
              46.8560805
            ],
            [
              7.7386418,
              46.8559464
            ],
            [
              7.7386436,
              46.8557201
            ],
            [
              7.7388414,
              46.8554913
            ],
            [
              7.7391978,
              46.8553395
            ],
            [
              7.7397387,
              46.855087
            ],
            [
              7.7400312,
              46.8548371
            ],
            [
              7.7400924,
              46.8547805
            ],
            [
              7.7402131,
              46.8546938
            ],
            [
              7.7408693,
              46.8544743
            ],
            [
              7.740947,
              46.8543828
            ],
            [
              7.7409182,
              46.8543202
            ],
            [
              7.740913,
              46.8543089
            ],
            [
              7.7408886,
              46.8542597
            ]
          ],
          [
            [
              7.7325148,
              46.8651637
            ],
            [
              7.7328097,
              46.8651198
            ],
            [
              7.7334724,
              46.8648498
            ],
            [
              7.7338877,
              46.8647168
            ],
            [
              7.7339678,
              46.8646657
            ],
            [
              7.7340931,
              46.8644982
            ],
            [
              7.7341556,
              46.8641872
            ],
            [
              7.7341907,
              46.8641012
            ]
          ],
          [
            [
              7.7391565,
              46.8593788
            ],
            [
              7.7390266,
              46.8591541
            ],
            [
              7.7389749,
              46.8590825
            ],
            [
              7.7389114,
              46.8590119
            ],
            [
              7.7389749,
              46.8589583
            ],
            [
              7.7390295,
              46.8588885
            ],
            [
              7.7389749,
              46.8589583
            ],
            [
              7.7389114,
              46.8590119
            ],
            [
              7.7389749,
              46.8590825
            ],
            [
              7.7390266,
              46.8591541
            ],
            [
              7.7391565,
              46.8593788
            ]
          ],
          [
            [
              7.7360118,
              46.8630689
            ],
            [
              7.7361033,
              46.8629561
            ],
            [
              7.7362021,
              46.8627529
            ],
            [
              7.7362282,
              46.8627366
            ],
            [
              7.7362796,
              46.8627218
            ],
            [
              7.7364388,
              46.8626815
            ],
            [
              7.7365093,
              46.8626563
            ],
            [
              7.7365442,
              46.86264
            ],
            [
              7.7365772,
              46.8626147
            ],
            [
              7.7366042,
              46.862588
            ],
            [
              7.7366266,
              46.8625542
            ],
            [
              7.7366681,
              46.8624811
            ],
            [
              7.7368419,
              46.8620786
            ],
            [
              7.7370164,
              46.8616539
            ],
            [
              7.7371053,
              46.8614304
            ],
            [
              7.737175,
              46.8612902
            ],
            [
              7.7372344,
              46.8612109
            ],
            [
              7.7372991,
              46.8611505
            ],
            [
              7.7373484,
              46.86112
            ],
            [
              7.7373993,
              46.8611012
            ],
            [
              7.7374524,
              46.8610915
            ],
            [
              7.7375347,
              46.8610895
            ],
            [
              7.7376868,
              46.8610997
            ],
            [
              7.737805,
              46.8611089
            ],
            [
              7.7379108,
              46.8611242
            ],
            [
              7.7380623,
              46.8611507
            ],
            [
              7.7381897,
              46.8611828
            ],
            [
              7.7382701,
              46.8611921
            ],
            [
              7.7383522,
              46.8611925
            ],
            [
              7.7384845,
              46.8611757
            ],
            [
              7.738652,
              46.8611561
            ],
            [
              7.7388222,
              46.8611393
            ],
            [
              7.7388677,
              46.8610115
            ],
            [
              7.7389844,
              46.8608377
            ],
            [
              7.7392924,
              46.8605799
            ],
            [
              7.7393915,
              46.8604437
            ],
            [
              7.7394402,
              46.8603593
            ],
            [
              7.7394566,
              46.8602117
            ],
            [
              7.7394128,
              46.8600922
            ],
            [
              7.7393968,
              46.8600044
            ],
            [
              7.7392879,
              46.8598458
            ],
            [
              7.7392188,
              46.8596606
            ],
            [
              7.7391565,
              46.8593788
            ],
            [
              7.7390266,
              46.8591541
            ],
            [
              7.7389749,
              46.8590825
            ],
            [
              7.7389114,
              46.8590119
            ],
            [
              7.7389749,
              46.8589583
            ],
            [
              7.7390295,
              46.8588885
            ]
          ],
          [
            [
              7.7388222,
              46.8611393
            ],
            [
              7.7388677,
              46.8610115
            ],
            [
              7.7389844,
              46.8608377
            ],
            [
              7.7392924,
              46.8605799
            ],
            [
              7.7393915,
              46.8604437
            ],
            [
              7.7394402,
              46.8603593
            ],
            [
              7.7394566,
              46.8602117
            ],
            [
              7.7394128,
              46.8600922
            ],
            [
              7.7393968,
              46.8600044
            ],
            [
              7.7392879,
              46.8598458
            ],
            [
              7.7392188,
              46.8596606
            ],
            [
              7.7391565,
              46.8593788
            ]
          ]
        ]
      },
      "id": "relation/11989830"
    },
    {
      "type": "Feature",
      "properties": {
        "@id": "relation/12822598",
        "name": "Zustieg Guggihütte",
        "network": "lwn",
        "osmc:symbol": "blue:white:blue_bar",
        "route": "hiking",
        "sac_scale": "demanding_alpine_hiking",
        "type": "route"
      },
      "geometry": {
        "type": "LineString",
        "coordinates": [
          [
            7.9688723,
            46.5728414
          ],
          [
            7.9691836,
            46.572737
          ],
          [
            7.9694009,
            46.5726946
          ],
          [
            7.9694169,
            46.5726577
          ],
          [
            7.9695564,
            46.5726042
          ],
          [
            7.9695698,
            46.5725544
          ],
          [
            7.9695457,
            46.5725526
          ],
          [
            7.9695671,
            46.5725213
          ],
          [
            7.9695175,
            46.5724692
          ],
          [
            7.969425,
            46.5724475
          ],
          [
            7.9693687,
            46.5723479
          ],
          [
            7.969433,
            46.5722023
          ],
          [
            7.9695591,
            46.5721285
          ],
          [
            7.9698752,
            46.5721318
          ],
          [
            7.9699266,
            46.572088
          ],
          [
            7.9697737,
            46.57204
          ],
          [
            7.9698246,
            46.5719054
          ],
          [
            7.9696476,
            46.5717837
          ],
          [
            7.9694947,
            46.5715422
          ],
          [
            7.9692399,
            46.5714186
          ],
          [
            7.969197,
            46.5713338
          ],
          [
            7.9691322,
            46.5709241
          ],
          [
            7.9690039,
            46.5706977
          ],
          [
            7.9689637,
            46.5705723
          ],
          [
            7.9688778,
            46.5705077
          ],
          [
            7.9692587,
            46.5705299
          ],
          [
            7.9692677,
            46.5705015
          ],
          [
            7.9692855,
            46.570445
          ],
          [
            7.9690759,
            46.5703322
          ],
          [
            7.9689824,
            46.5701426
          ],
          [
            7.9688463,
            46.5699776
          ],
          [
            7.968741,
            46.569897
          ],
          [
            7.9686381,
            46.569779
          ],
          [
            7.9684775,
            46.5694996
          ],
          [
            7.9684872,
            46.569478
          ],
          [
            7.9684436,
            46.5693719
          ],
          [
            7.9683347,
            46.5692847
          ],
          [
            7.9682985,
            46.5691985
          ],
          [
            7.9683383,
            46.5690838
          ],
          [
            7.9682797,
            46.5690197
          ],
          [
            7.9682089,
            46.5689088
          ],
          [
            7.9681787,
            46.5688616
          ],
          [
            7.9681268,
            46.568839
          ],
          [
            7.9681184,
            46.5687962
          ],
          [
            7.9680571,
            46.5687744
          ],
          [
            7.9673999,
            46.5684941
          ],
          [
            7.9676762,
            46.5684296
          ],
          [
            7.9677808,
            46.5683946
          ],
          [
            7.9678344,
            46.5683724
          ],
          [
            7.9678344,
            46.5683503
          ],
          [
            7.9678904,
            46.5683352
          ],
          [
            7.9678988,
            46.5683097
          ],
          [
            7.9679149,
            46.5683171
          ],
          [
            7.9679471,
            46.5682876
          ],
          [
            7.9679659,
            46.5682618
          ],
          [
            7.9680007,
            46.5682452
          ],
          [
            7.9680932,
            46.5682373
          ],
          [
            7.9681188,
            46.5681899
          ],
          [
            7.9681,
            46.5681585
          ],
          [
            7.9681188,
            46.5681088
          ],
          [
            7.9680624,
            46.5680553
          ],
          [
            7.9678157,
            46.5680129
          ],
          [
            7.9678854,
            46.5679686
          ],
          [
            7.9681188,
            46.567976
          ],
          [
            7.9683276,
            46.5679295
          ],
          [
            7.9680557,
            46.5677949
          ],
          [
            7.9679545,
            46.5676842
          ],
          [
            7.9676976,
            46.5676182
          ],
          [
            7.9675528,
            46.5675187
          ],
          [
            7.9674777,
            46.5674947
          ],
          [
            7.967252,
            46.5674077
          ],
          [
            7.9670566,
            46.567408
          ],
          [
            7.9669006,
            46.5673782
          ],
          [
            7.9668635,
            46.5673785
          ],
          [
            7.9668259,
            46.5673527
          ],
          [
            7.9667294,
            46.5673601
          ],
          [
            7.9667374,
            46.5673029
          ],
          [
            7.9666891,
            46.5672937
          ],
          [
            7.9667267,
            46.567266
          ],
          [
            7.9666328,
            46.5672181
          ],
          [
            7.966673,
            46.567196
          ],
          [
            7.9665953,
            46.5671757
          ],
          [
            7.9666462,
            46.5671462
          ],
          [
            7.966716,
            46.5671646
          ],
          [
            7.9667481,
            46.5671499
          ],
          [
            7.9667964,
            46.5671628
          ],
          [
            7.9669543,
            46.5671163
          ],
          [
            7.9669386,
            46.5670798
          ],
          [
            7.9670164,
            46.5670558
          ],
          [
            7.9669409,
            46.5669337
          ],
          [
            7.9669999,
            46.5668545
          ],
          [
            7.9669704,
            46.5667364
          ],
          [
            7.9668983,
            46.5666759
          ],
          [
            7.966788,
            46.5666571
          ],
          [
            7.9667531,
            46.5665871
          ],
          [
            7.9667562,
            46.5665635
          ],
          [
            7.9668367,
            46.5665395
          ],
          [
            7.9669489,
            46.5665539
          ],
          [
            7.9669413,
            46.5664989
          ],
          [
            7.967062,
            46.566486
          ],
          [
            7.9670405,
            46.5664141
          ],
          [
            7.9669355,
            46.5663307
          ],
          [
            7.9669574,
            46.5662942
          ],
          [
            7.9671156,
            46.5662924
          ],
          [
            7.9671478,
            46.5662795
          ],
          [
            7.967188,
            46.566285
          ],
          [
            7.9672604,
            46.5662444
          ],
          [
            7.9673704,
            46.5662573
          ],
          [
            7.9674589,
            46.5661928
          ],
          [
            7.9677513,
            46.5663053
          ],
          [
            7.9677674,
            46.5663311
          ],
          [
            7.9678908,
            46.5663514
          ],
          [
            7.9679149,
            46.5663311
          ],
          [
            7.9679605,
            46.5663459
          ],
          [
            7.9680383,
            46.56632
          ],
          [
            7.9680463,
            46.5663348
          ],
          [
            7.9682368,
            46.5663551
          ],
          [
            7.9684366,
            46.5663763
          ],
          [
            7.9686391,
            46.5663846
          ],
          [
            7.9688966,
            46.5664325
          ],
          [
            7.9690227,
            46.5664159
          ],
          [
            7.968969,
            46.5663274
          ],
          [
            7.9690897,
            46.5663182
          ],
          [
            7.9691054,
            46.5662459
          ],
          [
            7.9691269,
            46.5661583
          ],
          [
            7.9690169,
            46.5661445
          ],
          [
            7.9688425,
            46.5660818
          ],
          [
            7.9687245,
            46.5660541
          ],
          [
            7.9686257,
            46.5659936
          ],
          [
            7.9686602,
            46.5659656
          ],
          [
            7.9686498,
            46.5659346
          ],
          [
            7.9687357,
            46.5659273
          ],
          [
            7.9689476,
            46.5659475
          ],
          [
            7.9691299,
            46.5659641
          ],
          [
            7.9692936,
            46.565966
          ],
          [
            7.9693392,
            46.565966
          ],
          [
            7.969425,
            46.5660066
          ],
          [
            7.9694706,
            46.5660066
          ],
          [
            7.9695296,
            46.5660342
          ],
          [
            7.9695537,
            46.5660213
          ],
          [
            7.9696262,
            46.5660711
          ],
          [
            7.9697334,
            46.5661172
          ],
          [
            7.969771,
            46.5660969
          ],
          [
            7.9698649,
            46.5658775
          ],
          [
            7.9698725,
            46.5658181
          ],
          [
            7.9697442,
            46.5657484
          ],
          [
            7.969822,
            46.5657244
          ],
          [
            7.9699662,
            46.5657982
          ],
          [
            7.9700821,
            46.5658056
          ],
          [
            7.9701841,
            46.5658646
          ],
          [
            7.9702293,
            46.5658421
          ],
          [
            7.9702484,
            46.5658111
          ],
          [
            7.9704255,
            46.5658627
          ],
          [
            7.9704415,
            46.5658332
          ],
          [
            7.970514,
            46.565859
          ],
          [
            7.9705247,
            46.5658
          ],
          [
            7.9706423,
            46.5658218
          ],
          [
            7.9706534,
            46.565776
          ],
          [
            7.9709427,
            46.565807
          ],
          [
            7.9709512,
            46.5657816
          ],
          [
            7.9711121,
            46.565883
          ],
          [
            7.9712167,
            46.5659107
          ],
          [
            7.9713374,
            46.565918
          ],
          [
            7.971434,
            46.5659623
          ],
          [
            7.9714581,
            46.5660066
          ],
          [
            7.9715278,
            46.5660453
          ],
          [
            7.9714366,
            46.5661725
          ],
          [
            7.9714232,
            46.5662666
          ],
          [
            7.9714876,
            46.5662869
          ],
          [
            7.9716003,
            46.5662832
          ],
          [
            7.9716405,
            46.5662131
          ],
          [
            7.9717558,
            46.5662315
          ],
          [
            7.9717987,
            46.5661891
          ],
          [
            7.9719056,
            46.5661943
          ],
          [
            7.9720026,
            46.5660121
          ],
          [
            7.9721363,
            46.5660634
          ],
          [
            7.9721689,
            46.5659771
          ],
          [
            7.9722597,
            46.5660394
          ],
          [
            7.9722735,
            46.5659881
          ],
          [
            7.9723808,
            46.5659162
          ],
          [
            7.9724448,
            46.5659011
          ],
          [
            7.9724693,
            46.5658258
          ],
          [
            7.9725118,
            46.5658292
          ],
          [
            7.9725229,
            46.5657834
          ],
          [
            7.9725605,
            46.5657779
          ],
          [
            7.9725766,
            46.5657133
          ],
          [
            7.9726088,
            46.5656857
          ],
          [
            7.9726705,
            46.5656857
          ],
          [
            7.9727858,
            46.5656802
          ],
          [
            7.9728341,
            46.5657115
          ],
          [
            7.9729816,
            46.5657447
          ],
          [
            7.9730165,
            46.5657078
          ],
          [
            7.973054,
            46.5657152
          ],
          [
            7.9730837,
            46.5656944
          ],
          [
            7.9731452,
            46.5656949
          ],
          [
            7.9733276,
            46.5657041
          ],
          [
            7.9733544,
            46.5656783
          ],
          [
            7.9733759,
            46.5656543
          ],
          [
            7.9734023,
            46.5656282
          ],
          [
            7.9733916,
            46.5656116
          ],
          [
            7.9733893,
            46.5655511
          ],
          [
            7.9733732,
            46.565481
          ],
          [
            7.9734,
            46.5654515
          ],
          [
            7.9734483,
            46.5654367
          ],
          [
            7.9735073,
            46.5654921
          ],
          [
            7.973561,
            46.5654957
          ],
          [
            7.9735851,
            46.5655216
          ],
          [
            7.9736066,
            46.5655658
          ],
          [
            7.9736468,
            46.565564
          ],
          [
            7.9736763,
            46.5655935
          ],
          [
            7.9736977,
            46.5656045
          ],
          [
            7.9737407,
            46.5656672
          ],
          [
            7.9738265,
            46.5656728
          ],
          [
            7.9739338,
            46.5656857
          ],
          [
            7.9740786,
            46.5656875
          ],
          [
            7.974207,
            46.5656595
          ],
          [
            7.9742047,
            46.5656285
          ],
          [
            7.9741135,
            46.5655935
          ],
          [
            7.9741966,
            46.5655013
          ],
          [
            7.9740598,
            46.5654589
          ],
          [
            7.973966,
            46.5654238
          ],
          [
            7.9740867,
            46.5653667
          ],
          [
            7.974151,
            46.565363
          ],
          [
            7.9743442,
            46.5653869
          ],
          [
            7.9743683,
            46.5653224
          ],
          [
            7.9743415,
            46.5652136
          ],
          [
            7.9743388,
            46.5651325
          ],
          [
            7.9743093,
            46.5650845
          ],
          [
            7.9743495,
            46.5650513
          ],
          [
            7.9744059,
            46.5650292
          ],
          [
            7.9745641,
            46.5651251
          ],
          [
            7.9745856,
            46.5651675
          ],
          [
            7.9747541,
            46.5652188
          ],
          [
            7.9747166,
            46.5651487
          ],
          [
            7.9747112,
            46.5650952
          ],
          [
            7.9746928,
            46.5650366
          ],
          [
            7.9747358,
            46.5650366
          ],
          [
            7.9748457,
            46.565055
          ],
          [
            7.9749074,
            46.5650255
          ],
          [
            7.974894,
            46.5649776
          ],
          [
            7.975017,
            46.5649606
          ],
          [
            7.9750576,
            46.5648761
          ],
          [
            7.9750845,
            46.5649038
          ],
          [
            7.9751944,
            46.5649241
          ],
          [
            7.9754461,
            46.5648647
          ],
          [
            7.975355,
            46.5647356
          ],
          [
            7.9754117,
            46.5647304
          ],
          [
            7.9755109,
            46.5647747
          ],
          [
            7.9755994,
            46.5647895
          ],
          [
            7.9756799,
            46.564771
          ],
          [
            7.9757014,
            46.5646917
          ],
          [
            7.9757309,
            46.5646309
          ],
          [
            7.9757014,
            46.5645626
          ],
          [
            7.9757144,
            46.5644977
          ],
          [
            7.9756554,
            46.5644313
          ],
          [
            7.9756236,
            46.564345
          ],
          [
            7.97565,
            46.5643447
          ],
          [
            7.9755538,
            46.5641643
          ],
          [
            7.9755833,
            46.5641293
          ],
          [
            7.9755753,
            46.5640334
          ],
          [
            7.9754814,
            46.5639024
          ],
          [
            7.9754998,
            46.5638836
          ],
          [
            7.9754251,
            46.5636498
          ],
          [
            7.9753576,
            46.563583
          ],
          [
            7.9753312,
            46.5634949
          ],
          [
            7.9752803,
            46.5634838
          ],
          [
            7.9751596,
            46.563423
          ],
          [
            7.9751001,
            46.5633617
          ],
          [
            7.975018,
            46.5633339
          ],
          [
            7.9749557,
            46.5633252
          ],
          [
            7.9749825,
            46.5633123
          ],
          [
            7.9749155,
            46.5632662
          ],
          [
            7.9749607,
            46.5632455
          ],
          [
            7.9749017,
            46.5632253
          ],
          [
            7.9747921,
            46.5631851
          ],
          [
            7.9747545,
            46.5631887
          ],
          [
            7.9746821,
            46.5631592
          ],
          [
            7.9745158,
            46.5631297
          ],
          [
            7.9746173,
            46.5631035
          ],
          [
            7.9745047,
            46.5630759
          ],
          [
            7.9743763,
            46.5630578
          ],
          [
            7.9742637,
            46.5630799
          ],
          [
            7.974202,
            46.5630818
          ],
          [
            7.9742284,
            46.5630593
          ],
          [
            7.9740196,
            46.5630486
          ],
          [
            7.9740407,
            46.5630298
          ],
          [
            7.9738265,
            46.5630062
          ],
          [
            7.9739123,
            46.5629822
          ],
          [
            7.9739847,
            46.5629748
          ],
          [
            7.9740894,
            46.5629601
          ],
          [
            7.9742744,
            46.5629582
          ],
          [
            7.9744783,
            46.5629674
          ],
          [
            7.9745963,
            46.5629693
          ],
          [
            7.974725,
            46.5629767
          ],
          [
            7.9747948,
            46.5630043
          ],
          [
            7.9749204,
            46.5630032
          ],
          [
            7.974899,
            46.5628767
          ],
          [
            7.9746446,
            46.5628088
          ],
          [
            7.9744492,
            46.5627713
          ]
        ]
      },
      "id": "relation/12822598"
    },
    {
      "type": "Feature",
      "properties": {
        "@id": "relation/12824507",
        "name": "Zustieg Ostegghütte",
        "network": "lwn",
        "route": "hiking",
        "sac_scale": "demanding_alpine_hiking",
        "type": "route",
        "via_ferrata_scale": "4",
        "website": "https://www.sac-cas.ch/en/huts-and-tours/sac-route-portal/eiger-ostegghuette-2147000085/via-ferrata/eiger-ostegg-via-ferrata-672/"
      },
      "geometry": {
        "type": "LineString",
        "coordinates": [
          [
            8.0258885,
            46.600043
          ],
          [
            8.0259304,
            46.6000083
          ],
          [
            8.0258325,
            46.5998328
          ],
          [
            8.0264465,
            46.5999812
          ],
          [
            8.0268276,
            46.6001492
          ],
          [
            8.0272332,
            46.6002634
          ],
          [
            8.0279439,
            46.6003762
          ],
          [
            8.0280827,
            46.6003266
          ],
          [
            8.0279223,
            46.6000327
          ],
          [
            8.0277141,
            46.599737
          ],
          [
            8.0277684,
            46.5996854
          ],
          [
            8.0277342,
            46.5996365
          ],
          [
            8.0278145,
            46.5995873
          ],
          [
            8.0277067,
            46.5995333
          ],
          [
            8.027583,
            46.5994596
          ],
          [
            8.0275666,
            46.5994177
          ],
          [
            8.0274906,
            46.599202
          ],
          [
            8.0276692,
            46.5992504
          ],
          [
            8.0279067,
            46.5992035
          ],
          [
            8.028437,
            46.5994642
          ],
          [
            8.0287805,
            46.5997268
          ],
          [
            8.0292515,
            46.5997752
          ],
          [
            8.0296552,
            46.5997873
          ],
          [
            8.0297922,
            46.5998706
          ],
          [
            8.0302056,
            46.5998773
          ],
          [
            8.0305237,
            46.5998996
          ],
          [
            8.0306907,
            46.5999876
          ],
          [
            8.0308663,
            46.6000238
          ],
          [
            8.0314598,
            46.6002391
          ],
          [
            8.031781,
            46.6003267
          ],
          [
            8.0319638,
            46.6004511
          ],
          [
            8.0323268,
            46.6004769
          ],
          [
            8.0325809,
            46.6005795
          ],
          [
            8.0327872,
            46.6005638
          ],
          [
            8.032982,
            46.600546
          ],
          [
            8.0332693,
            46.600527
          ],
          [
            8.0334005,
            46.6003882
          ],
          [
            8.0334625,
            46.6003144
          ],
          [
            8.0334335,
            46.6000873
          ],
          [
            8.0334749,
            46.5996758
          ],
          [
            8.0336649,
            46.59969
          ],
          [
            8.0337971,
            46.5996928
          ],
          [
            8.0339293,
            46.5996275
          ],
          [
            8.0340738,
            46.5995935
          ],
          [
            8.0342845,
            46.5995367
          ],
          [
            8.0345365,
            46.5995395
          ],
          [
            8.0347141,
            46.5995055
          ],
          [
            8.0347472,
            46.599531
          ],
          [
            8.0348422,
            46.5996077
          ],
          [
            8.0349166,
            46.5996559
          ],
          [
            8.0351396,
            46.5996701
          ],
          [
            8.0352181,
            46.5997098
          ],
          [
            8.0352429,
            46.5998092
          ],
          [
            8.0353049,
            46.5999085
          ],
          [
            8.035404,
            46.6000022
          ],
          [
            8.0354701,
            46.6000135
          ],
          [
            8.0356023,
            46.6000192
          ],
          [
            8.0356293,
            46.5999925
          ],
          [
            8.035612,
            46.5999726
          ],
          [
            8.0356332,
            46.5999647
          ],
          [
            8.0356139,
            46.5999395
          ],
          [
            8.0356447,
            46.5999303
          ],
          [
            8.0356177,
            46.5999104
          ],
          [
            8.0356466,
            46.5998972
          ],
          [
            8.0356312,
            46.5998707
          ],
          [
            8.0356601,
            46.5998627
          ],
          [
            8.0356544,
            46.5998005
          ],
          [
            8.0357314,
            46.5998151
          ],
          [
            8.0357411,
            46.5998389
          ],
          [
            8.035743,
            46.5998627
          ],
          [
            8.0358182,
            46.5998667
          ],
          [
            8.035876,
            46.5998813
          ],
          [
            8.0359415,
            46.5998826
          ],
          [
            8.0360051,
            46.599872
          ],
          [
            8.0360841,
            46.5998336
          ],
          [
            8.036113,
            46.5998098
          ],
          [
            8.0361188,
            46.5997594
          ],
          [
            8.0361323,
            46.5997078
          ],
          [
            8.036273,
            46.5997687
          ],
          [
            8.0362845,
            46.5998627
          ],
          [
            8.0363134,
            46.6001342
          ],
          [
            8.036273,
            46.6002692
          ],
          [
            8.0362922,
            46.6002984
          ],
          [
            8.0363462,
            46.6003142
          ],
          [
            8.0363751,
            46.6002931
          ],
          [
            8.0364136,
            46.6002163
          ],
          [
            8.0364522,
            46.600011
          ],
          [
            8.0364772,
            46.6000508
          ],
          [
            8.0365061,
            46.6001368
          ],
          [
            8.0365312,
            46.6001938
          ],
          [
            8.0366102,
            46.6002613
          ],
          [
            8.0366719,
            46.6004718
          ],
          [
            8.0366565,
            46.6005685
          ],
          [
            8.0366622,
            46.6006969
          ],
          [
            8.0367162,
            46.600787
          ],
          [
            8.0368106,
            46.6008359
          ],
          [
            8.0369706,
            46.6008399
          ],
          [
            8.0372134,
            46.6008373
          ],
          [
            8.0374986,
            46.6008174
          ],
          [
            8.0376528,
            46.6008148
          ],
          [
            8.0379207,
            46.6008108
          ],
          [
            8.038123,
            46.6008306
          ],
          [
            8.038308,
            46.6008505
          ],
          [
            8.0384892,
            46.6008306
          ],
          [
            8.0387089,
            46.6007896
          ],
          [
            8.0388168,
            46.6007393
          ],
          [
            8.0388476,
            46.6006228
          ],
          [
            8.0388592,
            46.6004599
          ],
          [
            8.0389478,
            46.6003275
          ],
          [
            8.0391425,
            46.6001938
          ],
          [
            8.0393506,
            46.6001434
          ],
          [
            8.0395799,
            46.6000839
          ],
          [
            8.0398883,
            46.6000772
          ],
          [
            8.0400155,
            46.6000706
          ],
          [
            8.0403354,
            46.6000163
          ],
          [
            8.0406437,
            46.5998839
          ],
          [
            8.0409482,
            46.5998932
          ],
          [
            8.0411544,
            46.599966
          ],
          [
            8.0412931,
            46.6001223
          ],
          [
            8.0413336,
            46.6003328
          ]
        ]
      },
      "id": "relation/12824507"
    },
    {
      "type": "Feature",
      "properties": {
        "@id": "relation/12824514",
        "name": "Zustieg Rottalhütte",
        "network": "lwn",
        "osmc:symbol": "blue:white:blue_bar",
        "route": "hiking",
        "sac_scale": "demanding_alpine_hiking",
        "type": "route"
      },
      "geometry": {
        "type": "LineString",
        "coordinates": [
          [
            7.9066631,
            46.5414232
          ],
          [
            7.9067645,
            46.5414227
          ],
          [
            7.9069427,
            46.5415016
          ],
          [
            7.9071528,
            46.5415446
          ],
          [
            7.9073899,
            46.5416579
          ],
          [
            7.9074241,
            46.5417196
          ],
          [
            7.9075197,
            46.5418047
          ],
          [
            7.9076152,
            46.5418906
          ],
          [
            7.9076347,
            46.5419343
          ],
          [
            7.907602,
            46.5419446
          ],
          [
            7.907598,
            46.5419564
          ],
          [
            7.9076006,
            46.5419658
          ],
          [
            7.9076301,
            46.5419668
          ],
          [
            7.9076559,
            46.5419668
          ],
          [
            7.9076814,
            46.5419865
          ],
          [
            7.9077187,
            46.5420009
          ],
          [
            7.9077454,
            46.542021
          ],
          [
            7.9077724,
            46.5420187
          ],
          [
            7.9077993,
            46.5420249
          ],
          [
            7.9078141,
            46.5420311
          ],
          [
            7.9078045,
            46.5420505
          ],
          [
            7.9077848,
            46.5420677
          ],
          [
            7.9077813,
            46.5420944
          ],
          [
            7.9077712,
            46.5421385
          ],
          [
            7.9077695,
            46.5421569
          ],
          [
            7.9077466,
            46.5421782
          ],
          [
            7.9077604,
            46.5422074
          ],
          [
            7.9077577,
            46.5422418
          ],
          [
            7.9077657,
            46.5422622
          ],
          [
            7.9078516,
            46.5422913
          ],
          [
            7.9079393,
            46.5423279
          ],
          [
            7.9079744,
            46.5423488
          ],
          [
            7.9079506,
            46.5424164
          ],
          [
            7.9079025,
            46.5425096
          ],
          [
            7.9079112,
            46.5425781
          ],
          [
            7.9079553,
            46.5425967
          ],
          [
            7.9079596,
            46.5426535
          ],
          [
            7.9080138,
            46.5427046
          ],
          [
            7.9080432,
            46.5427533
          ],
          [
            7.9080109,
            46.54278
          ],
          [
            7.9079859,
            46.542846
          ],
          [
            7.9079761,
            46.5429313
          ],
          [
            7.9080717,
            46.5430817
          ],
          [
            7.9081196,
            46.5430982
          ],
          [
            7.908156,
            46.543203
          ],
          [
            7.9081938,
            46.543245
          ],
          [
            7.9081965,
            46.5433105
          ],
          [
            7.9081695,
            46.5434001
          ],
          [
            7.9081742,
            46.5434548
          ],
          [
            7.9081713,
            46.5435408
          ],
          [
            7.9081786,
            46.5436111
          ],
          [
            7.9081531,
            46.5436698
          ],
          [
            7.9081594,
            46.5437044
          ],
          [
            7.9081424,
            46.543775
          ],
          [
            7.9081664,
            46.543862
          ],
          [
            7.9081379,
            46.5439686
          ],
          [
            7.9081517,
            46.5440439
          ],
          [
            7.9081614,
            46.544042
          ],
          [
            7.9082101,
            46.5439767
          ],
          [
            7.9083151,
            46.5438852
          ],
          [
            7.908337,
            46.5438629
          ],
          [
            7.9083525,
            46.5438621
          ],
          [
            7.9083653,
            46.543882
          ],
          [
            7.9084018,
            46.5439376
          ],
          [
            7.9084143,
            46.544015
          ],
          [
            7.908406,
            46.5440574
          ],
          [
            7.9084077,
            46.5440795
          ],
          [
            7.9084179,
            46.5440807
          ],
          [
            7.9084269,
            46.544073
          ],
          [
            7.9085797,
            46.5439341
          ],
          [
            7.9086077,
            46.5438905
          ],
          [
            7.9086208,
            46.5438825
          ],
          [
            7.9086289,
            46.543887
          ],
          [
            7.9086276,
            46.5439214
          ],
          [
            7.9086471,
            46.5440467
          ],
          [
            7.9086533,
            46.5440996
          ],
          [
            7.9086458,
            46.5441966
          ],
          [
            7.9086486,
            46.5442594
          ],
          [
            7.9086546,
            46.5442725
          ],
          [
            7.9086678,
            46.5442717
          ],
          [
            7.9086895,
            46.5442599
          ],
          [
            7.9087771,
            46.5441892
          ],
          [
            7.9088168,
            46.5441467
          ],
          [
            7.9088373,
            46.5441385
          ],
          [
            7.9088569,
            46.544141
          ],
          [
            7.9088682,
            46.544151
          ],
          [
            7.9088893,
            46.5442323
          ],
          [
            7.9089186,
            46.5443941
          ],
          [
            7.9089234,
            46.5444087
          ],
          [
            7.9089309,
            46.5444118
          ],
          [
            7.9089391,
            46.544411
          ],
          [
            7.9089465,
            46.5444071
          ],
          [
            7.9089503,
            46.5443983
          ],
          [
            7.9089545,
            46.5443904
          ],
          [
            7.9089673,
            46.5443816
          ],
          [
            7.9090628,
            46.5442864
          ],
          [
            7.9091598,
            46.5441533
          ],
          [
            7.9091734,
            46.5441012
          ],
          [
            7.9091832,
            46.5440848
          ],
          [
            7.9091959,
            46.5440739
          ],
          [
            7.9092188,
            46.5440593
          ],
          [
            7.9092771,
            46.5440429
          ],
          [
            7.9093264,
            46.544024
          ],
          [
            7.9093664,
            46.5439999
          ],
          [
            7.909403,
            46.5439833
          ],
          [
            7.9094441,
            46.5439778
          ],
          [
            7.9094888,
            46.543957
          ],
          [
            7.9095223,
            46.543934
          ],
          [
            7.909543,
            46.5439148
          ],
          [
            7.9095262,
            46.5438826
          ],
          [
            7.9094925,
            46.5438221
          ],
          [
            7.9094875,
            46.5438077
          ],
          [
            7.9094939,
            46.5437918
          ],
          [
            7.9095267,
            46.5437623
          ],
          [
            7.9095531,
            46.5437266
          ],
          [
            7.9095964,
            46.5436882
          ],
          [
            7.9096418,
            46.543647
          ],
          [
            7.909687,
            46.5436127
          ],
          [
            7.9096964,
            46.5435953
          ],
          [
            7.9097371,
            46.5435836
          ],
          [
            7.9097866,
            46.5435651
          ],
          [
            7.9098248,
            46.5434657
          ],
          [
            7.9098896,
            46.5433273
          ],
          [
            7.9099205,
            46.5432942
          ],
          [
            7.9101451,
            46.5431853
          ],
          [
            7.9101597,
            46.5431496
          ],
          [
            7.910224,
            46.5430921
          ],
          [
            7.9102554,
            46.5430461
          ],
          [
            7.9103134,
            46.5430071
          ],
          [
            7.9103183,
            46.5429626
          ],
          [
            7.9103325,
            46.5429239
          ],
          [
            7.9103278,
            46.5428908
          ],
          [
            7.9103386,
            46.5428532
          ],
          [
            7.9103339,
            46.5428143
          ],
          [
            7.9103587,
            46.5427609
          ],
          [
            7.9102634,
            46.5426672
          ],
          [
            7.9102657,
            46.542651
          ],
          [
            7.9102787,
            46.5426337
          ],
          [
            7.9103262,
            46.5426106
          ],
          [
            7.9103864,
            46.5425639
          ],
          [
            7.9104298,
            46.5425381
          ],
          [
            7.9104555,
            46.5425343
          ],
          [
            7.9104793,
            46.5425449
          ],
          [
            7.9105014,
            46.5425305
          ],
          [
            7.9105132,
            46.5425277
          ],
          [
            7.9105273,
            46.5425324
          ],
          [
            7.9105547,
            46.5425823
          ],
          [
            7.9105702,
            46.5426075
          ],
          [
            7.9105783,
            46.5426136
          ],
          [
            7.9105855,
            46.5426061
          ],
          [
            7.9105927,
            46.5425869
          ],
          [
            7.9106346,
            46.5425607
          ],
          [
            7.9107116,
            46.542484
          ],
          [
            7.9107319,
            46.5424373
          ],
          [
            7.9106987,
            46.5423885
          ],
          [
            7.9106961,
            46.5423318
          ],
          [
            7.9107861,
            46.5422969
          ],
          [
            7.9108271,
            46.5422593
          ],
          [
            7.9108272,
            46.5422273
          ],
          [
            7.9108272,
            46.5422114
          ],
          [
            7.9108214,
            46.5421148
          ],
          [
            7.9108067,
            46.5420686
          ],
          [
            7.9107119,
            46.5419175
          ],
          [
            7.9106357,
            46.5417083
          ],
          [
            7.9106605,
            46.5414594
          ],
          [
            7.9107669,
            46.5412964
          ],
          [
            7.9107649,
            46.5412801
          ],
          [
            7.9108021,
            46.5412293
          ],
          [
            7.9108104,
            46.5412152
          ],
          [
            7.9107926,
            46.5411939
          ],
          [
            7.9107666,
            46.5411566
          ],
          [
            7.9107607,
            46.5411184
          ],
          [
            7.9107666,
            46.5410883
          ],
          [
            7.9107877,
            46.5410607
          ],
          [
            7.9108395,
            46.5410332
          ],
          [
            7.910844,
            46.5409955
          ],
          [
            7.9108588,
            46.5409681
          ],
          [
            7.9108685,
            46.5409555
          ],
          [
            7.910922,
            46.5409362
          ],
          [
            7.9109564,
            46.5409037
          ],
          [
            7.91098,
            46.5408788
          ],
          [
            7.9109882,
            46.5408582
          ],
          [
            7.9110231,
            46.5408384
          ],
          [
            7.9110408,
            46.5408217
          ],
          [
            7.9110438,
            46.5408109
          ],
          [
            7.9110315,
            46.5407818
          ],
          [
            7.9110288,
            46.5407577
          ],
          [
            7.9110396,
            46.5407348
          ],
          [
            7.9110664,
            46.5406994
          ],
          [
            7.9111001,
            46.540671
          ],
          [
            7.9111464,
            46.5406167
          ],
          [
            7.9111676,
            46.54055
          ],
          [
            7.9111817,
            46.5405222
          ],
          [
            7.9111823,
            46.5405033
          ],
          [
            7.9112274,
            46.5404287
          ],
          [
            7.9112587,
            46.5403912
          ],
          [
            7.9112994,
            46.5403621
          ],
          [
            7.911343,
            46.5403082
          ],
          [
            7.9113753,
            46.5402681
          ],
          [
            7.9113462,
            46.5401717
          ],
          [
            7.9113177,
            46.5400829
          ],
          [
            7.9113142,
            46.5400393
          ],
          [
            7.9113441,
            46.539951
          ],
          [
            7.9113596,
            46.5399242
          ],
          [
            7.9113225,
            46.5399106
          ],
          [
            7.9113078,
            46.5398945
          ],
          [
            7.9113044,
            46.5398706
          ],
          [
            7.9113034,
            46.5398633
          ],
          [
            7.9113129,
            46.5398429
          ],
          [
            7.9112925,
            46.5398294
          ],
          [
            7.9113056,
            46.5398001
          ],
          [
            7.9113491,
            46.5397613
          ],
          [
            7.9113462,
            46.5397241
          ],
          [
            7.9113615,
            46.5396697
          ],
          [
            7.9113643,
            46.539645
          ],
          [
            7.9113544,
            46.5396268
          ],
          [
            7.9114015,
            46.5396102
          ],
          [
            7.9114603,
            46.5395833
          ],
          [
            7.911494,
            46.5395678
          ],
          [
            7.9115542,
            46.5395663
          ],
          [
            7.9115741,
            46.5395552
          ],
          [
            7.9116239,
            46.5395542
          ],
          [
            7.9116755,
            46.5395337
          ],
          [
            7.9117113,
            46.5395257
          ],
          [
            7.9117961,
            46.539535
          ],
          [
            7.9118729,
            46.5395399
          ],
          [
            7.9119135,
            46.5395394
          ],
          [
            7.9120007,
            46.5395141
          ],
          [
            7.912093,
            46.5394674
          ],
          [
            7.9122208,
            46.5394309
          ],
          [
            7.9123434,
            46.5394054
          ],
          [
            7.9124132,
            46.5393947
          ],
          [
            7.912512,
            46.5394004
          ],
          [
            7.9125415,
            46.5394046
          ],
          [
            7.9125659,
            46.539405
          ],
          [
            7.9125843,
            46.5394002
          ],
          [
            7.9126009,
            46.5393891
          ],
          [
            7.9125933,
            46.5393683
          ],
          [
            7.9125878,
            46.5393521
          ],
          [
            7.9125939,
            46.5393363
          ],
          [
            7.9126139,
            46.5393254
          ],
          [
            7.9126508,
            46.539322
          ],
          [
            7.9126848,
            46.539323
          ],
          [
            7.9127152,
            46.5393127
          ],
          [
            7.9127313,
            46.5392861
          ],
          [
            7.9127459,
            46.539256
          ],
          [
            7.9127411,
            46.5392194
          ],
          [
            7.9127141,
            46.539169
          ],
          [
            7.9126699,
            46.5391283
          ],
          [
            7.9126548,
            46.5390824
          ],
          [
            7.9126702,
            46.5390452
          ],
          [
            7.9127221,
            46.539017
          ],
          [
            7.9127205,
            46.5389948
          ],
          [
            7.912687,
            46.5389636
          ],
          [
            7.9126042,
            46.5389284
          ],
          [
            7.9125529,
            46.538894
          ],
          [
            7.9124999,
            46.538863
          ],
          [
            7.9124811,
            46.5388364
          ],
          [
            7.9124517,
            46.5388336
          ],
          [
            7.912439,
            46.5388181
          ],
          [
            7.9124323,
            46.5388
          ],
          [
            7.9124129,
            46.5387754
          ],
          [
            7.9124325,
            46.5387512
          ],
          [
            7.9124037,
            46.5387083
          ],
          [
            7.9124102,
            46.5386723
          ],
          [
            7.9123887,
            46.5386618
          ],
          [
            7.9123813,
            46.5386405
          ],
          [
            7.9123841,
            46.5386182
          ],
          [
            7.9123946,
            46.5386064
          ],
          [
            7.9124097,
            46.5386047
          ],
          [
            7.9124294,
            46.5386105
          ],
          [
            7.9124448,
            46.5386246
          ],
          [
            7.9124716,
            46.5386391
          ],
          [
            7.9125025,
            46.538647
          ],
          [
            7.9125228,
            46.5386551
          ],
          [
            7.9125497,
            46.5386655
          ],
          [
            7.9125769,
            46.5386697
          ],
          [
            7.9126012,
            46.5386722
          ],
          [
            7.9126219,
            46.5386826
          ],
          [
            7.9126455,
            46.5386842
          ],
          [
            7.9126829,
            46.5386871
          ],
          [
            7.9126971,
            46.5386823
          ],
          [
            7.9126985,
            46.538669
          ],
          [
            7.9126944,
            46.5386571
          ],
          [
            7.9126431,
            46.5385984
          ],
          [
            7.9126064,
            46.538546
          ],
          [
            7.9125775,
            46.5384928
          ],
          [
            7.9125539,
            46.5384802
          ],
          [
            7.9125303,
            46.5384797
          ],
          [
            7.9125215,
            46.5384562
          ],
          [
            7.9125307,
            46.538444
          ],
          [
            7.912526,
            46.5384252
          ],
          [
            7.9125124,
            46.5383697
          ],
          [
            7.9125247,
            46.538354
          ],
          [
            7.9125363,
            46.5383089
          ],
          [
            7.9125394,
            46.5382919
          ],
          [
            7.9125585,
            46.5382773
          ],
          [
            7.912588,
            46.5382663
          ],
          [
            7.9125861,
            46.5382434
          ],
          [
            7.9126057,
            46.5382038
          ],
          [
            7.9126815,
            46.5381111
          ],
          [
            7.9127021,
            46.5378764
          ],
          [
            7.9127168,
            46.537862
          ],
          [
            7.91276,
            46.5378566
          ],
          [
            7.9128872,
            46.5378616
          ],
          [
            7.912993,
            46.5378628
          ],
          [
            7.9130876,
            46.5378581
          ],
          [
            7.9131543,
            46.5378198
          ],
          [
            7.9131939,
            46.5376335
          ],
          [
            7.9132145,
            46.537596
          ],
          [
            7.9132462,
            46.5375402
          ],
          [
            7.913266,
            46.5375275
          ],
          [
            7.9133018,
            46.5374985
          ],
          [
            7.9133236,
            46.5374798
          ],
          [
            7.913327,
            46.5374649
          ],
          [
            7.9132975,
            46.537441
          ],
          [
            7.9132996,
            46.5373905
          ],
          [
            7.9133373,
            46.5372917
          ],
          [
            7.9134144,
            46.537203
          ],
          [
            7.9134272,
            46.5371754
          ],
          [
            7.9134074,
            46.5370981
          ],
          [
            7.913397,
            46.5370632
          ],
          [
            7.913413,
            46.5370323
          ],
          [
            7.9134098,
            46.5370135
          ],
          [
            7.913412,
            46.5369794
          ],
          [
            7.9134041,
            46.5369384
          ],
          [
            7.9133983,
            46.5369137
          ],
          [
            7.913411,
            46.5368996
          ],
          [
            7.9134048,
            46.5368839
          ],
          [
            7.9134061,
            46.5368633
          ],
          [
            7.9134172,
            46.5368393
          ],
          [
            7.9134338,
            46.5368234
          ],
          [
            7.9134429,
            46.5367979
          ],
          [
            7.9134854,
            46.5367685
          ],
          [
            7.9135238,
            46.5367548
          ],
          [
            7.9135427,
            46.5367424
          ],
          [
            7.9135419,
            46.5367174
          ],
          [
            7.91355,
            46.5366945
          ],
          [
            7.9135889,
            46.5366747
          ],
          [
            7.9136082,
            46.5366656
          ],
          [
            7.9136071,
            46.5366606
          ],
          [
            7.9136021,
            46.5366547
          ],
          [
            7.9135938,
            46.5366472
          ],
          [
            7.913594,
            46.5366417
          ],
          [
            7.913607,
            46.5366271
          ],
          [
            7.9136396,
            46.5366021
          ],
          [
            7.9136577,
            46.5365994
          ],
          [
            7.9136776,
            46.5365946
          ],
          [
            7.9136842,
            46.5365877
          ],
          [
            7.9136947,
            46.536576
          ],
          [
            7.9137059,
            46.5365707
          ],
          [
            7.9137195,
            46.536561
          ],
          [
            7.9137404,
            46.5365552
          ],
          [
            7.9137682,
            46.5365514
          ],
          [
            7.9137845,
            46.536546
          ],
          [
            7.9138135,
            46.5365219
          ],
          [
            7.9138258,
            46.5365161
          ],
          [
            7.9138392,
            46.5365184
          ],
          [
            7.9138524,
            46.5365164
          ],
          [
            7.9138743,
            46.5364993
          ],
          [
            7.9138975,
            46.5364896
          ],
          [
            7.9139071,
            46.5364788
          ],
          [
            7.9139217,
            46.5364716
          ],
          [
            7.9139502,
            46.5364662
          ],
          [
            7.9139635,
            46.5364614
          ],
          [
            7.9139716,
            46.5364534
          ],
          [
            7.9139832,
            46.5364402
          ],
          [
            7.9139941,
            46.5364289
          ],
          [
            7.9140076,
            46.5364198
          ],
          [
            7.9140197,
            46.5364212
          ],
          [
            7.9140295,
            46.5364249
          ],
          [
            7.9140388,
            46.5364343
          ],
          [
            7.9140519,
            46.5364357
          ],
          [
            7.9140584,
            46.5364339
          ],
          [
            7.9140608,
            46.53643
          ],
          [
            7.9140598,
            46.5364178
          ],
          [
            7.91406,
            46.5364049
          ],
          [
            7.914066,
            46.536393
          ],
          [
            7.9140757,
            46.5363863
          ],
          [
            7.9140944,
            46.5363714
          ],
          [
            7.9141082,
            46.5363653
          ],
          [
            7.9141179,
            46.5363629
          ],
          [
            7.9141244,
            46.5363586
          ],
          [
            7.9141345,
            46.5363555
          ],
          [
            7.9141419,
            46.5363568
          ],
          [
            7.9141449,
            46.5363606
          ],
          [
            7.9141449,
            46.5363684
          ],
          [
            7.9141478,
            46.5363858
          ],
          [
            7.9141419,
            46.5364068
          ],
          [
            7.9141444,
            46.5364241
          ],
          [
            7.9141352,
            46.5364497
          ],
          [
            7.9141105,
            46.536477
          ],
          [
            7.9141086,
            46.5365036
          ],
          [
            7.9140985,
            46.5365447
          ],
          [
            7.9140859,
            46.5365728
          ],
          [
            7.9140751,
            46.536595
          ],
          [
            7.9140568,
            46.5366188
          ],
          [
            7.9140525,
            46.5366403
          ],
          [
            7.9140551,
            46.5366496
          ],
          [
            7.9140595,
            46.5366573
          ],
          [
            7.9140691,
            46.5366579
          ],
          [
            7.9140796,
            46.5366508
          ],
          [
            7.9140923,
            46.5366294
          ],
          [
            7.9141191,
            46.5366049
          ],
          [
            7.9141578,
            46.5365739
          ],
          [
            7.9141846,
            46.5365498
          ],
          [
            7.9142461,
            46.5365027
          ],
          [
            7.9142817,
            46.5364884
          ],
          [
            7.9143698,
            46.5364117
          ],
          [
            7.9143968,
            46.5364007
          ],
          [
            7.9144437,
            46.5363605
          ],
          [
            7.9145234,
            46.5363159
          ],
          [
            7.9146068,
            46.5362902
          ],
          [
            7.9146853,
            46.5362279
          ],
          [
            7.9147692,
            46.5361836
          ],
          [
            7.9148649,
            46.5361366
          ],
          [
            7.9149556,
            46.5360704
          ],
          [
            7.914956,
            46.5360466
          ],
          [
            7.9149561,
            46.5360367
          ],
          [
            7.9148343,
            46.5359638
          ],
          [
            7.9148047,
            46.5359351
          ],
          [
            7.9147428,
            46.5359178
          ],
          [
            7.9147045,
            46.5359004
          ],
          [
            7.9146801,
            46.5358795
          ],
          [
            7.9146452,
            46.535851
          ],
          [
            7.9146029,
            46.5358267
          ],
          [
            7.9145552,
            46.5358155
          ],
          [
            7.9143627,
            46.5353948
          ],
          [
            7.9149645,
            46.5346762
          ],
          [
            7.9146529,
            46.5344438
          ],
          [
            7.9148929,
            46.533982
          ],
          [
            7.9149426,
            46.5339372
          ],
          [
            7.9149627,
            46.5339283
          ],
          [
            7.9149634,
            46.5339092
          ],
          [
            7.9149541,
            46.5339029
          ],
          [
            7.9149269,
            46.5338834
          ],
          [
            7.9149139,
            46.5338586
          ],
          [
            7.9149212,
            46.533831
          ],
          [
            7.9149354,
            46.5338095
          ],
          [
            7.9149872,
            46.5337685
          ],
          [
            7.9150023,
            46.5337003
          ],
          [
            7.9151099,
            46.5335124
          ],
          [
            7.9150963,
            46.5333815
          ],
          [
            7.9150952,
            46.5333571
          ],
          [
            7.9150723,
            46.5333281
          ],
          [
            7.9150595,
            46.5333058
          ],
          [
            7.9150555,
            46.5332485
          ],
          [
            7.9150338,
            46.5332163
          ],
          [
            7.9150261,
            46.5331836
          ],
          [
            7.9150284,
            46.5331672
          ],
          [
            7.9150194,
            46.5331568
          ],
          [
            7.9150312,
            46.5330847
          ],
          [
            7.9150371,
            46.5330271
          ],
          [
            7.9150412,
            46.5329788
          ],
          [
            7.9150608,
            46.5329396
          ],
          [
            7.9150871,
            46.5328945
          ],
          [
            7.9150767,
            46.532866
          ],
          [
            7.9150798,
            46.5328377
          ],
          [
            7.91511,
            46.5327788
          ],
          [
            7.9151228,
            46.5327483
          ],
          [
            7.9151239,
            46.5327207
          ],
          [
            7.9151183,
            46.5326832
          ],
          [
            7.915137,
            46.5326637
          ],
          [
            7.9151484,
            46.5326459
          ],
          [
            7.9151452,
            46.5326142
          ],
          [
            7.91515,
            46.5326055
          ],
          [
            7.9151523,
            46.5326012
          ],
          [
            7.915186,
            46.5325925
          ],
          [
            7.9152093,
            46.5325782
          ],
          [
            7.9152258,
            46.5325621
          ],
          [
            7.9152291,
            46.5325397
          ],
          [
            7.9152596,
            46.5325054
          ],
          [
            7.9152737,
            46.5324952
          ],
          [
            7.9152799,
            46.5324793
          ],
          [
            7.9153176,
            46.5324577
          ],
          [
            7.9153311,
            46.5324316
          ],
          [
            7.9153799,
            46.5324008
          ],
          [
            7.9153804,
            46.5323799
          ],
          [
            7.915385,
            46.5323585
          ],
          [
            7.9154245,
            46.5323165
          ],
          [
            7.9154282,
            46.5323027
          ],
          [
            7.9154102,
            46.5322867
          ],
          [
            7.9154076,
            46.5322623
          ],
          [
            7.9154038,
            46.5322454
          ],
          [
            7.9153963,
            46.5322361
          ],
          [
            7.9153947,
            46.5322232
          ],
          [
            7.9154084,
            46.5322198
          ],
          [
            7.9154306,
            46.5322268
          ],
          [
            7.9154392,
            46.5322291
          ],
          [
            7.9154523,
            46.53222
          ],
          [
            7.9154642,
            46.5322146
          ],
          [
            7.9154803,
            46.5322094
          ],
          [
            7.9154959,
            46.5322098
          ],
          [
            7.9155247,
            46.5322229
          ],
          [
            7.9155297,
            46.532224
          ],
          [
            7.9155455,
            46.5322166
          ],
          [
            7.9155656,
            46.5322133
          ],
          [
            7.9155768,
            46.5322135
          ],
          [
            7.9155869,
            46.5322195
          ],
          [
            7.9155934,
            46.5322324
          ],
          [
            7.9155885,
            46.5322441
          ],
          [
            7.9155933,
            46.532257
          ],
          [
            7.9156018,
            46.5322599
          ],
          [
            7.9156146,
            46.5322617
          ],
          [
            7.915637,
            46.5322793
          ],
          [
            7.9156566,
            46.5322898
          ],
          [
            7.9156622,
            46.5323037
          ],
          [
            7.9156675,
            46.5323079
          ],
          [
            7.9156758,
            46.5323087
          ],
          [
            7.9156868,
            46.5323239
          ],
          [
            7.9156921,
            46.5323263
          ],
          [
            7.9156972,
            46.5323259
          ],
          [
            7.9157033,
            46.5323241
          ],
          [
            7.9157022,
            46.5323145
          ],
          [
            7.9157071,
            46.5323112
          ],
          [
            7.9157257,
            46.5323118
          ],
          [
            7.9157393,
            46.5323051
          ],
          [
            7.9157608,
            46.5322821
          ],
          [
            7.9157696,
            46.5322749
          ],
          [
            7.915777,
            46.5322744
          ],
          [
            7.9157873,
            46.5322841
          ],
          [
            7.915801,
            46.5322874
          ],
          [
            7.9158105,
            46.5322827
          ],
          [
            7.9158204,
            46.5322615
          ],
          [
            7.9158491,
            46.532252
          ],
          [
            7.9158579,
            46.5322413
          ],
          [
            7.9158773,
            46.5322436
          ],
          [
            7.9159079,
            46.5322363
          ],
          [
            7.915929,
            46.5322249
          ],
          [
            7.9159531,
            46.5321959
          ],
          [
            7.9159743,
            46.5321895
          ],
          [
            7.9159877,
            46.532187
          ],
          [
            7.9159988,
            46.5321987
          ],
          [
            7.9160081,
            46.5322175
          ],
          [
            7.9160139,
            46.5322208
          ],
          [
            7.9160249,
            46.5322177
          ],
          [
            7.9160536,
            46.5322018
          ],
          [
            7.9160645,
            46.5322002
          ],
          [
            7.9160921,
            46.5322036
          ],
          [
            7.9161026,
            46.5322101
          ],
          [
            7.9161242,
            46.5322024
          ],
          [
            7.9161392,
            46.5322075
          ],
          [
            7.9161728,
            46.5321913
          ],
          [
            7.9161938,
            46.5321839
          ],
          [
            7.916208,
            46.5321805
          ],
          [
            7.9162138,
            46.532183
          ],
          [
            7.9162161,
            46.5321923
          ],
          [
            7.916219,
            46.5321972
          ],
          [
            7.9162396,
            46.5321967
          ],
          [
            7.9162596,
            46.5322032
          ],
          [
            7.9162896,
            46.5321847
          ],
          [
            7.9163137,
            46.5321749
          ],
          [
            7.9163421,
            46.5321642
          ],
          [
            7.91638,
            46.5321547
          ],
          [
            7.9164048,
            46.5321514
          ],
          [
            7.9163878,
            46.5321689
          ],
          [
            7.9164033,
            46.5321845
          ],
          [
            7.916385,
            46.5321979
          ],
          [
            7.916395,
            46.5322202
          ],
          [
            7.9163871,
            46.5322436
          ],
          [
            7.9163855,
            46.5322718
          ],
          [
            7.9163602,
            46.5323296
          ],
          [
            7.9163707,
            46.5323898
          ],
          [
            7.9163553,
            46.5324226
          ],
          [
            7.9163853,
            46.5324495
          ],
          [
            7.9163965,
            46.5324793
          ],
          [
            7.9164062,
            46.5325155
          ],
          [
            7.9164345,
            46.5325272
          ],
          [
            7.9164451,
            46.5325529
          ],
          [
            7.9164633,
            46.5325655
          ],
          [
            7.9164983,
            46.532554
          ],
          [
            7.9165758,
            46.5325099
          ],
          [
            7.9166531,
            46.5324733
          ],
          [
            7.9167082,
            46.5324547
          ],
          [
            7.9167295,
            46.5324329
          ],
          [
            7.9167258,
            46.5324131
          ],
          [
            7.9167363,
            46.5323822
          ],
          [
            7.9167569,
            46.5323307
          ],
          [
            7.9167532,
            46.5323064
          ],
          [
            7.9167758,
            46.5322831
          ],
          [
            7.9168049,
            46.53227
          ],
          [
            7.9168197,
            46.5322715
          ],
          [
            7.9168478,
            46.532306
          ],
          [
            7.9168665,
            46.5323127
          ],
          [
            7.9169026,
            46.532295
          ],
          [
            7.9172312,
            46.5322293
          ],
          [
            7.917289,
            46.5322148
          ],
          [
            7.9173034,
            46.5321996
          ],
          [
            7.9173262,
            46.5321987
          ],
          [
            7.9173412,
            46.5322169
          ],
          [
            7.917374,
            46.5322119
          ],
          [
            7.917443,
            46.5321789
          ],
          [
            7.9174571,
            46.5321579
          ],
          [
            7.9174761,
            46.5321631
          ],
          [
            7.9174875,
            46.5321611
          ],
          [
            7.917493,
            46.5321535
          ],
          [
            7.9174979,
            46.532147
          ],
          [
            7.9175062,
            46.5321456
          ],
          [
            7.9175103,
            46.5321493
          ],
          [
            7.9175186,
            46.5321511
          ],
          [
            7.9175237,
            46.5321473
          ],
          [
            7.9175302,
            46.5321391
          ],
          [
            7.9175339,
            46.5321321
          ],
          [
            7.9175472,
            46.5321279
          ],
          [
            7.9175619,
            46.5321265
          ],
          [
            7.9175991,
            46.5320996
          ],
          [
            7.917612,
            46.5320942
          ],
          [
            7.9176271,
            46.5320948
          ],
          [
            7.9176979,
            46.5321153
          ],
          [
            7.9177374,
            46.5321185
          ],
          [
            7.9178523,
            46.5321435
          ],
          [
            7.917914,
            46.5321488
          ],
          [
            7.9179491,
            46.5321635
          ],
          [
            7.9179617,
            46.5321733
          ],
          [
            7.9180932,
            46.5321909
          ],
          [
            7.9181424,
            46.5322103
          ],
          [
            7.9182017,
            46.5322137
          ],
          [
            7.9182476,
            46.5322306
          ],
          [
            7.918366,
            46.532235
          ],
          [
            7.9184849,
            46.5322316
          ],
          [
            7.9185823,
            46.5322022
          ],
          [
            7.9186592,
            46.5321745
          ],
          [
            7.9187351,
            46.5321453
          ],
          [
            7.9188092,
            46.5321072
          ],
          [
            7.9188232,
            46.5320861
          ],
          [
            7.9188373,
            46.532065
          ],
          [
            7.9188419,
            46.5320323
          ],
          [
            7.9188151,
            46.5320028
          ],
          [
            7.9188017,
            46.5319859
          ],
          [
            7.9188024,
            46.5319759
          ],
          [
            7.9188102,
            46.5319699
          ],
          [
            7.9188241,
            46.5319676
          ],
          [
            7.9188875,
            46.5319867
          ],
          [
            7.918966,
            46.5320034
          ],
          [
            7.918989,
            46.5320083
          ],
          [
            7.9190034,
            46.5320039
          ],
          [
            7.9190157,
            46.5320002
          ],
          [
            7.9190205,
            46.5319852
          ],
          [
            7.91898,
            46.5319516
          ],
          [
            7.918956,
            46.5319453
          ],
          [
            7.9189534,
            46.5319407
          ],
          [
            7.9189585,
            46.5319362
          ],
          [
            7.9189718,
            46.5319368
          ],
          [
            7.9190519,
            46.5319448
          ],
          [
            7.9191188,
            46.5319598
          ],
          [
            7.9191722,
            46.5319744
          ],
          [
            7.9192249,
            46.5319936
          ],
          [
            7.9193489,
            46.5320437
          ],
          [
            7.9193706,
            46.5320431
          ],
          [
            7.9193885,
            46.5320383
          ],
          [
            7.9193979,
            46.5320297
          ],
          [
            7.9194012,
            46.5320035
          ],
          [
            7.9194159,
            46.531992
          ],
          [
            7.9194347,
            46.5319886
          ],
          [
            7.9195467,
            46.5319887
          ],
          [
            7.919677,
            46.5320035
          ],
          [
            7.919764,
            46.5320123
          ],
          [
            7.919779,
            46.532005
          ],
          [
            7.9198853,
            46.5320245
          ],
          [
            7.9199907,
            46.5320594
          ],
          [
            7.9200674,
            46.5320645
          ],
          [
            7.9200874,
            46.5320619
          ],
          [
            7.9201076,
            46.5320444
          ],
          [
            7.9201289,
            46.5320333
          ],
          [
            7.9201648,
            46.5320315
          ],
          [
            7.9201949,
            46.5320331
          ],
          [
            7.9202107,
            46.5320415
          ],
          [
            7.9202402,
            46.5320396
          ],
          [
            7.920265,
            46.5320406
          ],
          [
            7.9203023,
            46.5320471
          ],
          [
            7.9203421,
            46.532047
          ],
          [
            7.9203918,
            46.5320574
          ],
          [
            7.9204474,
            46.5320556
          ],
          [
            7.9204824,
            46.5320609
          ],
          [
            7.9205075,
            46.5320747
          ],
          [
            7.9205251,
            46.5320794
          ],
          [
            7.9205606,
            46.5320726
          ],
          [
            7.9205953,
            46.5320757
          ],
          [
            7.9206147,
            46.5320761
          ],
          [
            7.9206263,
            46.5320862
          ],
          [
            7.9206446,
            46.5320896
          ],
          [
            7.9206637,
            46.5320874
          ],
          [
            7.9206745,
            46.5320774
          ],
          [
            7.9206923,
            46.5320715
          ],
          [
            7.9208302,
            46.5320827
          ],
          [
            7.9208749,
            46.5320962
          ],
          [
            7.9208958,
            46.5321072
          ],
          [
            7.920912,
            46.5321075
          ],
          [
            7.9209262,
            46.5321026
          ],
          [
            7.9209351,
            46.5320947
          ],
          [
            7.9209296,
            46.5320722
          ],
          [
            7.920931,
            46.532068
          ],
          [
            7.9209487,
            46.5320702
          ],
          [
            7.9209552,
            46.53208
          ],
          [
            7.9209682,
            46.5320789
          ],
          [
            7.9209919,
            46.5320833
          ],
          [
            7.9210138,
            46.5320941
          ],
          [
            7.9210425,
            46.5321052
          ],
          [
            7.9210786,
            46.5321036
          ],
          [
            7.9211068,
            46.5321011
          ],
          [
            7.9211369,
            46.5321041
          ],
          [
            7.921156,
            46.5321302
          ],
          [
            7.9211777,
            46.5321389
          ],
          [
            7.9212075,
            46.5321331
          ],
          [
            7.9212309,
            46.5321482
          ],
          [
            7.921426,
            46.53221
          ],
          [
            7.9215084,
            46.5322325
          ],
          [
            7.9215364,
            46.5322437
          ],
          [
            7.9215529,
            46.5322562
          ],
          [
            7.9215713,
            46.5322463
          ],
          [
            7.9215947,
            46.5322245
          ],
          [
            7.921636,
            46.532204
          ],
          [
            7.9216641,
            46.5321824
          ],
          [
            7.9216355,
            46.5321424
          ],
          [
            7.9216192,
            46.532119
          ],
          [
            7.9215807,
            46.5320978
          ],
          [
            7.9215428,
            46.5320593
          ],
          [
            7.9215114,
            46.5320264
          ],
          [
            7.9215052,
            46.532016
          ],
          [
            7.9214956,
            46.5320049
          ],
          [
            7.9214888,
            46.5319991
          ],
          [
            7.921485,
            46.5319925
          ],
          [
            7.9215143,
            46.5319803
          ],
          [
            7.9214825,
            46.5319725
          ],
          [
            7.9214737,
            46.5319494
          ],
          [
            7.9214823,
            46.5319246
          ],
          [
            7.9215167,
            46.5319131
          ],
          [
            7.9215474,
            46.531913
          ],
          [
            7.921581,
            46.5319163
          ],
          [
            7.9216066,
            46.5319159
          ],
          [
            7.9216182,
            46.5319205
          ],
          [
            7.9216226,
            46.5319295
          ],
          [
            7.9216333,
            46.531938
          ],
          [
            7.9216619,
            46.531937
          ],
          [
            7.9216936,
            46.5319352
          ],
          [
            7.921721,
            46.5319464
          ],
          [
            7.921729,
            46.5319474
          ],
          [
            7.9217384,
            46.5319466
          ],
          [
            7.9217421,
            46.5319428
          ],
          [
            7.9217426,
            46.5319348
          ],
          [
            7.9217525,
            46.5319299
          ],
          [
            7.9217895,
            46.5319238
          ],
          [
            7.9218125,
            46.5319181
          ],
          [
            7.9218272,
            46.5319186
          ],
          [
            7.9218359,
            46.5319263
          ],
          [
            7.9218401,
            46.5319322
          ],
          [
            7.921855,
            46.5319354
          ],
          [
            7.9218909,
            46.5319335
          ],
          [
            7.9219067,
            46.5319307
          ],
          [
            7.9219184,
            46.5319301
          ],
          [
            7.9219294,
            46.5319349
          ],
          [
            7.9219332,
            46.5319448
          ],
          [
            7.9219405,
            46.5319507
          ],
          [
            7.9219656,
            46.5319489
          ],
          [
            7.9219912,
            46.5319533
          ],
          [
            7.9220083,
            46.5319547
          ],
          [
            7.9220233,
            46.5319599
          ],
          [
            7.9220329,
            46.5319723
          ],
          [
            7.9220549,
            46.5319985
          ],
          [
            7.9220587,
            46.5320106
          ],
          [
            7.922069,
            46.5320181
          ],
          [
            7.9220831,
            46.5320218
          ],
          [
            7.9220948,
            46.5320207
          ],
          [
            7.9221241,
            46.5319962
          ],
          [
            7.9221414,
            46.5319835
          ],
          [
            7.9221503,
            46.5319844
          ],
          [
            7.9221566,
            46.5319902
          ],
          [
            7.9221657,
            46.5319894
          ],
          [
            7.9221763,
            46.5319853
          ],
          [
            7.9221762,
            46.5319754
          ],
          [
            7.9221848,
            46.5319649
          ],
          [
            7.9222053,
            46.5319522
          ],
          [
            7.9222275,
            46.5319451
          ],
          [
            7.9222455,
            46.5319449
          ],
          [
            7.9222618,
            46.5319493
          ],
          [
            7.9223039,
            46.5319456
          ],
          [
            7.9223186,
            46.5319424
          ],
          [
            7.9223372,
            46.5319323
          ],
          [
            7.9223484,
            46.5319297
          ],
          [
            7.9223595,
            46.5319279
          ],
          [
            7.9223934,
            46.531933
          ],
          [
            7.9224283,
            46.5319403
          ],
          [
            7.9224456,
            46.5319434
          ],
          [
            7.9224562,
            46.5319435
          ],
          [
            7.9224633,
            46.5319416
          ],
          [
            7.922468,
            46.5319379
          ],
          [
            7.9224677,
            46.5319338
          ],
          [
            7.9224728,
            46.531931
          ],
          [
            7.9224831,
            46.5319315
          ],
          [
            7.9224902,
            46.5319309
          ],
          [
            7.9224979,
            46.531927
          ],
          [
            7.9225024,
            46.5319227
          ],
          [
            7.9225007,
            46.5319177
          ],
          [
            7.9224976,
            46.5319121
          ],
          [
            7.922499,
            46.5319048
          ],
          [
            7.922504,
            46.5319019
          ],
          [
            7.922515,
            46.5318999
          ],
          [
            7.9225279,
            46.5318998
          ],
          [
            7.9225388,
            46.5318996
          ],
          [
            7.9225597,
            46.5319103
          ],
          [
            7.9225669,
            46.5319144
          ],
          [
            7.9225747,
            46.5319155
          ],
          [
            7.9225818,
            46.5319141
          ],
          [
            7.9225852,
            46.5319105
          ],
          [
            7.9225877,
            46.531903
          ],
          [
            7.9225867,
            46.531896
          ],
          [
            7.9225888,
            46.5318886
          ],
          [
            7.9225965,
            46.5318857
          ],
          [
            7.9226067,
            46.531883
          ],
          [
            7.922617,
            46.5318829
          ],
          [
            7.9226263,
            46.5318914
          ],
          [
            7.9226383,
            46.5318934
          ],
          [
            7.9226479,
            46.5318929
          ],
          [
            7.9226559,
            46.5318887
          ],
          [
            7.9226644,
            46.5318837
          ],
          [
            7.9226692,
            46.5318759
          ],
          [
            7.9226695,
            46.5318669
          ],
          [
            7.922672,
            46.531858
          ],
          [
            7.9226777,
            46.5318525
          ],
          [
            7.9227021,
            46.5318435
          ],
          [
            7.9227176,
            46.5318394
          ],
          [
            7.9227368,
            46.5318416
          ],
          [
            7.9227485,
            46.5318407
          ],
          [
            7.9227592,
            46.5318328
          ],
          [
            7.9227789,
            46.5318214
          ],
          [
            7.9227909,
            46.5318182
          ],
          [
            7.9228046,
            46.5318191
          ],
          [
            7.9228147,
            46.5318156
          ],
          [
            7.9228276,
            46.5318077
          ],
          [
            7.9228366,
            46.5318056
          ],
          [
            7.9228469,
            46.531807
          ],
          [
            7.9228794,
            46.5318132
          ],
          [
            7.9229072,
            46.5318202
          ],
          [
            7.9229347,
            46.5318204
          ],
          [
            7.9229492,
            46.5318197
          ],
          [
            7.9229756,
            46.5318288
          ],
          [
            7.923001,
            46.5318381
          ],
          [
            7.9230165,
            46.5318342
          ],
          [
            7.9230296,
            46.5318323
          ],
          [
            7.9230428,
            46.5318297
          ],
          [
            7.92305,
            46.5318229
          ],
          [
            7.9230536,
            46.5318154
          ],
          [
            7.9230544,
            46.5318024
          ],
          [
            7.9230526,
            46.5317928
          ],
          [
            7.9230559,
            46.5317883
          ],
          [
            7.9230709,
            46.5317796
          ],
          [
            7.9230734,
            46.5317697
          ],
          [
            7.9230738,
            46.5317544
          ],
          [
            7.9230691,
            46.5317409
          ],
          [
            7.9230675,
            46.5317312
          ],
          [
            7.9230687,
            46.5317268
          ],
          [
            7.9230716,
            46.531724
          ],
          [
            7.9230862,
            46.5317208
          ],
          [
            7.9231036,
            46.5317142
          ],
          [
            7.9231162,
            46.5317064
          ],
          [
            7.9231203,
            46.5317018
          ],
          [
            7.9231254,
            46.5316999
          ],
          [
            7.9231315,
            46.5316969
          ],
          [
            7.9231484,
            46.5316969
          ],
          [
            7.9231601,
            46.531701
          ],
          [
            7.9231648,
            46.5317028
          ],
          [
            7.923172,
            46.5317042
          ],
          [
            7.9231768,
            46.531702
          ],
          [
            7.9231806,
            46.5316979
          ],
          [
            7.9231818,
            46.5316936
          ],
          [
            7.9231835,
            46.5316876
          ],
          [
            7.9231864,
            46.5316851
          ],
          [
            7.9231856,
            46.531676
          ],
          [
            7.923188,
            46.5316674
          ],
          [
            7.9231927,
            46.5316585
          ],
          [
            7.9231894,
            46.531644
          ],
          [
            7.9231831,
            46.5316308
          ],
          [
            7.923182,
            46.5316254
          ],
          [
            7.9231753,
            46.5316211
          ],
          [
            7.9231708,
            46.5316161
          ],
          [
            7.9231689,
            46.5316105
          ],
          [
            7.9231702,
            46.5316059
          ],
          [
            7.9231725,
            46.5316019
          ],
          [
            7.9231775,
            46.5315985
          ],
          [
            7.9231844,
            46.5315946
          ],
          [
            7.9231856,
            46.531586
          ],
          [
            7.923189,
            46.5315766
          ],
          [
            7.9231887,
            46.5315713
          ],
          [
            7.9231846,
            46.5315664
          ],
          [
            7.9231826,
            46.5315635
          ],
          [
            7.9231861,
            46.5315604
          ],
          [
            7.9231924,
            46.5315592
          ],
          [
            7.9232001,
            46.5315601
          ],
          [
            7.9232073,
            46.5315598
          ],
          [
            7.9232141,
            46.5315565
          ],
          [
            7.9232166,
            46.5315517
          ],
          [
            7.9232277,
            46.5315504
          ],
          [
            7.9232373,
            46.5315491
          ],
          [
            7.9232551,
            46.5315559
          ],
          [
            7.9232649,
            46.5315575
          ],
          [
            7.9232799,
            46.5315634
          ],
          [
            7.9233023,
            46.5315665
          ],
          [
            7.9233695,
            46.5315615
          ],
          [
            7.9234268,
            46.5315546
          ],
          [
            7.9234758,
            46.5315385
          ],
          [
            7.9234948,
            46.5315272
          ],
          [
            7.9234999,
            46.5315069
          ],
          [
            7.9235049,
            46.5314835
          ],
          [
            7.9235046,
            46.5314496
          ],
          [
            7.9235105,
            46.5314437
          ],
          [
            7.923527,
            46.5314403
          ],
          [
            7.9235439,
            46.5314376
          ],
          [
            7.9235746,
            46.5314387
          ],
          [
            7.923586,
            46.531439
          ],
          [
            7.9236084,
            46.5314213
          ],
          [
            7.9236015,
            46.5314108
          ],
          [
            7.9236051,
            46.5314018
          ],
          [
            7.9236167,
            46.5313877
          ],
          [
            7.9236184,
            46.5313782
          ],
          [
            7.9236281,
            46.5313557
          ],
          [
            7.9236314,
            46.5313525
          ],
          [
            7.92365,
            46.5313553
          ],
          [
            7.9236823,
            46.5313566
          ],
          [
            7.9236956,
            46.5313646
          ],
          [
            7.9237141,
            46.531361
          ],
          [
            7.9237237,
            46.5313541
          ],
          [
            7.9237124,
            46.5313507
          ],
          [
            7.923712,
            46.531335
          ],
          [
            7.9237191,
            46.5313321
          ],
          [
            7.9237399,
            46.5313337
          ],
          [
            7.9237536,
            46.5313323
          ],
          [
            7.9237672,
            46.5313281
          ],
          [
            7.9237706,
            46.5313201
          ],
          [
            7.9237598,
            46.5313044
          ],
          [
            7.9237779,
            46.5312831
          ],
          [
            7.9237832,
            46.5312769
          ],
          [
            7.923784,
            46.531267
          ],
          [
            7.9237898,
            46.5312615
          ],
          [
            7.9238265,
            46.5312579
          ],
          [
            7.9238366,
            46.5312503
          ],
          [
            7.9238317,
            46.5312278
          ],
          [
            7.9238449,
            46.5312141
          ],
          [
            7.923858,
            46.5312163
          ],
          [
            7.9238618,
            46.531215
          ],
          [
            7.9238732,
            46.5311741
          ],
          [
            7.9238818,
            46.5311695
          ],
          [
            7.9238887,
            46.5311729
          ],
          [
            7.923903,
            46.5311716
          ],
          [
            7.9239069,
            46.5311576
          ],
          [
            7.9239024,
            46.5311496
          ],
          [
            7.9239077,
            46.5311446
          ],
          [
            7.9239312,
            46.5311453
          ],
          [
            7.9239422,
            46.5311442
          ],
          [
            7.923948,
            46.5311418
          ],
          [
            7.9239491,
            46.5311372
          ],
          [
            7.9239442,
            46.5311294
          ],
          [
            7.9239468,
            46.5311193
          ],
          [
            7.9239494,
            46.5311033
          ],
          [
            7.9239651,
            46.5310853
          ],
          [
            7.9239904,
            46.5310795
          ],
          [
            7.9239972,
            46.5310736
          ],
          [
            7.9239936,
            46.5310605
          ],
          [
            7.9240015,
            46.5310483
          ],
          [
            7.9240151,
            46.5310444
          ],
          [
            7.9240171,
            46.531039
          ],
          [
            7.924012,
            46.5310287
          ],
          [
            7.9239992,
            46.5310175
          ],
          [
            7.9239936,
            46.5309834
          ],
          [
            7.9239946,
            46.5309722
          ],
          [
            7.9239782,
            46.5309686
          ],
          [
            7.9239604,
            46.5309582
          ],
          [
            7.9239499,
            46.530943
          ],
          [
            7.9239502,
            46.5309371
          ],
          [
            7.9239607,
            46.5309314
          ],
          [
            7.9239532,
            46.5309156
          ],
          [
            7.9239488,
            46.5309116
          ],
          [
            7.9239099,
            46.530911
          ],
          [
            7.9239025,
            46.5308995
          ],
          [
            7.9238939,
            46.5308948
          ],
          [
            7.9238822,
            46.5308976
          ],
          [
            7.9238498,
            46.530906
          ],
          [
            7.9238175,
            46.5309099
          ],
          [
            7.9237947,
            46.5309001
          ],
          [
            7.9237628,
            46.5308992
          ],
          [
            7.9237359,
            46.5308952
          ],
          [
            7.9237144,
            46.530884
          ],
          [
            7.9237098,
            46.5308735
          ],
          [
            7.9237135,
            46.5308632
          ],
          [
            7.9237097,
            46.5308554
          ],
          [
            7.9237037,
            46.5308474
          ],
          [
            7.9236867,
            46.530841
          ],
          [
            7.9236692,
            46.5308419
          ],
          [
            7.9236504,
            46.530842
          ],
          [
            7.9236364,
            46.530835
          ],
          [
            7.923622,
            46.5308239
          ],
          [
            7.9236097,
            46.5308029
          ],
          [
            7.9236108,
            46.5307795
          ],
          [
            7.9236432,
            46.5307482
          ],
          [
            7.9236606,
            46.5306885
          ],
          [
            7.9236785,
            46.5306755
          ],
          [
            7.9237229,
            46.5306634
          ],
          [
            7.9237702,
            46.5306574
          ],
          [
            7.9237909,
            46.530645
          ],
          [
            7.9238322,
            46.5306291
          ],
          [
            7.9239591,
            46.5306075
          ],
          [
            7.9240279,
            46.5306023
          ],
          [
            7.9240772,
            46.5305822
          ],
          [
            7.9241407,
            46.5305848
          ],
          [
            7.9241802,
            46.5305663
          ],
          [
            7.9242211,
            46.5305398
          ],
          [
            7.9242713,
            46.5305332
          ],
          [
            7.9243027,
            46.5305146
          ],
          [
            7.9243639,
            46.5305132
          ],
          [
            7.9244196,
            46.5305019
          ],
          [
            7.9244625,
            46.5304911
          ],
          [
            7.9245531,
            46.530497
          ],
          [
            7.9245762,
            46.5304877
          ],
          [
            7.9246774,
            46.5305032
          ],
          [
            7.9247092,
            46.5305026
          ],
          [
            7.9247396,
            46.5305191
          ],
          [
            7.9247651,
            46.5305163
          ],
          [
            7.9248103,
            46.530537
          ],
          [
            7.9248403,
            46.5305613
          ],
          [
            7.9248677,
            46.5305665
          ],
          [
            7.9248801,
            46.5305517
          ],
          [
            7.9249158,
            46.5305574
          ],
          [
            7.9249407,
            46.5305428
          ],
          [
            7.9250507,
            46.5305535
          ],
          [
            7.9250826,
            46.5305685
          ],
          [
            7.925084,
            46.5305825
          ],
          [
            7.9251047,
            46.5305763
          ],
          [
            7.9251282,
            46.5305694
          ],
          [
            7.9251722,
            46.5305482
          ],
          [
            7.9251834,
            46.5305006
          ],
          [
            7.9251965,
            46.5305011
          ],
          [
            7.9252047,
            46.5305073
          ],
          [
            7.9252178,
            46.5305079
          ],
          [
            7.9252461,
            46.5304791
          ],
          [
            7.9252858,
            46.5304579
          ],
          [
            7.9252972,
            46.5304454
          ],
          [
            7.9253176,
            46.5304358
          ],
          [
            7.9253194,
            46.5304192
          ],
          [
            7.9253418,
            46.5304082
          ],
          [
            7.9253644,
            46.5304149
          ],
          [
            7.9253785,
            46.5304079
          ],
          [
            7.9253774,
            46.5303884
          ],
          [
            7.9253849,
            46.5303798
          ],
          [
            7.9254081,
            46.5303722
          ],
          [
            7.9254385,
            46.5303749
          ],
          [
            7.9254683,
            46.5303721
          ],
          [
            7.9254885,
            46.5303584
          ],
          [
            7.925486,
            46.5303527
          ],
          [
            7.9254865,
            46.5303464
          ],
          [
            7.9254895,
            46.5303424
          ],
          [
            7.9254985,
            46.5303398
          ],
          [
            7.9255086,
            46.5303414
          ],
          [
            7.925517,
            46.5303463
          ],
          [
            7.925525,
            46.5303469
          ],
          [
            7.925533,
            46.5303444
          ],
          [
            7.9255367,
            46.5303406
          ],
          [
            7.9255307,
            46.5303314
          ],
          [
            7.925526,
            46.5303216
          ],
          [
            7.9255376,
            46.5303197
          ],
          [
            7.9255509,
            46.5303173
          ],
          [
            7.9255604,
            46.5303124
          ],
          [
            7.9255612,
            46.5303055
          ],
          [
            7.9255511,
            46.5302969
          ],
          [
            7.9255548,
            46.5302781
          ],
          [
            7.9255449,
            46.5302695
          ],
          [
            7.9255388,
            46.5302623
          ],
          [
            7.9255424,
            46.5302564
          ],
          [
            7.9255507,
            46.5302537
          ],
          [
            7.9255636,
            46.5302525
          ],
          [
            7.9255762,
            46.5302605
          ],
          [
            7.9255899,
            46.530265
          ],
          [
            7.9256001,
            46.5302674
          ],
          [
            7.9256074,
            46.5302654
          ],
          [
            7.9256069,
            46.5302607
          ],
          [
            7.9256031,
            46.5302541
          ],
          [
            7.9255989,
            46.5302487
          ],
          [
            7.9255979,
            46.5302428
          ],
          [
            7.9256019,
            46.53024
          ],
          [
            7.9256216,
            46.5302426
          ],
          [
            7.9256506,
            46.5302436
          ],
          [
            7.9257072,
            46.5302196
          ],
          [
            7.9257729,
            46.5302004
          ],
          [
            7.9258171,
            46.5301949
          ],
          [
            7.9258394,
            46.5301957
          ],
          [
            7.9258488,
            46.530196
          ],
          [
            7.9258566,
            46.5301936
          ],
          [
            7.9258627,
            46.5301904
          ],
          [
            7.9258642,
            46.5301837
          ],
          [
            7.9258495,
            46.530169
          ],
          [
            7.9258389,
            46.5301616
          ],
          [
            7.9258406,
            46.5301556
          ],
          [
            7.9258442,
            46.5301527
          ],
          [
            7.9258502,
            46.5301499
          ],
          [
            7.9258586,
            46.5301477
          ],
          [
            7.9258729,
            46.530155
          ],
          [
            7.9258875,
            46.5301565
          ],
          [
            7.9259034,
            46.5301463
          ],
          [
            7.9259121,
            46.5301403
          ],
          [
            7.925939,
            46.5301451
          ],
          [
            7.9260096,
            46.5301349
          ],
          [
            7.9260527,
            46.530136
          ],
          [
            7.9260993,
            46.5301262
          ],
          [
            7.926135,
            46.5301222
          ],
          [
            7.9261752,
            46.5301321
          ],
          [
            7.926215,
            46.5301309
          ],
          [
            7.9262435,
            46.5301305
          ],
          [
            7.9262922,
            46.5301429
          ],
          [
            7.9263489,
            46.5301626
          ],
          [
            7.9264055,
            46.5301636
          ],
          [
            7.926502,
            46.5301968
          ],
          [
            7.9265743,
            46.5302224
          ],
          [
            7.9267388,
            46.5301968
          ],
          [
            7.9267607,
            46.5301862
          ],
          [
            7.9269405,
            46.5301515
          ],
          [
            7.9269953,
            46.5301259
          ],
          [
            7.9270325,
            46.5301017
          ],
          [
            7.9271334,
            46.5301334
          ],
          [
            7.9272014,
            46.5301168
          ],
          [
            7.9273044,
            46.5300972
          ],
          [
            7.9274623,
            46.5300188
          ],
          [
            7.9275587,
            46.5298921
          ],
          [
            7.9276903,
            46.5298272
          ],
          [
            7.9278657,
            46.5297126
          ],
          [
            7.9279534,
            46.5297201
          ],
          [
            7.9280148,
            46.5297714
          ],
          [
            7.9280674,
            46.5298167
          ],
          [
            7.9281485,
            46.5298257
          ],
          [
            7.9281704,
            46.5298589
          ],
          [
            7.9282318,
            46.5299283
          ],
          [
            7.9281989,
            46.5300308
          ],
          [
            7.9282143,
            46.5301334
          ],
          [
            7.9282822,
            46.5301213
          ],
          [
            7.928348,
            46.5301455
          ],
          [
            7.9284291,
            46.5300806
          ],
          [
            7.9285256,
            46.5299796
          ],
          [
            7.9286001,
            46.5298604
          ],
          [
            7.9286813,
            46.5297624
          ],
          [
            7.9287711,
            46.529604
          ],
          [
            7.9288501,
            46.5295316
          ],
          [
            7.9289027,
            46.5294426
          ],
          [
            7.9290211,
            46.5294094
          ],
          [
            7.929157,
            46.5293566
          ],
          [
            7.9292666,
            46.5293114
          ],
          [
            7.9293653,
            46.5291877
          ],
          [
            7.9295758,
            46.5291424
          ],
          [
            7.9297095,
            46.5291289
          ],
          [
            7.929806,
            46.5292163
          ],
          [
            7.9297928,
            46.5292933
          ],
          [
            7.9297227,
            46.5293777
          ],
          [
            7.9296591,
            46.5294969
          ],
          [
            7.929624,
            46.5296583
          ],
          [
            7.9296503,
            46.5297503
          ],
          [
            7.9296656,
            46.5297712
          ],
          [
            7.9297155,
            46.5298175
          ],
          [
            7.9298975,
            46.5298431
          ],
          [
            7.9301716,
            46.5298311
          ],
          [
            7.9313248,
            46.5298175
          ],
          [
            7.9312958,
            46.5297469
          ],
          [
            7.9314958,
            46.5296953
          ],
          [
            7.9314761,
            46.529629
          ],
          [
            7.9315681,
            46.5295686
          ],
          [
            7.9316558,
            46.529543
          ],
          [
            7.9316646,
            46.529451
          ],
          [
            7.9317392,
            46.5293801
          ],
          [
            7.9317435,
            46.5293469
          ],
          [
            7.9317567,
            46.5292579
          ],
          [
            7.9318334,
            46.5292202
          ],
          [
            7.9318795,
            46.5291297
          ],
          [
            7.9318778,
            46.5290745
          ],
          [
            7.9320307,
            46.5291041
          ],
          [
            7.9321513,
            46.5290513
          ],
          [
            7.9322675,
            46.5290317
          ],
          [
            7.9324166,
            46.5289638
          ],
          [
            7.9325745,
            46.5288838
          ],
          [
            7.9327148,
            46.5288929
          ],
          [
            7.9328507,
            46.528831
          ],
          [
            7.9329616,
            46.5286282
          ],
          [
            7.9329143,
            46.5283815
          ],
          [
            7.9333403,
            46.5280523
          ],
          [
            7.9333374,
            46.5278355
          ],
          [
            7.9335983,
            46.5277435
          ],
          [
            7.93364,
            46.5275021
          ],
          [
            7.9338351,
            46.5273392
          ],
          [
            7.9338088,
            46.5270587
          ],
          [
            7.9338527,
            46.5268581
          ],
          [
            7.9339668,
            46.5265822
          ],
          [
            7.9341333,
            46.5265368
          ],
          [
            7.9341576,
            46.5264489
          ],
          [
            7.9339316,
            46.5262155
          ],
          [
            7.9340485,
            46.5261795
          ],
          [
            7.9348151,
            46.5261808
          ],
          [
            7.9350804,
            46.5262607
          ],
          [
            7.9354003,
            46.5262766
          ],
          [
            7.936147,
            46.5262032
          ],
          [
            7.9371843,
            46.5262582
          ],
          [
            7.9375571,
            46.5262582
          ],
          [
            7.9384063,
            46.5263863
          ],
          [
            7.9389203,
            46.5264313
          ],
          [
            7.9398417,
            46.5264057
          ],
          [
            7.9400824,
            46.526513
          ],
          [
            7.9402359,
            46.5264747
          ],
          [
            7.9404612,
            46.5264627
          ],
          [
            7.9406718,
            46.5264847
          ],
          [
            7.9424284,
            46.5264634
          ],
          [
            7.9426483,
            46.5265638
          ],
          [
            7.9432859,
            46.5264693
          ],
          [
            7.9437724,
            46.5261777
          ],
          [
            7.9441957,
            46.5260954
          ],
          [
            7.9443695,
            46.5262506
          ],
          [
            7.9447142,
            46.5261997
          ]
        ]
      },
      "id": "relation/12824514"
    },
    {
      "type": "Feature",
      "properties": {
        "@id": "relation/12824515",
        "name": "Zustieg Silberhornhütte",
        "network": "lwn",
        "osmc:symbol": "blue:white:blue_bar",
        "route": "hiking",
        "sac_scale": "demanding_alpine_hiking",
        "type": "route"
      },
      "geometry": {
        "type": "LineString",
        "coordinates": [
          [
            7.9066631,
            46.5414232
          ],
          [
            7.9067645,
            46.5414227
          ],
          [
            7.9069427,
            46.5415016
          ],
          [
            7.9071528,
            46.5415446
          ],
          [
            7.9073899,
            46.5416579
          ],
          [
            7.9074241,
            46.5417196
          ],
          [
            7.9075197,
            46.5418047
          ],
          [
            7.9076152,
            46.5418906
          ],
          [
            7.9076347,
            46.5419343
          ],
          [
            7.907602,
            46.5419446
          ],
          [
            7.907598,
            46.5419564
          ],
          [
            7.9076006,
            46.5419658
          ],
          [
            7.9076301,
            46.5419668
          ],
          [
            7.9076559,
            46.5419668
          ],
          [
            7.9076814,
            46.5419865
          ],
          [
            7.9077187,
            46.5420009
          ],
          [
            7.9077454,
            46.542021
          ],
          [
            7.9077724,
            46.5420187
          ],
          [
            7.9077993,
            46.5420249
          ],
          [
            7.9078141,
            46.5420311
          ],
          [
            7.9078045,
            46.5420505
          ],
          [
            7.9077848,
            46.5420677
          ],
          [
            7.9077813,
            46.5420944
          ],
          [
            7.9077712,
            46.5421385
          ],
          [
            7.9077695,
            46.5421569
          ],
          [
            7.9077466,
            46.5421782
          ],
          [
            7.9077604,
            46.5422074
          ],
          [
            7.9077577,
            46.5422418
          ],
          [
            7.9077657,
            46.5422622
          ],
          [
            7.9078516,
            46.5422913
          ],
          [
            7.9079393,
            46.5423279
          ],
          [
            7.9079744,
            46.5423488
          ],
          [
            7.9079506,
            46.5424164
          ],
          [
            7.9079025,
            46.5425096
          ],
          [
            7.9079112,
            46.5425781
          ],
          [
            7.9079553,
            46.5425967
          ],
          [
            7.9079596,
            46.5426535
          ],
          [
            7.9080138,
            46.5427046
          ],
          [
            7.9080432,
            46.5427533
          ],
          [
            7.9080109,
            46.54278
          ],
          [
            7.9079859,
            46.542846
          ],
          [
            7.9079761,
            46.5429313
          ],
          [
            7.9080717,
            46.5430817
          ],
          [
            7.9081196,
            46.5430982
          ],
          [
            7.908156,
            46.543203
          ],
          [
            7.9081938,
            46.543245
          ],
          [
            7.9081965,
            46.5433105
          ],
          [
            7.9081695,
            46.5434001
          ],
          [
            7.9081742,
            46.5434548
          ],
          [
            7.9081713,
            46.5435408
          ],
          [
            7.9081786,
            46.5436111
          ],
          [
            7.9081531,
            46.5436698
          ],
          [
            7.9081594,
            46.5437044
          ],
          [
            7.9081424,
            46.543775
          ],
          [
            7.9081664,
            46.543862
          ],
          [
            7.9081379,
            46.5439686
          ],
          [
            7.9081517,
            46.5440439
          ],
          [
            7.9081614,
            46.544042
          ],
          [
            7.9082101,
            46.5439767
          ],
          [
            7.9083151,
            46.5438852
          ],
          [
            7.908337,
            46.5438629
          ],
          [
            7.9083525,
            46.5438621
          ],
          [
            7.9083653,
            46.543882
          ],
          [
            7.9084018,
            46.5439376
          ],
          [
            7.9084143,
            46.544015
          ],
          [
            7.908406,
            46.5440574
          ],
          [
            7.9084077,
            46.5440795
          ],
          [
            7.9084179,
            46.5440807
          ],
          [
            7.9084269,
            46.544073
          ],
          [
            7.9085797,
            46.5439341
          ],
          [
            7.9086077,
            46.5438905
          ],
          [
            7.9086208,
            46.5438825
          ],
          [
            7.9086289,
            46.543887
          ],
          [
            7.9086276,
            46.5439214
          ],
          [
            7.9086471,
            46.5440467
          ],
          [
            7.9086533,
            46.5440996
          ],
          [
            7.9086458,
            46.5441966
          ],
          [
            7.9086486,
            46.5442594
          ],
          [
            7.9086546,
            46.5442725
          ],
          [
            7.9086678,
            46.5442717
          ],
          [
            7.9086895,
            46.5442599
          ],
          [
            7.9087771,
            46.5441892
          ],
          [
            7.9088168,
            46.5441467
          ],
          [
            7.9088373,
            46.5441385
          ],
          [
            7.9088569,
            46.544141
          ],
          [
            7.9088682,
            46.544151
          ],
          [
            7.9088893,
            46.5442323
          ],
          [
            7.9089186,
            46.5443941
          ],
          [
            7.9089234,
            46.5444087
          ],
          [
            7.9089309,
            46.5444118
          ],
          [
            7.9089391,
            46.544411
          ],
          [
            7.9089465,
            46.5444071
          ],
          [
            7.9089503,
            46.5443983
          ],
          [
            7.9089545,
            46.5443904
          ],
          [
            7.9089673,
            46.5443816
          ],
          [
            7.9090628,
            46.5442864
          ],
          [
            7.9091598,
            46.5441533
          ],
          [
            7.9091734,
            46.5441012
          ],
          [
            7.9091832,
            46.5440848
          ],
          [
            7.9091959,
            46.5440739
          ],
          [
            7.9092188,
            46.5440593
          ],
          [
            7.9092771,
            46.5440429
          ],
          [
            7.9093264,
            46.544024
          ],
          [
            7.9093664,
            46.5439999
          ],
          [
            7.909403,
            46.5439833
          ],
          [
            7.9094441,
            46.5439778
          ],
          [
            7.9094888,
            46.543957
          ],
          [
            7.9095223,
            46.543934
          ],
          [
            7.909543,
            46.5439148
          ],
          [
            7.9095262,
            46.5438826
          ],
          [
            7.9094925,
            46.5438221
          ],
          [
            7.9094875,
            46.5438077
          ],
          [
            7.9094939,
            46.5437918
          ],
          [
            7.9095267,
            46.5437623
          ],
          [
            7.9095531,
            46.5437266
          ],
          [
            7.9095964,
            46.5436882
          ],
          [
            7.9096418,
            46.543647
          ],
          [
            7.909687,
            46.5436127
          ],
          [
            7.9096964,
            46.5435953
          ],
          [
            7.9097371,
            46.5435836
          ],
          [
            7.9097866,
            46.5435651
          ],
          [
            7.9098248,
            46.5434657
          ],
          [
            7.9098896,
            46.5433273
          ],
          [
            7.9099205,
            46.5432942
          ],
          [
            7.9101451,
            46.5431853
          ],
          [
            7.9101597,
            46.5431496
          ],
          [
            7.910224,
            46.5430921
          ],
          [
            7.9102554,
            46.5430461
          ],
          [
            7.9103134,
            46.5430071
          ],
          [
            7.9103183,
            46.5429626
          ],
          [
            7.9103325,
            46.5429239
          ],
          [
            7.9103278,
            46.5428908
          ],
          [
            7.9103386,
            46.5428532
          ],
          [
            7.9103339,
            46.5428143
          ],
          [
            7.9103587,
            46.5427609
          ],
          [
            7.9102634,
            46.5426672
          ],
          [
            7.9102657,
            46.542651
          ],
          [
            7.9102787,
            46.5426337
          ],
          [
            7.9103262,
            46.5426106
          ],
          [
            7.9103864,
            46.5425639
          ],
          [
            7.9104298,
            46.5425381
          ],
          [
            7.9104555,
            46.5425343
          ],
          [
            7.9104793,
            46.5425449
          ],
          [
            7.9105014,
            46.5425305
          ],
          [
            7.9105132,
            46.5425277
          ],
          [
            7.9105273,
            46.5425324
          ],
          [
            7.9105547,
            46.5425823
          ],
          [
            7.9105702,
            46.5426075
          ],
          [
            7.9105783,
            46.5426136
          ],
          [
            7.9105855,
            46.5426061
          ],
          [
            7.9105927,
            46.5425869
          ],
          [
            7.9106346,
            46.5425607
          ],
          [
            7.9107116,
            46.542484
          ],
          [
            7.9107319,
            46.5424373
          ],
          [
            7.9106987,
            46.5423885
          ],
          [
            7.9106961,
            46.5423318
          ],
          [
            7.9107861,
            46.5422969
          ],
          [
            7.9108271,
            46.5422593
          ],
          [
            7.9108272,
            46.5422273
          ],
          [
            7.9108272,
            46.5422114
          ],
          [
            7.9108214,
            46.5421148
          ],
          [
            7.9108067,
            46.5420686
          ],
          [
            7.9107119,
            46.5419175
          ],
          [
            7.9106357,
            46.5417083
          ],
          [
            7.9106605,
            46.5414594
          ],
          [
            7.9107669,
            46.5412964
          ],
          [
            7.9107649,
            46.5412801
          ],
          [
            7.9108021,
            46.5412293
          ],
          [
            7.9108104,
            46.5412152
          ],
          [
            7.9107926,
            46.5411939
          ],
          [
            7.9107666,
            46.5411566
          ],
          [
            7.9107607,
            46.5411184
          ],
          [
            7.9107666,
            46.5410883
          ],
          [
            7.9107877,
            46.5410607
          ],
          [
            7.9108395,
            46.5410332
          ],
          [
            7.910844,
            46.5409955
          ],
          [
            7.9108588,
            46.5409681
          ],
          [
            7.9108685,
            46.5409555
          ],
          [
            7.910922,
            46.5409362
          ],
          [
            7.9109564,
            46.5409037
          ],
          [
            7.91098,
            46.5408788
          ],
          [
            7.9109882,
            46.5408582
          ],
          [
            7.9110231,
            46.5408384
          ],
          [
            7.9110408,
            46.5408217
          ],
          [
            7.9110438,
            46.5408109
          ],
          [
            7.9110315,
            46.5407818
          ],
          [
            7.9110288,
            46.5407577
          ],
          [
            7.9110396,
            46.5407348
          ],
          [
            7.9110664,
            46.5406994
          ],
          [
            7.9111001,
            46.540671
          ],
          [
            7.9111464,
            46.5406167
          ],
          [
            7.9111676,
            46.54055
          ],
          [
            7.9111817,
            46.5405222
          ],
          [
            7.9111823,
            46.5405033
          ],
          [
            7.9112274,
            46.5404287
          ],
          [
            7.9112587,
            46.5403912
          ],
          [
            7.9112994,
            46.5403621
          ],
          [
            7.911343,
            46.5403082
          ],
          [
            7.9113753,
            46.5402681
          ],
          [
            7.9113462,
            46.5401717
          ],
          [
            7.9113177,
            46.5400829
          ],
          [
            7.9113142,
            46.5400393
          ],
          [
            7.9113441,
            46.539951
          ],
          [
            7.9113596,
            46.5399242
          ],
          [
            7.9113225,
            46.5399106
          ],
          [
            7.9113078,
            46.5398945
          ],
          [
            7.9113044,
            46.5398706
          ],
          [
            7.9113034,
            46.5398633
          ],
          [
            7.9113129,
            46.5398429
          ],
          [
            7.9112925,
            46.5398294
          ],
          [
            7.9113056,
            46.5398001
          ],
          [
            7.9113491,
            46.5397613
          ],
          [
            7.9113462,
            46.5397241
          ],
          [
            7.9113615,
            46.5396697
          ],
          [
            7.9113643,
            46.539645
          ],
          [
            7.9113544,
            46.5396268
          ],
          [
            7.9114015,
            46.5396102
          ],
          [
            7.9114603,
            46.5395833
          ],
          [
            7.911494,
            46.5395678
          ],
          [
            7.9115542,
            46.5395663
          ],
          [
            7.9115741,
            46.5395552
          ],
          [
            7.9116239,
            46.5395542
          ],
          [
            7.9116755,
            46.5395337
          ],
          [
            7.9117113,
            46.5395257
          ],
          [
            7.9117961,
            46.539535
          ],
          [
            7.9118729,
            46.5395399
          ],
          [
            7.9119135,
            46.5395394
          ],
          [
            7.9120007,
            46.5395141
          ],
          [
            7.912093,
            46.5394674
          ],
          [
            7.9122208,
            46.5394309
          ],
          [
            7.9123434,
            46.5394054
          ],
          [
            7.9124132,
            46.5393947
          ],
          [
            7.912512,
            46.5394004
          ],
          [
            7.9125415,
            46.5394046
          ],
          [
            7.9125659,
            46.539405
          ],
          [
            7.9125843,
            46.5394002
          ],
          [
            7.9126009,
            46.5393891
          ],
          [
            7.9125933,
            46.5393683
          ],
          [
            7.9125878,
            46.5393521
          ],
          [
            7.9125939,
            46.5393363
          ],
          [
            7.9126139,
            46.5393254
          ],
          [
            7.9126508,
            46.539322
          ],
          [
            7.9126848,
            46.539323
          ],
          [
            7.9127152,
            46.5393127
          ],
          [
            7.9127313,
            46.5392861
          ],
          [
            7.9127459,
            46.539256
          ],
          [
            7.9127411,
            46.5392194
          ],
          [
            7.9127141,
            46.539169
          ],
          [
            7.9126699,
            46.5391283
          ],
          [
            7.9126548,
            46.5390824
          ],
          [
            7.9126702,
            46.5390452
          ],
          [
            7.9127221,
            46.539017
          ],
          [
            7.9127205,
            46.5389948
          ],
          [
            7.912687,
            46.5389636
          ],
          [
            7.9126042,
            46.5389284
          ],
          [
            7.9125529,
            46.538894
          ],
          [
            7.9124999,
            46.538863
          ],
          [
            7.9124811,
            46.5388364
          ],
          [
            7.9124517,
            46.5388336
          ],
          [
            7.912439,
            46.5388181
          ],
          [
            7.9124323,
            46.5388
          ],
          [
            7.9124129,
            46.5387754
          ],
          [
            7.9124325,
            46.5387512
          ],
          [
            7.9124037,
            46.5387083
          ],
          [
            7.9124102,
            46.5386723
          ],
          [
            7.9123887,
            46.5386618
          ],
          [
            7.9123813,
            46.5386405
          ],
          [
            7.9123841,
            46.5386182
          ],
          [
            7.9123946,
            46.5386064
          ],
          [
            7.9124097,
            46.5386047
          ],
          [
            7.9124294,
            46.5386105
          ],
          [
            7.9124448,
            46.5386246
          ],
          [
            7.9124716,
            46.5386391
          ],
          [
            7.9125025,
            46.538647
          ],
          [
            7.9125228,
            46.5386551
          ],
          [
            7.9125497,
            46.5386655
          ],
          [
            7.9125769,
            46.5386697
          ],
          [
            7.9126012,
            46.5386722
          ],
          [
            7.9126219,
            46.5386826
          ],
          [
            7.9126455,
            46.5386842
          ],
          [
            7.9126829,
            46.5386871
          ],
          [
            7.9126971,
            46.5386823
          ],
          [
            7.9126985,
            46.538669
          ],
          [
            7.9126944,
            46.5386571
          ],
          [
            7.9126431,
            46.5385984
          ],
          [
            7.9126064,
            46.538546
          ],
          [
            7.9125775,
            46.5384928
          ],
          [
            7.9125539,
            46.5384802
          ],
          [
            7.9125303,
            46.5384797
          ],
          [
            7.9125215,
            46.5384562
          ],
          [
            7.9125307,
            46.538444
          ],
          [
            7.912526,
            46.5384252
          ],
          [
            7.9125124,
            46.5383697
          ],
          [
            7.9125247,
            46.538354
          ],
          [
            7.9125363,
            46.5383089
          ],
          [
            7.9125394,
            46.5382919
          ],
          [
            7.9125585,
            46.5382773
          ],
          [
            7.912588,
            46.5382663
          ],
          [
            7.9125861,
            46.5382434
          ],
          [
            7.9126057,
            46.5382038
          ],
          [
            7.9126815,
            46.5381111
          ],
          [
            7.9127021,
            46.5378764
          ],
          [
            7.9127168,
            46.537862
          ],
          [
            7.91276,
            46.5378566
          ],
          [
            7.9128872,
            46.5378616
          ],
          [
            7.912993,
            46.5378628
          ],
          [
            7.9130876,
            46.5378581
          ],
          [
            7.9131543,
            46.5378198
          ],
          [
            7.9131939,
            46.5376335
          ],
          [
            7.9132145,
            46.537596
          ],
          [
            7.9132462,
            46.5375402
          ],
          [
            7.913266,
            46.5375275
          ],
          [
            7.9133018,
            46.5374985
          ],
          [
            7.9133236,
            46.5374798
          ],
          [
            7.913327,
            46.5374649
          ],
          [
            7.9132975,
            46.537441
          ],
          [
            7.9132996,
            46.5373905
          ],
          [
            7.9133373,
            46.5372917
          ],
          [
            7.9134144,
            46.537203
          ],
          [
            7.9134272,
            46.5371754
          ],
          [
            7.9134074,
            46.5370981
          ],
          [
            7.913397,
            46.5370632
          ],
          [
            7.913413,
            46.5370323
          ],
          [
            7.9134098,
            46.5370135
          ],
          [
            7.913412,
            46.5369794
          ],
          [
            7.9134041,
            46.5369384
          ],
          [
            7.9133983,
            46.5369137
          ],
          [
            7.913411,
            46.5368996
          ],
          [
            7.9134048,
            46.5368839
          ],
          [
            7.9134061,
            46.5368633
          ],
          [
            7.9134172,
            46.5368393
          ],
          [
            7.9134338,
            46.5368234
          ],
          [
            7.9134429,
            46.5367979
          ],
          [
            7.9134854,
            46.5367685
          ],
          [
            7.9135238,
            46.5367548
          ],
          [
            7.9135427,
            46.5367424
          ],
          [
            7.9135419,
            46.5367174
          ],
          [
            7.91355,
            46.5366945
          ],
          [
            7.9135889,
            46.5366747
          ],
          [
            7.9136082,
            46.5366656
          ],
          [
            7.9136071,
            46.5366606
          ],
          [
            7.9136021,
            46.5366547
          ],
          [
            7.9135938,
            46.5366472
          ],
          [
            7.913594,
            46.5366417
          ],
          [
            7.913607,
            46.5366271
          ],
          [
            7.9136396,
            46.5366021
          ],
          [
            7.9136577,
            46.5365994
          ],
          [
            7.9136776,
            46.5365946
          ],
          [
            7.9136842,
            46.5365877
          ],
          [
            7.9136947,
            46.536576
          ],
          [
            7.9137059,
            46.5365707
          ],
          [
            7.9137195,
            46.536561
          ],
          [
            7.9137404,
            46.5365552
          ],
          [
            7.9137682,
            46.5365514
          ],
          [
            7.9137845,
            46.536546
          ],
          [
            7.9138135,
            46.5365219
          ],
          [
            7.9138258,
            46.5365161
          ],
          [
            7.9138392,
            46.5365184
          ],
          [
            7.9138524,
            46.5365164
          ],
          [
            7.9138743,
            46.5364993
          ],
          [
            7.9138975,
            46.5364896
          ],
          [
            7.9139071,
            46.5364788
          ],
          [
            7.9139217,
            46.5364716
          ],
          [
            7.9139502,
            46.5364662
          ],
          [
            7.9139635,
            46.5364614
          ],
          [
            7.9139716,
            46.5364534
          ],
          [
            7.9139832,
            46.5364402
          ],
          [
            7.9139941,
            46.5364289
          ],
          [
            7.9140076,
            46.5364198
          ],
          [
            7.9140197,
            46.5364212
          ],
          [
            7.9140295,
            46.5364249
          ],
          [
            7.9140388,
            46.5364343
          ],
          [
            7.9140519,
            46.5364357
          ],
          [
            7.9140584,
            46.5364339
          ],
          [
            7.9140608,
            46.53643
          ],
          [
            7.9140598,
            46.5364178
          ],
          [
            7.91406,
            46.5364049
          ],
          [
            7.914066,
            46.536393
          ],
          [
            7.9140757,
            46.5363863
          ],
          [
            7.9140944,
            46.5363714
          ],
          [
            7.9141082,
            46.5363653
          ],
          [
            7.9141179,
            46.5363629
          ],
          [
            7.9141244,
            46.5363586
          ],
          [
            7.9141345,
            46.5363555
          ],
          [
            7.9141419,
            46.5363568
          ],
          [
            7.9141449,
            46.5363606
          ],
          [
            7.9141449,
            46.5363684
          ],
          [
            7.9141478,
            46.5363858
          ],
          [
            7.9141419,
            46.5364068
          ],
          [
            7.9141444,
            46.5364241
          ],
          [
            7.9141352,
            46.5364497
          ],
          [
            7.9141105,
            46.536477
          ],
          [
            7.9141086,
            46.5365036
          ],
          [
            7.9140985,
            46.5365447
          ],
          [
            7.9140859,
            46.5365728
          ],
          [
            7.9140751,
            46.536595
          ],
          [
            7.9140568,
            46.5366188
          ],
          [
            7.9140525,
            46.5366403
          ],
          [
            7.9140551,
            46.5366496
          ],
          [
            7.9140595,
            46.5366573
          ],
          [
            7.9140691,
            46.5366579
          ],
          [
            7.9140796,
            46.5366508
          ],
          [
            7.9140923,
            46.5366294
          ],
          [
            7.9141191,
            46.5366049
          ],
          [
            7.9141578,
            46.5365739
          ],
          [
            7.9141846,
            46.5365498
          ],
          [
            7.9142461,
            46.5365027
          ],
          [
            7.9142817,
            46.5364884
          ],
          [
            7.9143698,
            46.5364117
          ],
          [
            7.9143968,
            46.5364007
          ],
          [
            7.9144437,
            46.5363605
          ],
          [
            7.9145234,
            46.5363159
          ],
          [
            7.9146068,
            46.5362902
          ],
          [
            7.9146853,
            46.5362279
          ],
          [
            7.9147692,
            46.5361836
          ],
          [
            7.9148649,
            46.5361366
          ],
          [
            7.9149556,
            46.5360704
          ],
          [
            7.914956,
            46.5360466
          ],
          [
            7.9149561,
            46.5360367
          ],
          [
            7.9148343,
            46.5359638
          ],
          [
            7.9148047,
            46.5359351
          ],
          [
            7.9147428,
            46.5359178
          ],
          [
            7.9147045,
            46.5359004
          ],
          [
            7.9146801,
            46.5358795
          ],
          [
            7.9146452,
            46.535851
          ],
          [
            7.9146029,
            46.5358267
          ],
          [
            7.9145552,
            46.5358155
          ],
          [
            7.9143627,
            46.5353948
          ],
          [
            7.9149645,
            46.5346762
          ],
          [
            7.9146529,
            46.5344438
          ],
          [
            7.9148929,
            46.533982
          ],
          [
            7.9149426,
            46.5339372
          ],
          [
            7.9149627,
            46.5339283
          ],
          [
            7.9149634,
            46.5339092
          ],
          [
            7.9149541,
            46.5339029
          ],
          [
            7.9149269,
            46.5338834
          ],
          [
            7.9149139,
            46.5338586
          ],
          [
            7.9149212,
            46.533831
          ],
          [
            7.9149354,
            46.5338095
          ],
          [
            7.9149872,
            46.5337685
          ],
          [
            7.9150023,
            46.5337003
          ],
          [
            7.9151099,
            46.5335124
          ],
          [
            7.9150963,
            46.5333815
          ],
          [
            7.9150952,
            46.5333571
          ],
          [
            7.9150723,
            46.5333281
          ],
          [
            7.9150595,
            46.5333058
          ],
          [
            7.9150555,
            46.5332485
          ],
          [
            7.9150338,
            46.5332163
          ],
          [
            7.9150261,
            46.5331836
          ],
          [
            7.9150284,
            46.5331672
          ],
          [
            7.9150194,
            46.5331568
          ],
          [
            7.9150312,
            46.5330847
          ],
          [
            7.9150371,
            46.5330271
          ],
          [
            7.9150412,
            46.5329788
          ],
          [
            7.9150608,
            46.5329396
          ],
          [
            7.9150871,
            46.5328945
          ],
          [
            7.9150767,
            46.532866
          ],
          [
            7.9150798,
            46.5328377
          ],
          [
            7.91511,
            46.5327788
          ],
          [
            7.9151228,
            46.5327483
          ],
          [
            7.9151239,
            46.5327207
          ],
          [
            7.9151183,
            46.5326832
          ],
          [
            7.915137,
            46.5326637
          ],
          [
            7.9151484,
            46.5326459
          ],
          [
            7.9151452,
            46.5326142
          ],
          [
            7.91515,
            46.5326055
          ],
          [
            7.9151523,
            46.5326012
          ],
          [
            7.915186,
            46.5325925
          ],
          [
            7.9152093,
            46.5325782
          ],
          [
            7.9152258,
            46.5325621
          ],
          [
            7.9152291,
            46.5325397
          ],
          [
            7.9152596,
            46.5325054
          ],
          [
            7.9152737,
            46.5324952
          ],
          [
            7.9152799,
            46.5324793
          ],
          [
            7.9153176,
            46.5324577
          ],
          [
            7.9153311,
            46.5324316
          ],
          [
            7.9153799,
            46.5324008
          ],
          [
            7.9153804,
            46.5323799
          ],
          [
            7.915385,
            46.5323585
          ],
          [
            7.9154245,
            46.5323165
          ],
          [
            7.9154282,
            46.5323027
          ],
          [
            7.9154102,
            46.5322867
          ],
          [
            7.9154076,
            46.5322623
          ],
          [
            7.9154038,
            46.5322454
          ],
          [
            7.9153963,
            46.5322361
          ],
          [
            7.9153947,
            46.5322232
          ],
          [
            7.9154084,
            46.5322198
          ],
          [
            7.9154306,
            46.5322268
          ],
          [
            7.9154392,
            46.5322291
          ],
          [
            7.9154523,
            46.53222
          ],
          [
            7.9154642,
            46.5322146
          ],
          [
            7.9154803,
            46.5322094
          ],
          [
            7.9154959,
            46.5322098
          ],
          [
            7.9155247,
            46.5322229
          ],
          [
            7.9155297,
            46.532224
          ],
          [
            7.9155455,
            46.5322166
          ],
          [
            7.9155656,
            46.5322133
          ],
          [
            7.9155768,
            46.5322135
          ],
          [
            7.9155869,
            46.5322195
          ],
          [
            7.9155934,
            46.5322324
          ],
          [
            7.9155885,
            46.5322441
          ],
          [
            7.9155933,
            46.532257
          ],
          [
            7.9156018,
            46.5322599
          ],
          [
            7.9156146,
            46.5322617
          ],
          [
            7.915637,
            46.5322793
          ],
          [
            7.9156566,
            46.5322898
          ],
          [
            7.9156622,
            46.5323037
          ],
          [
            7.9156675,
            46.5323079
          ],
          [
            7.9156758,
            46.5323087
          ],
          [
            7.9156868,
            46.5323239
          ],
          [
            7.9156921,
            46.5323263
          ],
          [
            7.9156972,
            46.5323259
          ],
          [
            7.9157033,
            46.5323241
          ],
          [
            7.9157022,
            46.5323145
          ],
          [
            7.9157071,
            46.5323112
          ],
          [
            7.9157257,
            46.5323118
          ],
          [
            7.9157393,
            46.5323051
          ],
          [
            7.9157608,
            46.5322821
          ],
          [
            7.9157696,
            46.5322749
          ],
          [
            7.915777,
            46.5322744
          ],
          [
            7.9157873,
            46.5322841
          ],
          [
            7.915801,
            46.5322874
          ],
          [
            7.9158105,
            46.5322827
          ],
          [
            7.9158204,
            46.5322615
          ],
          [
            7.9158491,
            46.532252
          ],
          [
            7.9158579,
            46.5322413
          ],
          [
            7.9158773,
            46.5322436
          ],
          [
            7.9159079,
            46.5322363
          ],
          [
            7.915929,
            46.5322249
          ],
          [
            7.9159531,
            46.5321959
          ],
          [
            7.9159743,
            46.5321895
          ],
          [
            7.9159877,
            46.532187
          ],
          [
            7.9159988,
            46.5321987
          ],
          [
            7.9160081,
            46.5322175
          ],
          [
            7.9160139,
            46.5322208
          ],
          [
            7.9160249,
            46.5322177
          ],
          [
            7.9160536,
            46.5322018
          ],
          [
            7.9160645,
            46.5322002
          ],
          [
            7.9160921,
            46.5322036
          ],
          [
            7.9161026,
            46.5322101
          ],
          [
            7.9161242,
            46.5322024
          ],
          [
            7.9161392,
            46.5322075
          ],
          [
            7.9161728,
            46.5321913
          ],
          [
            7.9161938,
            46.5321839
          ],
          [
            7.916208,
            46.5321805
          ],
          [
            7.9162138,
            46.532183
          ],
          [
            7.9162161,
            46.5321923
          ],
          [
            7.916219,
            46.5321972
          ],
          [
            7.9162396,
            46.5321967
          ],
          [
            7.9162596,
            46.5322032
          ],
          [
            7.9162896,
            46.5321847
          ],
          [
            7.9163137,
            46.5321749
          ],
          [
            7.9163421,
            46.5321642
          ],
          [
            7.91638,
            46.5321547
          ],
          [
            7.9164048,
            46.5321514
          ],
          [
            7.9163878,
            46.5321689
          ],
          [
            7.9164033,
            46.5321845
          ],
          [
            7.916385,
            46.5321979
          ],
          [
            7.916395,
            46.5322202
          ],
          [
            7.9163871,
            46.5322436
          ],
          [
            7.9163855,
            46.5322718
          ],
          [
            7.9163602,
            46.5323296
          ],
          [
            7.9163707,
            46.5323898
          ],
          [
            7.9163553,
            46.5324226
          ],
          [
            7.9163853,
            46.5324495
          ],
          [
            7.9163965,
            46.5324793
          ],
          [
            7.9164062,
            46.5325155
          ],
          [
            7.9164345,
            46.5325272
          ],
          [
            7.9164451,
            46.5325529
          ],
          [
            7.9164633,
            46.5325655
          ],
          [
            7.9164983,
            46.532554
          ],
          [
            7.9165758,
            46.5325099
          ],
          [
            7.9166531,
            46.5324733
          ],
          [
            7.9167082,
            46.5324547
          ],
          [
            7.9167295,
            46.5324329
          ],
          [
            7.9167258,
            46.5324131
          ],
          [
            7.9167363,
            46.5323822
          ],
          [
            7.9167569,
            46.5323307
          ],
          [
            7.9167532,
            46.5323064
          ],
          [
            7.9167758,
            46.5322831
          ],
          [
            7.9168049,
            46.53227
          ],
          [
            7.9168197,
            46.5322715
          ],
          [
            7.9168478,
            46.532306
          ],
          [
            7.9168665,
            46.5323127
          ],
          [
            7.9169026,
            46.532295
          ],
          [
            7.9172312,
            46.5322293
          ],
          [
            7.917289,
            46.5322148
          ],
          [
            7.9173034,
            46.5321996
          ],
          [
            7.9173262,
            46.5321987
          ],
          [
            7.9173412,
            46.5322169
          ],
          [
            7.917374,
            46.5322119
          ],
          [
            7.917443,
            46.5321789
          ],
          [
            7.9174571,
            46.5321579
          ],
          [
            7.9174761,
            46.5321631
          ],
          [
            7.9174875,
            46.5321611
          ],
          [
            7.917493,
            46.5321535
          ],
          [
            7.9174979,
            46.532147
          ],
          [
            7.9175062,
            46.5321456
          ],
          [
            7.9175103,
            46.5321493
          ],
          [
            7.9175186,
            46.5321511
          ],
          [
            7.9175237,
            46.5321473
          ],
          [
            7.9175302,
            46.5321391
          ],
          [
            7.9175339,
            46.5321321
          ],
          [
            7.9175472,
            46.5321279
          ],
          [
            7.9175619,
            46.5321265
          ],
          [
            7.9175991,
            46.5320996
          ],
          [
            7.917612,
            46.5320942
          ],
          [
            7.9176271,
            46.5320948
          ],
          [
            7.9176979,
            46.5321153
          ],
          [
            7.9177374,
            46.5321185
          ],
          [
            7.9178523,
            46.5321435
          ],
          [
            7.917914,
            46.5321488
          ],
          [
            7.9179491,
            46.5321635
          ],
          [
            7.9179617,
            46.5321733
          ],
          [
            7.9180932,
            46.5321909
          ],
          [
            7.9181424,
            46.5322103
          ],
          [
            7.9182017,
            46.5322137
          ],
          [
            7.9182476,
            46.5322306
          ],
          [
            7.918366,
            46.532235
          ],
          [
            7.9184849,
            46.5322316
          ],
          [
            7.9185823,
            46.5322022
          ],
          [
            7.9186592,
            46.5321745
          ],
          [
            7.9187351,
            46.5321453
          ],
          [
            7.9188092,
            46.5321072
          ],
          [
            7.9188232,
            46.5320861
          ],
          [
            7.9188373,
            46.532065
          ],
          [
            7.9188419,
            46.5320323
          ],
          [
            7.9188151,
            46.5320028
          ],
          [
            7.9188017,
            46.5319859
          ],
          [
            7.9188024,
            46.5319759
          ],
          [
            7.9188102,
            46.5319699
          ],
          [
            7.9188241,
            46.5319676
          ],
          [
            7.9188875,
            46.5319867
          ],
          [
            7.918966,
            46.5320034
          ],
          [
            7.918989,
            46.5320083
          ],
          [
            7.9190034,
            46.5320039
          ],
          [
            7.9190157,
            46.5320002
          ],
          [
            7.9190205,
            46.5319852
          ],
          [
            7.91898,
            46.5319516
          ],
          [
            7.918956,
            46.5319453
          ],
          [
            7.9189534,
            46.5319407
          ],
          [
            7.9189585,
            46.5319362
          ],
          [
            7.9189718,
            46.5319368
          ],
          [
            7.9190519,
            46.5319448
          ],
          [
            7.9191188,
            46.5319598
          ],
          [
            7.9191722,
            46.5319744
          ],
          [
            7.9192249,
            46.5319936
          ],
          [
            7.9193489,
            46.5320437
          ],
          [
            7.9193706,
            46.5320431
          ],
          [
            7.9193885,
            46.5320383
          ],
          [
            7.9193979,
            46.5320297
          ],
          [
            7.9194012,
            46.5320035
          ],
          [
            7.9194159,
            46.531992
          ],
          [
            7.9194347,
            46.5319886
          ],
          [
            7.9195467,
            46.5319887
          ],
          [
            7.919677,
            46.5320035
          ],
          [
            7.919764,
            46.5320123
          ],
          [
            7.919779,
            46.532005
          ],
          [
            7.9198853,
            46.5320245
          ],
          [
            7.9199907,
            46.5320594
          ],
          [
            7.9200674,
            46.5320645
          ],
          [
            7.9200874,
            46.5320619
          ],
          [
            7.9201076,
            46.5320444
          ],
          [
            7.9201289,
            46.5320333
          ],
          [
            7.9201648,
            46.5320315
          ],
          [
            7.9201949,
            46.5320331
          ],
          [
            7.9202107,
            46.5320415
          ],
          [
            7.9202402,
            46.5320396
          ],
          [
            7.920265,
            46.5320406
          ],
          [
            7.9203023,
            46.5320471
          ],
          [
            7.9203421,
            46.532047
          ],
          [
            7.9203918,
            46.5320574
          ],
          [
            7.9204474,
            46.5320556
          ],
          [
            7.9204824,
            46.5320609
          ],
          [
            7.9205075,
            46.5320747
          ],
          [
            7.9205251,
            46.5320794
          ],
          [
            7.9205606,
            46.5320726
          ],
          [
            7.9205953,
            46.5320757
          ],
          [
            7.9206147,
            46.5320761
          ],
          [
            7.9206263,
            46.5320862
          ],
          [
            7.9206446,
            46.5320896
          ],
          [
            7.9206637,
            46.5320874
          ],
          [
            7.9206745,
            46.5320774
          ],
          [
            7.9206923,
            46.5320715
          ],
          [
            7.9208302,
            46.5320827
          ],
          [
            7.9208749,
            46.5320962
          ],
          [
            7.9208958,
            46.5321072
          ],
          [
            7.920912,
            46.5321075
          ],
          [
            7.9209262,
            46.5321026
          ],
          [
            7.9209351,
            46.5320947
          ],
          [
            7.9209296,
            46.5320722
          ],
          [
            7.920931,
            46.532068
          ],
          [
            7.9209487,
            46.5320702
          ],
          [
            7.9209552,
            46.53208
          ],
          [
            7.9209682,
            46.5320789
          ],
          [
            7.9209919,
            46.5320833
          ],
          [
            7.9210138,
            46.5320941
          ],
          [
            7.9210425,
            46.5321052
          ],
          [
            7.9210786,
            46.5321036
          ],
          [
            7.9211068,
            46.5321011
          ],
          [
            7.9211369,
            46.5321041
          ],
          [
            7.921156,
            46.5321302
          ],
          [
            7.9211777,
            46.5321389
          ],
          [
            7.9212075,
            46.5321331
          ],
          [
            7.9212309,
            46.5321482
          ],
          [
            7.921426,
            46.53221
          ],
          [
            7.9215084,
            46.5322325
          ],
          [
            7.9215364,
            46.5322437
          ],
          [
            7.9215529,
            46.5322562
          ],
          [
            7.9215713,
            46.5322463
          ],
          [
            7.9215947,
            46.5322245
          ],
          [
            7.921636,
            46.532204
          ],
          [
            7.9216641,
            46.5321824
          ],
          [
            7.9216355,
            46.5321424
          ],
          [
            7.9216192,
            46.532119
          ],
          [
            7.9215807,
            46.5320978
          ],
          [
            7.9215428,
            46.5320593
          ],
          [
            7.9215114,
            46.5320264
          ],
          [
            7.9215052,
            46.532016
          ],
          [
            7.9214956,
            46.5320049
          ],
          [
            7.9214888,
            46.5319991
          ],
          [
            7.921485,
            46.5319925
          ],
          [
            7.9215143,
            46.5319803
          ],
          [
            7.9214825,
            46.5319725
          ],
          [
            7.9214737,
            46.5319494
          ],
          [
            7.9214823,
            46.5319246
          ],
          [
            7.9215167,
            46.5319131
          ],
          [
            7.9215474,
            46.531913
          ],
          [
            7.921581,
            46.5319163
          ],
          [
            7.9216066,
            46.5319159
          ],
          [
            7.9216182,
            46.5319205
          ],
          [
            7.9216226,
            46.5319295
          ],
          [
            7.9216333,
            46.531938
          ],
          [
            7.9216619,
            46.531937
          ],
          [
            7.9216936,
            46.5319352
          ],
          [
            7.921721,
            46.5319464
          ],
          [
            7.921729,
            46.5319474
          ],
          [
            7.9217384,
            46.5319466
          ],
          [
            7.9217421,
            46.5319428
          ],
          [
            7.9217426,
            46.5319348
          ],
          [
            7.9217525,
            46.5319299
          ],
          [
            7.9217895,
            46.5319238
          ],
          [
            7.9218125,
            46.5319181
          ],
          [
            7.9218272,
            46.5319186
          ],
          [
            7.9218359,
            46.5319263
          ],
          [
            7.9218401,
            46.5319322
          ],
          [
            7.921855,
            46.5319354
          ],
          [
            7.9218909,
            46.5319335
          ],
          [
            7.9219067,
            46.5319307
          ],
          [
            7.9219184,
            46.5319301
          ],
          [
            7.9219294,
            46.5319349
          ],
          [
            7.9219332,
            46.5319448
          ],
          [
            7.9219405,
            46.5319507
          ],
          [
            7.9219656,
            46.5319489
          ],
          [
            7.9219912,
            46.5319533
          ],
          [
            7.9220083,
            46.5319547
          ],
          [
            7.9220233,
            46.5319599
          ],
          [
            7.9220329,
            46.5319723
          ],
          [
            7.9220549,
            46.5319985
          ],
          [
            7.9220587,
            46.5320106
          ],
          [
            7.922069,
            46.5320181
          ],
          [
            7.9220831,
            46.5320218
          ],
          [
            7.9220948,
            46.5320207
          ],
          [
            7.9221241,
            46.5319962
          ],
          [
            7.9221414,
            46.5319835
          ],
          [
            7.9221503,
            46.5319844
          ],
          [
            7.9221566,
            46.5319902
          ],
          [
            7.9221657,
            46.5319894
          ],
          [
            7.9221763,
            46.5319853
          ],
          [
            7.9221762,
            46.5319754
          ],
          [
            7.9221848,
            46.5319649
          ],
          [
            7.9222053,
            46.5319522
          ],
          [
            7.9222275,
            46.5319451
          ],
          [
            7.9222455,
            46.5319449
          ],
          [
            7.9222618,
            46.5319493
          ],
          [
            7.9223039,
            46.5319456
          ],
          [
            7.9223186,
            46.5319424
          ],
          [
            7.9223372,
            46.5319323
          ],
          [
            7.9223484,
            46.5319297
          ],
          [
            7.9223595,
            46.5319279
          ],
          [
            7.9223934,
            46.531933
          ],
          [
            7.9224283,
            46.5319403
          ],
          [
            7.9224456,
            46.5319434
          ],
          [
            7.9224562,
            46.5319435
          ],
          [
            7.9224633,
            46.5319416
          ],
          [
            7.922468,
            46.5319379
          ],
          [
            7.9224677,
            46.5319338
          ],
          [
            7.9224728,
            46.531931
          ],
          [
            7.9224831,
            46.5319315
          ],
          [
            7.9224902,
            46.5319309
          ],
          [
            7.9224979,
            46.531927
          ],
          [
            7.9225024,
            46.5319227
          ],
          [
            7.9225007,
            46.5319177
          ],
          [
            7.9224976,
            46.5319121
          ],
          [
            7.922499,
            46.5319048
          ],
          [
            7.922504,
            46.5319019
          ],
          [
            7.922515,
            46.5318999
          ],
          [
            7.9225279,
            46.5318998
          ],
          [
            7.9225388,
            46.5318996
          ],
          [
            7.9225597,
            46.5319103
          ],
          [
            7.9225669,
            46.5319144
          ],
          [
            7.9225747,
            46.5319155
          ],
          [
            7.9225818,
            46.5319141
          ],
          [
            7.9225852,
            46.5319105
          ],
          [
            7.9225877,
            46.531903
          ],
          [
            7.9225867,
            46.531896
          ],
          [
            7.9225888,
            46.5318886
          ],
          [
            7.9225965,
            46.5318857
          ],
          [
            7.9226067,
            46.531883
          ],
          [
            7.922617,
            46.5318829
          ],
          [
            7.9226263,
            46.5318914
          ],
          [
            7.9226383,
            46.5318934
          ],
          [
            7.9226479,
            46.5318929
          ],
          [
            7.9226559,
            46.5318887
          ],
          [
            7.9226644,
            46.5318837
          ],
          [
            7.9226692,
            46.5318759
          ],
          [
            7.9226695,
            46.5318669
          ],
          [
            7.922672,
            46.531858
          ],
          [
            7.9226777,
            46.5318525
          ],
          [
            7.9227021,
            46.5318435
          ],
          [
            7.9227176,
            46.5318394
          ],
          [
            7.9227368,
            46.5318416
          ],
          [
            7.9227485,
            46.5318407
          ],
          [
            7.9227592,
            46.5318328
          ],
          [
            7.9227789,
            46.5318214
          ],
          [
            7.9227909,
            46.5318182
          ],
          [
            7.9228046,
            46.5318191
          ],
          [
            7.9228147,
            46.5318156
          ],
          [
            7.9228276,
            46.5318077
          ],
          [
            7.9228366,
            46.5318056
          ],
          [
            7.9228469,
            46.531807
          ],
          [
            7.9228794,
            46.5318132
          ],
          [
            7.9229072,
            46.5318202
          ],
          [
            7.9229347,
            46.5318204
          ],
          [
            7.9229492,
            46.5318197
          ],
          [
            7.9229756,
            46.5318288
          ],
          [
            7.923001,
            46.5318381
          ],
          [
            7.9230165,
            46.5318342
          ],
          [
            7.9230296,
            46.5318323
          ],
          [
            7.9230428,
            46.5318297
          ],
          [
            7.92305,
            46.5318229
          ],
          [
            7.9230536,
            46.5318154
          ],
          [
            7.9230544,
            46.5318024
          ],
          [
            7.9230526,
            46.5317928
          ],
          [
            7.9230559,
            46.5317883
          ],
          [
            7.9230709,
            46.5317796
          ],
          [
            7.9230734,
            46.5317697
          ],
          [
            7.9230738,
            46.5317544
          ],
          [
            7.9230691,
            46.5317409
          ],
          [
            7.9230675,
            46.5317312
          ],
          [
            7.9230687,
            46.5317268
          ],
          [
            7.9230716,
            46.531724
          ],
          [
            7.9230862,
            46.5317208
          ],
          [
            7.9231036,
            46.5317142
          ],
          [
            7.9231162,
            46.5317064
          ],
          [
            7.9231203,
            46.5317018
          ],
          [
            7.9231254,
            46.5316999
          ],
          [
            7.9231315,
            46.5316969
          ],
          [
            7.9231484,
            46.5316969
          ],
          [
            7.9231601,
            46.531701
          ],
          [
            7.9231648,
            46.5317028
          ],
          [
            7.923172,
            46.5317042
          ],
          [
            7.9231768,
            46.531702
          ],
          [
            7.9231806,
            46.5316979
          ],
          [
            7.9231818,
            46.5316936
          ],
          [
            7.9231835,
            46.5316876
          ],
          [
            7.9231864,
            46.5316851
          ],
          [
            7.9231856,
            46.531676
          ],
          [
            7.923188,
            46.5316674
          ],
          [
            7.9231927,
            46.5316585
          ],
          [
            7.9231894,
            46.531644
          ],
          [
            7.9231831,
            46.5316308
          ],
          [
            7.923182,
            46.5316254
          ],
          [
            7.9231753,
            46.5316211
          ],
          [
            7.9231708,
            46.5316161
          ],
          [
            7.9231689,
            46.5316105
          ],
          [
            7.9231702,
            46.5316059
          ],
          [
            7.9231725,
            46.5316019
          ],
          [
            7.9231775,
            46.5315985
          ],
          [
            7.9231844,
            46.5315946
          ],
          [
            7.9231856,
            46.531586
          ],
          [
            7.923189,
            46.5315766
          ],
          [
            7.9231887,
            46.5315713
          ],
          [
            7.9231846,
            46.5315664
          ],
          [
            7.9231826,
            46.5315635
          ],
          [
            7.9231861,
            46.5315604
          ],
          [
            7.9231924,
            46.5315592
          ],
          [
            7.9232001,
            46.5315601
          ],
          [
            7.9232073,
            46.5315598
          ],
          [
            7.9232141,
            46.5315565
          ],
          [
            7.9232166,
            46.5315517
          ],
          [
            7.9232277,
            46.5315504
          ],
          [
            7.9232373,
            46.5315491
          ],
          [
            7.9232551,
            46.5315559
          ],
          [
            7.9232649,
            46.5315575
          ],
          [
            7.9232799,
            46.5315634
          ],
          [
            7.9233023,
            46.5315665
          ],
          [
            7.9233695,
            46.5315615
          ],
          [
            7.9234268,
            46.5315546
          ],
          [
            7.9234758,
            46.5315385
          ],
          [
            7.9234948,
            46.5315272
          ],
          [
            7.9234999,
            46.5315069
          ],
          [
            7.9235049,
            46.5314835
          ],
          [
            7.9235046,
            46.5314496
          ],
          [
            7.9235105,
            46.5314437
          ],
          [
            7.923527,
            46.5314403
          ],
          [
            7.9235439,
            46.5314376
          ],
          [
            7.9235746,
            46.5314387
          ],
          [
            7.923586,
            46.531439
          ],
          [
            7.9236084,
            46.5314213
          ],
          [
            7.9236015,
            46.5314108
          ],
          [
            7.9236051,
            46.5314018
          ],
          [
            7.9236167,
            46.5313877
          ],
          [
            7.9236184,
            46.5313782
          ],
          [
            7.9236281,
            46.5313557
          ],
          [
            7.9236314,
            46.5313525
          ],
          [
            7.92365,
            46.5313553
          ],
          [
            7.9236823,
            46.5313566
          ],
          [
            7.9236956,
            46.5313646
          ],
          [
            7.9237141,
            46.531361
          ],
          [
            7.9237237,
            46.5313541
          ],
          [
            7.9237124,
            46.5313507
          ],
          [
            7.923712,
            46.531335
          ],
          [
            7.9237191,
            46.5313321
          ],
          [
            7.9237399,
            46.5313337
          ],
          [
            7.9237536,
            46.5313323
          ],
          [
            7.9237672,
            46.5313281
          ],
          [
            7.9237706,
            46.5313201
          ],
          [
            7.9237598,
            46.5313044
          ],
          [
            7.9237779,
            46.5312831
          ],
          [
            7.9237832,
            46.5312769
          ],
          [
            7.923784,
            46.531267
          ],
          [
            7.9237898,
            46.5312615
          ],
          [
            7.9238265,
            46.5312579
          ],
          [
            7.9238366,
            46.5312503
          ],
          [
            7.9238317,
            46.5312278
          ],
          [
            7.9238449,
            46.5312141
          ],
          [
            7.923858,
            46.5312163
          ],
          [
            7.9238618,
            46.531215
          ],
          [
            7.9238732,
            46.5311741
          ],
          [
            7.9238818,
            46.5311695
          ],
          [
            7.9238887,
            46.5311729
          ],
          [
            7.923903,
            46.5311716
          ],
          [
            7.9239069,
            46.5311576
          ],
          [
            7.9239024,
            46.5311496
          ],
          [
            7.9239077,
            46.5311446
          ],
          [
            7.9239312,
            46.5311453
          ],
          [
            7.9239422,
            46.5311442
          ],
          [
            7.923948,
            46.5311418
          ],
          [
            7.9239491,
            46.5311372
          ],
          [
            7.9239442,
            46.5311294
          ],
          [
            7.9239468,
            46.5311193
          ],
          [
            7.9239494,
            46.5311033
          ],
          [
            7.9239651,
            46.5310853
          ],
          [
            7.9239904,
            46.5310795
          ],
          [
            7.9239972,
            46.5310736
          ],
          [
            7.9239936,
            46.5310605
          ],
          [
            7.9240015,
            46.5310483
          ],
          [
            7.9240151,
            46.5310444
          ],
          [
            7.9240171,
            46.531039
          ],
          [
            7.924012,
            46.5310287
          ],
          [
            7.9239992,
            46.5310175
          ],
          [
            7.9239936,
            46.5309834
          ],
          [
            7.9239946,
            46.5309722
          ],
          [
            7.9239782,
            46.5309686
          ],
          [
            7.9239604,
            46.5309582
          ],
          [
            7.9239499,
            46.530943
          ],
          [
            7.9239502,
            46.5309371
          ],
          [
            7.9239607,
            46.5309314
          ],
          [
            7.9239532,
            46.5309156
          ],
          [
            7.9239488,
            46.5309116
          ],
          [
            7.9239099,
            46.530911
          ],
          [
            7.9239025,
            46.5308995
          ],
          [
            7.9238939,
            46.5308948
          ],
          [
            7.9238822,
            46.5308976
          ],
          [
            7.9238498,
            46.530906
          ],
          [
            7.9238175,
            46.5309099
          ],
          [
            7.9237947,
            46.5309001
          ],
          [
            7.9237628,
            46.5308992
          ],
          [
            7.9237359,
            46.5308952
          ],
          [
            7.9237144,
            46.530884
          ],
          [
            7.9237098,
            46.5308735
          ],
          [
            7.9237135,
            46.5308632
          ],
          [
            7.9237097,
            46.5308554
          ],
          [
            7.9237037,
            46.5308474
          ],
          [
            7.9236867,
            46.530841
          ],
          [
            7.9236692,
            46.5308419
          ],
          [
            7.9236504,
            46.530842
          ],
          [
            7.9236364,
            46.530835
          ],
          [
            7.923622,
            46.5308239
          ],
          [
            7.9236097,
            46.5308029
          ],
          [
            7.9236108,
            46.5307795
          ],
          [
            7.9236432,
            46.5307482
          ],
          [
            7.9236606,
            46.5306885
          ],
          [
            7.9236785,
            46.5306755
          ],
          [
            7.9237229,
            46.5306634
          ],
          [
            7.9237702,
            46.5306574
          ],
          [
            7.9237909,
            46.530645
          ],
          [
            7.9238322,
            46.5306291
          ],
          [
            7.9239591,
            46.5306075
          ],
          [
            7.9240279,
            46.5306023
          ],
          [
            7.9240772,
            46.5305822
          ],
          [
            7.9241407,
            46.5305848
          ],
          [
            7.9241802,
            46.5305663
          ],
          [
            7.9242211,
            46.5305398
          ],
          [
            7.9242713,
            46.5305332
          ],
          [
            7.9243027,
            46.5305146
          ],
          [
            7.9243639,
            46.5305132
          ],
          [
            7.9244196,
            46.5305019
          ],
          [
            7.9244625,
            46.5304911
          ],
          [
            7.9245531,
            46.530497
          ],
          [
            7.9245762,
            46.5304877
          ],
          [
            7.9246774,
            46.5305032
          ],
          [
            7.9247092,
            46.5305026
          ],
          [
            7.9247396,
            46.5305191
          ],
          [
            7.9247651,
            46.5305163
          ],
          [
            7.9248103,
            46.530537
          ],
          [
            7.9248403,
            46.5305613
          ],
          [
            7.9248677,
            46.5305665
          ],
          [
            7.9248801,
            46.5305517
          ],
          [
            7.9249158,
            46.5305574
          ],
          [
            7.9249407,
            46.5305428
          ],
          [
            7.9250507,
            46.5305535
          ],
          [
            7.9250826,
            46.5305685
          ],
          [
            7.925084,
            46.5305825
          ],
          [
            7.9251047,
            46.5305763
          ],
          [
            7.9251282,
            46.5305694
          ],
          [
            7.9251722,
            46.5305482
          ],
          [
            7.9251834,
            46.5305006
          ],
          [
            7.9251965,
            46.5305011
          ],
          [
            7.9252047,
            46.5305073
          ],
          [
            7.9252178,
            46.5305079
          ],
          [
            7.9252461,
            46.5304791
          ],
          [
            7.9252858,
            46.5304579
          ],
          [
            7.9252972,
            46.5304454
          ],
          [
            7.9253176,
            46.5304358
          ],
          [
            7.9253194,
            46.5304192
          ],
          [
            7.9253418,
            46.5304082
          ],
          [
            7.9253644,
            46.5304149
          ],
          [
            7.9253785,
            46.5304079
          ],
          [
            7.9253774,
            46.5303884
          ],
          [
            7.9253849,
            46.5303798
          ],
          [
            7.9254081,
            46.5303722
          ],
          [
            7.9254385,
            46.5303749
          ],
          [
            7.9254683,
            46.5303721
          ],
          [
            7.9254885,
            46.5303584
          ],
          [
            7.925486,
            46.5303527
          ],
          [
            7.9254865,
            46.5303464
          ],
          [
            7.9254895,
            46.5303424
          ],
          [
            7.9254985,
            46.5303398
          ],
          [
            7.9255086,
            46.5303414
          ],
          [
            7.925517,
            46.5303463
          ],
          [
            7.925525,
            46.5303469
          ],
          [
            7.925533,
            46.5303444
          ],
          [
            7.9255367,
            46.5303406
          ],
          [
            7.9255307,
            46.5303314
          ],
          [
            7.925526,
            46.5303216
          ],
          [
            7.9255376,
            46.5303197
          ],
          [
            7.9255509,
            46.5303173
          ],
          [
            7.9255604,
            46.5303124
          ],
          [
            7.9255612,
            46.5303055
          ],
          [
            7.9255511,
            46.5302969
          ],
          [
            7.9255548,
            46.5302781
          ],
          [
            7.9255449,
            46.5302695
          ],
          [
            7.9255388,
            46.5302623
          ],
          [
            7.9255424,
            46.5302564
          ],
          [
            7.9255507,
            46.5302537
          ],
          [
            7.9255636,
            46.5302525
          ],
          [
            7.9255762,
            46.5302605
          ],
          [
            7.9255899,
            46.530265
          ],
          [
            7.9256001,
            46.5302674
          ],
          [
            7.9256074,
            46.5302654
          ],
          [
            7.9256069,
            46.5302607
          ],
          [
            7.9256031,
            46.5302541
          ],
          [
            7.9255989,
            46.5302487
          ],
          [
            7.9255979,
            46.5302428
          ],
          [
            7.9256019,
            46.53024
          ],
          [
            7.9256216,
            46.5302426
          ],
          [
            7.9256506,
            46.5302436
          ],
          [
            7.9257072,
            46.5302196
          ],
          [
            7.9257729,
            46.5302004
          ],
          [
            7.9258171,
            46.5301949
          ],
          [
            7.9258394,
            46.5301957
          ],
          [
            7.9258488,
            46.530196
          ],
          [
            7.9258566,
            46.5301936
          ],
          [
            7.9258627,
            46.5301904
          ],
          [
            7.9258642,
            46.5301837
          ],
          [
            7.9258495,
            46.530169
          ],
          [
            7.9258389,
            46.5301616
          ],
          [
            7.9258406,
            46.5301556
          ],
          [
            7.9258442,
            46.5301527
          ],
          [
            7.9258502,
            46.5301499
          ],
          [
            7.9258586,
            46.5301477
          ],
          [
            7.9258729,
            46.530155
          ],
          [
            7.9258875,
            46.5301565
          ],
          [
            7.9259034,
            46.5301463
          ],
          [
            7.9259121,
            46.5301403
          ],
          [
            7.925939,
            46.5301451
          ],
          [
            7.9260096,
            46.5301349
          ],
          [
            7.9260527,
            46.530136
          ],
          [
            7.9260993,
            46.5301262
          ],
          [
            7.926135,
            46.5301222
          ],
          [
            7.9261752,
            46.5301321
          ],
          [
            7.926215,
            46.5301309
          ],
          [
            7.9262435,
            46.5301305
          ],
          [
            7.9262922,
            46.5301429
          ],
          [
            7.9263489,
            46.5301626
          ],
          [
            7.9263755,
            46.5301737
          ],
          [
            7.926338,
            46.5302217
          ],
          [
            7.9264418,
            46.5302414
          ],
          [
            7.926431,
            46.5303225
          ],
          [
            7.9264023,
            46.5303675
          ],
          [
            7.9264801,
            46.5304302
          ],
          [
            7.926515,
            46.5305206
          ],
          [
            7.9264399,
            46.5306498
          ],
          [
            7.9265544,
            46.5307709
          ],
          [
            7.926574,
            46.5309155
          ],
          [
            7.9267993,
            46.531065
          ],
          [
            7.9269004,
            46.5312304
          ],
          [
            7.9268234,
            46.5314894
          ],
          [
            7.9268208,
            46.5315484
          ],
          [
            7.9267188,
            46.5318068
          ],
          [
            7.9269441,
            46.5318529
          ],
          [
            7.9268422,
            46.5321555
          ],
          [
            7.9266518,
            46.5324249
          ],
          [
            7.9264587,
            46.5324692
          ],
          [
            7.9263889,
            46.5325818
          ],
          [
            7.926177,
            46.5325928
          ],
          [
            7.9261046,
            46.5326187
          ],
          [
            7.9260778,
            46.5326833
          ],
          [
            7.9261422,
            46.5327423
          ],
          [
            7.9261333,
            46.532773
          ],
          [
            7.9264139,
            46.5329245
          ],
          [
            7.9265333,
            46.533084
          ],
          [
            7.9266159,
            46.5331396
          ],
          [
            7.9266932,
            46.5333354
          ],
          [
            7.9268214,
            46.5332786
          ],
          [
            7.9268882,
            46.5333849
          ],
          [
            7.9267912,
            46.5334619
          ],
          [
            7.926686,
            46.5334705
          ],
          [
            7.9265874,
            46.5334785
          ],
          [
            7.9264506,
            46.5335154
          ],
          [
            7.926431,
            46.5336587
          ],
          [
            7.9264372,
            46.5337553
          ],
          [
            7.9264077,
            46.533807
          ],
          [
            7.9263214,
            46.5338023
          ],
          [
            7.9261717,
            46.5337941
          ],
          [
            7.9259383,
            46.5337774
          ],
          [
            7.9258149,
            46.533783
          ],
          [
            7.925662,
            46.5338346
          ],
          [
            7.9255601,
            46.5339601
          ],
          [
            7.9252409,
            46.5340837
          ],
          [
            7.9250693,
            46.5341003
          ],
          [
            7.9248896,
            46.5341723
          ],
          [
            7.9246213,
            46.5342572
          ],
          [
            7.9243692,
            46.5343421
          ],
          [
            7.9240769,
            46.5345027
          ],
          [
            7.9236316,
            46.5344953
          ],
          [
            7.9227258,
            46.5345635
          ],
          [
            7.9221403,
            46.5347194
          ],
          [
            7.9220491,
            46.5347102
          ],
          [
            7.9218922,
            46.5347904
          ],
          [
            7.9219169,
            46.5348904
          ],
          [
            7.9220129,
            46.5350423
          ],
          [
            7.922106,
            46.5350712
          ],
          [
            7.9221994,
            46.5350229
          ],
          [
            7.9222374,
            46.5351312
          ],
          [
            7.9223017,
            46.5351893
          ],
          [
            7.922916,
            46.5354512
          ],
          [
            7.9230147,
            46.5356226
          ],
          [
            7.9232928,
            46.5357382
          ],
          [
            7.9237684,
            46.5358938
          ],
          [
            7.9239714,
            46.5359282
          ],
          [
            7.9240769,
            46.5362629
          ],
          [
            7.9242914,
            46.5367057
          ],
          [
            7.9247796,
            46.5372556
          ],
          [
            7.9249352,
            46.537536
          ],
          [
            7.9255521,
            46.5379124
          ],
          [
            7.9257827,
            46.5382039
          ],
          [
            7.9261931,
            46.538261
          ],
          [
            7.926287,
            46.538368
          ],
          [
            7.9265847,
            46.5385728
          ],
          [
            7.9266518,
            46.5388219
          ],
          [
            7.9269441,
            46.5391669
          ],
          [
            7.9271465,
            46.5392888
          ],
          [
            7.9273618,
            46.5394186
          ],
          [
            7.9273974,
            46.53944
          ],
          [
            7.9278668,
            46.5396189
          ],
          [
            7.9278834,
            46.5396196
          ],
          [
            7.928355,
            46.5396392
          ],
          [
            7.9285159,
            46.5397056
          ],
          [
            7.9284784,
            46.5399879
          ],
          [
            7.9283684,
            46.5400525
          ],
          [
            7.9283684,
            46.5400931
          ],
          [
            7.9284569,
            46.5401115
          ],
          [
            7.9283791,
            46.5401466
          ],
          [
            7.9283684,
            46.5401761
          ],
          [
            7.9283362,
            46.5403311
          ],
          [
            7.9283416,
            46.5405119
          ],
          [
            7.9283684,
            46.5407425
          ],
          [
            7.9284086,
            46.5408735
          ],
          [
            7.9284891,
            46.5409233
          ],
          [
            7.9283496,
            46.5409694
          ],
          [
            7.9282826,
            46.5411281
          ],
          [
            7.928076,
            46.5412683
          ],
          [
            7.9280599,
            46.5413679
          ],
          [
            7.9280546,
            46.5416926
          ],
          [
            7.928068,
            46.541962
          ],
          [
            7.9285454,
            46.5418642
          ],
          [
            7.9291301,
            46.5426372
          ],
          [
            7.9293554,
            46.5430265
          ],
          [
            7.9294869,
            46.5441278
          ],
          [
            7.9297014,
            46.5443215
          ],
          [
            7.9301172,
            46.5443695
          ],
          [
            7.9306375,
            46.5446886
          ],
          [
            7.9307421,
            46.5449395
          ],
          [
            7.9307126,
            46.5452438
          ],
          [
            7.9308521,
            46.5454246
          ],
          [
            7.9309728,
            46.5454744
          ],
          [
            7.9310667,
            46.5455003
          ],
          [
            7.9312357,
            46.5457253
          ],
          [
            7.9313261,
            46.5458557
          ],
          [
            7.9315039,
            46.5460703
          ],
          [
            7.9317185,
            46.5463378
          ],
          [
            7.932013,
            46.5464375
          ],
          [
            7.9320543,
            46.5469015
          ],
          [
            7.9320572,
            46.5469345
          ],
          [
            7.9322663,
            46.5471376
          ],
          [
            7.9326129,
            46.5481643
          ],
          [
            7.9328106,
            46.5482096
          ],
          [
            7.9329417,
            46.5480836
          ],
          [
            7.9330918,
            46.5479821
          ],
          [
            7.9332607,
            46.547963
          ],
          [
            7.9332876,
            46.5480183
          ],
          [
            7.9334217,
            46.5481917
          ],
          [
            7.9334324,
            46.5484684
          ],
          [
            7.9335933,
            46.5489462
          ]
        ]
      },
      "id": "relation/12824515"
    },
    {
      "type": "Feature",
      "properties": {
        "@id": "relation/12840772",
        "name": "Schwarzhorn – Klettersteig",
        "network": "lwn",
        "osmc:symbol": "blue:white:blue_bar",
        "route": "hiking",
        "sac_scale": "demanding_alpine_hiking",
        "type": "route",
        "via_ferrata_scale": "3",
        "website": "https://www.sac-cas.ch/de/huetten-und-touren/sac-tourenportal/schwarzhoren-schwarzhorn-be-1741/klettersteig/schwarzhorn-klettersteig-grindelwald-673/"
      },
      "geometry": {
        "type": "MultiLineString",
        "coordinates": [
          [
            [
              8.0676666,
              46.683078
            ],
            [
              8.0675402,
              46.6832722
            ],
            [
              8.0676366,
              46.6833535
            ],
            [
              8.0673755,
              46.6833962
            ],
            [
              8.0674358,
              46.683534
            ],
            [
              8.0672871,
              46.6836773
            ],
            [
              8.0677453,
              46.6847208
            ],
            [
              8.0662145,
              46.6848252
            ]
          ],
          [
            [
              8.0688628,
              46.6805278
            ],
            [
              8.068638,
              46.6809875
            ],
            [
              8.0685624,
              46.6812824
            ],
            [
              8.0683053,
              46.6813202
            ],
            [
              8.068275,
              46.6815698
            ],
            [
              8.0676226,
              46.6819131
            ],
            [
              8.0678433,
              46.6820014
            ],
            [
              8.0678701,
              46.6821596
            ],
            [
              8.067677,
              46.6822075
            ],
            [
              8.0680284,
              46.6824761
            ],
            [
              8.0677368,
              46.6824932
            ],
            [
              8.067915,
              46.6826528
            ],
            [
              8.0678118,
              46.6826721
            ],
            [
              8.0678004,
              46.6827177
            ],
            [
              8.0676777,
              46.6827796
            ],
            [
              8.0675372,
              46.6829132
            ],
            [
              8.0676666,
              46.683078
            ],
            [
              8.068275,
              46.6834148
            ],
            [
              8.0686421,
              46.6834749
            ],
            [
              8.068985,
              46.6836074
            ],
            [
              8.069076,
              46.6836206
            ],
            [
              8.0693555,
              46.6836883
            ],
            [
              8.0694698,
              46.6837129
            ],
            [
              8.0696624,
              46.6838644
            ],
            [
              8.0699537,
              46.6839441
            ],
            [
              8.0705889,
              46.6842919
            ],
            [
              8.0716324,
              46.6846851
            ],
            [
              8.0723105,
              46.6847026
            ],
            [
              8.0724286,
              46.6847578
            ],
            [
              8.0729751,
              46.6848886
            ],
            [
              8.0732833,
              46.6850353
            ],
            [
              8.0736486,
              46.685018
            ],
            [
              8.0740524,
              46.6852787
            ],
            [
              8.0746772,
              46.6854236
            ],
            [
              8.0750665,
              46.6855984
            ],
            [
              8.0753184,
              46.6857302
            ]
          ]
        ]
      },
      "id": "relation/12840772"
    },
    {
      "type": "Feature",
      "properties": {
        "@id": "relation/18286005",
        "duration": "PT8H",
        "from": "Capanna Cornavosa",
        "name": "Via Alta della Verzasca Tappa 2",
        "network": "rwn",
        "note": "weiss rot weisser Teil dieser Etappe",
        "operator": "Società Escursionistica Verzaschese (SEV)",
        "osmc:symbol": "red:white:red_bar",
        "route": "hiking",
        "sac_scale": "demanding_alpine_hiking",
        "to": "Capanna Efra",
        "type": "route"
      },
      "geometry": {
        "type": "LineString",
        "coordinates": [
          [
            8.838856,
            46.3296869
          ],
          [
            8.8388699,
            46.3297689
          ],
          [
            8.8390166,
            46.329793
          ],
          [
            8.8391981,
            46.3298702
          ],
          [
            8.8393168,
            46.3298268
          ],
          [
            8.8395543,
            46.3296628
          ],
          [
            8.8397847,
            46.3296725
          ],
          [
            8.8400431,
            46.3296725
          ],
          [
            8.8403573,
            46.3296387
          ],
          [
            8.8406506,
            46.3295133
          ],
          [
            8.8409579,
            46.3294844
          ],
          [
            8.8410417,
            46.3295712
          ],
          [
            8.8412931,
            46.3295616
          ],
          [
            8.8414118,
            46.3295037
          ],
          [
            8.8416213,
            46.3294121
          ],
          [
            8.8419006,
            46.3294217
          ],
          [
            8.8420682,
            46.3293735
          ],
          [
            8.8424662,
            46.3294603
          ],
          [
            8.8427316,
            46.3294362
          ],
          [
            8.8428782,
            46.3295857
          ],
          [
            8.8430494,
            46.3297073
          ],
          [
            8.8431386,
            46.3297426
          ],
          [
            8.8432495,
            46.329861
          ],
          [
            8.843381,
            46.3299184
          ],
          [
            8.8434275,
            46.3299272
          ],
          [
            8.8434758,
            46.3299001
          ],
          [
            8.8435801,
            46.3298445
          ],
          [
            8.8436759,
            46.3298273
          ],
          [
            8.8438017,
            46.3298554
          ],
          [
            8.8440444,
            46.3297689
          ],
          [
            8.8442818,
            46.3298171
          ],
          [
            8.8445225,
            46.3296551
          ],
          [
            8.8447567,
            46.329711
          ],
          [
            8.8450192,
            46.3296213
          ],
          [
            8.8451547,
            46.3296821
          ],
          [
            8.8452601,
            46.3297552
          ],
          [
            8.8453849,
            46.3297253
          ],
          [
            8.8461603,
            46.3297255
          ],
          [
            8.8463907,
            46.3297785
          ],
          [
            8.846698,
            46.3297882
          ],
          [
            8.8469214,
            46.3298171
          ],
          [
            8.847439,
            46.3297487
          ],
          [
            8.8478851,
            46.3299907
          ],
          [
            8.848325,
            46.3301595
          ],
          [
            8.8488976,
            46.330497
          ],
          [
            8.8503292,
            46.3312106
          ],
          [
            8.8506605,
            46.3313915
          ],
          [
            8.8508444,
            46.3316833
          ],
          [
            8.8510191,
            46.331826
          ],
          [
            8.8510996,
            46.3320134
          ],
          [
            8.8511602,
            46.3321412
          ],
          [
            8.8512594,
            46.3322335
          ],
          [
            8.8512649,
            46.3324691
          ],
          [
            8.8511951,
            46.3325221
          ],
          [
            8.8512638,
            46.3326201
          ],
          [
            8.851582,
            46.3327917
          ],
          [
            8.8518166,
            46.3331779
          ],
          [
            8.8518515,
            46.3333466
          ],
          [
            8.8517677,
            46.3336407
          ],
          [
            8.8518166,
            46.3338625
          ],
          [
            8.8519143,
            46.3339975
          ],
          [
            8.8517048,
            46.3340939
          ],
          [
            8.8515233,
            46.3340939
          ],
          [
            8.8514604,
            46.3341566
          ],
          [
            8.8515582,
            46.3342579
          ],
          [
            8.8517328,
            46.3344459
          ],
          [
            8.8520051,
            46.3347207
          ],
          [
            8.852068,
            46.3349329
          ],
          [
            8.8522914,
            46.3350631
          ],
          [
            8.8523962,
            46.3351836
          ],
          [
            8.8525707,
            46.3352366
          ],
          [
            8.8526685,
            46.3353427
          ],
          [
            8.8527314,
            46.3354922
          ],
          [
            8.8531084,
            46.3356368
          ],
          [
            8.853297,
            46.3357332
          ],
          [
            8.8534436,
            46.3359068
          ],
          [
            8.8534925,
            46.3360659
          ],
          [
            8.8533738,
            46.3360996
          ],
          [
            8.8532551,
            46.3361334
          ],
          [
            8.8531015,
            46.3361479
          ],
          [
            8.8529408,
            46.3361045
          ],
          [
            8.8526825,
            46.3360129
          ],
          [
            8.8525498,
            46.336143
          ],
          [
            8.8522495,
            46.336143
          ],
          [
            8.8521657,
            46.3361864
          ],
          [
            8.8522006,
            46.3363166
          ],
          [
            8.852033,
            46.3362877
          ],
          [
            8.8519213,
            46.3363214
          ],
          [
            8.8518934,
            46.3364275
          ],
          [
            8.8519143,
            46.3365095
          ],
          [
            8.8518585,
            46.3366107
          ],
          [
            8.8517537,
            46.3366541
          ],
          [
            8.851628,
            46.3368469
          ],
          [
            8.8514884,
            46.3370205
          ],
          [
            8.8514325,
            46.3371362
          ],
          [
            8.8512928,
            46.3371362
          ],
          [
            8.8514115,
            46.337223
          ],
          [
            8.8514534,
            46.3374014
          ],
          [
            8.8514255,
            46.3374641
          ],
          [
            8.8512998,
            46.3374737
          ],
          [
            8.8513208,
            46.3377582
          ],
          [
            8.8513417,
            46.3378642
          ],
          [
            8.8513557,
            46.3380956
          ],
          [
            8.8513836,
            46.3382403
          ],
          [
            8.8513446,
            46.3383913
          ],
          [
            8.8513205,
            46.3384292
          ]
        ]
      },
      "id": "relation/18286005"
    },
    {
      "type": "Feature",
      "properties": {
        "@id": "node/848516310",
        "@relations": [
          {
            "role": "guidepost",
            "rel": 9911212,
            "reltags": {
              "from": "Mänziwilegg",
              "name": "Mänziwilegg - Walkringen",
              "network": "lwn",
              "operator": "Berner Wanderwege",
              "osmc:name": "Mänziwilegg - Walkringen",
              "osmc:symbol": "yellow::yellow_diamond",
              "route": "hiking",
              "sac_scale": "hiking",
              "symbol": "gelbe Raute",
              "to": "Walkringen",
              "type": "route"
            }
          }
        ]
      },
      "geometry": {
        "type": "Point",
        "coordinates": [
          7.6021493,
          46.9551862
        ]
      },
      "id": "node/848516310"
    },
    {
      "type": "Feature",
      "properties": {
        "@id": "node/1852943710",
        "@relations": [
          {
            "role": "",
            "rel": 11989830,
            "reltags": {
              "name": "Röthenbach",
              "network": "lwn",
              "operator": "Berner Wanderwege",
              "osmc:symbol": "yellow::yellow_diamond",
              "route": "hiking",
              "sac_scale": "hiking",
              "symbol": "gelber Rhombus",
              "type": "route"
            }
          },
          {
            "role": "",
            "rel": 11989830,
            "reltags": {
              "name": "Röthenbach",
              "network": "lwn",
              "operator": "Berner Wanderwege",
              "osmc:symbol": "yellow::yellow_diamond",
              "route": "hiking",
              "sac_scale": "hiking",
              "symbol": "gelber Rhombus",
              "type": "route"
            }
          }
        ]
      },
      "geometry": {
        "type": "Point",
        "coordinates": [
          7.7384845,
          46.8611757
        ]
      },
      "id": "node/1852943710"
    },
    {
      "type": "Feature",
      "properties": {
        "@id": "node/12046351797",
        "@relations": [
          {
            "role": "guidepost",
            "rel": 1739498,
            "reltags": {
              "description": "Nur bei absoluter Tritt- und Schwindelfreiheit zu begehen!",
              "name": "Fründenhütte",
              "network": "lwn",
              "note": "Nur bei absoluter Tritt- und Schwindelfreiheit zu begehen!",
              "note:de": "Alpinwanderweg T4: Schwindelfreiheit und Trittsicherheit erforderlich. Ohne entsprechende Kenntnisse wird von einer Begehung abgeraten!",
              "operator": "Berner Wanderwege",
              "osmc:name": "Fründenhütte",
              "osmc:symbol": "blue:white:blue_bar",
              "route": "hiking",
              "sac_scale": "alpine_hiking",
              "symbol": "weiss-blau-weiss",
              "type": "route"
            }
          }
        ]
      },
      "geometry": {
        "type": "Point",
        "coordinates": [
          7.7330101,
          46.5061319
        ]
      },
      "id": "node/12046351797"
    },
    {
      "type": "Feature",
      "properties": {
        "@id": "node/9715739925",
        "@relations": [
          {
            "role": "guidepost",
            "rel": 9911212,
            "reltags": {
              "from": "Mänziwilegg",
              "name": "Mänziwilegg - Walkringen",
              "network": "lwn",
              "operator": "Berner Wanderwege",
              "osmc:name": "Mänziwilegg - Walkringen",
              "osmc:symbol": "yellow::yellow_diamond",
              "route": "hiking",
              "sac_scale": "hiking",
              "symbol": "gelbe Raute",
              "to": "Walkringen",
              "type": "route"
            }
          }
        ]
      },
      "geometry": {
        "type": "Point",
        "coordinates": [
          7.6027878,
          46.9567576
        ]
      },
      "id": "node/9715739925"
    }
  ]
}