{
  "type": "FeatureCollection",
  "generator": "overpass-turbo",
  "copyright": "The data included in this document is from www.openstreetmap.org. The data is made available under ODbL.",
  "timestamp": "2026-07-18T21:56:02Z",
  "features": [
    {
      "type": "Feature",
      "properties": {
        "@id": "way/131561559",
        "addr:city": "Wengen",
        "addr:country": "CH",
        "addr:housenumber": "1352g",
        "addr:place": "Wengiboden",
        "addr:postcode": "3823",
        "building": "yes",
        "ele": "1274",
        "name": "Victoria Lauberhorn",
        "source": "Bing",
        "stars": "3",
        "tourism": "hotel"
      },
      "geometry": {
        "type": "Polygon",
        "coordinates": [
          [
            [
              7.9205707,
              46.6060658
            ],
            [
              7.9204379,
              46.6060554
            ],
            [
              7.9202838,
              46.6060437
            ],
            [
              7.9203067,
              46.605923
            ],
            [
              7.9203834,
              46.6059338
            ],
            [
              7.9204927,
              46.6059516
            ],
            [
              7.920564,
              46.6059819
            ],
            [
              7.9205544,
              46.6059934
            ],
            [
              7.9205528,
              46.6060077
            ],
            [
              7.9205668,
              46.6060088
            ],
            [
              7.9206654,
              46.6060486
            ],
            [
              7.9206605,
              46.6060728
            ],
            [
              7.9206155,
              46.6060693
            ],
            [
              7.9205707,
              46.6060658
            ]
          ]
        ]
      },
      "id": "way/131561559"
    },
    {
      "type": "Feature",
      "properties": {
        "@id": "way/131742676",
        "addr:city": "Wengen",
        "addr:country": "CH",
        "addr:housenumber": "1347a",
        "addr:place": "Schonegg",
        "addr:postcode": "3823",
        "building": "hotel",
        "ele": "1293",
        "name": "Regina",
        "stars": "4",
        "tourism": "hotel"
      },
      "geometry": {
        "type": "Polygon",
        "coordinates": [
          [
            [
              7.9230393,
              46.6048316
            ],
            [
              7.9228945,
              46.6047917
            ],
            [
              7.9229221,
              46.60475
            ],
            [
              7.9228801,
              46.6047382
            ],
            [
              7.9229621,
              46.604596
            ],
            [
              7.9229439,
              46.604591
            ],
            [
              7.9229613,
              46.6045598
            ],
            [
              7.9230007,
              46.6045487
            ],
            [
              7.9230443,
              46.604561
            ],
            [
              7.9230367,
              46.6045741
            ],
            [
              7.9232709,
              46.6046391
            ],
            [
              7.9232759,
              46.6046306
            ],
            [
              7.9234852,
              46.6046887
            ],
            [
              7.9234643,
              46.604726
            ],
            [
              7.9234329,
              46.6049451
            ],
            [
              7.9233363,
              46.6049379
            ],
            [
              7.9230275,
              46.6048519
            ],
            [
              7.9230393,
              46.6048316
            ]
          ]
        ]
      },
      "id": "way/131742676"
    },
    {
      "type": "Feature",
      "properties": {
        "@id": "way/151677212",
        "addr:city": "Wengen",
        "addr:country": "CH",
        "addr:housenumber": "1486",
        "addr:place": "Stäublisegg",
        "addr:postcode": "3823",
        "building": "yes",
        "ele": "1255",
        "name": "Bellevue",
        "stars": "3",
        "tourism": "hotel"
      },
      "geometry": {
        "type": "Polygon",
        "coordinates": [
          [
            [
              7.9160629,
              46.6089655
            ],
            [
              7.9160785,
              46.6089563
            ],
            [
              7.9159935,
              46.608888
            ],
            [
              7.9159795,
              46.6088963
            ],
            [
              7.9159537,
              46.6088755
            ],
            [
              7.9159596,
              46.6088721
            ],
            [
              7.9159347,
              46.6088521
            ],
            [
              7.9159565,
              46.6088392
            ],
            [
              7.9159386,
              46.6088248
            ],
            [
              7.9159838,
              46.6087975
            ],
            [
              7.9160466,
              46.6088462
            ],
            [
              7.9162451,
              46.6087324
            ],
            [
              7.9162679,
              46.6087513
            ],
            [
              7.9163259,
              46.6087181
            ],
            [
              7.9164397,
              46.6088101
            ],
            [
              7.9163527,
              46.6088596
            ],
            [
              7.9163435,
              46.608852
            ],
            [
              7.9162548,
              46.6089034
            ],
            [
              7.9162602,
              46.6089079
            ],
            [
              7.9162871,
              46.6089105
            ],
            [
              7.9162956,
              46.6089056
            ],
            [
              7.9163041,
              46.608906
            ],
            [
              7.9163245,
              46.6089229
            ],
            [
              7.9163221,
              46.6089286
            ],
            [
              7.9162615,
              46.6089592
            ],
            [
              7.9162535,
              46.6089585
            ],
            [
              7.9162185,
              46.6089242
            ],
            [
              7.9161708,
              46.6089516
            ],
            [
              7.9161673,
              46.6089487
            ],
            [
              7.9160951,
              46.6089914
            ],
            [
              7.9160629,
              46.6089655
            ]
          ]
        ]
      },
      "id": "way/151677212"
    },
    {
      "type": "Feature",
      "properties": {
        "@id": "way/170263643",
        "addr:city": "Unterseen",
        "addr:country": "CH",
        "addr:housenumber": "1",
        "addr:postcode": "3800",
        "addr:street": "Beatenbergstrasse",
        "beds": "20",
        "building": "yes",
        "check_date": "2026-02-27",
        "email": "info@theaarburg.ch",
        "internet_access": "wlan",
        "internet_access:fee": "no",
        "name": "Aarburg",
        "operator": "Britta Bertschi",
        "phone": "+41 33 820 44 60",
        "rooms": "10",
        "smoking": "outside",
        "stars": "2",
        "tourism": "hotel",
        "website": "https://theaarburg.ch/",
        "wheelchair": "no"
      },
      "geometry": {
        "type": "Polygon",
        "coordinates": [
          [
            [
              7.8503192,
              46.6873478
            ],
            [
              7.8502896,
              46.687305
            ],
            [
              7.8502604,
              46.6873121
            ],
            [
              7.8502357,
              46.6872637
            ],
            [
              7.8502987,
              46.6872533
            ],
            [
              7.8503137,
              46.687242
            ],
            [
              7.8504757,
              46.6872153
            ],
            [
              7.8505063,
              46.6872852
            ],
            [
              7.8504636,
              46.687294
            ],
            [
              7.8504698,
              46.687308
            ],
            [
              7.8504183,
              46.6873185
            ],
            [
              7.8503289,
              46.6873449
            ],
            [
              7.8503192,
              46.6873478
            ]
          ]
        ]
      },
      "id": "way/170263643"
    },
    {
      "type": "Feature",
      "properties": {
        "@id": "way/170315601",
        "addr:city": "Interlaken",
        "addr:country": "CH",
        "addr:housenumber": "4",
        "addr:postcode": "3800",
        "addr:street": "Bahnhofstrasse",
        "building": "yes",
        "check_date": "2024-07-17",
        "email": "info@krebshotel.ch",
        "fax": "+41 33 823 24 65",
        "internet_access": "wlan",
        "internet_access:fee": "no",
        "name": "Hotel Krebs",
        "operator": "Corsin Biert + Sonya Martin",
        "phone": "+41 33 826 03 30",
        "rooms": "44",
        "smoking": "no",
        "stars": "4",
        "tourism": "hotel",
        "website": "https://www.krebshotel.ch/"
      },
      "geometry": {
        "type": "Polygon",
        "coordinates": [
          [
            [
              7.8527446,
              46.6844386
            ],
            [
              7.8528163,
              46.6843707
            ],
            [
              7.8528506,
              46.6843776
            ],
            [
              7.8529294,
              46.6843102
            ],
            [
              7.853034,
              46.6843622
            ],
            [
              7.8530234,
              46.6843722
            ],
            [
              7.8532698,
              46.6844947
            ],
            [
              7.8532762,
              46.6844886
            ],
            [
              7.8533341,
              46.6845173
            ],
            [
              7.853328,
              46.684523
            ],
            [
              7.8533762,
              46.6845469
            ],
            [
              7.8533827,
              46.6845408
            ],
            [
              7.853505,
              46.6846016
            ],
            [
              7.8535087,
              46.6846034
            ],
            [
              7.853426,
              46.6846816
            ],
            [
              7.8534256,
              46.684682
            ],
            [
              7.8533874,
              46.6846698
            ],
            [
              7.8533473,
              46.6846498
            ],
            [
              7.8533381,
              46.6846721
            ],
            [
              7.8529352,
              46.6846004
            ],
            [
              7.8529707,
              46.6845668
            ],
            [
              7.8528681,
              46.6845444
            ],
            [
              7.8528442,
              46.6845743
            ],
            [
              7.8527436,
              46.6845363
            ],
            [
              7.8527907,
              46.6844776
            ],
            [
              7.85275,
              46.6844574
            ],
            [
              7.85276,
              46.684444
            ],
            [
              7.8527446,
              46.6844386
            ]
          ]
        ]
      },
      "id": "way/170315601"
    },
    {
      "type": "Feature",
      "properties": {
        "@id": "way/170349142",
        "addr:city": "Unterseen",
        "addr:country": "CH",
        "addr:housenumber": "9",
        "addr:postcode": "3800",
        "addr:street": "Bahnhofstrasse",
        "building": "yes",
        "name": "Sonne",
        "tourism": "hotel"
      },
      "geometry": {
        "type": "Polygon",
        "coordinates": [
          [
            [
              7.8487013,
              46.6850695
            ],
            [
              7.8488189,
              46.6850216
            ],
            [
              7.8488968,
              46.6851117
            ],
            [
              7.8488833,
              46.6851172
            ],
            [
              7.8488927,
              46.6851281
            ],
            [
              7.8487885,
              46.6851704
            ],
            [
              7.8487839,
              46.6851651
            ],
            [
              7.8487013,
              46.6850695
            ]
          ]
        ]
      },
      "id": "way/170349142"
    },
    {
      "type": "Feature",
      "properties": {
        "@id": "way/170794556",
        "addr:city": "Unterseen",
        "addr:country": "CH",
        "addr:housenumber": "43",
        "addr:postcode": "3800",
        "addr:street": "Bahnhofstrasse",
        "building": "yes",
        "check_date": "2024-07-17",
        "email": "info@central-continental.ch",
        "fax": "+41 33 823 10 03",
        "name": "Central Continental",
        "operator": "Familie Adolf Uetz-Huber",
        "phone": "+41 33 823 10 33",
        "tourism": "hotel",
        "website": "http://www.central-continental.ch"
      },
      "geometry": {
        "type": "Polygon",
        "coordinates": [
          [
            [
              7.8507222,
              46.6847059
            ],
            [
              7.850475,
              46.6843962
            ],
            [
              7.8504807,
              46.684394
            ],
            [
              7.8504544,
              46.6843611
            ],
            [
              7.8506166,
              46.6843001
            ],
            [
              7.8506292,
              46.6842962
            ],
            [
              7.8506428,
              46.6842952
            ],
            [
              7.8506563,
              46.6842971
            ],
            [
              7.8506683,
              46.6843017
            ],
            [
              7.8506777,
              46.6843086
            ],
            [
              7.8506835,
              46.6843172
            ],
            [
              7.8508207,
              46.6844891
            ],
            [
              7.8507899,
              46.6845007
            ],
            [
              7.8508225,
              46.6845415
            ],
            [
              7.8508389,
              46.6845354
            ],
            [
              7.8509167,
              46.6846329
            ],
            [
              7.8508644,
              46.6846525
            ],
            [
              7.8508172,
              46.6846702
            ],
            [
              7.8507222,
              46.6847059
            ]
          ]
        ]
      },
      "id": "way/170794556"
    },
    {
      "type": "Feature",
      "properties": {
        "@id": "way/170796420",
        "addr:city": "Interlaken",
        "addr:country": "CH",
        "addr:housenumber": "16",
        "addr:postcode": "3800",
        "addr:street": "Bahnhofstrasse",
        "beds": "90",
        "brand": "Best Western",
        "building": "yes",
        "check_date": "2025-10-09",
        "email": "info@bestwestern-bernerhof.ch",
        "fax": "+41 33 826 76 60",
        "internet_access": "wlan",
        "internet_access:fee": "yes",
        "name": "Bernerhof",
        "operator": "Erna Susanne Schmidt",
        "phone": "+41 33 826 76 76",
        "rooms": "43",
        "smoking": "isolated",
        "stars": "3",
        "tourism": "hotel",
        "website": "http://www.bestwestern-bernerhof.ch"
      },
      "geometry": {
        "type": "Polygon",
        "coordinates": [
          [
            [
              7.8520891,
              46.6839184
            ],
            [
              7.8523871,
              46.6840672
            ],
            [
              7.8524439,
              46.6840615
            ],
            [
              7.8522001,
              46.6842873
            ],
            [
              7.8521874,
              46.6842325
            ],
            [
              7.8521504,
              46.6842354
            ],
            [
              7.8521451,
              46.684203
            ],
            [
              7.8521286,
              46.6841943
            ],
            [
              7.8521394,
              46.6841849
            ],
            [
              7.8521345,
              46.6841586
            ],
            [
              7.8520913,
              46.6841627
            ],
            [
              7.8520826,
              46.6841193
            ],
            [
              7.8520458,
              46.6839358
            ],
            [
              7.8520916,
              46.6839315
            ],
            [
              7.8520891,
              46.6839184
            ]
          ]
        ]
      },
      "id": "way/170796420"
    },
    {
      "type": "Feature",
      "properties": {
        "@id": "way/170961585",
        "addr:city": "Unterseen",
        "addr:country": "CH",
        "addr:housenumber": "8",
        "addr:postcode": "3800",
        "addr:street": "Spielmatte",
        "building": "yes",
        "email": "info@lazyfalken.ch",
        "internet_access": "wlan",
        "internet_access:fee": "no",
        "name": "Lazy Falken",
        "phone": "+41 33 822 30 43",
        "rooms": "15",
        "tourism": "hostel",
        "website": "http://www.lazyfalken.ch/"
      },
      "geometry": {
        "type": "Polygon",
        "coordinates": [
          [
            [
              7.8513585,
              46.6869032
            ],
            [
              7.8513493,
              46.6868941
            ],
            [
              7.8513472,
              46.6868887
            ],
            [
              7.8513472,
              46.6868832
            ],
            [
              7.8513491,
              46.6868778
            ],
            [
              7.851353,
              46.6868729
            ],
            [
              7.8513742,
              46.6868603
            ],
            [
              7.8513588,
              46.6868466
            ],
            [
              7.8514625,
              46.6867918
            ],
            [
              7.851596,
              46.6868803
            ],
            [
              7.851424,
              46.6869711
            ],
            [
              7.8513518,
              46.6869067
            ],
            [
              7.8513585,
              46.6869032
            ]
          ]
        ]
      },
      "id": "way/170961585"
    },
    {
      "type": "Feature",
      "properties": {
        "@id": "way/173803144",
        "addr:city": "Grindelwald",
        "addr:country": "CH",
        "addr:housenumber": "9",
        "addr:postcode": "3818",
        "addr:street": "Kreuzweg",
        "building": "yes",
        "contact:email": "hotel@alpina-grindelwald.ch",
        "contact:fax": "+41 33 854 33 45",
        "contact:phone": "+41 33 854 33 44",
        "contact:website": "https://www.alpina-grindelwald.ch",
        "ele": "1047",
        "name": "Hotel Restaurant Alpina",
        "operator": "Reguila & Thomas Wolf-Stucki",
        "rooms": "32",
        "source": "survey",
        "stars": "3",
        "toilets:wheelchair": "yes",
        "tourism": "hotel",
        "wheelchair": "yes"
      },
      "geometry": {
        "type": "Polygon",
        "coordinates": [
          [
            [
              8.03411,
              46.6251152
            ],
            [
              8.034126,
              46.625126
            ],
            [
              8.0341275,
              46.625172
            ],
            [
              8.0341187,
              46.6251773
            ],
            [
              8.0341193,
              46.6251927
            ],
            [
              8.0341216,
              46.6252525
            ],
            [
              8.0338047,
              46.625261
            ],
            [
              8.0338057,
              46.6252782
            ],
            [
              8.033703,
              46.62528
            ],
            [
              8.0337014,
              46.6252412
            ],
            [
              8.0337496,
              46.6252401
            ],
            [
              8.0337489,
              46.6252204
            ],
            [
              8.0337402,
              46.6252201
            ],
            [
              8.0337399,
              46.6251993
            ],
            [
              8.0337481,
              46.6251993
            ],
            [
              8.0337439,
              46.6250987
            ],
            [
              8.033833,
              46.625097
            ],
            [
              8.0338343,
              46.6251329
            ],
            [
              8.033953,
              46.6251297
            ],
            [
              8.0339534,
              46.6251402
            ],
            [
              8.0340022,
              46.6251394
            ],
            [
              8.0340018,
              46.6251277
            ],
            [
              8.0340175,
              46.6251167
            ],
            [
              8.03411,
              46.6251152
            ]
          ]
        ]
      },
      "id": "way/173803144"
    },
    {
      "type": "Feature",
      "properties": {
        "@id": "way/173803145",
        "addr:city": "Grindelwald",
        "addr:country": "CH",
        "addr:housenumber": "11",
        "addr:postcode": "3818",
        "addr:street": "Kreuzweg",
        "building": "yes",
        "ele": "1051",
        "name": "Caprice",
        "phone": "+41 33 854 38 18",
        "source": "survey",
        "tourism": "hotel"
      },
      "geometry": {
        "type": "Polygon",
        "coordinates": [
          [
            [
              8.0335173,
              46.6251695
            ],
            [
              8.0335229,
              46.6252541
            ],
            [
              8.033528,
              46.6253315
            ],
            [
              8.0334757,
              46.6253337
            ],
            [
              8.0334793,
              46.6253742
            ],
            [
              8.0334615,
              46.6253894
            ],
            [
              8.0334525,
              46.6253898
            ],
            [
              8.0334544,
              46.6254176
            ],
            [
              8.0334465,
              46.6254236
            ],
            [
              8.0334251,
              46.6254243
            ],
            [
              8.0334171,
              46.6254306
            ],
            [
              8.0333412,
              46.625433
            ],
            [
              8.0333321,
              46.6254274
            ],
            [
              8.0333042,
              46.6254283
            ],
            [
              8.0332936,
              46.6252516
            ],
            [
              8.0333163,
              46.6252509
            ],
            [
              8.0333115,
              46.6251758
            ],
            [
              8.0335173,
              46.6251695
            ]
          ]
        ]
      },
      "id": "way/173803145"
    },
    {
      "type": "Feature",
      "properties": {
        "@id": "way/173803146",
        "addr:city": "Grindelwald",
        "addr:country": "CH",
        "addr:housenumber": "75",
        "addr:postcode": "3818",
        "addr:street": "Dorfstrasse",
        "building": "yes",
        "contact:email": "info@derby-grindelwald.ch",
        "contact:fax": "+41 33 853 24 26",
        "contact:phone": "+41 33 853 54 61",
        "ele": "1035",
        "name": "Derby",
        "operator": "Familie Baum-Ziegler",
        "source": "Website",
        "stars": "3",
        "tourism": "hotel",
        "website": "https://www.derby-grindelwald.ch/"
      },
      "geometry": {
        "type": "Polygon",
        "coordinates": [
          [
            [
              8.0326646,
              46.6243389
            ],
            [
              8.0326468,
              46.624261
            ],
            [
              8.0326382,
              46.624223
            ],
            [
              8.0328126,
              46.6242043
            ],
            [
              8.0328644,
              46.6241987
            ],
            [
              8.0328552,
              46.6241571
            ],
            [
              8.0331577,
              46.6241256
            ],
            [
              8.0331761,
              46.6241347
            ],
            [
              8.0331797,
              46.6241313
            ],
            [
              8.0332316,
              46.6241495
            ],
            [
              8.0332345,
              46.6241602
            ],
            [
              8.0332547,
              46.6241576
            ],
            [
              8.03326,
              46.6241826
            ],
            [
              8.0332465,
              46.6241905
            ],
            [
              8.0332637,
              46.6241986
            ],
            [
              8.033281,
              46.6242776
            ],
            [
              8.0332637,
              46.6242793
            ],
            [
              8.0332702,
              46.6243096
            ],
            [
              8.0330974,
              46.6243279
            ],
            [
              8.033096,
              46.6243217
            ],
            [
              8.0329485,
              46.6243371
            ],
            [
              8.0329471,
              46.6243309
            ],
            [
              8.0329004,
              46.6243358
            ],
            [
              8.0329018,
              46.624342
            ],
            [
              8.0328497,
              46.6243474
            ],
            [
              8.0328484,
              46.6243412
            ],
            [
              8.0328039,
              46.6243457
            ],
            [
              8.0327995,
              46.6243244
            ],
            [
              8.0326646,
              46.6243389
            ]
          ]
        ]
      },
      "id": "way/173803146"
    },
    {
      "type": "Feature",
      "properties": {
        "@id": "way/174159060",
        "addr:city": "Grindelwald",
        "addr:country": "CH",
        "addr:housenumber": "1",
        "addr:place": "Swiss Alp Resort",
        "addr:postcode": "3818",
        "building": "yes",
        "check_date": "2025-12-28",
        "ele": "1038",
        "email": "info@hotel-schweizerhof.com",
        "name": "Schweizerhof",
        "phone": "+41 33 854 58 58",
        "source": "survey",
        "survey:date": "2015-05-23",
        "tourism": "hotel",
        "website": "https://www.hotel-schweizerhof.com/"
      },
      "geometry": {
        "type": "Polygon",
        "coordinates": [
          [
            [
              8.0322283,
              46.6256595
            ],
            [
              8.0322421,
              46.6256822
            ],
            [
              8.0319408,
              46.6257673
            ],
            [
              8.0318911,
              46.6257854
            ],
            [
              8.0318165,
              46.6258231
            ],
            [
              8.0317689,
              46.6258301
            ],
            [
              8.0317371,
              46.6257771
            ],
            [
              8.0317081,
              46.6257854
            ],
            [
              8.031656,
              46.6256989
            ],
            [
              8.0316224,
              46.6257084
            ],
            [
              8.0315473,
              46.6255729
            ],
            [
              8.031561,
              46.625569
            ],
            [
              8.0315325,
              46.6255254
            ],
            [
              8.0315589,
              46.625518
            ],
            [
              8.0314847,
              46.6253929
            ],
            [
              8.0315304,
              46.62538
            ],
            [
              8.031605,
              46.625507
            ],
            [
              8.0316181,
              46.6255029
            ],
            [
              8.0316428,
              46.6255098
            ],
            [
              8.0316528,
              46.6255266
            ],
            [
              8.0316771,
              46.6255343
            ],
            [
              8.031716,
              46.6255222
            ],
            [
              8.0317464,
              46.6255128
            ],
            [
              8.031744,
              46.6255091
            ],
            [
              8.03179,
              46.625434
            ],
            [
              8.0317529,
              46.6253696
            ],
            [
              8.0316999,
              46.6253307
            ],
            [
              8.0317979,
              46.6252674
            ],
            [
              8.0318544,
              46.6253088
            ],
            [
              8.0318384,
              46.6253191
            ],
            [
              8.0318497,
              46.6253353
            ],
            [
              8.0318614,
              46.6253426
            ],
            [
              8.0319876,
              46.625311
            ],
            [
              8.0320155,
              46.6253593
            ],
            [
              8.0319999,
              46.6253636
            ],
            [
              8.0320642,
              46.6254741
            ],
            [
              8.0320484,
              46.6254784
            ],
            [
              8.0320583,
              46.6254973
            ],
            [
              8.0321106,
              46.6254853
            ],
            [
              8.0321781,
              46.6256325
            ],
            [
              8.032191,
              46.6256288
            ],
            [
              8.0322125,
              46.625664
            ],
            [
              8.0322283,
              46.6256595
            ]
          ]
        ]
      },
      "id": "way/174159060"
    },
    {
      "type": "Feature",
      "properties": {
        "@id": "way/174332639",
        "addr:city": "Grindelwald",
        "addr:country": "CH",
        "addr:housenumber": "6",
        "addr:postcode": "3818",
        "addr:street": "Sonnenbergweg",
        "building": "yes",
        "ele": "1074",
        "name": "Sonnenberg",
        "source": "survey",
        "tourism": "hotel"
      },
      "geometry": {
        "type": "Polygon",
        "coordinates": [
          [
            [
              8.0347805,
              46.6258997
            ],
            [
              8.0348052,
              46.6260003
            ],
            [
              8.0347727,
              46.6260041
            ],
            [
              8.034776,
              46.6260173
            ],
            [
              8.0346214,
              46.6260356
            ],
            [
              8.0346187,
              46.6260245
            ],
            [
              8.034562,
              46.6260312
            ],
            [
              8.0345426,
              46.6259527
            ],
            [
              8.0345628,
              46.6259503
            ],
            [
              8.0345527,
              46.6259095
            ],
            [
              8.0345921,
              46.6259049
            ],
            [
              8.0345962,
              46.6259214
            ],
            [
              8.0347805,
              46.6258997
            ]
          ]
        ]
      },
      "id": "way/174332639"
    },
    {
      "type": "Feature",
      "properties": {
        "@id": "way/184470301",
        "addr:city": "Unterseen",
        "addr:country": "CH",
        "addr:housenumber": "44",
        "addr:postcode": "3800",
        "addr:street": "Seestrasse",
        "building": "yes",
        "email": "info@adventure-hostel.com",
        "name": "Adventure Hostel",
        "phone": "+41798272727",
        "tourism": "hostel",
        "website": "https://www.adventure-hostel.com"
      },
      "geometry": {
        "type": "Polygon",
        "coordinates": [
          [
            [
              7.8434818,
              46.6830848
            ],
            [
              7.8434692,
              46.6830972
            ],
            [
              7.8435247,
              46.6831237
            ],
            [
              7.843484,
              46.6831639
            ],
            [
              7.8434953,
              46.6831693
            ],
            [
              7.8434604,
              46.6832038
            ],
            [
              7.8434491,
              46.6831984
            ],
            [
              7.843407,
              46.6832401
            ],
            [
              7.8432367,
              46.683159
            ],
            [
              7.8433545,
              46.6830426
            ],
            [
              7.8434117,
              46.6830698
            ],
            [
              7.8434242,
              46.6830574
            ],
            [
              7.8434818,
              46.6830848
            ]
          ]
        ]
      },
      "id": "way/184470301"
    },
    {
      "type": "Feature",
      "properties": {
        "@id": "way/188462958",
        "addr:city": "Wilderswil",
        "addr:country": "CH",
        "addr:housenumber": "3",
        "addr:postcode": "3812",
        "addr:street": "Oberdorfstrasse",
        "building": "hotel",
        "check_date": "2025-08-16",
        "contact:email": "info@hotel-alpenblick.ch",
        "contact:fax": "+41 33 828 35 51",
        "contact:phone": "+41 33 828 35 50",
        "contact:website": "https://www.hotel-alpenblick.ch",
        "ele": "600",
        "name": "Alpenblick",
        "source": "website",
        "tourism": "hotel",
        "wikidata": "Q90264881"
      },
      "geometry": {
        "type": "Polygon",
        "coordinates": [
          [
            [
              7.8601443,
              46.6637598
            ],
            [
              7.8601634,
              46.6637576
            ],
            [
              7.8601942,
              46.6638784
            ],
            [
              7.8601539,
              46.6638833
            ],
            [
              7.8601572,
              46.6638974
            ],
            [
              7.8600597,
              46.6639094
            ],
            [
              7.8600557,
              46.6638952
            ],
            [
              7.8599187,
              46.6639135
            ],
            [
              7.8598836,
              46.663852
            ],
            [
              7.860031,
              46.6637786
            ],
            [
              7.860101,
              46.6637369
            ],
            [
              7.8601378,
              46.663733
            ],
            [
              7.8601443,
              46.6637598
            ]
          ]
        ]
      },
      "id": "way/188462958"
    },
    {
      "type": "Feature",
      "properties": {
        "@id": "way/188462959",
        "addr:city": "Wilderswil",
        "addr:country": "CH",
        "addr:housenumber": "72",
        "addr:postcode": "3812",
        "addr:street": "Kirchgasse",
        "building": "hotel",
        "check_date": "2026-01-17",
        "ele": "584",
        "name": "Alpenrose",
        "tourism": "hotel"
      },
      "geometry": {
        "type": "Polygon",
        "coordinates": [
          [
            [
              7.866957,
              46.6649597
            ],
            [
              7.8670027,
              46.6648608
            ],
            [
              7.8670233,
              46.6648645
            ],
            [
              7.8670373,
              46.664828
            ],
            [
              7.8671414,
              46.6648462
            ],
            [
              7.8671287,
              46.6648793
            ],
            [
              7.8672871,
              46.6649064
            ],
            [
              7.8672487,
              46.6650044
            ],
            [
              7.8670915,
              46.6649763
            ],
            [
              7.8670881,
              46.6649853
            ],
            [
              7.8669809,
              46.6649641
            ],
            [
              7.866957,
              46.6649597
            ]
          ]
        ]
      },
      "id": "way/188462959"
    },
    {
      "type": "Feature",
      "properties": {
        "@id": "way/188462962",
        "addr:city": "Wilderswil",
        "addr:country": "CH",
        "addr:housenumber": "80",
        "addr:postcode": "3812",
        "addr:street": "Kirchgasse",
        "building": "yes",
        "check_date": "2024-10-30",
        "ele": "585",
        "name": "Hotel Restaurant Christina",
        "tourism": "hotel"
      },
      "geometry": {
        "type": "Polygon",
        "coordinates": [
          [
            [
              7.8685228,
              46.6649753
            ],
            [
              7.8687006,
              46.6649858
            ],
            [
              7.8687034,
              46.6649632
            ],
            [
              7.8687756,
              46.6649666
            ],
            [
              7.868776,
              46.664958
            ],
            [
              7.8688563,
              46.6649616
            ],
            [
              7.86884,
              46.6651301
            ],
            [
              7.8685417,
              46.665119
            ],
            [
              7.8685498,
              46.6650492
            ],
            [
              7.8685147,
              46.6650473
            ],
            [
              7.8685228,
              46.6649753
            ]
          ]
        ]
      },
      "id": "way/188462962"
    },
    {
      "type": "Feature",
      "properties": {
        "@id": "way/190399669",
        "addr:city": "Interlaken",
        "addr:country": "CH",
        "addr:housenumber": "58",
        "addr:postcode": "3800",
        "addr:street": "Marktgasse",
        "building": "residential",
        "name": "Citychalet",
        "tourism": "chalet",
        "website": "https://citychalet.ch/"
      },
      "geometry": {
        "type": "Polygon",
        "coordinates": [
          [
            [
              7.853004,
              46.6868364
            ],
            [
              7.8529128,
              46.6867492
            ],
            [
              7.853071,
              46.6866713
            ],
            [
              7.8531168,
              46.686715
            ],
            [
              7.8531376,
              46.6867048
            ],
            [
              7.853173,
              46.6867385
            ],
            [
              7.8531521,
              46.6867488
            ],
            [
              7.8531622,
              46.6867584
            ],
            [
              7.853004,
              46.6868364
            ]
          ]
        ]
      },
      "id": "way/190399669"
    },
    {
      "type": "Feature",
      "properties": {
        "@id": "way/190399673",
        "addr:city": "Interlaken",
        "addr:country": "CH",
        "addr:housenumber": "60",
        "addr:postcode": "3800",
        "addr:street": "Marktgasse",
        "building": "residential",
        "name": "Citychalet",
        "tourism": "chalet",
        "website": "https://citychalet.ch/"
      },
      "geometry": {
        "type": "Polygon",
        "coordinates": [
          [
            [
              7.8528777,
              46.6867829
            ],
            [
              7.852817,
              46.686814
            ],
            [
              7.8528347,
              46.6868303
            ],
            [
              7.8527878,
              46.6868543
            ],
            [
              7.8527707,
              46.6868387
            ],
            [
              7.8527542,
              46.6868472
            ],
            [
              7.852642,
              46.686744
            ],
            [
              7.8527662,
              46.6866804
            ],
            [
              7.8528777,
              46.6867829
            ]
          ]
        ]
      },
      "id": "way/190399673"
    },
    {
      "type": "Feature",
      "properties": {
        "@id": "way/190399688",
        "addr:city": "Interlaken",
        "addr:country": "CH",
        "addr:housenumber": "66",
        "addr:postcode": "3800",
        "addr:street": "Marktgasse",
        "building": "yes",
        "name": "Citychalet Historic",
        "tourism": "chalet",
        "website": "https://citychalet.ch/"
      },
      "geometry": {
        "type": "Polygon",
        "coordinates": [
          [
            [
              7.8525678,
              46.6870421
            ],
            [
              7.8525592,
              46.6870311
            ],
            [
              7.8525151,
              46.6870474
            ],
            [
              7.8524904,
              46.6870159
            ],
            [
              7.852479,
              46.6870201
            ],
            [
              7.852391,
              46.6869077
            ],
            [
              7.8526406,
              46.6868157
            ],
            [
              7.8527368,
              46.6869385
            ],
            [
              7.8526687,
              46.6869636
            ],
            [
              7.8526938,
              46.6869956
            ],
            [
              7.8525678,
              46.6870421
            ]
          ]
        ]
      },
      "id": "way/190399688"
    },
    {
      "type": "Feature",
      "properties": {
        "@id": "way/194247835",
        "addr:city": "Interlaken",
        "addr:country": "CH",
        "addr:housenumber": "211",
        "addr:postcode": "3800",
        "addr:street": "Höheweg",
        "building": "yes",
        "building:levels": "6",
        "name": "Grand Beau-Rivage",
        "tourism": "hotel",
        "website": "https://www.grandbeaurivage.ch/",
        "wikidata": "Q29673469"
      },
      "geometry": {
        "type": "Polygon",
        "coordinates": [
          [
            [
              7.8649541,
              46.6898615
            ],
            [
              7.8649174,
              46.6898954
            ],
            [
              7.8649097,
              46.6898921
            ],
            [
              7.8648862,
              46.6899156
            ],
            [
              7.8649008,
              46.6899356
            ],
            [
              7.8648028,
              46.6900235
            ],
            [
              7.864588,
              46.6899995
            ],
            [
              7.8644896,
              46.6899459
            ],
            [
              7.8645653,
              46.6898741
            ],
            [
              7.8643422,
              46.6897531
            ],
            [
              7.8644186,
              46.6896839
            ],
            [
              7.8643624,
              46.6896544
            ],
            [
              7.8643192,
              46.6896928
            ],
            [
              7.8642943,
              46.6896803
            ],
            [
              7.8643015,
              46.6896741
            ],
            [
              7.8640801,
              46.6895582
            ],
            [
              7.8641932,
              46.6894557
            ],
            [
              7.8642143,
              46.6894668
            ],
            [
              7.8642738,
              46.6894125
            ],
            [
              7.8645561,
              46.6895591
            ],
            [
              7.864572,
              46.6895452
            ],
            [
              7.8645826,
              46.6895508
            ],
            [
              7.8645987,
              46.6895365
            ],
            [
              7.8646185,
              46.689547
            ],
            [
              7.8646351,
              46.6895323
            ],
            [
              7.8646613,
              46.6895092
            ],
            [
              7.8647191,
              46.68954
            ],
            [
              7.8646933,
              46.6895629
            ],
            [
              7.8646766,
              46.6895776
            ],
            [
              7.8646978,
              46.6895889
            ],
            [
              7.8646814,
              46.6896029
            ],
            [
              7.8646923,
              46.6896081
            ],
            [
              7.8646782,
              46.6896219
            ],
            [
              7.8648253,
              46.689699
            ],
            [
              7.864834,
              46.6896922
            ],
            [
              7.8648624,
              46.6896954
            ],
            [
              7.8648849,
              46.6897071
            ],
            [
              7.8648925,
              46.6897242
            ],
            [
              7.8648769,
              46.6897389
            ],
            [
              7.8648947,
              46.6897594
            ],
            [
              7.8648874,
              46.6897621
            ],
            [
              7.8649142,
              46.6897928
            ],
            [
              7.8649074,
              46.6897964
            ],
            [
              7.8649344,
              46.6898276
            ],
            [
              7.8649275,
              46.6898301
            ],
            [
              7.8649541,
              46.6898615
            ]
          ]
        ]
      },
      "id": "way/194247835"
    },
    {
      "type": "Feature",
      "properties": {
        "@id": "way/194777752",
        "addr:city": "Interlaken",
        "addr:country": "CH",
        "addr:housenumber": "16",
        "addr:postcode": "3800",
        "addr:street": "Aarmühlestrasse",
        "building": "residential",
        "name": "Marco Hostel",
        "tourism": "hostel"
      },
      "geometry": {
        "type": "Polygon",
        "coordinates": [
          [
            [
              7.8532536,
              46.6838374
            ],
            [
              7.8532145,
              46.6838192
            ],
            [
              7.85331,
              46.6837228
            ],
            [
              7.8534563,
              46.683791
            ],
            [
              7.8533608,
              46.6838874
            ],
            [
              7.8533217,
              46.6838691
            ],
            [
              7.853276,
              46.6839153
            ],
            [
              7.8532079,
              46.6838835
            ],
            [
              7.8532536,
              46.6838374
            ]
          ]
        ]
      },
      "id": "way/194777752"
    },
    {
      "type": "Feature",
      "properties": {
        "@id": "way/204647166",
        "addr:city": "Grindelwald",
        "addr:country": "CH",
        "addr:housenumber": "44",
        "addr:postcode": "3818",
        "addr:street": "Bortweg",
        "building": "yes",
        "name": "Alpinhotel Bort",
        "phone": "+41 33 853 17 62",
        "tourism": "hotel",
        "website": "https://www.huettenzauber.ch/de/hotels-unterkuenfte/alpinhotel-bort"
      },
      "geometry": {
        "type": "Polygon",
        "coordinates": [
          [
            [
              8.052477,
              46.6462889
            ],
            [
              8.052566,
              46.6464005
            ],
            [
              8.0522495,
              46.6465203
            ],
            [
              8.0521605,
              46.6464087
            ],
            [
              8.052477,
              46.6462889
            ]
          ]
        ]
      },
      "id": "way/204647166"
    },
    {
      "type": "Feature",
      "properties": {
        "@id": "way/206160445",
        "addr:city": "Grindelwald",
        "addr:country": "CH",
        "addr:housenumber": "23",
        "addr:postcode": "3818",
        "addr:street": "Kirchbühlstrasse",
        "building": "yes",
        "contact:email": "hotel@kirchbuehl.ch",
        "contact:fax": "+41 33 854 40 81",
        "contact:phone": "+41 33 854 40 80",
        "contact:website": "http://www.kirchbuehl.ch/",
        "ele": "1104",
        "name": "Kirchbühl",
        "source": "Website",
        "stars": "4",
        "tourism": "hotel"
      },
      "geometry": {
        "type": "Polygon",
        "coordinates": [
          [
            [
              8.0455808,
              46.6272062
            ],
            [
              8.0453585,
              46.6271299
            ],
            [
              8.0454446,
              46.627011
            ],
            [
              8.0454714,
              46.6270203
            ],
            [
              8.0455369,
              46.626928
            ],
            [
              8.045854,
              46.6270374
            ],
            [
              8.0457396,
              46.6271959
            ],
            [
              8.0456181,
              46.6271545
            ],
            [
              8.0455808,
              46.6272062
            ]
          ]
        ]
      },
      "id": "way/206160445"
    },
    {
      "type": "Feature",
      "properties": {
        "@id": "way/213159455",
        "addr:city": "Interlaken",
        "addr:country": "CH",
        "addr:housenumber": "70",
        "addr:postcode": "3800",
        "addr:street": "Jungfraustrasse",
        "building": "yes",
        "check_date": "2025-08-16",
        "email": "info@hotel-derby-interlaken.ch",
        "fax": "+41 33 822 73 41",
        "internet_access": "wlan",
        "internet_access:fee": "yes",
        "name": "Derby",
        "operator": "Jürg + Pia Boss-Bärlacher",
        "phone": "+41 33 822 19 41",
        "rooms": "15",
        "smoking": "no",
        "source": "bing",
        "stars": "3",
        "tourism": "hotel",
        "website": "https://www.hotel-derby-interlaken.ch/"
      },
      "geometry": {
        "type": "Polygon",
        "coordinates": [
          [
            [
              7.85952,
              46.683007
            ],
            [
              7.8593351,
              46.6831017
            ],
            [
              7.8593179,
              46.6830861
            ],
            [
              7.8592055,
              46.6831442
            ],
            [
              7.8591924,
              46.6831323
            ],
            [
              7.8591617,
              46.6831481
            ],
            [
              7.8590464,
              46.6830431
            ],
            [
              7.8591945,
              46.6829666
            ],
            [
              7.8592503,
              46.6830174
            ],
            [
              7.8593192,
              46.6829818
            ],
            [
              7.8592965,
              46.682961
            ],
            [
              7.8594044,
              46.6829053
            ],
            [
              7.8594146,
              46.6829148
            ],
            [
              7.85952,
              46.683007
            ]
          ]
        ]
      },
      "id": "way/213159455"
    },
    {
      "type": "Feature",
      "properties": {
        "@id": "way/213164198",
        "addr:city": "Matten bei Interlaken",
        "addr:country": "CH",
        "addr:housenumber": "11",
        "addr:postcode": "3800",
        "addr:street": "Hauptstrasse",
        "building": "yes",
        "check_date": "2025-06-04",
        "ele": "572",
        "email": "info@hirschen-interlaken.ch",
        "fax": "+41 33 823 37 45",
        "internet_access": "wlan",
        "name": "Landgasthof Hirschen",
        "operator": "Nicole Förderer",
        "phone": "+41 33 822 15 45",
        "rooms": "20",
        "source": "bing",
        "stars": "3",
        "tourism": "hotel",
        "website": "https://hirschen-interlaken.ch/"
      },
      "geometry": {
        "type": "Polygon",
        "coordinates": [
          [
            [
              7.8621836,
              46.6817777
            ],
            [
              7.8622256,
              46.6815751
            ],
            [
              7.8623818,
              46.6815912
            ],
            [
              7.8623735,
              46.6816328
            ],
            [
              7.8623945,
              46.6816348
            ],
            [
              7.8623848,
              46.6816837
            ],
            [
              7.8623624,
              46.6816816
            ],
            [
              7.8623426,
              46.681782
            ],
            [
              7.8623032,
              46.6817783
            ],
            [
              7.8623012,
              46.6817883
            ],
            [
              7.8621836,
              46.6817777
            ]
          ]
        ]
      },
      "id": "way/213164198"
    },
    {
      "type": "Feature",
      "properties": {
        "@id": "way/214173907",
        "addr:city": "Interlaken",
        "addr:country": "CH",
        "addr:housenumber": "24",
        "addr:postcode": "3800",
        "addr:street": "Brienzstrasse",
        "building": "yes",
        "building:levels": "1",
        "name": "TCS Camping Sackgut",
        "smoking": "no",
        "tourism": "hostel"
      },
      "geometry": {
        "type": "Polygon",
        "coordinates": [
          [
            [
              7.8689297,
              46.6925261
            ],
            [
              7.8689113,
              46.6925196
            ],
            [
              7.8689495,
              46.692469
            ],
            [
              7.8689679,
              46.6924756
            ],
            [
              7.8690427,
              46.6923766
            ],
            [
              7.8691428,
              46.6924122
            ],
            [
              7.8690757,
              46.6925009
            ],
            [
              7.8692567,
              46.6925653
            ],
            [
              7.8693237,
              46.6924766
            ],
            [
              7.8694235,
              46.692512
            ],
            [
              7.8693041,
              46.69267
            ],
            [
              7.8689233,
              46.6925346
            ],
            [
              7.8689297,
              46.6925261
            ]
          ]
        ]
      },
      "id": "way/214173907"
    },
    {
      "type": "Feature",
      "properties": {
        "@id": "way/216659518",
        "addr:city": "Matten bei Interlaken",
        "addr:country": "CH",
        "addr:housenumber": "49",
        "addr:postcode": "3800",
        "addr:street": "Hauptstrasse",
        "building": "yes",
        "check_date": "2025-08-16",
        "ele": "573",
        "email": "info@hotel-tell.com",
        "fax": "+41 33 823 32 25",
        "internet_access": "wlan",
        "internet_access:fee": "no",
        "name": "Tell",
        "operator": "Sandra und Brad Bolland-Sherpheard",
        "phone": "+41 33 822 18 25",
        "rooms": "10",
        "source": "bing",
        "tourism": "hotel",
        "website": "http://www.hotel-tell.com"
      },
      "geometry": {
        "type": "Polygon",
        "coordinates": [
          [
            [
              7.8643502,
              46.6805822
            ],
            [
              7.8643512,
              46.6806052
            ],
            [
              7.8643428,
              46.6806144
            ],
            [
              7.864354,
              46.6806192
            ],
            [
              7.8642548,
              46.6807337
            ],
            [
              7.8641727,
              46.6807007
            ],
            [
              7.8641989,
              46.6806699
            ],
            [
              7.8641593,
              46.680654
            ],
            [
              7.8642554,
              46.6805434
            ],
            [
              7.8643502,
              46.6805822
            ]
          ]
        ]
      },
      "id": "way/216659518"
    },
    {
      "type": "Feature",
      "properties": {
        "@id": "way/216719916",
        "addr:city": "Matten bei Interlaken",
        "addr:country": "CH",
        "addr:housenumber": "36",
        "addr:postcode": "3800",
        "addr:street": "Hauptstrasse",
        "building": "yes",
        "ele": "574",
        "source": "bing",
        "tourism": "hotel"
      },
      "geometry": {
        "type": "Polygon",
        "coordinates": [
          [
            [
              7.8640102,
              46.6794833
            ],
            [
              7.8640021,
              46.6794813
            ],
            [
              7.8640049,
              46.6794707
            ],
            [
              7.8640306,
              46.6794223
            ],
            [
              7.864017,
              46.6793995
            ],
            [
              7.8639943,
              46.6793938
            ],
            [
              7.8639902,
              46.6794014
            ],
            [
              7.8638981,
              46.6793781
            ],
            [
              7.863872,
              46.679427
            ],
            [
              7.8637511,
              46.679396
            ],
            [
              7.8637417,
              46.6794134
            ],
            [
              7.8636042,
              46.6793765
            ],
            [
              7.8635997,
              46.6793701
            ],
            [
              7.8636013,
              46.6793608
            ],
            [
              7.8636138,
              46.6793531
            ],
            [
              7.8636304,
              46.679354
            ],
            [
              7.8636461,
              46.6793249
            ],
            [
              7.8635728,
              46.6793063
            ],
            [
              7.8636462,
              46.6791667
            ],
            [
              7.8638485,
              46.6792152
            ],
            [
              7.86384,
              46.6792314
            ],
            [
              7.8640987,
              46.6792959
            ],
            [
              7.8641072,
              46.6792797
            ],
            [
              7.8642592,
              46.6793176
            ],
            [
              7.8642425,
              46.6793476
            ],
            [
              7.8643077,
              46.6793647
            ],
            [
              7.8643121,
              46.6793569
            ],
            [
              7.8643181,
              46.6793585
            ],
            [
              7.8643234,
              46.6793535
            ],
            [
              7.8643436,
              46.6793172
            ],
            [
              7.8645773,
              46.6793765
            ],
            [
              7.8644968,
              46.6795251
            ],
            [
              7.86441,
              46.6795028
            ],
            [
              7.8644185,
              46.6794872
            ],
            [
              7.8642539,
              46.6794448
            ],
            [
              7.8642402,
              46.6794701
            ],
            [
              7.8642168,
              46.679462
            ],
            [
              7.864209,
              46.6794763
            ],
            [
              7.8641781,
              46.6794683
            ],
            [
              7.8641598,
              46.679502
            ],
            [
              7.8641656,
              46.6795035
            ],
            [
              7.8641631,
              46.679508
            ],
            [
              7.8641573,
              46.6795065
            ],
            [
              7.8641558,
              46.6795093
            ],
            [
              7.8640155,
              46.6794735
            ],
            [
              7.8640102,
              46.6794833
            ]
          ]
        ]
      },
      "id": "way/216719916"
    },
    {
      "type": "Feature",
      "properties": {
        "@id": "way/217549348",
        "addr:city": "Interlaken",
        "addr:country": "CH",
        "addr:housenumber": "36",
        "addr:postcode": "3800",
        "addr:street": "Brienzstrasse",
        "building": "yes",
        "email": "welcome@riverlodge.ch",
        "fax": "+41 33 822 44 56",
        "internet_access": "wlan",
        "name": "RiverLodge",
        "operator": "TCS",
        "phone": "+4133 822 44 24",
        "tourism": "hostel",
        "website": "https://riverlodge.ch/"
      },
      "geometry": {
        "type": "Polygon",
        "coordinates": [
          [
            [
              7.8700299,
              46.6928259
            ],
            [
              7.8699536,
              46.6927952
            ],
            [
              7.8700262,
              46.6927103
            ],
            [
              7.8700315,
              46.6927124
            ],
            [
              7.87004,
              46.6927025
            ],
            [
              7.8701275,
              46.6927377
            ],
            [
              7.8701191,
              46.6927476
            ],
            [
              7.8701265,
              46.6927506
            ],
            [
              7.8701209,
              46.6927571
            ],
            [
              7.8702041,
              46.6927905
            ],
            [
              7.8701948,
              46.6928014
            ],
            [
              7.8702,
              46.6928035
            ],
            [
              7.8701944,
              46.69281
            ],
            [
              7.8703659,
              46.692879
            ],
            [
              7.8703574,
              46.692889
            ],
            [
              7.8703641,
              46.6928918
            ],
            [
              7.8702948,
              46.6929728
            ],
            [
              7.8703014,
              46.6929754
            ],
            [
              7.8702716,
              46.6930102
            ],
            [
              7.8701601,
              46.6929653
            ],
            [
              7.8701857,
              46.6929354
            ],
            [
              7.8701219,
              46.6929097
            ],
            [
              7.8700512,
              46.6928813
            ],
            [
              7.8700407,
              46.6928772
            ],
            [
              7.8700214,
              46.6928358
            ],
            [
              7.8700299,
              46.6928259
            ]
          ]
        ]
      },
      "id": "way/217549348"
    },
    {
      "type": "Feature",
      "properties": {
        "@id": "way/217549423",
        "addr:city": "Interlaken",
        "addr:country": "CH",
        "addr:housenumber": "38",
        "addr:postcode": "3800",
        "addr:street": "Brienzstrasse",
        "building": "yes",
        "name": "India Village Guesthouse & Restaurant",
        "note": "Reception Timing 10.00 to 22.00 Restaurant Timing 12.00 to 22.00",
        "operator": "India Village GMBH",
        "phone": "+41 33 821 21 50",
        "smoking": "outside",
        "tourism": "hotel",
        "website": "https://india-village.net/"
      },
      "geometry": {
        "type": "Polygon",
        "coordinates": [
          [
            [
              7.870929,
              46.6931906
            ],
            [
              7.8708598,
              46.6931766
            ],
            [
              7.8708658,
              46.6931627
            ],
            [
              7.8707752,
              46.6931443
            ],
            [
              7.8707781,
              46.6931375
            ],
            [
              7.8707647,
              46.6931347
            ],
            [
              7.8707597,
              46.6931462
            ],
            [
              7.870703,
              46.6931346
            ],
            [
              7.8706431,
              46.6931224
            ],
            [
              7.8706397,
              46.6931302
            ],
            [
              7.8705979,
              46.6931217
            ],
            [
              7.8706011,
              46.6931143
            ],
            [
              7.8703925,
              46.6930719
            ],
            [
              7.8704084,
              46.6930351
            ],
            [
              7.870367,
              46.6930267
            ],
            [
              7.8704077,
              46.6929325
            ],
            [
              7.8706747,
              46.6929868
            ],
            [
              7.870669,
              46.6929999
            ],
            [
              7.8706844,
              46.693003
            ],
            [
              7.870699,
              46.6929693
            ],
            [
              7.8708207,
              46.692994
            ],
            [
              7.8708053,
              46.6930297
            ],
            [
              7.8708266,
              46.693034
            ],
            [
              7.870809,
              46.6930746
            ],
            [
              7.8708953,
              46.6930922
            ],
            [
              7.8708756,
              46.6931376
            ],
            [
              7.8709605,
              46.6931549
            ],
            [
              7.8709511,
              46.6931765
            ],
            [
              7.8709364,
              46.6931735
            ],
            [
              7.870929,
              46.6931906
            ]
          ]
        ]
      },
      "id": "way/217549423"
    },
    {
      "type": "Feature",
      "properties": {
        "@id": "way/217570501",
        "addr:city": "Goldswil bei Interlaken",
        "addr:country": "CH",
        "addr:housenumber": "72",
        "addr:postcode": "3805",
        "addr:street": "Hauptstrasse",
        "building": "residential",
        "contact:facebook": "https://www.facebook.com/mountainnsea.adventureholiday",
        "contact:instagram": "https://www.instagram.com/mountainnsea.adventureholiday",
        "email": "mountainnseaswitzerland@gmail.com",
        "internet_access": "wlan",
        "internet_access:fee": "customers",
        "name": "Adventure Chalet Goldswil bei Interlaken",
        "operator": "Familie Pelloli",
        "phone": "+41 78 250 31 56",
        "reservation": "required",
        "source": "bing, Gebäudeadressen des Kantons Bern © Amt für Geoinformation des Kantons Bern",
        "tourism": "chalet",
        "website": "https://www.mountainnsea.ch/adventure-chalet-interlaken"
      },
      "geometry": {
        "type": "Polygon",
        "coordinates": [
          [
            [
              7.8821536,
              46.6981868
            ],
            [
              7.8821294,
              46.6982283
            ],
            [
              7.8822201,
              46.6982515
            ],
            [
              7.8821783,
              46.6983289
            ],
            [
              7.8820394,
              46.6982933
            ],
            [
              7.8820625,
              46.6982506
            ],
            [
              7.8820515,
              46.6982477
            ],
            [
              7.8820838,
              46.6981898
            ],
            [
              7.8820935,
              46.6981924
            ],
            [
              7.8821046,
              46.6981733
            ],
            [
              7.8821536,
              46.6981868
            ]
          ]
        ]
      },
      "id": "way/217570501"
    },
    {
      "type": "Feature",
      "properties": {
        "@id": "way/222982921",
        "addr:city": "Stechelberg",
        "addr:country": "CH",
        "addr:housenumber": "562",
        "addr:place": "Trachsellauenen",
        "addr:postcode": "3824",
        "amenity": "restaurant",
        "building": "yes",
        "cuisine": "regional",
        "ele": "1202",
        "level": "0",
        "name": "Berggasthof Trachsellauenen",
        "opening_hours": "May 1-Oct 15",
        "operator": "Ursula & Jürg Abegglen",
        "phone": "+41 33 855 12 35",
        "toilets": "yes",
        "toilets:wheelchair": "no",
        "tourism": "hotel",
        "wheelchair": "limited"
      },
      "geometry": {
        "type": "Polygon",
        "coordinates": [
          [
            [
              7.903133,
              46.5277206
            ],
            [
              7.9031309,
              46.5276315
            ],
            [
              7.9032165,
              46.5276312
            ],
            [
              7.9032163,
              46.5276094
            ],
            [
              7.9033066,
              46.527609
            ],
            [
              7.9033071,
              46.5276642
            ],
            [
              7.9033131,
              46.5276642
            ],
            [
              7.9033131,
              46.5276684
            ],
            [
              7.9033072,
              46.5276685
            ],
            [
              7.9033083,
              46.5277191
            ],
            [
              7.903133,
              46.5277206
            ]
          ]
        ]
      },
      "id": "way/222982921"
    },
    {
      "type": "Feature",
      "properties": {
        "@id": "way/223027130",
        "addr:city": "Mürren",
        "addr:country": "CH",
        "addr:housenumber": "1063",
        "addr:place": "Auf den Platten",
        "addr:postcode": "3825",
        "building": "yes",
        "check_date": "2025-06-26",
        "ele": "1632",
        "name": "Sportchalet",
        "tourism": "hotel"
      },
      "geometry": {
        "type": "Polygon",
        "coordinates": [
          [
            [
              7.8945614,
              46.5594846
            ],
            [
              7.8947571,
              46.5593491
            ],
            [
              7.8948687,
              46.5594252
            ],
            [
              7.8948553,
              46.5594345
            ],
            [
              7.894934,
              46.5594881
            ],
            [
              7.8951422,
              46.5596299
            ],
            [
              7.8951087,
              46.559653
            ],
            [
              7.895098,
              46.5596456
            ],
            [
              7.8949986,
              46.5597144
            ],
            [
              7.894809,
              46.5595865
            ],
            [
              7.8948046,
              46.5595834
            ],
            [
              7.8947913,
              46.5595928
            ],
            [
              7.8947361,
              46.559555
            ],
            [
              7.8947237,
              46.5595636
            ],
            [
              7.8947066,
              46.5595627
            ],
            [
              7.8946862,
              46.5595488
            ],
            [
              7.894671,
              46.5595593
            ],
            [
              7.8945614,
              46.5594846
            ]
          ]
        ]
      },
      "id": "way/223027130"
    },
    {
      "type": "Feature",
      "properties": {
        "@id": "way/223027163",
        "addr:city": "Mürren",
        "addr:country": "CH",
        "addr:housenumber": "1036",
        "addr:place": "Borthalten",
        "addr:postcode": "3825",
        "building": "yes",
        "ele": "1630",
        "email": "info@reginamuerren.ch",
        "internet_access": "yes",
        "internet_access:fee": "customers",
        "name": "Regina",
        "phone": "+41338554242",
        "tourism": "hotel",
        "website": "https://www.reginamuerren.ch",
        "wikidata": "Q111196549"
      },
      "geometry": {
        "type": "Polygon",
        "coordinates": [
          [
            [
              7.8936896,
              46.5593208
            ],
            [
              7.8936367,
              46.5594121
            ],
            [
              7.893641,
              46.5594134
            ],
            [
              7.89355,
              46.5595707
            ],
            [
              7.8935562,
              46.5595722
            ],
            [
              7.893541,
              46.5595996
            ],
            [
              7.8934525,
              46.5595755
            ],
            [
              7.8934272,
              46.5596211
            ],
            [
              7.893347,
              46.5595995
            ],
            [
              7.893393,
              46.5595157
            ],
            [
              7.8932393,
              46.5594751
            ],
            [
              7.8932628,
              46.5594342
            ],
            [
              7.8932602,
              46.5594335
            ],
            [
              7.8932754,
              46.5594059
            ],
            [
              7.893278,
              46.5594064
            ],
            [
              7.8932946,
              46.559376
            ],
            [
              7.8932916,
              46.5593753
            ],
            [
              7.8932998,
              46.5593604
            ],
            [
              7.8933056,
              46.559362
            ],
            [
              7.893319,
              46.5593386
            ],
            [
              7.893317,
              46.5593381
            ],
            [
              7.8933242,
              46.5593259
            ],
            [
              7.8934289,
              46.5593534
            ],
            [
              7.8934264,
              46.559358
            ],
            [
              7.8935422,
              46.5593882
            ],
            [
              7.8935945,
              46.559293
            ],
            [
              7.8936896,
              46.5593208
            ]
          ]
        ]
      },
      "id": "way/223027163"
    },
    {
      "type": "Feature",
      "properties": {
        "@id": "way/223027596",
        "addr:city": "Mürren",
        "addr:country": "CH",
        "addr:housenumber": "1027",
        "addr:place": "Lus",
        "addr:postcode": "3825",
        "building": "yes",
        "check_date": "2025-06-26",
        "ele": "1635",
        "name": "Blumental",
        "tourism": "hotel"
      },
      "geometry": {
        "type": "Polygon",
        "coordinates": [
          [
            [
              7.8932941,
              46.5597048
            ],
            [
              7.8936616,
              46.5597583
            ],
            [
              7.893632,
              46.5598575
            ],
            [
              7.8935607,
              46.5598462
            ],
            [
              7.8935281,
              46.5598663
            ],
            [
              7.8934782,
              46.5599299
            ],
            [
              7.8933922,
              46.5599117
            ],
            [
              7.8934151,
              46.5598875
            ],
            [
              7.8933152,
              46.559864
            ],
            [
              7.893314,
              46.559867
            ],
            [
              7.8932283,
              46.5598496
            ],
            [
              7.8932354,
              46.5598328
            ],
            [
              7.8931826,
              46.5598221
            ],
            [
              7.8931966,
              46.5597895
            ],
            [
              7.8931386,
              46.559751
            ],
            [
              7.8931497,
              46.5597295
            ],
            [
              7.8932162,
              46.559747
            ],
            [
              7.8932823,
              46.5597437
            ],
            [
              7.8932941,
              46.5597048
            ]
          ]
        ]
      },
      "id": "way/223027596"
    },
    {
      "type": "Feature",
      "properties": {
        "@id": "way/223029234",
        "addr:city": "Mürren",
        "addr:country": "CH",
        "addr:housenumber": "1068a",
        "addr:place": "Rauft",
        "addr:postcode": "3825",
        "building": "hotel",
        "check_date": "2026-01-29",
        "ele": "1638",
        "name": "Hotel Edelweiss",
        "tourism": "hotel"
      },
      "geometry": {
        "type": "Polygon",
        "coordinates": [
          [
            [
              7.89673,
              46.5613437
            ],
            [
              7.896871,
              46.5612912
            ],
            [
              7.8969544,
              46.5613992
            ],
            [
              7.8969285,
              46.5614087
            ],
            [
              7.8970326,
              46.5615438
            ],
            [
              7.8970488,
              46.5615378
            ],
            [
              7.8971011,
              46.5616301
            ],
            [
              7.8970866,
              46.5616339
            ],
            [
              7.8969649,
              46.5616658
            ],
            [
              7.8969305,
              46.5616082
            ],
            [
              7.8969125,
              46.5616133
            ],
            [
              7.8968935,
              46.5615814
            ],
            [
              7.8969089,
              46.5615771
            ],
            [
              7.8968059,
              46.5614428
            ],
            [
              7.8967909,
              46.5614482
            ],
            [
              7.896779,
              46.5614326
            ],
            [
              7.8967281,
              46.5613595
            ],
            [
              7.8967388,
              46.5613555
            ],
            [
              7.89673,
              46.5613437
            ]
          ]
        ]
      },
      "id": "way/223029234"
    },
    {
      "type": "Feature",
      "properties": {
        "@id": "way/223029243",
        "addr:city": "Mürren",
        "addr:country": "CH",
        "addr:housenumber": "1051b",
        "addr:place": "Gruebi",
        "addr:postcode": "3825",
        "building": "hotel",
        "check_date": "2026-07-10",
        "ele": "1651",
        "name": "Jungfrau",
        "tourism": "hotel"
      },
      "geometry": {
        "type": "Polygon",
        "coordinates": [
          [
            [
              7.8944473,
              46.5611011
            ],
            [
              7.8943655,
              46.5610192
            ],
            [
              7.8944512,
              46.5609773
            ],
            [
              7.8944387,
              46.5609651
            ],
            [
              7.8944525,
              46.5609584
            ],
            [
              7.8944698,
              46.5609575
            ],
            [
              7.8944663,
              46.5609214
            ],
            [
              7.8945267,
              46.5608941
            ],
            [
              7.8945933,
              46.5609148
            ],
            [
              7.8945985,
              46.5609642
            ],
            [
              7.8946373,
              46.561005
            ],
            [
              7.8946212,
              46.5610229
            ],
            [
              7.8947786,
              46.5611807
            ],
            [
              7.8947222,
              46.5612068
            ],
            [
              7.8947501,
              46.5612335
            ],
            [
              7.8946013,
              46.5613039
            ],
            [
              7.8945368,
              46.5612393
            ],
            [
              7.8945696,
              46.5612237
            ],
            [
              7.8945065,
              46.5611604
            ],
            [
              7.8944445,
              46.5611898
            ],
            [
              7.8943852,
              46.5611306
            ],
            [
              7.8944473,
              46.5611011
            ]
          ]
        ]
      },
      "id": "way/223029243"
    },
    {
      "type": "Feature",
      "properties": {
        "@id": "way/223029249",
        "addr:city": "Mürren",
        "addr:country": "CH",
        "addr:housenumber": "1086",
        "addr:place": "Höhenmatte",
        "addr:postcode": "3825",
        "building": "hotel",
        "ele": "1653",
        "email": "office@muerren-palace.ch",
        "name": "Mürren Palace",
        "old_name": "Hotel Alpin Palace",
        "operator": "Mürren Management AG",
        "phone": "+41 33 856 99 99",
        "tourism": "hotel",
        "website": "https://hotel-muerren-palace.ch/"
      },
      "geometry": {
        "type": "Polygon",
        "coordinates": [
          [
            [
              7.8963948,
              46.5624794
            ],
            [
              7.8964972,
              46.5624495
            ],
            [
              7.8965131,
              46.5624754
            ],
            [
              7.8967162,
              46.5624161
            ],
            [
              7.8967899,
              46.5625352
            ],
            [
              7.8967984,
              46.5625327
            ],
            [
              7.8967955,
              46.5625281
            ],
            [
              7.8969582,
              46.5624827
            ],
            [
              7.8969842,
              46.5625246
            ],
            [
              7.8970019,
              46.5625194
            ],
            [
              7.897024,
              46.562555
            ],
            [
              7.8970066,
              46.5625602
            ],
            [
              7.8970328,
              46.5626025
            ],
            [
              7.8968629,
              46.5626559
            ],
            [
              7.8968614,
              46.5626535
            ],
            [
              7.8968018,
              46.5626709
            ],
            [
              7.8967982,
              46.5626652
            ],
            [
              7.8966982,
              46.5626947
            ],
            [
              7.8966967,
              46.5626922
            ],
            [
              7.8966542,
              46.5627048
            ],
            [
              7.8966557,
              46.5627072
            ],
            [
              7.8964329,
              46.562773
            ],
            [
              7.8963866,
              46.5626984
            ],
            [
              7.8963388,
              46.5626213
            ],
            [
              7.8962796,
              46.5625257
            ],
            [
              7.8964014,
              46.5624902
            ],
            [
              7.8963948,
              46.5624794
            ]
          ]
        ]
      },
      "id": "way/223029249"
    },
    {
      "type": "Feature",
      "properties": {
        "@id": "way/223029265",
        "addr:city": "Mürren",
        "addr:country": "CH",
        "addr:housename": "Colorelle",
        "addr:housenumber": "1068b",
        "addr:place": "Rauft",
        "addr:postcode": "3825",
        "building": "residential",
        "ele": "1635",
        "tourism": "chalet",
        "website": "https://www.chaletcolorelle.ch"
      },
      "geometry": {
        "type": "Polygon",
        "coordinates": [
          [
            [
              7.8967332,
              46.5611812
            ],
            [
              7.8966043,
              46.5612373
            ],
            [
              7.8966055,
              46.5612334
            ],
            [
              7.8965369,
              46.5611545
            ],
            [
              7.8965313,
              46.5611531
            ],
            [
              7.8966489,
              46.5611045
            ],
            [
              7.8966847,
              46.5611461
            ],
            [
              7.8966982,
              46.5611405
            ],
            [
              7.8967332,
              46.5611812
            ]
          ]
        ]
      },
      "id": "way/223029265"
    },
    {
      "type": "Feature",
      "properties": {
        "@id": "way/223032728",
        "addr:city": "Gimmelwald",
        "addr:country": "CH",
        "addr:housenumber": "746a",
        "addr:place": "Kirchstatt",
        "addr:postcode": "3826",
        "building": "yes",
        "ele": "1375",
        "name": "Pension Gimmelwald",
        "tourism": "hotel",
        "website": "https://www.hotel-pensiongimmelwald.ch/"
      },
      "geometry": {
        "type": "Polygon",
        "coordinates": [
          [
            [
              7.8924223,
              46.5467236
            ],
            [
              7.8926004,
              46.5466382
            ],
            [
              7.8926937,
              46.5467312
            ],
            [
              7.8925157,
              46.5468157
            ],
            [
              7.8924223,
              46.5467236
            ]
          ]
        ]
      },
      "id": "way/223032728"
    },
    {
      "type": "Feature",
      "properties": {
        "@id": "way/223032764",
        "addr:city": "Gimmelwald",
        "addr:country": "CH",
        "addr:housenumber": "745",
        "addr:place": "Kirchstatt",
        "addr:postcode": "3826",
        "building": "yes",
        "check_date": "2026-06-20",
        "ele": "1371",
        "name": "Mountain Hostel",
        "opening_hours": "07:30-22:30",
        "phone": "+41 33 855 17 04",
        "tourism": "hostel",
        "website": "https://www.mountainhostel.com/"
      },
      "geometry": {
        "type": "Polygon",
        "coordinates": [
          [
            [
              7.8928496,
              46.5466723
            ],
            [
              7.8928818,
              46.5466884
            ],
            [
              7.8929579,
              46.546616
            ],
            [
              7.8930935,
              46.5466835
            ],
            [
              7.8930556,
              46.5467197
            ],
            [
              7.8930699,
              46.5467268
            ],
            [
              7.8930135,
              46.5467808
            ],
            [
              7.8928315,
              46.5466896
            ],
            [
              7.8928496,
              46.5466723
            ]
          ]
        ]
      },
      "id": "way/223032764"
    },
    {
      "type": "Feature",
      "properties": {
        "@id": "way/223032774",
        "addr:city": "Gimmelwald",
        "addr:country": "CH",
        "addr:housenumber": "783",
        "addr:place": "Reindli",
        "addr:postcode": "3826",
        "building": "residential",
        "ele": "1381",
        "name": "Olle & Maria's Bed & Breakfast",
        "tourism": "guest_house"
      },
      "geometry": {
        "type": "Polygon",
        "coordinates": [
          [
            [
              7.8903397,
              46.5452934
            ],
            [
              7.8904339,
              46.5452422
            ],
            [
              7.8905245,
              46.5453211
            ],
            [
              7.8904292,
              46.545372
            ],
            [
              7.8903397,
              46.5452934
            ]
          ]
        ]
      },
      "id": "way/223032774"
    },
    {
      "type": "Feature",
      "properties": {
        "@id": "way/223032824",
        "addr:city": "Gimmelwald",
        "addr:country": "CH",
        "addr:housenumber": "751a",
        "addr:place": "Kirchstatt",
        "addr:postcode": "3826",
        "building": "residential",
        "ele": "1376",
        "name": "Esther's Guesthouse",
        "tourism": "guest_house"
      },
      "geometry": {
        "type": "Polygon",
        "coordinates": [
          [
            [
              7.8923793,
              46.5470979
            ],
            [
              7.8922966,
              46.5470758
            ],
            [
              7.892367,
              46.5469534
            ],
            [
              7.8924487,
              46.5469763
            ],
            [
              7.8924025,
              46.5470573
            ],
            [
              7.8923793,
              46.5470979
            ]
          ]
        ]
      },
      "id": "way/223032824"
    },
    {
      "type": "Feature",
      "properties": {
        "@id": "way/225740798",
        "addr:city": "Wengen",
        "addr:country": "CH",
        "addr:housenumber": "1298c",
        "addr:place": "Spendägerten",
        "addr:postcode": "3823",
        "building": "yes",
        "ele": "1321",
        "name": "Hotel Brunner",
        "tourism": "hotel"
      },
      "geometry": {
        "type": "Polygon",
        "coordinates": [
          [
            [
              7.9261715,
              46.6025478
            ],
            [
              7.9258412,
              46.6025115
            ],
            [
              7.9258691,
              46.6023905
            ],
            [
              7.9259854,
              46.6024033
            ],
            [
              7.9259865,
              46.6023986
            ],
            [
              7.9260162,
              46.6024018
            ],
            [
              7.9260215,
              46.6023787
            ],
            [
              7.9261027,
              46.602388
            ],
            [
              7.9260964,
              46.6024157
            ],
            [
              7.9261994,
              46.6024268
            ],
            [
              7.9261715,
              46.6025478
            ]
          ]
        ]
      },
      "id": "way/225740798"
    },
    {
      "type": "Feature",
      "properties": {
        "@id": "way/226911928",
        "addr:city": "Lütschental",
        "addr:country": "CH",
        "addr:housenumber": "179",
        "addr:postcode": "3816",
        "addr:street": "Stalden",
        "amenity": "restaurant",
        "building": "yes",
        "ele": "847",
        "name": "Hotel-Restaurant Stalden",
        "tourism": "hotel"
      },
      "geometry": {
        "type": "Polygon",
        "coordinates": [
          [
            [
              7.9675666,
              46.6372287
            ],
            [
              7.9677527,
              46.6371894
            ],
            [
              7.9677973,
              46.6372898
            ],
            [
              7.9677286,
              46.6373041
            ],
            [
              7.9677335,
              46.6373153
            ],
            [
              7.967696,
              46.6373231
            ],
            [
              7.9676911,
              46.6373119
            ],
            [
              7.9675882,
              46.6373334
            ],
            [
              7.9676016,
              46.6373637
            ],
            [
              7.9675266,
              46.6373794
            ],
            [
              7.9675213,
              46.6373673
            ],
            [
              7.967496,
              46.6373726
            ],
            [
              7.9674634,
              46.6373029
            ],
            [
              7.9675878,
              46.6372765
            ],
            [
              7.9675666,
              46.6372287
            ]
          ]
        ]
      },
      "id": "way/226911928"
    },
    {
      "type": "Feature",
      "properties": {
        "@id": "way/226983043",
        "addr:city": "Mürren",
        "addr:country": "CH",
        "addr:housenumber": "1078a",
        "addr:place": "Ägerten",
        "addr:postcode": "3825",
        "building": "yes",
        "ele": "1637",
        "name": "Alpenblick",
        "tourism": "hotel",
        "website": "https://www.alpenblick-muerren.ch/"
      },
      "geometry": {
        "type": "Polygon",
        "coordinates": [
          [
            [
              7.8972933,
              46.5653475
            ],
            [
              7.8972192,
              46.5654961
            ],
            [
              7.8971904,
              46.5654897
            ],
            [
              7.8971872,
              46.5654962
            ],
            [
              7.897094,
              46.5654747
            ],
            [
              7.8970908,
              46.5654813
            ],
            [
              7.8970192,
              46.5654642
            ],
            [
              7.89706,
              46.5653829
            ],
            [
              7.8971142,
              46.5653959
            ],
            [
              7.8971554,
              46.5653139
            ],
            [
              7.897204,
              46.5653252
            ],
            [
              7.8972184,
              46.5652956
            ],
            [
              7.8972979,
              46.565314
            ],
            [
              7.8972825,
              46.5653449
            ],
            [
              7.8972933,
              46.5653475
            ]
          ]
        ]
      },
      "id": "way/226983043"
    },
    {
      "type": "Feature",
      "properties": {
        "@id": "way/226983056",
        "addr:city": "Mürren",
        "addr:country": "CH",
        "addr:housenumber": "1079c",
        "addr:place": "Ägerten",
        "addr:postcode": "3825",
        "amenity": "restaurant",
        "building": "yes",
        "ele": "1648",
        "name": "Residence Eiger",
        "tourism": "hotel"
      },
      "geometry": {
        "type": "Polygon",
        "coordinates": [
          [
            [
              7.8965066,
              46.5635775
            ],
            [
              7.8966232,
              46.5635603
            ],
            [
              7.8966697,
              46.5635534
            ],
            [
              7.8966867,
              46.5636148
            ],
            [
              7.896711,
              46.5636116
            ],
            [
              7.8967295,
              46.5636689
            ],
            [
              7.8967407,
              46.5636643
            ],
            [
              7.8967429,
              46.5636713
            ],
            [
              7.8967383,
              46.563672
            ],
            [
              7.8967653,
              46.5637604
            ],
            [
              7.8967951,
              46.5637563
            ],
            [
              7.8968058,
              46.5637929
            ],
            [
              7.8968315,
              46.5637892
            ],
            [
              7.8968805,
              46.563938
            ],
            [
              7.8968659,
              46.5639402
            ],
            [
              7.8967467,
              46.5639586
            ],
            [
              7.8966692,
              46.5639705
            ],
            [
              7.8966543,
              46.563924
            ],
            [
              7.8966433,
              46.5639256
            ],
            [
              7.89664,
              46.5639147
            ],
            [
              7.896651,
              46.5639132
            ],
            [
              7.8966417,
              46.5638824
            ],
            [
              7.8966003,
              46.5638882
            ],
            [
              7.8965811,
              46.5638236
            ],
            [
              7.8965667,
              46.5638256
            ],
            [
              7.8965588,
              46.5637991
            ],
            [
              7.8963988,
              46.5638239
            ],
            [
              7.8963668,
              46.563728
            ],
            [
              7.896454,
              46.5637158
            ],
            [
              7.896411,
              46.5635934
            ],
            [
              7.8965066,
              46.5635775
            ]
          ]
        ]
      },
      "id": "way/226983056"
    },
    {
      "type": "Feature",
      "properties": {
        "@id": "way/226983062",
        "addr:city": "Mürren",
        "addr:country": "CH",
        "addr:housenumber": "1079e",
        "addr:place": "Ägerten",
        "addr:postcode": "3825",
        "building": "hotel",
        "ele": "1642",
        "name": "Eiger Guesthouse",
        "tourism": "hotel"
      },
      "geometry": {
        "type": "Polygon",
        "coordinates": [
          [
            [
              7.8968659,
              46.5639402
            ],
            [
              7.8970047,
              46.5641625
            ],
            [
              7.896869,
              46.5641998
            ],
            [
              7.8968386,
              46.564153
            ],
            [
              7.8968432,
              46.5641516
            ],
            [
              7.8968232,
              46.5641208
            ],
            [
              7.896819,
              46.564122
            ],
            [
              7.8967609,
              46.5640267
            ],
            [
              7.896768,
              46.5640246
            ],
            [
              7.8967467,
              46.5639586
            ],
            [
              7.8968659,
              46.5639402
            ]
          ]
        ]
      },
      "id": "way/226983062"
    },
    {
      "type": "Feature",
      "properties": {
        "@id": "way/226984260",
        "addr:city": "Lauterbrunnen",
        "addr:country": "CH",
        "addr:housenumber": "477b",
        "addr:place": "Tripfi",
        "addr:postcode": "3822",
        "amenity": "restaurant",
        "building": "yes",
        "building:levels": "3",
        "contact:phone": "+41 33 855 12 31",
        "ele": "795",
        "name": "Steinbock",
        "roof:levels": "1",
        "roof:shape": "gabled",
        "tourism": "hotel"
      },
      "geometry": {
        "type": "Polygon",
        "coordinates": [
          [
            [
              7.9076077,
              46.5992715
            ],
            [
              7.9075511,
              46.5993792
            ],
            [
              7.9075603,
              46.5993813
            ],
            [
              7.9075225,
              46.5994475
            ],
            [
              7.9074179,
              46.5994213
            ],
            [
              7.9074208,
              46.5994163
            ],
            [
              7.9073569,
              46.5994
            ],
            [
              7.9073442,
              46.5993968
            ],
            [
              7.9073885,
              46.5993155
            ],
            [
              7.9073748,
              46.5993116
            ],
            [
              7.9074251,
              46.5992249
            ],
            [
              7.9076077,
              46.5992715
            ]
          ]
        ]
      },
      "id": "way/226984260"
    },
    {
      "type": "Feature",
      "properties": {
        "@id": "way/229171897",
        "addr:city": "Wilderswil",
        "addr:country": "CH",
        "addr:housenumber": "51",
        "addr:postcode": "3812",
        "addr:street": "Schulgässli",
        "building": "yes",
        "ele": "585",
        "fax": "+41 33 845 85 01",
        "name": "Jungfrau Hotel & Restaurant zum Choch Topf",
        "phone": "+41 33 845 85 00",
        "smoking": "outside",
        "source": "website",
        "tourism": "hotel",
        "website": "https://www.jungfrau-hotel.ch/",
        "wheelchair": "yes"
      },
      "geometry": {
        "type": "Polygon",
        "coordinates": [
          [
            [
              7.8671771,
              46.6640508
            ],
            [
              7.867072,
              46.6640067
            ],
            [
              7.8671541,
              46.6638993
            ],
            [
              7.8671935,
              46.6639152
            ],
            [
              7.8672443,
              46.6639371
            ],
            [
              7.8673278,
              46.6639732
            ],
            [
              7.8673995,
              46.6640031
            ],
            [
              7.8674384,
              46.6640194
            ],
            [
              7.8672834,
              46.6641987
            ],
            [
              7.8672672,
              46.6642015
            ],
            [
              7.8670744,
              46.6641237
            ],
            [
              7.8671307,
              46.6640586
            ],
            [
              7.8671512,
              46.6640555
            ],
            [
              7.8671671,
              46.6640622
            ],
            [
              7.8671771,
              46.6640508
            ]
          ]
        ]
      },
      "id": "way/229171897"
    },
    {
      "type": "Feature",
      "properties": {
        "@id": "way/230448945",
        "addr:city": "Kleine Scheidegg",
        "addr:country": "CH",
        "addr:housenumber": "354",
        "addr:place": "Kleine Scheidegg",
        "addr:postcode": "3823",
        "building": "yes",
        "building:levels": "6",
        "ele": "2065",
        "name": "Bellevue",
        "name:de": "Bellevue",
        "smoking": "outside",
        "source": "bing",
        "tourism": "hotel",
        "wheelchair": "limited"
      },
      "geometry": {
        "type": "Polygon",
        "coordinates": [
          [
            [
              7.961792,
              46.5852771
            ],
            [
              7.9618182,
              46.5852617
            ],
            [
              7.9622563,
              46.5850057
            ],
            [
              7.9622705,
              46.5849974
            ],
            [
              7.9622824,
              46.5850074
            ],
            [
              7.9622765,
              46.585011
            ],
            [
              7.9623106,
              46.585039
            ],
            [
              7.962325,
              46.5850307
            ],
            [
              7.96235,
              46.5850506
            ],
            [
              7.9623352,
              46.5850592
            ],
            [
              7.9623729,
              46.5850891
            ],
            [
              7.9623769,
              46.5850925
            ],
            [
              7.9622705,
              46.5851539
            ],
            [
              7.962273,
              46.5851558
            ],
            [
              7.9622681,
              46.5851587
            ],
            [
              7.9622889,
              46.5851758
            ],
            [
              7.9619521,
              46.585371
            ],
            [
              7.9619269,
              46.5853505
            ],
            [
              7.9618866,
              46.5853742
            ],
            [
              7.9618472,
              46.5853423
            ],
            [
              7.9618618,
              46.5853337
            ],
            [
              7.961792,
              46.5852771
            ]
          ]
        ]
      },
      "id": "way/230448945"
    },
    {
      "type": "Feature",
      "properties": {
        "@id": "way/232332780",
        "addr:city": "Grindelwald",
        "addr:country": "CH",
        "addr:housenumber": "1164",
        "addr:postcode": "3818",
        "addr:street": "Faulhorn",
        "building": "yes",
        "building:levels": "2",
        "ele": "2673",
        "name": "Berghotel Faulhorn",
        "source": "Kanton Bern, Buildings",
        "tourism": "hostel",
        "website": "https://www.berghotel-faulhorn.ch/",
        "wikidata": "Q819781"
      },
      "geometry": {
        "type": "Polygon",
        "coordinates": [
          [
            [
              7.9996464,
              46.6749045
            ],
            [
              7.9995751,
              46.6748769
            ],
            [
              7.9995767,
              46.6748746
            ],
            [
              7.9994181,
              46.6748122
            ],
            [
              7.9994396,
              46.6747851
            ],
            [
              7.9993692,
              46.6747566
            ],
            [
              7.9993927,
              46.6747347
            ],
            [
              7.9993873,
              46.674732
            ],
            [
              7.9994564,
              46.6746618
            ],
            [
              7.9995937,
              46.6747301
            ],
            [
              7.9995831,
              46.6747423
            ],
            [
              7.9996002,
              46.6747495
            ],
            [
              7.9996039,
              46.6747458
            ],
            [
              7.999617,
              46.6747506
            ],
            [
              7.9996143,
              46.6747552
            ],
            [
              7.9996243,
              46.67476
            ],
            [
              7.999627,
              46.6747575
            ],
            [
              7.9996354,
              46.6747616
            ],
            [
              7.9996347,
              46.6747642
            ],
            [
              7.9996451,
              46.6747683
            ],
            [
              7.9996468,
              46.674766
            ],
            [
              7.9996589,
              46.6747713
            ],
            [
              7.9996585,
              46.6747738
            ],
            [
              7.9996726,
              46.6747798
            ],
            [
              7.999677,
              46.6747761
            ],
            [
              7.9996874,
              46.6747807
            ],
            [
              7.9996844,
              46.6747851
            ],
            [
              7.9997202,
              46.6747998
            ],
            [
              7.9997243,
              46.6747955
            ],
            [
              7.9997386,
              46.6748009
            ],
            [
              7.9996464,
              46.6749045
            ]
          ]
        ]
      },
      "id": "way/232332780"
    },
    {
      "type": "Feature",
      "properties": {
        "@id": "way/235931953",
        "addr:city": "Mürren",
        "addr:country": "CH",
        "addr:housenumber": "1068",
        "addr:place": "Rauft",
        "addr:postcode": "3825",
        "building": "hotel",
        "check_date": "2026-07-10",
        "ele": "1635",
        "name": "Hotel Alpina",
        "tourism": "hotel"
      },
      "geometry": {
        "type": "Polygon",
        "coordinates": [
          [
            [
              7.8970866,
              46.5616339
            ],
            [
              7.8971451,
              46.561738
            ],
            [
              7.897167,
              46.5617323
            ],
            [
              7.8972066,
              46.5618039
            ],
            [
              7.8971153,
              46.5618282
            ],
            [
              7.8971079,
              46.5618149
            ],
            [
              7.8970615,
              46.561827
            ],
            [
              7.8970461,
              46.5617995
            ],
            [
              7.897036,
              46.5618021
            ],
            [
              7.8970197,
              46.5617736
            ],
            [
              7.89703,
              46.5617708
            ],
            [
              7.8969711,
              46.5616661
            ],
            [
              7.8969659,
              46.5616676
            ],
            [
              7.8969649,
              46.5616658
            ],
            [
              7.8970866,
              46.5616339
            ]
          ]
        ]
      },
      "id": "way/235931953"
    },
    {
      "type": "Feature",
      "properties": {
        "@id": "way/241113322",
        "addr:city": "Saxeten",
        "addr:country": "CH",
        "addr:housenumber": "93",
        "addr:place": "Mooszun",
        "addr:postcode": "3813",
        "building": "yes",
        "ele": "1130",
        "name": "Hotel Alpenrose",
        "source": "Bing",
        "tourism": "hotel"
      },
      "geometry": {
        "type": "Polygon",
        "coordinates": [
          [
            [
              7.8308125,
              46.6365954
            ],
            [
              7.8310476,
              46.6366003
            ],
            [
              7.8310414,
              46.6367573
            ],
            [
              7.8308936,
              46.6367548
            ],
            [
              7.830893,
              46.6367725
            ],
            [
              7.8308288,
              46.6367717
            ],
            [
              7.8308305,
              46.6367303
            ],
            [
              7.8307143,
              46.6367277
            ],
            [
              7.830717,
              46.6366728
            ],
            [
              7.8308095,
              46.6366749
            ],
            [
              7.8308125,
              46.6365954
            ]
          ]
        ]
      },
      "id": "way/241113322"
    },
    {
      "type": "Feature",
      "properties": {
        "@id": "way/264459274",
        "addr:city": "Grindelwald",
        "addr:country": "CH",
        "addr:housenumber": "203",
        "addr:postcode": "3818",
        "addr:street": "Dorfstrasse",
        "building": "yes",
        "check_date": "2026-03-15",
        "ele": "1057",
        "name": "Hotel Fiescherblick",
        "tourism": "hotel",
        "website": "https://hotel-fiescherblick.ch/"
      },
      "geometry": {
        "type": "Polygon",
        "coordinates": [
          [
            [
              8.0460355,
              46.6253323
            ],
            [
              8.0460324,
              46.6253331
            ],
            [
              8.0459866,
              46.6253719
            ],
            [
              8.0458579,
              46.6253146
            ],
            [
              8.0459773,
              46.6251875
            ],
            [
              8.0461258,
              46.6252553
            ],
            [
              8.0460355,
              46.6253323
            ]
          ]
        ]
      },
      "id": "way/264459274"
    },
    {
      "type": "Feature",
      "properties": {
        "@id": "way/264459279",
        "addr:city": "Grindelwald",
        "addr:country": "CH",
        "addr:housenumber": "1",
        "addr:postcode": "3818",
        "addr:street": "Obere Gletscherstrasse",
        "building": "hotel",
        "check_date": "2026-03-15",
        "ele": "1059",
        "name": "Gletschergarten",
        "tourism": "hotel"
      },
      "geometry": {
        "type": "Polygon",
        "coordinates": [
          [
            [
              8.0462593,
              46.6253901
            ],
            [
              8.0464077,
              46.6255366
            ],
            [
              8.0463393,
              46.6255696
            ],
            [
              8.0463428,
              46.6255731
            ],
            [
              8.046195,
              46.6256408
            ],
            [
              8.0461167,
              46.6255586
            ],
            [
              8.0460845,
              46.6255731
            ],
            [
              8.0460195,
              46.6255084
            ],
            [
              8.0460388,
              46.6254992
            ],
            [
              8.0460019,
              46.6254638
            ],
            [
              8.0461976,
              46.6253666
            ],
            [
              8.0462341,
              46.6254026
            ],
            [
              8.0462593,
              46.6253901
            ]
          ]
        ]
      },
      "id": "way/264459279"
    },
    {
      "type": "Feature",
      "properties": {
        "@id": "way/264460323",
        "addr:city": "Grindelwald",
        "addr:country": "CH",
        "addr:housenumber": "168",
        "addr:postcode": "3818",
        "addr:street": "Dorfstrasse",
        "building": "hotel",
        "check_date": "2026-03-18",
        "internet_access": "wlan",
        "internet_access:fee": "no",
        "name": "Sunstar Hotel Grindelwald",
        "rooms": "217",
        "tourism": "hotel",
        "website": "https://grindelwald.sunstar.ch/"
      },
      "geometry": {
        "type": "Polygon",
        "coordinates": [
          [
            [
              8.0422142,
              46.6236032
            ],
            [
              8.0426419,
              46.6236006
            ],
            [
              8.0426439,
              46.6237536
            ],
            [
              8.0426133,
              46.6237538
            ],
            [
              8.0426175,
              46.6240798
            ],
            [
              8.0422136,
              46.6240822
            ],
            [
              8.0422136,
              46.6240803
            ],
            [
              8.0421226,
              46.6240809
            ],
            [
              8.0421226,
              46.624084
            ],
            [
              8.042016,
              46.6240846
            ],
            [
              8.0420097,
              46.6240929
            ],
            [
              8.041997,
              46.6240961
            ],
            [
              8.0419846,
              46.6240928
            ],
            [
              8.0419784,
              46.6240848
            ],
            [
              8.041914,
              46.6240852
            ],
            [
              8.0419124,
              46.6239551
            ],
            [
              8.041914,
              46.6239551
            ],
            [
              8.0419136,
              46.6239284
            ],
            [
              8.0418815,
              46.6239286
            ],
            [
              8.0418815,
              46.6239293
            ],
            [
              8.041832,
              46.6239296
            ],
            [
              8.0418023,
              46.6239092
            ],
            [
              8.0417747,
              46.6239094
            ],
            [
              8.041732,
              46.623881
            ],
            [
              8.0417318,
              46.6238617
            ],
            [
              8.0416832,
              46.6238292
            ],
            [
              8.0416483,
              46.6238294
            ],
            [
              8.041582,
              46.6237849
            ],
            [
              8.0415818,
              46.6237646
            ],
            [
              8.0417853,
              46.6237636
            ],
            [
              8.0417848,
              46.6237176
            ],
            [
              8.0418447,
              46.6237173
            ],
            [
              8.0418433,
              46.6236053
            ],
            [
              8.0420342,
              46.6236041
            ],
            [
              8.0420337,
              46.6235666
            ],
            [
              8.0422137,
              46.6235656
            ],
            [
              8.0422142,
              46.6236032
            ]
          ]
        ]
      },
      "id": "way/264460323"
    },
    {
      "type": "Feature",
      "properties": {
        "@id": "way/264572867",
        "addr:city": "Grindelwald",
        "addr:country": "CH",
        "addr:housenumber": "46",
        "addr:postcode": "3818",
        "addr:street": "Dorfstrasse",
        "building": "yes",
        "ele": "1002",
        "internet_access": "wlan",
        "name": "Hotel cabana",
        "stars": "3",
        "tourism": "hotel",
        "website": "https://www.cabana-grindelwald.ch/"
      },
      "geometry": {
        "type": "Polygon",
        "coordinates": [
          [
            [
              8.0281244,
              46.6252943
            ],
            [
              8.0281267,
              46.6253204
            ],
            [
              8.0280521,
              46.6253236
            ],
            [
              8.0280515,
              46.6253172
            ],
            [
              8.0280038,
              46.6253195
            ],
            [
              8.0280067,
              46.6253517
            ],
            [
              8.0278198,
              46.6253597
            ],
            [
              8.0278066,
              46.6252188
            ],
            [
              8.0280407,
              46.625208
            ],
            [
              8.0280495,
              46.6252974
            ],
            [
              8.0281244,
              46.6252943
            ]
          ]
        ]
      },
      "id": "way/264572867"
    },
    {
      "type": "Feature",
      "properties": {
        "@id": "way/278600283",
        "addr:city": "Grindelwald",
        "addr:country": "CH",
        "addr:housenumber": "141",
        "addr:postcode": "3818",
        "addr:street": "Terrassenweg",
        "building": "yes",
        "ele": "1158",
        "name": "Boutique Hotel Panorama Grindelwald",
        "tourism": "hotel",
        "website": "https://www.panoramagrindelwald.ch"
      },
      "geometry": {
        "type": "Polygon",
        "coordinates": [
          [
            [
              8.0477735,
              46.6304429
            ],
            [
              8.0477646,
              46.6305417
            ],
            [
              8.047709,
              46.6305393
            ],
            [
              8.0477025,
              46.6306112
            ],
            [
              8.0475888,
              46.6306064
            ],
            [
              8.0475952,
              46.6305345
            ],
            [
              8.0475043,
              46.6305307
            ],
            [
              8.0475118,
              46.6304432
            ],
            [
              8.0475573,
              46.6304451
            ],
            [
              8.0475587,
              46.6304343
            ],
            [
              8.0477735,
              46.6304429
            ]
          ]
        ]
      },
      "id": "way/278600283"
    },
    {
      "type": "Feature",
      "properties": {
        "@id": "way/279360226",
        "addr:city": "Grindelwald",
        "addr:country": "CH",
        "addr:housenumber": "134",
        "addr:postcode": "3818",
        "addr:street": "Dorfstrasse",
        "building": "hotel",
        "check_date": "2026-03-15",
        "ele": "1038",
        "name": "Hotel Tschuggen",
        "tourism": "hotel",
        "website": "https://www.tschuggen-grindelwald.ch"
      },
      "geometry": {
        "type": "Polygon",
        "coordinates": [
          [
            [
              8.037981,
              46.6232017
            ],
            [
              8.0377934,
              46.6232322
            ],
            [
              8.037749,
              46.6231182
            ],
            [
              8.0379336,
              46.6230847
            ],
            [
              8.037957,
              46.6231458
            ],
            [
              8.0379739,
              46.6231427
            ],
            [
              8.0379875,
              46.6231641
            ],
            [
              8.0379675,
              46.6231679
            ],
            [
              8.037981,
              46.6232017
            ]
          ]
        ]
      },
      "id": "way/279360226"
    },
    {
      "type": "Feature",
      "properties": {
        "@id": "way/279367090",
        "addr:city": "Grindelwald",
        "addr:country": "CH",
        "addr:housenumber": "135",
        "addr:postcode": "3818",
        "addr:street": "Dorfstrasse",
        "building": "yes",
        "check_date": "2026-03-18",
        "ele": "1040",
        "name": "Hotel Hirschen",
        "tourism": "hotel",
        "website": "https://www.hirschen-grindelwald.ch"
      },
      "geometry": {
        "type": "Polygon",
        "coordinates": [
          [
            [
              8.0384917,
              46.6234018
            ],
            [
              8.0384734,
              46.623534
            ],
            [
              8.0384366,
              46.6235322
            ],
            [
              8.0384269,
              46.6235177
            ],
            [
              8.038428,
              46.6235076
            ],
            [
              8.0383116,
              46.6235016
            ],
            [
              8.0383034,
              46.6234907
            ],
            [
              8.0383045,
              46.6234813
            ],
            [
              8.0382839,
              46.6234802
            ],
            [
              8.0382806,
              46.6234673
            ],
            [
              8.0382839,
              46.6233918
            ],
            [
              8.0383131,
              46.6233927
            ],
            [
              8.038315,
              46.6233745
            ],
            [
              8.0384706,
              46.6233822
            ],
            [
              8.0384686,
              46.6234005
            ],
            [
              8.0384917,
              46.6234018
            ]
          ]
        ]
      },
      "id": "way/279367090"
    },
    {
      "type": "Feature",
      "properties": {
        "@id": "way/279367092",
        "addr:city": "Grindelwald",
        "addr:country": "CH",
        "addr:housenumber": "133",
        "addr:postcode": "3818",
        "addr:street": "Dorfstrasse",
        "building": "hotel",
        "check_date": "2026-03-20",
        "ele": "1040",
        "email": "resort@eiger-grindelwald.ch",
        "name": "Eiger Mountain & Soul Resort",
        "operator": "Heller Gastro AG",
        "phone": "+41 33 854 3131",
        "tourism": "hotel",
        "website": "https://www.eiger-grindelwald.ch"
      },
      "geometry": {
        "type": "Polygon",
        "coordinates": [
          [
            [
              8.0382125,
              46.6238256
            ],
            [
              8.0382557,
              46.6240517
            ],
            [
              8.038221,
              46.6240548
            ],
            [
              8.0382253,
              46.6240775
            ],
            [
              8.0380258,
              46.624096
            ],
            [
              8.0379709,
              46.6238135
            ],
            [
              8.0380237,
              46.6238085
            ],
            [
              8.0380201,
              46.6237908
            ],
            [
              8.0379889,
              46.6237938
            ],
            [
              8.0379635,
              46.6236616
            ],
            [
              8.0379547,
              46.6236624
            ],
            [
              8.0379452,
              46.6236076
            ],
            [
              8.0380404,
              46.6235993
            ],
            [
              8.0380324,
              46.6235414
            ],
            [
              8.038017,
              46.6235428
            ],
            [
              8.038005,
              46.6234799
            ],
            [
              8.0380205,
              46.6234785
            ],
            [
              8.0380047,
              46.6233871
            ],
            [
              8.0382249,
              46.6233839
            ],
            [
              8.0382521,
              46.6235218
            ],
            [
              8.0382667,
              46.6235294
            ],
            [
              8.0382774,
              46.6235813
            ],
            [
              8.0382858,
              46.6235804
            ],
            [
              8.0383092,
              46.6236077
            ],
            [
              8.0383208,
              46.6236508
            ],
            [
              8.0383352,
              46.6236579
            ],
            [
              8.0383564,
              46.6236568
            ],
            [
              8.0383681,
              46.6236631
            ],
            [
              8.0383707,
              46.623676
            ],
            [
              8.0383921,
              46.623674
            ],
            [
              8.0384079,
              46.6237553
            ],
            [
              8.0382317,
              46.6237705
            ],
            [
              8.0382375,
              46.6238098
            ],
            [
              8.0382287,
              46.6238202
            ],
            [
              8.0382125,
              46.6238256
            ]
          ]
        ]
      },
      "id": "way/279367092"
    },
    {
      "type": "Feature",
      "properties": {
        "@id": "way/279369127",
        "addr:city": "Grindelwald",
        "addr:country": "CH",
        "addr:housenumber": "157",
        "addr:postcode": "3818",
        "addr:street": "Dorfstrasse",
        "building": "yes",
        "check_date": "2026-03-20",
        "ele": "1040",
        "name": "Hotel Bellevue Pinte",
        "rooms": "90",
        "tourism": "hotel",
        "website": "https://bellevue-pinte.ch"
      },
      "geometry": {
        "type": "Polygon",
        "coordinates": [
          [
            [
              8.0394685,
              46.6235471
            ],
            [
              8.039629,
              46.6235598
            ],
            [
              8.0396082,
              46.6236733
            ],
            [
              8.0395576,
              46.6236686
            ],
            [
              8.0395567,
              46.6236735
            ],
            [
              8.0396287,
              46.6236838
            ],
            [
              8.0396457,
              46.6236913
            ],
            [
              8.0396025,
              46.6237175
            ],
            [
              8.0395528,
              46.623707
            ],
            [
              8.0395513,
              46.623701
            ],
            [
              8.0394827,
              46.6236936
            ],
            [
              8.039488,
              46.6236638
            ],
            [
              8.0394508,
              46.6236607
            ],
            [
              8.0394685,
              46.6235471
            ]
          ]
        ]
      },
      "id": "way/279369127"
    },
    {
      "type": "Feature",
      "properties": {
        "@id": "way/283381866",
        "addr:city": "Grindelwald",
        "addr:country": "CH",
        "addr:housenumber": "55",
        "addr:postcode": "3818",
        "addr:street": "Endweg",
        "building": "yes",
        "ele": "978",
        "name": "Glacier",
        "tourism": "hotel",
        "website": "https://www.theglacier.ch/hotel-glacier"
      },
      "geometry": {
        "type": "Polygon",
        "coordinates": [
          [
            [
              8.0304927,
              46.6215014
            ],
            [
              8.0302824,
              46.6215354
            ],
            [
              8.0302804,
              46.6215294
            ],
            [
              8.0302054,
              46.6215416
            ],
            [
              8.0301979,
              46.6215182
            ],
            [
              8.0301701,
              46.6215227
            ],
            [
              8.0301558,
              46.6214847
            ],
            [
              8.030122,
              46.6214904
            ],
            [
              8.0300439,
              46.6213498
            ],
            [
              8.030135,
              46.6213353
            ],
            [
              8.0301379,
              46.6213429
            ],
            [
              8.0304079,
              46.6212987
            ],
            [
              8.0304092,
              46.6213053
            ],
            [
              8.0304242,
              46.6213016
            ],
            [
              8.0304927,
              46.6215014
            ]
          ]
        ]
      },
      "id": "way/283381866"
    },
    {
      "type": "Feature",
      "properties": {
        "@id": "way/283394095",
        "addr:city": "Grindelwald",
        "addr:country": "CH",
        "addr:housenumber": "13",
        "addr:postcode": "3818",
        "addr:street": "Endweg",
        "building": "yes",
        "ele": "1022",
        "name": "Regina-Grindelwald",
        "tourism": "hotel"
      },
      "geometry": {
        "type": "Polygon",
        "coordinates": [
          [
            [
              8.0337117,
              46.6236884
            ],
            [
              8.0336848,
              46.6236732
            ],
            [
              8.0336957,
              46.623664
            ],
            [
              8.0338568,
              46.6235283
            ],
            [
              8.0338802,
              46.6235086
            ],
            [
              8.0339221,
              46.6235322
            ],
            [
              8.0340387,
              46.6234338
            ],
            [
              8.0340659,
              46.6234491
            ],
            [
              8.034184,
              46.6233487
            ],
            [
              8.0342501,
              46.6233875
            ],
            [
              8.0342827,
              46.6234177
            ],
            [
              8.0340565,
              46.6236091
            ],
            [
              8.0340867,
              46.6236261
            ],
            [
              8.0339384,
              46.6237509
            ],
            [
              8.0339106,
              46.6237601
            ],
            [
              8.0338623,
              46.6237329
            ],
            [
              8.0338335,
              46.6237571
            ],
            [
              8.0337117,
              46.6236884
            ]
          ]
        ]
      },
      "id": "way/283394095"
    },
    {
      "type": "Feature",
      "properties": {
        "@id": "way/293872082",
        "addr:city": "Wengen",
        "addr:country": "CH",
        "addr:housenumber": "1398g",
        "addr:postcode": "3823",
        "addr:street": "Wengiboden",
        "building": "yes",
        "check_date": "2024-07-02",
        "ele": "1276",
        "name": "Bernerhof",
        "source": "Bing",
        "stars": "2",
        "tourism": "hotel"
      },
      "geometry": {
        "type": "Polygon",
        "coordinates": [
          [
            [
              7.9206342,
              46.6068372
            ],
            [
              7.9206279,
              46.6068102
            ],
            [
              7.920618,
              46.6067674
            ],
            [
              7.9207828,
              46.6067542
            ],
            [
              7.9207971,
              46.6068202
            ],
            [
              7.9207349,
              46.6068267
            ],
            [
              7.9206342,
              46.6068372
            ]
          ]
        ]
      },
      "id": "way/293872082"
    },
    {
      "type": "Feature",
      "properties": {
        "@id": "way/293872084",
        "addr:city": "Wengen",
        "addr:country": "CH",
        "addr:housenumber": "1443a",
        "addr:place": "Im Gruebi",
        "addr:postcode": "3823",
        "building": "yes",
        "ele": "1284",
        "internet_access": "yes",
        "internet_access:fee": "yes",
        "name": "Hotel Palace",
        "operator": "Intersoc",
        "source": "Bing;survey",
        "tourism": "hotel"
      },
      "geometry": {
        "type": "Polygon",
        "coordinates": [
          [
            [
              7.920487,
              46.6075194
            ],
            [
              7.9205223,
              46.6075644
            ],
            [
              7.9205341,
              46.60756
            ],
            [
              7.9205806,
              46.6076191
            ],
            [
              7.9205707,
              46.6076226
            ],
            [
              7.9206048,
              46.607668
            ],
            [
              7.920589,
              46.607674
            ],
            [
              7.9206276,
              46.6077222
            ],
            [
              7.9204784,
              46.6077785
            ],
            [
              7.9204482,
              46.6077411
            ],
            [
              7.9203803,
              46.6077663
            ],
            [
              7.920388,
              46.6077761
            ],
            [
              7.92029,
              46.607813
            ],
            [
              7.9202591,
              46.6077745
            ],
            [
              7.9202281,
              46.6077864
            ],
            [
              7.9202594,
              46.607825
            ],
            [
              7.9201186,
              46.6078782
            ],
            [
              7.9201405,
              46.6079057
            ],
            [
              7.9198667,
              46.6080085
            ],
            [
              7.9198819,
              46.6080278
            ],
            [
              7.9197661,
              46.6080715
            ],
            [
              7.9197366,
              46.6080339
            ],
            [
              7.9197655,
              46.6080235
            ],
            [
              7.9197253,
              46.607973
            ],
            [
              7.9196171,
              46.6080134
            ],
            [
              7.9196388,
              46.608041
            ],
            [
              7.9192125,
              46.6082002
            ],
            [
              7.91917,
              46.6081466
            ],
            [
              7.919214,
              46.6081302
            ],
            [
              7.9191841,
              46.6080922
            ],
            [
              7.9193109,
              46.6080447
            ],
            [
              7.9192941,
              46.6080233
            ],
            [
              7.9195272,
              46.6079359
            ],
            [
              7.9195054,
              46.6079085
            ],
            [
              7.9196488,
              46.6078554
            ],
            [
              7.9195968,
              46.6077864
            ],
            [
              7.919894,
              46.6076764
            ],
            [
              7.9199286,
              46.6077208
            ],
            [
              7.9203118,
              46.6075764
            ],
            [
              7.9203173,
              46.6075832
            ],
            [
              7.920487,
              46.6075194
            ]
          ]
        ]
      },
      "id": "way/293872084"
    },
    {
      "type": "Feature",
      "properties": {
        "@id": "way/293872146",
        "addr:city": "Wengen",
        "addr:country": "CH",
        "addr:housenumber": "1401c",
        "addr:place": "Auf der Burg",
        "addr:postcode": "3823",
        "building": "yes",
        "check_date": "2024-07-02",
        "ele": "1284",
        "name": "Schönegg",
        "source": "Bing & local knowledge",
        "stars": "3",
        "tourism": "hotel",
        "website": "https://www.hotel-schoenegg.ch/"
      },
      "geometry": {
        "type": "Polygon",
        "coordinates": [
          [
            [
              7.9208961,
              46.6073763
            ],
            [
              7.9208973,
              46.6073904
            ],
            [
              7.9208343,
              46.607389
            ],
            [
              7.9208333,
              46.6073737
            ],
            [
              7.9207903,
              46.607375
            ],
            [
              7.9207493,
              46.6073618
            ],
            [
              7.9207451,
              46.6073247
            ],
            [
              7.9207867,
              46.6072951
            ],
            [
              7.9208265,
              46.607292
            ],
            [
              7.9208247,
              46.607266
            ],
            [
              7.9209312,
              46.6071877
            ],
            [
              7.9210998,
              46.6071831
            ],
            [
              7.9211204,
              46.6071957
            ],
            [
              7.9211248,
              46.6072602
            ],
            [
              7.921119,
              46.6072604
            ],
            [
              7.9211066,
              46.6073003
            ],
            [
              7.9211132,
              46.6073675
            ],
            [
              7.9210968,
              46.6073683
            ],
            [
              7.9210992,
              46.6073935
            ],
            [
              7.9209828,
              46.6073912
            ],
            [
              7.9209805,
              46.607368
            ],
            [
              7.9209465,
              46.6073696
            ],
            [
              7.9209469,
              46.6073742
            ],
            [
              7.9208961,
              46.6073763
            ]
          ]
        ]
      },
      "id": "way/293872146"
    },
    {
      "type": "Feature",
      "properties": {
        "@id": "way/293872168",
        "addr:city": "Wengen",
        "addr:country": "CH",
        "addr:housenumber": "1352a",
        "addr:place": "Wengiboden",
        "addr:postcode": "3823",
        "brand": "Assas Hotels Collection",
        "building": "yes",
        "check_date": "2025-07-16",
        "ele": "1276",
        "internet_access": "wlan",
        "internet_access:fee": "no",
        "name": "Braunbär Hotel & Spa",
        "payment:cash": "yes",
        "payment:credit_cards": "yes",
        "payment:debit_cards": "yes",
        "phone": "+41 33 856 52 00",
        "stars": "4",
        "tourism": "hotel",
        "website": "https://www.braunbaerhotel.com/",
        "wheelchair": "yes"
      },
      "geometry": {
        "type": "Polygon",
        "coordinates": [
          [
            [
              7.9205981,
              46.6061586
            ],
            [
              7.9206884,
              46.6061721
            ],
            [
              7.9207112,
              46.6061021
            ],
            [
              7.9207906,
              46.6061146
            ],
            [
              7.920794,
              46.6061037
            ],
            [
              7.9208492,
              46.6061112
            ],
            [
              7.92076,
              46.6063912
            ],
            [
              7.9207512,
              46.6065555
            ],
            [
              7.9204372,
              46.6065486
            ],
            [
              7.9204416,
              46.6064639
            ],
            [
              7.9202342,
              46.6064599
            ],
            [
              7.9202403,
              46.6063381
            ],
            [
              7.920509,
              46.6063444
            ],
            [
              7.9205082,
              46.6063593
            ],
            [
              7.920537,
              46.60636
            ],
            [
              7.9205981,
              46.6061586
            ]
          ]
        ]
      },
      "id": "way/293872168"
    },
    {
      "type": "Feature",
      "properties": {
        "@id": "way/297455401",
        "addr:city": "Beatenberg",
        "addr:country": "CH",
        "addr:housenumber": "161",
        "addr:postcode": "3803",
        "addr:street": "Schmockenstrasse",
        "building": "yes",
        "email": "info@hotel-gloria.ch",
        "fax": "+41 33 8410001",
        "name": "Gloria",
        "phone": "+41 33 8410000",
        "stars": "3",
        "tourism": "hotel",
        "website": "http://www.hotel-gloria.ch/de/index.html"
      },
      "geometry": {
        "type": "Polygon",
        "coordinates": [
          [
            [
              7.7739577,
              46.689733
            ],
            [
              7.773934,
              46.6896309
            ],
            [
              7.7739286,
              46.6896078
            ],
            [
              7.773961,
              46.6896042
            ],
            [
              7.7742986,
              46.6895673
            ],
            [
              7.7743277,
              46.6896925
            ],
            [
              7.7739577,
              46.689733
            ]
          ]
        ]
      },
      "id": "way/297455401"
    },
    {
      "type": "Feature",
      "properties": {
        "@id": "way/307197176",
        "addr:city": "Wengen",
        "addr:country": "CH",
        "addr:housenumber": "1363b",
        "addr:place": "Am Acher",
        "addr:postcode": "3823",
        "building": "yes",
        "ele": "1252",
        "name": "Bären",
        "phone": "+41338551419",
        "tourism": "hotel",
        "website": "https://www.baeren-wengen.ch/restaurant"
      },
      "geometry": {
        "type": "Polygon",
        "coordinates": [
          [
            [
              7.9220635,
              46.6033792
            ],
            [
              7.9222053,
              46.6034613
            ],
            [
              7.9221209,
              46.6035314
            ],
            [
              7.9221176,
              46.6035295
            ],
            [
              7.922102,
              46.6035425
            ],
            [
              7.9221076,
              46.6035456
            ],
            [
              7.9220876,
              46.6035623
            ],
            [
              7.922091,
              46.6035642
            ],
            [
              7.9220276,
              46.6036169
            ],
            [
              7.9219794,
              46.6035893
            ],
            [
              7.9219458,
              46.60361
            ],
            [
              7.921893,
              46.6035813
            ],
            [
              7.9219217,
              46.6035563
            ],
            [
              7.9219176,
              46.603554
            ],
            [
              7.9219905,
              46.6034934
            ],
            [
              7.9219523,
              46.6034716
            ],
            [
              7.9220635,
              46.6033792
            ]
          ]
        ]
      },
      "id": "way/307197176"
    },
    {
      "type": "Feature",
      "properties": {
        "@id": "way/318736196",
        "addr:city": "Grindelwald",
        "addr:country": "CH",
        "addr:housenumber": "47",
        "addr:postcode": "3818",
        "addr:street": "Scheideggstrasse",
        "building": "residential",
        "ele": "1433",
        "name": "Ferienheim Lauchbühl",
        "source": "bing",
        "tourism": "hostel"
      },
      "geometry": {
        "type": "Polygon",
        "coordinates": [
          [
            [
              8.0807433,
              46.6416561
            ],
            [
              8.0808853,
              46.6415976
            ],
            [
              8.0809543,
              46.641676
            ],
            [
              8.0809315,
              46.6416856
            ],
            [
              8.0809689,
              46.641728
            ],
            [
              8.0808701,
              46.6417695
            ],
            [
              8.0808506,
              46.6417481
            ],
            [
              8.0808267,
              46.641758
            ],
            [
              8.0808078,
              46.641737
            ],
            [
              8.0807451,
              46.6417632
            ],
            [
              8.0807208,
              46.6417361
            ],
            [
              8.0807084,
              46.6417412
            ],
            [
              8.080646,
              46.6416705
            ],
            [
              8.0807265,
              46.6416372
            ],
            [
              8.0807433,
              46.6416561
            ]
          ]
        ]
      },
      "id": "way/318736196"
    },
    {
      "type": "Feature",
      "properties": {
        "@id": "way/320340550",
        "addr:city": "Grindelwald",
        "addr:country": "CH",
        "addr:housenumber": "89",
        "addr:postcode": "3818",
        "addr:street": "Dorfstrasse",
        "building": "hotel",
        "check_date": "2026-03-20",
        "ele": "1035",
        "email": "info@hotel-bernerhof-grindelwald.ch",
        "fax": "+41 33 853 4646",
        "internet_access": "wlan",
        "internet_access:fee": "no",
        "name": "Hotel Bernerhof Grindelwald***",
        "operator": "Bernerhof Grindelwald AG",
        "payment:cash": "yes",
        "payment:credit_cards": "yes",
        "payment:debit_cards": "yes",
        "phone": "+41 33 853 1021",
        "rooms": "28",
        "smoking": "no",
        "stars": "3",
        "tourism": "hotel",
        "website": "https://www.hotel-bernerhof-grindelwald.ch",
        "wheelchair": "yes"
      },
      "geometry": {
        "type": "Polygon",
        "coordinates": [
          [
            [
              8.0345735,
              46.6244424
            ],
            [
              8.0345763,
              46.6244564
            ],
            [
              8.034602,
              46.6245831
            ],
            [
              8.0346027,
              46.6245866
            ],
            [
              8.0345957,
              46.6245873
            ],
            [
              8.0345842,
              46.6245885
            ],
            [
              8.0344525,
              46.6246018
            ],
            [
              8.0344262,
              46.6246045
            ],
            [
              8.0344323,
              46.6246327
            ],
            [
              8.0344156,
              46.6246344
            ],
            [
              8.0343783,
              46.6246382
            ],
            [
              8.034346,
              46.6244944
            ],
            [
              8.0343505,
              46.6244993
            ],
            [
              8.0345661,
              46.6244771
            ],
            [
              8.034569,
              46.6244768
            ],
            [
              8.0345618,
              46.6244437
            ],
            [
              8.0345735,
              46.6244424
            ]
          ]
        ]
      },
      "id": "way/320340550"
    },
    {
      "type": "Feature",
      "properties": {
        "@id": "way/320340593",
        "addr:city": "Grindelwald",
        "addr:country": "CH",
        "addr:housenumber": "189",
        "addr:postcode": "3818",
        "addr:street": "Dorfstrasse",
        "building": "yes",
        "check_date": "2026-03-20",
        "contact:email": "info@steinbock-grindelwald.ch",
        "contact:phone": "+41 33 853 89 89",
        "ele": "1048",
        "name": "Hotel Steinbock",
        "tourism": "hotel",
        "website": "https://www.steinbock-grindelwald.ch/",
        "wheelchair": "yes"
      },
      "geometry": {
        "type": "Polygon",
        "coordinates": [
          [
            [
              8.0421184,
              46.6242637
            ],
            [
              8.0421383,
              46.624252
            ],
            [
              8.0421995,
              46.6242533
            ],
            [
              8.0422215,
              46.6242719
            ],
            [
              8.0422224,
              46.6242539
            ],
            [
              8.0424621,
              46.624259
            ],
            [
              8.0424551,
              46.6244143
            ],
            [
              8.0422177,
              46.6244093
            ],
            [
              8.0422182,
              46.6243965
            ],
            [
              8.0421931,
              46.6243878
            ],
            [
              8.0421935,
              46.6243788
            ],
            [
              8.0421145,
              46.6243492
            ],
            [
              8.0421184,
              46.6242637
            ]
          ]
        ]
      },
      "id": "way/320340593"
    },
    {
      "type": "Feature",
      "properties": {
        "@id": "way/320340604",
        "addr:city": "Grindelwald",
        "addr:housenumber": "155",
        "addr:postcode": "3818",
        "addr:street": "Dorfstrasse",
        "building": "hotel",
        "ele": "1040",
        "email": "info@grindelwalderhof.ch",
        "name": "Hotel Grindelwalderhof",
        "phone": "+41 33 854 4010",
        "tourism": "hotel",
        "website": "https://www.grindelwalderhof.ch/"
      },
      "geometry": {
        "type": "Polygon",
        "coordinates": [
          [
            [
              8.0392439,
              46.623717
            ],
            [
              8.0392009,
              46.6237106
            ],
            [
              8.0392294,
              46.6236207
            ],
            [
              8.0392301,
              46.6236186
            ],
            [
              8.0391633,
              46.6236086
            ],
            [
              8.039157,
              46.6236287
            ],
            [
              8.0391093,
              46.6236216
            ],
            [
              8.0391052,
              46.6236349
            ],
            [
              8.0389899,
              46.6236174
            ],
            [
              8.0389729,
              46.6236732
            ],
            [
              8.0388817,
              46.6236592
            ],
            [
              8.0388977,
              46.6236083
            ],
            [
              8.0388493,
              46.6236011
            ],
            [
              8.0388364,
              46.6235381
            ],
            [
              8.0388553,
              46.623478
            ],
            [
              8.0388578,
              46.6234775
            ],
            [
              8.0388429,
              46.6234617
            ],
            [
              8.0388452,
              46.6234543
            ],
            [
              8.0388802,
              46.6234388
            ],
            [
              8.038891,
              46.6234404
            ],
            [
              8.0389074,
              46.6234584
            ],
            [
              8.038913,
              46.6234559
            ],
            [
              8.039305,
              46.6235148
            ],
            [
              8.0392439,
              46.623717
            ]
          ]
        ]
      },
      "id": "way/320340604"
    },
    {
      "type": "Feature",
      "properties": {
        "@id": "way/320340621",
        "addr:city": "Grindelwald",
        "addr:country": "CH",
        "addr:housenumber": "136",
        "addr:postcode": "3818",
        "addr:street": "Dorfstrasse",
        "building": "yes",
        "ele": "1039",
        "name": "Hotel Spinne",
        "tourism": "hotel"
      },
      "geometry": {
        "type": "Polygon",
        "coordinates": [
          [
            [
              8.0384576,
              46.6232908
            ],
            [
              8.0382553,
              46.6232659
            ],
            [
              8.0382539,
              46.6232676
            ],
            [
              8.038186,
              46.6232664
            ],
            [
              8.0381888,
              46.6231889
            ],
            [
              8.0382114,
              46.6231054
            ],
            [
              8.0382527,
              46.6231111
            ],
            [
              8.0382562,
              46.623099
            ],
            [
              8.0383092,
              46.6231058
            ],
            [
              8.0383381,
              46.6229945
            ],
            [
              8.0385407,
              46.6230415
            ],
            [
              8.0385506,
              46.6230064
            ],
            [
              8.0385828,
              46.623011
            ],
            [
              8.038669,
              46.6230233
            ],
            [
              8.0386579,
              46.6231231
            ],
            [
              8.0386236,
              46.6232524
            ],
            [
              8.0385938,
              46.6232487
            ],
            [
              8.0385924,
              46.6232541
            ],
            [
              8.0385254,
              46.623246
            ],
            [
              8.0385187,
              46.6232724
            ],
            [
              8.038477,
              46.6232673
            ],
            [
              8.038483,
              46.6232438
            ],
            [
              8.0384702,
              46.6232423
            ],
            [
              8.0384576,
              46.6232908
            ]
          ]
        ]
      },
      "id": "way/320340621"
    },
    {
      "type": "Feature",
      "properties": {
        "@id": "way/320340622",
        "addr:city": "Grindelwald",
        "addr:country": "CH",
        "addr:housenumber": "85",
        "addr:postcode": "3818",
        "addr:street": "Dorfstrasse",
        "building": "hotel",
        "check_date": "2026-03-18",
        "contact:email": "info@kreuz-post.ch",
        "contact:fax": "+41 33 854 54 99",
        "contact:phone": "+41 33 854 54 92",
        "contact:website": "http://www.kreuz-post.ch",
        "cuisine": "local",
        "ele": "1035",
        "name": "Hotel Kreuz & Post",
        "name:de": "Kreuz & Post",
        "name:en": "Kreuz & Post",
        "name:fr": "Kreuz & Post",
        "opening_hours": "Mo-Su 08:00-22:30",
        "operator": "Martin & Helena Konzett",
        "source": "Website",
        "stars": "4",
        "tourism": "hotel",
        "website": "https://www.kreuz-post.ch"
      },
      "geometry": {
        "type": "Polygon",
        "coordinates": [
          [
            [
              8.0342553,
              46.6245035
            ],
            [
              8.034346,
              46.6244944
            ],
            [
              8.0343783,
              46.6246382
            ],
            [
              8.0343815,
              46.6246534
            ],
            [
              8.0343835,
              46.6247119
            ],
            [
              8.034368,
              46.6247105
            ],
            [
              8.034356,
              46.624656
            ],
            [
              8.0341634,
              46.6246762
            ],
            [
              8.0341599,
              46.6247047
            ],
            [
              8.0340554,
              46.624715
            ],
            [
              8.0340343,
              46.6247119
            ],
            [
              8.0340194,
              46.6247043
            ],
            [
              8.0339835,
              46.6245259
            ],
            [
              8.0341502,
              46.6245084
            ],
            [
              8.0341517,
              46.6245147
            ],
            [
              8.0342085,
              46.6245083
            ],
            [
              8.0342178,
              46.6245026
            ],
            [
              8.0342438,
              46.6244999
            ],
            [
              8.0342553,
              46.6245035
            ]
          ]
        ]
      },
      "id": "way/320340622"
    },
    {
      "type": "Feature",
      "properties": {
        "@id": "way/320417878",
        "addr:city": "Beatenberg",
        "addr:country": "CH",
        "addr:housenumber": "61",
        "addr:postcode": "3803",
        "addr:street": "Beundenstrasse",
        "beds": "69",
        "building": "residential",
        "check_date": "2023-12-05",
        "email": "info@ramsern.ch",
        "group_only": "yes",
        "guest_house": "self_catering",
        "internet_access": "wlan",
        "internet_access:fee": "customers",
        "name": "Jugendhaus Ramsern",
        "operator": "Verein Jugendhaus Ramsern",
        "tourism": "hostel",
        "website": "https://www.ramsern.ch",
        "wheelchair": "limited"
      },
      "geometry": {
        "type": "Polygon",
        "coordinates": [
          [
            [
              7.8130485,
              46.6995
            ],
            [
              7.8130583,
              46.699391
            ],
            [
              7.81308,
              46.6993919
            ],
            [
              7.8130867,
              46.6993174
            ],
            [
              7.8130373,
              46.6993153
            ],
            [
              7.8130415,
              46.6992693
            ],
            [
              7.8130984,
              46.6992356
            ],
            [
              7.8133078,
              46.6992445
            ],
            [
              7.813284,
              46.6995099
            ],
            [
              7.8130485,
              46.6995
            ]
          ]
        ]
      },
      "id": "way/320417878"
    },
    {
      "type": "Feature",
      "properties": {
        "@id": "way/320493156",
        "addr:city": "Grindelwald",
        "addr:country": "CH",
        "addr:housenumber": "53",
        "addr:postcode": "3818",
        "addr:street": "Dorfstrasse",
        "building": "yes",
        "contact:email": "hotel@belvedere-grindelwald.ch",
        "contact:fax": "+41 33 888 99 90",
        "contact:phone": "+41 33 888 99 99",
        "contact:website": "https://www.belvedere-grindelwald.ch",
        "ele": "1017",
        "internet_access": "wlan",
        "internet_access:fee": "no",
        "name": "Belvedere",
        "operator": "Urs-B Hauser",
        "stars": "4S",
        "tourism": "hotel",
        "website": "https://www.belvedere-grindelwald.ch/"
      },
      "geometry": {
        "type": "Polygon",
        "coordinates": [
          [
            [
              8.0296206,
              46.6253515
            ],
            [
              8.0296124,
              46.6253409
            ],
            [
              8.0296633,
              46.6253222
            ],
            [
              8.0296904,
              46.6253572
            ],
            [
              8.0296394,
              46.6253758
            ],
            [
              8.0296311,
              46.6253651
            ],
            [
              8.0295976,
              46.625378
            ],
            [
              8.0295906,
              46.6253937
            ],
            [
              8.029609,
              46.625417
            ],
            [
              8.0297171,
              46.6253766
            ],
            [
              8.0297377,
              46.6254025
            ],
            [
              8.0294915,
              46.6254942
            ],
            [
              8.0294712,
              46.6254683
            ],
            [
              8.0293801,
              46.6255021
            ],
            [
              8.0293838,
              46.6255069
            ],
            [
              8.0293279,
              46.6255274
            ],
            [
              8.0292805,
              46.6254673
            ],
            [
              8.0293308,
              46.6254486
            ],
            [
              8.0293099,
              46.625422
            ],
            [
              8.0293881,
              46.6253931
            ],
            [
              8.029325,
              46.6253119
            ],
            [
              8.0293284,
              46.6253107
            ],
            [
              8.0292206,
              46.6251781
            ],
            [
              8.0292016,
              46.6251538
            ],
            [
              8.0294192,
              46.625029
            ],
            [
              8.0296631,
              46.6249408
            ],
            [
              8.0296676,
              46.6249467
            ],
            [
              8.0296947,
              46.6249369
            ],
            [
              8.0297397,
              46.6249477
            ],
            [
              8.0297545,
              46.6249666
            ],
            [
              8.0297427,
              46.624971
            ],
            [
              8.0297918,
              46.6250326
            ],
            [
              8.0297832,
              46.6250359
            ],
            [
              8.0298218,
              46.6250844
            ],
            [
              8.029706,
              46.6251261
            ],
            [
              8.0297512,
              46.6251848
            ],
            [
              8.029672,
              46.6252144
            ],
            [
              8.0296622,
              46.6252019
            ],
            [
              8.029582,
              46.6252318
            ],
            [
              8.0295558,
              46.6251983
            ],
            [
              8.0294251,
              46.625246
            ],
            [
              8.0294357,
              46.6252599
            ],
            [
              8.0294751,
              46.6252455
            ],
            [
              8.0295639,
              46.6253592
            ],
            [
              8.0295869,
              46.6253639
            ],
            [
              8.0296206,
              46.6253515
            ]
          ]
        ]
      },
      "id": "way/320493156"
    },
    {
      "type": "Feature",
      "properties": {
        "@id": "way/320493157",
        "addr:city": "Grindelwald",
        "addr:country": "CH",
        "addr:housenumber": "49",
        "addr:postcode": "3818",
        "addr:street": "Dorfstrasse",
        "building": "yes",
        "contact:email": "info@jungfraulodge.ch",
        "contact:fax": "+41 33 854 41 42",
        "contact:phone": "+41 33 854 41 41",
        "contact:website": "http://www.jungfraulodge.ch",
        "ele": "1013",
        "name": "Jungfrau Lodge, Swiss Mountain Hotel",
        "name:ar": "Jungfrau Lodge",
        "operator": "Renata Märkle Nufer",
        "tourism": "hotel"
      },
      "geometry": {
        "type": "Polygon",
        "coordinates": [
          [
            [
              8.0289227,
              46.6253277
            ],
            [
              8.0289101,
              46.6253151
            ],
            [
              8.0290212,
              46.6252638
            ],
            [
              8.0291701,
              46.6254185
            ],
            [
              8.0290551,
              46.6254711
            ],
            [
              8.0290065,
              46.6254205
            ],
            [
              8.0289848,
              46.6254304
            ],
            [
              8.028962,
              46.6254065
            ],
            [
              8.0289406,
              46.6254161
            ],
            [
              8.0289656,
              46.6254424
            ],
            [
              8.0289215,
              46.6254635
            ],
            [
              8.0289128,
              46.6254548
            ],
            [
              8.028801,
              46.6255083
            ],
            [
              8.0288333,
              46.6255404
            ],
            [
              8.0286601,
              46.6256241
            ],
            [
              8.0286029,
              46.6255679
            ],
            [
              8.0287476,
              46.6254975
            ],
            [
              8.0286958,
              46.6254469
            ],
            [
              8.0288363,
              46.6253806
            ],
            [
              8.0288281,
              46.6253724
            ],
            [
              8.0288983,
              46.6253392
            ],
            [
              8.0289227,
              46.6253277
            ]
          ]
        ]
      },
      "id": "way/320493157"
    },
    {
      "type": "Feature",
      "properties": {
        "@id": "way/320651620",
        "addr:city": "Grindelwald",
        "addr:country": "CH",
        "addr:housenumber": "41",
        "addr:postcode": "3818",
        "addr:street": "Obere Gletscherstrasse",
        "building": "yes",
        "ele": "1103",
        "name": "Hotel Lauberhorn",
        "source": "survey",
        "tourism": "hotel"
      },
      "geometry": {
        "type": "Polygon",
        "coordinates": [
          [
            [
              8.0494324,
              46.6294814
            ],
            [
              8.0495894,
              46.6294283
            ],
            [
              8.0495733,
              46.6294057
            ],
            [
              8.0496068,
              46.6293943
            ],
            [
              8.0496228,
              46.6294168
            ],
            [
              8.0496786,
              46.6293979
            ],
            [
              8.0497011,
              46.6294293
            ],
            [
              8.0497226,
              46.629422
            ],
            [
              8.0497367,
              46.6294418
            ],
            [
              8.0497155,
              46.629449
            ],
            [
              8.0497453,
              46.6294908
            ],
            [
              8.0494983,
              46.629575
            ],
            [
              8.0494324,
              46.6294814
            ]
          ]
        ]
      },
      "id": "way/320651620"
    },
    {
      "type": "Feature",
      "properties": {
        "@id": "way/320771673",
        "addr:city": "Grindelwald",
        "addr:country": "CH",
        "addr:housenumber": "18",
        "addr:postcode": "3818",
        "addr:street": "Terrassenweg",
        "building": "residential",
        "ele": "1130",
        "name": "Naturfreundehaus",
        "survey:date": "2014-01-08",
        "tourism": "hostel"
      },
      "geometry": {
        "type": "Polygon",
        "coordinates": [
          [
            [
              8.0333517,
              46.6280107
            ],
            [
              8.033414,
              46.6280201
            ],
            [
              8.0333804,
              46.6281259
            ],
            [
              8.0333486,
              46.6281211
            ],
            [
              8.0333235,
              46.6282002
            ],
            [
              8.0332299,
              46.6281856
            ],
            [
              8.0332559,
              46.6281075
            ],
            [
              8.0331614,
              46.6280941
            ],
            [
              8.0331897,
              46.6280065
            ],
            [
              8.0333456,
              46.62803
            ],
            [
              8.0333517,
              46.6280107
            ]
          ]
        ]
      },
      "id": "way/320771673"
    },
    {
      "type": "Feature",
      "properties": {
        "@id": "way/320922738",
        "addr:city": "Grindelwald",
        "addr:country": "CH",
        "addr:housenumber": "48",
        "addr:postcode": "3818",
        "addr:street": "Bussalpstrasse",
        "building": "yes",
        "ele": "1181",
        "name": "Chalet Holland",
        "survey:date": "2014-01-09",
        "tourism": "chalet"
      },
      "geometry": {
        "type": "Polygon",
        "coordinates": [
          [
            [
              8.0206207,
              46.6328176
            ],
            [
              8.0205987,
              46.6327683
            ],
            [
              8.0206858,
              46.63275
            ],
            [
              8.0207331,
              46.6328559
            ],
            [
              8.0207754,
              46.6328471
            ],
            [
              8.0207931,
              46.6328873
            ],
            [
              8.0206764,
              46.6329116
            ],
            [
              8.0206661,
              46.6328882
            ],
            [
              8.0206026,
              46.6329014
            ],
            [
              8.0205706,
              46.6328281
            ],
            [
              8.0206207,
              46.6328176
            ]
          ]
        ]
      },
      "id": "way/320922738"
    },
    {
      "type": "Feature",
      "properties": {
        "@id": "way/331198673",
        "addr:city": "Mürren",
        "addr:country": "CH",
        "addr:housename": "Alpenruh",
        "addr:housenumber": "954b",
        "addr:place": "Eggli",
        "addr:postcode": "3825",
        "building": "yes",
        "ele": "1632",
        "name": "Hotel Alpenruh",
        "tourism": "hotel"
      },
      "geometry": {
        "type": "Polygon",
        "coordinates": [
          [
            [
              7.8914977,
              46.5584719
            ],
            [
              7.8915251,
              46.5584566
            ],
            [
              7.8915097,
              46.5584436
            ],
            [
              7.8915111,
              46.5584171
            ],
            [
              7.8915387,
              46.5584016
            ],
            [
              7.8914894,
              46.5583588
            ],
            [
              7.8915749,
              46.5583108
            ],
            [
              7.8916112,
              46.5583441
            ],
            [
              7.8916525,
              46.5583223
            ],
            [
              7.8916963,
              46.5583637
            ],
            [
              7.8917014,
              46.5583609
            ],
            [
              7.8917091,
              46.5583676
            ],
            [
              7.891704,
              46.5583704
            ],
            [
              7.891753,
              46.5584131
            ],
            [
              7.8917582,
              46.5584103
            ],
            [
              7.8917659,
              46.558417
            ],
            [
              7.8917607,
              46.5584198
            ],
            [
              7.891798,
              46.5584523
            ],
            [
              7.8918031,
              46.5584495
            ],
            [
              7.891808,
              46.5584537
            ],
            [
              7.8917628,
              46.5584764
            ],
            [
              7.8917515,
              46.5584664
            ],
            [
              7.8915544,
              46.5585805
            ],
            [
              7.8915022,
              46.5585359
            ],
            [
              7.8915444,
              46.5585122
            ],
            [
              7.8914977,
              46.5584719
            ]
          ]
        ]
      },
      "id": "way/331198673"
    },
    {
      "type": "Feature",
      "properties": {
        "@id": "way/338247259",
        "addr:city": "Leissigen",
        "addr:country": "CH",
        "addr:housenumber": "73",
        "addr:postcode": "3706",
        "addr:street": "Hauptstrasse",
        "building": "hotel",
        "ele": "572",
        "email": "info@rosengaertli.ch",
        "internet_access": "wlan",
        "internet_access:fee": "no",
        "name": "Hotel/Restaurant Rosengärtli",
        "phone": "+41 33 847 13 55",
        "rooms": "4",
        "tourism": "hotel",
        "website": "https://rosengaertli.ch/"
      },
      "geometry": {
        "type": "Polygon",
        "coordinates": [
          [
            [
              7.7742895,
              46.6544599
            ],
            [
              7.7742398,
              46.6545577
            ],
            [
              7.7741286,
              46.6545296
            ],
            [
              7.7741812,
              46.6544326
            ],
            [
              7.7742895,
              46.6544599
            ]
          ]
        ]
      },
      "id": "way/338247259"
    },
    {
      "type": "Feature",
      "properties": {
        "@id": "way/346760555",
        "addr:city": "Wengen",
        "addr:country": "CH",
        "addr:housenumber": "1366a",
        "addr:place": "Am Acher",
        "addr:postcode": "3823",
        "building": "yes",
        "ele": "1246",
        "name": "Hotel Edelweiss",
        "tourism": "hotel",
        "website": "http://www.edelweisswengen.ch"
      },
      "geometry": {
        "type": "Polygon",
        "coordinates": [
          [
            [
              7.9212067,
              46.6035064
            ],
            [
              7.921201,
              46.6035152
            ],
            [
              7.9211111,
              46.6034914
            ],
            [
              7.9211448,
              46.6034299
            ],
            [
              7.9211583,
              46.6033665
            ],
            [
              7.9212683,
              46.6033861
            ],
            [
              7.9212641,
              46.6033972
            ],
            [
              7.9213609,
              46.6034177
            ],
            [
              7.9213551,
              46.6034307
            ],
            [
              7.9213801,
              46.6034361
            ],
            [
              7.9213859,
              46.603423
            ],
            [
              7.9215233,
              46.6034521
            ],
            [
              7.9214753,
              46.60356
            ],
            [
              7.9212067,
              46.6035064
            ]
          ]
        ]
      },
      "id": "way/346760555"
    },
    {
      "type": "Feature",
      "properties": {
        "@id": "way/348680912",
        "addr:city": "Grindelwald",
        "addr:country": "CH",
        "addr:housenumber": "58",
        "addr:postcode": "3818",
        "addr:street": "Grundstrasse",
        "building": "yes",
        "contact:phone": "+41338543838",
        "ele": "942",
        "name": "Eiger Lodge",
        "smoking": "outside",
        "tourism": "hostel",
        "website": "https://www.eigerlodge.ch/",
        "wheelchair": "limited"
      },
      "geometry": {
        "type": "Polygon",
        "coordinates": [
          [
            [
              8.0221835,
              46.6235035
            ],
            [
              8.0222578,
              46.6236021
            ],
            [
              8.0221138,
              46.623654
            ],
            [
              8.0221363,
              46.6236838
            ],
            [
              8.02198,
              46.62374
            ],
            [
              8.0218009,
              46.6235028
            ],
            [
              8.0217595,
              46.6235176
            ],
            [
              8.0217004,
              46.6234394
            ],
            [
              8.0218263,
              46.6233944
            ],
            [
              8.0218238,
              46.623391
            ],
            [
              8.0220365,
              46.6233153
            ],
            [
              8.0221146,
              46.6234203
            ],
            [
              8.0218839,
              46.623503
            ],
            [
              8.0219481,
              46.6235879
            ],
            [
              8.0221835,
              46.6235035
            ]
          ]
        ]
      },
      "id": "way/348680912"
    },
    {
      "type": "Feature",
      "properties": {
        "@id": "way/352296948",
        "addr:city": "Mürren",
        "addr:country": "CH",
        "addr:housenumber": "927b",
        "addr:place": "Suppenalp",
        "addr:postcode": "3825",
        "amenity": "restaurant",
        "building": "yes",
        "cuisine": "swiss",
        "ele": "1853",
        "name": "Pension Suppenalp",
        "outdoor_seating": "yes",
        "phone": "+41 33 855 17 26",
        "tourism": "hotel",
        "website": "https://www.suppenalp.ch/"
      },
      "geometry": {
        "type": "Polygon",
        "coordinates": [
          [
            [
              7.8795258,
              46.5608026
            ],
            [
              7.8796246,
              46.5609555
            ],
            [
              7.879511,
              46.5609891
            ],
            [
              7.8794132,
              46.5608364
            ],
            [
              7.8795258,
              46.5608026
            ]
          ]
        ]
      },
      "id": "way/352296948"
    },
    {
      "type": "Feature",
      "properties": {
        "@id": "way/358443003",
        "addr:city": "Grindelwald",
        "addr:country": "CH",
        "addr:housenumber": "1c",
        "addr:postcode": "3818",
        "addr:street": "Gletscherschlucht",
        "building": "yes",
        "ele": "1019",
        "name": "Hotel & Restaurant Gletscherschlucht",
        "tourism": "hotel",
        "website": "https://www.gletscherschlucht.ch"
      },
      "geometry": {
        "type": "Polygon",
        "coordinates": [
          [
            [
              8.0463068,
              46.6130898
            ],
            [
              8.0463479,
              46.6130995
            ],
            [
              8.0463366,
              46.6131223
            ],
            [
              8.0462955,
              46.6131126
            ],
            [
              8.0463068,
              46.6130898
            ]
          ]
        ]
      },
      "id": "way/358443003"
    },
    {
      "type": "Feature",
      "properties": {
        "@id": "way/440346343",
        "addr:city": "Mürren",
        "addr:country": "CH",
        "addr:housenumber": "1068d",
        "addr:place": "Rauft",
        "addr:postcode": "3825",
        "building": "residential",
        "ele": "1638",
        "name": "Haus Montana",
        "tourism": "chalet",
        "website": "https://haus-montana.ch"
      },
      "geometry": {
        "type": "Polygon",
        "coordinates": [
          [
            [
              7.8966328,
              46.5610579
            ],
            [
              7.8964749,
              46.5611267
            ],
            [
              7.8964486,
              46.5610954
            ],
            [
              7.8964633,
              46.5610896
            ],
            [
              7.8963869,
              46.5609986
            ],
            [
              7.8965339,
              46.5609406
            ],
            [
              7.8966328,
              46.5610579
            ]
          ]
        ]
      },
      "id": "way/440346343"
    },
    {
      "type": "Feature",
      "properties": {
        "@id": "way/546891557",
        "addr:city": "Grindelwald",
        "addr:country": "CH",
        "addr:housenumber": "93",
        "addr:postcode": "3818",
        "addr:street": "Dorfstrasse",
        "building": "hotel",
        "check_date": "2026-03-18",
        "ele": "1036",
        "name": "Central Hotel Wolter",
        "name:zh": "中央沃尔特酒店",
        "operator": "Kaufmann Hotel AG",
        "stars": "3",
        "tourism": "hotel",
        "website": "https://www.central-wolter.ch"
      },
      "geometry": {
        "type": "Polygon",
        "coordinates": [
          [
            [
              8.0346525,
              46.6246052
            ],
            [
              8.034634,
              46.6246079
            ],
            [
              8.0346237,
              46.624579
            ],
            [
              8.0345796,
              46.6244555
            ],
            [
              8.0346054,
              46.6244522
            ],
            [
              8.0346104,
              46.6244685
            ],
            [
              8.03479,
              46.6244407
            ],
            [
              8.0347909,
              46.6244464
            ],
            [
              8.0348222,
              46.6245436
            ],
            [
              8.0347977,
              46.6245473
            ],
            [
              8.0347993,
              46.6245524
            ],
            [
              8.0347837,
              46.624555
            ],
            [
              8.0348381,
              46.6247097
            ],
            [
              8.0347175,
              46.6247293
            ],
            [
              8.0346901,
              46.6246495
            ],
            [
              8.0346673,
              46.6246528
            ],
            [
              8.0346525,
              46.6246052
            ]
          ]
        ]
      },
      "id": "way/546891557"
    },
    {
      "type": "Feature",
      "properties": {
        "@id": "way/546892824",
        "addr:city": "Grindelwald",
        "addr:country": "CH",
        "addr:housenumber": "4",
        "addr:postcode": "3818",
        "addr:street": "Bodenstrasse",
        "amenity": "restaurant",
        "contact:phone": "+41 33 853 1242",
        "contact:website": "https://www.bodenwald.ch/index.php?page=restaurant",
        "cuisine": "regional",
        "name": "Hotel Bodenwald",
        "outdoor_seating": "yes",
        "tourism": "hotel"
      },
      "geometry": {
        "type": "Polygon",
        "coordinates": [
          [
            [
              8.0168168,
              46.6220024
            ],
            [
              8.0168516,
              46.6220391
            ],
            [
              8.0168504,
              46.622127
            ],
            [
              8.0167842,
              46.6221266
            ],
            [
              8.0167846,
              46.6221107
            ],
            [
              8.0166734,
              46.6221093
            ],
            [
              8.0166722,
              46.622151
            ],
            [
              8.0165629,
              46.6221496
            ],
            [
              8.016564,
              46.6221084
            ],
            [
              8.016559,
              46.6221083
            ],
            [
              8.0165595,
              46.6220753
            ],
            [
              8.0165864,
              46.6220755
            ],
            [
              8.0165876,
              46.6220046
            ],
            [
              8.0166397,
              46.6220052
            ],
            [
              8.0166394,
              46.622018
            ],
            [
              8.0166892,
              46.6220184
            ],
            [
              8.0166894,
              46.6220044
            ],
            [
              8.0167166,
              46.6220046
            ],
            [
              8.0167163,
              46.6220194
            ],
            [
              8.0167463,
              46.6220197
            ],
            [
              8.0167466,
              46.6220019
            ],
            [
              8.0168168,
              46.6220024
            ]
          ]
        ]
      },
      "id": "way/546892824"
    },
    {
      "type": "Feature",
      "properties": {
        "@id": "way/548551408",
        "addr:city": "Mürren",
        "addr:country": "CH",
        "addr:housenumber": "922d",
        "addr:place": "Mirrenberg",
        "addr:postcode": "3825",
        "building": "yes",
        "cuisine": "swiss",
        "ele": "1836",
        "name": "Sonnenberg",
        "phone": "+41 33 855 11 27",
        "tourism": "hotel",
        "website": "https://www.sonnenbergmuerren.ch/"
      },
      "geometry": {
        "type": "Polygon",
        "coordinates": [
          [
            [
              7.8814448,
              46.5633102
            ],
            [
              7.881421,
              46.5632776
            ],
            [
              7.8813969,
              46.5632446
            ],
            [
              7.8813582,
              46.5632581
            ],
            [
              7.8813193,
              46.5632049
            ],
            [
              7.8814818,
              46.5631514
            ],
            [
              7.8815653,
              46.5632658
            ],
            [
              7.8815701,
              46.5632667
            ],
            [
              7.8814448,
              46.5633102
            ]
          ]
        ]
      },
      "id": "way/548551408"
    },
    {
      "type": "Feature",
      "properties": {
        "@id": "way/548560606",
        "addr:city": "Lauterbrunnen",
        "addr:country": "CH",
        "addr:housenumber": "448b",
        "addr:place": "Gässli",
        "addr:postcode": "3822",
        "building": "residential",
        "check_date": "2023-04-28",
        "ele": "835",
        "internet_access": "wlan",
        "internet_access:fee": "customers",
        "name": "Chalet Kammer",
        "tourism": "guest_house",
        "wheelchair": "no"
      },
      "geometry": {
        "type": "Polygon",
        "coordinates": [
          [
            [
              7.9058946,
              46.5955939
            ],
            [
              7.9058908,
              46.5955605
            ],
            [
              7.9058697,
              46.5955614
            ],
            [
              7.9058672,
              46.5955306
            ],
            [
              7.9059104,
              46.5955282
            ],
            [
              7.9059136,
              46.5955561
            ],
            [
              7.9060087,
              46.5955508
            ],
            [
              7.9060155,
              46.5955923
            ],
            [
              7.9058946,
              46.5955939
            ]
          ]
        ]
      },
      "id": "way/548560606"
    },
    {
      "type": "Feature",
      "properties": {
        "@id": "way/604037869",
        "addr:city": "Beatenberg",
        "addr:country": "CH",
        "addr:housenumber": "163",
        "addr:postcode": "3803",
        "addr:street": "Schmockenstrasse",
        "building": "yes",
        "email": "info.beatenberg@dorint.com",
        "fax": "+41 33 841 41 44",
        "name": "Blümlisalp",
        "operator": "Dorint",
        "phone": "+41 33 841 41 11",
        "stars": "4",
        "tourism": "hotel",
        "website": "https://hotel-interlaken.dorint.com/de/"
      },
      "geometry": {
        "type": "Polygon",
        "coordinates": [
          [
            [
              7.7733183,
              46.6893449
            ],
            [
              7.7733202,
              46.6893928
            ],
            [
              7.7733965,
              46.6894688
            ],
            [
              7.7733982,
              46.6894874
            ],
            [
              7.7735065,
              46.689468
            ],
            [
              7.7735083,
              46.6894728
            ],
            [
              7.7737991,
              46.6895231
            ],
            [
              7.7738105,
              46.6895228
            ],
            [
              7.77381,
              46.6895046
            ],
            [
              7.7739584,
              46.6895029
            ],
            [
              7.773961,
              46.6896042
            ],
            [
              7.7739286,
              46.6896078
            ],
            [
              7.773934,
              46.6896309
            ],
            [
              7.7738019,
              46.6896325
            ],
            [
              7.7738026,
              46.6896608
            ],
            [
              7.7736549,
              46.6896874
            ],
            [
              7.7736032,
              46.6896883
            ],
            [
              7.7735008,
              46.6896697
            ],
            [
              7.7734769,
              46.6896712
            ],
            [
              7.7734586,
              46.6896708
            ],
            [
              7.7733808,
              46.6896842
            ],
            [
              7.7733808,
              46.6896883
            ],
            [
              7.7733315,
              46.6896884
            ],
            [
              7.7733185,
              46.6897029
            ],
            [
              7.7732241,
              46.6896852
            ],
            [
              7.7732246,
              46.6896769
            ],
            [
              7.7728905,
              46.6896144
            ],
            [
              7.772888,
              46.6896169
            ],
            [
              7.7728418,
              46.6896175
            ],
            [
              7.7728253,
              46.6896078
            ],
            [
              7.7727921,
              46.6896093
            ],
            [
              7.7727745,
              46.6895981
            ],
            [
              7.7727757,
              46.6894762
            ],
            [
              7.7731241,
              46.6895417
            ],
            [
              7.773347,
              46.6895017
            ],
            [
              7.773349,
              46.6894963
            ],
            [
              7.7733582,
              46.6894946
            ],
            [
              7.7733566,
              46.6894778
            ],
            [
              7.7732785,
              46.6894
            ],
            [
              7.7732779,
              46.6893799
            ],
            [
              7.7732555,
              46.6893814
            ],
            [
              7.773237,
              46.6893803
            ],
            [
              7.7732142,
              46.6893848
            ],
            [
              7.7732134,
              46.6893461
            ],
            [
              7.7729375,
              46.6892945
            ],
            [
              7.7728505,
              46.6893078
            ],
            [
              7.7728497,
              46.689347
            ],
            [
              7.7728497,
              46.6893497
            ],
            [
              7.7728248,
              46.6893461
            ],
            [
              7.7727838,
              46.6893457
            ],
            [
              7.7727463,
              46.6893401
            ],
            [
              7.7727469,
              46.6893077
            ],
            [
              7.7725116,
              46.6892691
            ],
            [
              7.772513,
              46.6891553
            ],
            [
              7.7727956,
              46.6892017
            ],
            [
              7.7729369,
              46.6891798
            ],
            [
              7.773267,
              46.6892416
            ],
            [
              7.7734562,
              46.6892077
            ],
            [
              7.7738489,
              46.6892783
            ],
            [
              7.7739539,
              46.68926
            ],
            [
              7.7742024,
              46.6893046
            ],
            [
              7.774205,
              46.6894196
            ],
            [
              7.7740007,
              46.6893834
            ],
            [
              7.7739748,
              46.689388
            ],
            [
              7.7739749,
              46.6894317
            ],
            [
              7.7738947,
              46.6894171
            ],
            [
              7.7738941,
              46.6894003
            ],
            [
              7.7734487,
              46.6893216
            ],
            [
              7.7733183,
              46.6893449
            ]
          ]
        ]
      },
      "id": "way/604037869"
    },
    {
      "type": "Feature",
      "properties": {
        "@id": "way/713421416",
        "addr:city": "Interlaken",
        "addr:country": "CH",
        "addr:housenumber": "139",
        "addr:postcode": "3800",
        "addr:street": "Höheweg",
        "building": "yes",
        "check_date": "2025-04-15",
        "name": "Royal Saint George",
        "tourism": "hotel",
        "wheelchair": "no"
      },
      "geometry": {
        "type": "Polygon",
        "coordinates": [
          [
            [
              7.862551,
              46.6886064
            ],
            [
              7.8625542,
              46.6886018
            ],
            [
              7.8625593,
              46.6885982
            ],
            [
              7.8625657,
              46.6885958
            ],
            [
              7.862573,
              46.688595
            ],
            [
              7.8625802,
              46.6885957
            ],
            [
              7.8625869,
              46.6885979
            ],
            [
              7.8627252,
              46.6886446
            ],
            [
              7.8627309,
              46.6886367
            ],
            [
              7.8628556,
              46.6886788
            ],
            [
              7.8628499,
              46.6886866
            ],
            [
              7.8630119,
              46.6887414
            ],
            [
              7.8629924,
              46.6887685
            ],
            [
              7.8630074,
              46.6887736
            ],
            [
              7.8629154,
              46.6889018
            ],
            [
              7.8628353,
              46.6888748
            ],
            [
              7.8628424,
              46.6888649
            ],
            [
              7.8627389,
              46.6888299
            ],
            [
              7.8626631,
              46.6889356
            ],
            [
              7.862478,
              46.6888731
            ],
            [
              7.8624858,
              46.6888621
            ],
            [
              7.8623905,
              46.6888299
            ],
            [
              7.862484,
              46.6886997
            ],
            [
              7.8624965,
              46.6886822
            ],
            [
              7.862551,
              46.6886064
            ]
          ]
        ]
      },
      "id": "way/713421416"
    },
    {
      "type": "Feature",
      "properties": {
        "@id": "way/817203259",
        "building": "yes",
        "building:levels": "2",
        "layer": "3",
        "name": "Schynige Platte",
        "tourism": "hotel"
      },
      "geometry": {
        "type": "Polygon",
        "coordinates": [
          [
            [
              7.9092642,
              46.6511531
            ],
            [
              7.9095279,
              46.6511096
            ],
            [
              7.9095855,
              46.6512717
            ],
            [
              7.9093177,
              46.6513129
            ],
            [
              7.9092785,
              46.6511921
            ],
            [
              7.9092642,
              46.6511531
            ]
          ]
        ]
      },
      "id": "way/817203259"
    },
    {
      "type": "Feature",
      "properties": {
        "@id": "node/269984314",
        "email": "info@beausite.ch",
        "fax": "+41 33 826 75 85",
        "name": "Beausite",
        "operator": "Max & Imi Ritter",
        "phone": "+41 33 826 75 75",
        "stars": "3",
        "tourism": "hotel",
        "website": "https://www.beausite.ch/"
      },
      "geometry": {
        "type": "Point",
        "coordinates": [
          7.8467089,
          46.6846771
        ]
      },
      "id": "node/269984314"
    },
    {
      "type": "Feature",
      "properties": {
        "@id": "node/269984315",
        "check_date": "2025-07-28",
        "email": "info@chalet-swiss.ch",
        "fax": "+41 33 826 78 70",
        "internet_access": "wlan",
        "name": "Chalet Swiss",
        "operator": "Familie R. & T. Klopfer",
        "phone": "+41 33 826 78 78",
        "rooms": "53",
        "stars": "3",
        "tourism": "hotel",
        "website": "https://chalet-swiss.ch/"
      },
      "geometry": {
        "type": "Point",
        "coordinates": [
          7.8458842,
          46.6842815
        ]
      },
      "id": "node/269984315"
    },
    {
      "type": "Feature",
      "properties": {
        "@id": "node/277371609",
        "name": "Golderli",
        "tourism": "hotel"
      },
      "geometry": {
        "type": "Point",
        "coordinates": [
          7.7643859,
          46.5503435
        ]
      },
      "id": "node/277371609"
    },
    {
      "type": "Feature",
      "properties": {
        "@id": "node/292619458",
        "addr:city": "Interlaken",
        "addr:housenumber": "211",
        "addr:postcode": "3800",
        "addr:street": "Höheweg",
        "email": "info@grandbeaurivage.ch",
        "internet_access": "wlan",
        "name": "Grand Beau-Rivage",
        "phone": "+41 33 826 70 07",
        "rooms": "101",
        "tourism": "hotel",
        "website": "https://grandbeaurivage.ch"
      },
      "geometry": {
        "type": "Point",
        "coordinates": [
          7.8646528,
          46.689701
        ]
      },
      "id": "node/292619458"
    },
    {
      "type": "Feature",
      "properties": {
        "@id": "node/295395089",
        "check_date": "2024-04-21",
        "name": "Sunny Days",
        "tourism": "guest_house"
      },
      "geometry": {
        "type": "Point",
        "coordinates": [
          7.8470545,
          46.683477
        ]
      },
      "id": "node/295395089"
    },
    {
      "type": "Feature",
      "properties": {
        "@id": "node/302366993",
        "name": "Schynige Platte",
        "tourism": "hostel"
      },
      "geometry": {
        "type": "Point",
        "coordinates": [
          7.9118196,
          46.652839
        ]
      },
      "id": "node/302366993"
    },
    {
      "type": "Feature",
      "properties": {
        "@id": "node/391448262",
        "email": "info.interlaken@lindnerhotels.ch",
        "fax": "+41 33 826 68 69",
        "internet_access": "wlan",
        "internet_access:fee": "yes",
        "name": "Interlaken",
        "operator": "Georges Beutler",
        "phone": "+41 33 826 68 68",
        "smoking": "no",
        "stars": "4",
        "tourism": "hotel",
        "website": "https://hotelinterlaken.ch/"
      },
      "geometry": {
        "type": "Point",
        "coordinates": [
          7.863376,
          46.6885207
        ]
      },
      "id": "node/391448262"
    },
    {
      "type": "Feature",
      "properties": {
        "@id": "node/454394985",
        "breakfast": "yes",
        "capacity": "43",
        "contact:person": "Furrer Simon",
        "contact:website": "http://www.rotstockhuette.ch/",
        "dinner": "yes",
        "dog": "on_request",
        "drinking_water": "yes",
        "ele": "2039",
        "email": "info@rotstockhuette.ch",
        "food": "yes",
        "internet_access": "no",
        "name": "Rotstockhütte",
        "operator": "Skiklub Stechelberg",
        "payment:credit_cards": "yes",
        "phone": "+41 33 855 24 64",
        "reservation:website": "https://hut-reservation.org/reservation/book-hut/69/wizard",
        "shower": "no",
        "tourism": "alpine_hut",
        "website": "http://www.rotstockhuette.ch/"
      },
      "geometry": {
        "type": "Point",
        "coordinates": [
          7.8383217,
          46.5451558
        ]
      },
      "id": "node/454394985"
    },
    {
      "type": "Feature",
      "properties": {
        "@id": "node/454394987",
        "amenity": "cafe",
        "name": "Spielbodenalp",
        "opening_hours": "Jun-Sep Fr-Su 09:00-19:00",
        "self_service": "yes",
        "tourism": "alpine_hut",
        "website": "http://www.spielbodenalp.com/"
      },
      "geometry": {
        "type": "Point",
        "coordinates": [
          7.8739087,
          46.548842
        ]
      },
      "id": "node/454394987"
    },
    {
      "type": "Feature",
      "properties": {
        "@id": "node/472674826",
        "addr:city": "Lauterbrunnen",
        "addr:country": "CH",
        "addr:housenumber": "40",
        "addr:postcode": "3822",
        "addr:street": "Lochbrücke",
        "name": "Jungfraublick",
        "tourism": "chalet"
      },
      "geometry": {
        "type": "Point",
        "coordinates": [
          7.9062806,
          46.6055897
        ]
      },
      "id": "node/472674826"
    },
    {
      "type": "Feature",
      "properties": {
        "@id": "node/475355928",
        "email": "info@carltoneurope.ch",
        "fax": "+41 33 826 01 69",
        "internet_access": "wlan",
        "internet_access:fee": "yes",
        "name": "Carlton-Europe",
        "operator": "Stephan Maeder",
        "phone": "+41 33 826 01 60",
        "rooms": "75",
        "stars": "3",
        "tourism": "hotel",
        "website": "https://www.carltoneurope.ch/"
      },
      "geometry": {
        "type": "Point",
        "coordinates": [
          7.8658649,
          46.6894678
        ]
      },
      "id": "node/475355928"
    },
    {
      "type": "Feature",
      "properties": {
        "@id": "node/484263436",
        "name": "Gasthof Schönegg",
        "tourism": "hotel"
      },
      "geometry": {
        "type": "Point",
        "coordinates": [
          7.8741905,
          46.6951712
        ]
      },
      "id": "node/484263436"
    },
    {
      "type": "Feature",
      "properties": {
        "@id": "node/486041990",
        "addr:city": "Interlaken",
        "addr:housenumber": "16",
        "addr:postcode": "3800",
        "addr:street": "Alpenstrasse",
        "check_date": "2024-09-08",
        "email": "mail@villa.ch",
        "fax": "+41 33 826 71 72",
        "internet_access": "wlan",
        "internet_access:fee": "no",
        "name": "Backpackers Villa Sonnenhof",
        "operator": "David Bühler",
        "phone": "+41 33 826 71 71",
        "smoking": "no",
        "tourism": "hostel",
        "website": "https://www.villa.ch/"
      },
      "geometry": {
        "type": "Point",
        "coordinates": [
          7.8616925,
          46.6844227
        ]
      },
      "id": "node/486041990"
    },
    {
      "type": "Feature",
      "properties": {
        "@id": "node/502559863",
        "addr:city": "Wengen",
        "addr:housenumber": "1100b",
        "addr:place": "Guggihütte",
        "addr:postcode": "3823",
        "capacity": "24",
        "capacity:winter_room": "24",
        "contact:person": "Zwahlen Arnold",
        "drinking_water": "yes",
        "ele": "2791",
        "email": "guggihuette@sac-interlaken.ch",
        "kitchen": "no",
        "name": "Guggihütte",
        "operator": "SAC - CAS",
        "owner": "SAC INTERLAKEN",
        "reg_name": "Freiburger, Waadtländer und Berner Alpen",
        "reservation:website": "https://hut-reservation.org/reservation/book-hut/665/wizard",
        "tourism": "alpine_hut",
        "website": "https://www.sac-interlaken.ch/",
        "wikidata": "Q20669004"
      },
      "geometry": {
        "type": "Point",
        "coordinates": [
          7.9743995,
          46.5627465
        ]
      },
      "id": "node/502559863"
    },
    {
      "type": "Feature",
      "properties": {
        "@id": "node/502559893",
        "breakfast": "yes",
        "capacity": "60",
        "contact:person": "Schmidlin Monika",
        "dinner": "yes",
        "drinking_water": "yes",
        "ele": "2455",
        "email": "info@gspaltenhornhuette.ch",
        "food": "yes",
        "name": "Gspaltenhornhütte SAC",
        "operator": "SAC - CAS",
        "owner": "SAC BERN",
        "payment:credit_cards": "yes",
        "phone": "+41 33 676 16 29",
        "reg_name": "Freiburger, Waadtländer und Berner Alpen",
        "reservation:website": "https://hut-reservation.org/reservation/book-hut/44/wizard",
        "tourism": "alpine_hut",
        "website": "https://www.gspaltenhornhuette.ch/",
        "wikidata": "Q16064923"
      },
      "geometry": {
        "type": "Point",
        "coordinates": [
          7.8102627,
          46.5126918
        ]
      },
      "id": "node/502559893"
    },
    {
      "type": "Feature",
      "properties": {
        "@id": "node/505804029",
        "capacity": "12",
        "capacity:winter_room": "12",
        "drinking_water": "yes",
        "ele": "2320",
        "kitchen": "no",
        "name": "Eiger-Ostegghütte",
        "tourism": "alpine_hut",
        "website": "http://www.mittellegi.ch",
        "wikidata": "Q1303478"
      },
      "geometry": {
        "type": "Point",
        "coordinates": [
          8.0411805,
          46.6003942
        ]
      },
      "id": "node/505804029"
    },
    {
      "type": "Feature",
      "properties": {
        "@id": "node/708908225",
        "amenity": "restaurant",
        "name": "Hotel Restaurant Stechelberg",
        "tourism": "hotel"
      },
      "geometry": {
        "type": "Point",
        "coordinates": [
          7.9025091,
          46.5450318
        ]
      },
      "id": "node/708908225"
    },
    {
      "type": "Feature",
      "properties": {
        "@id": "node/768597365",
        "amenity": "restaurant",
        "name": "Mittagshorn",
        "tourism": "hotel"
      },
      "geometry": {
        "type": "Point",
        "coordinates": [
          7.8916784,
          46.5488497
        ]
      },
      "id": "node/768597365"
    },
    {
      "type": "Feature",
      "properties": {
        "@id": "node/814698079",
        "email": "info@griesalp-hotels.ch",
        "internet_access": "wlan",
        "internet_access:fee": "no",
        "name": "Griesalp Hotels - Grand Hotel",
        "phone": "+41 33 676 71 71",
        "tourism": "hotel",
        "website": "https://www.griesalp-hotels.ch"
      },
      "geometry": {
        "type": "Point",
        "coordinates": [
          7.7612445,
          46.5473192
        ]
      },
      "id": "node/814698079"
    },
    {
      "type": "Feature",
      "properties": {
        "@id": "node/861740862",
        "addr:city": "Interlaken",
        "addr:country": "CH",
        "addr:housenumber": "139",
        "addr:postcode": "3800",
        "addr:street": "Höheweg",
        "email": "info@hotelroyal.ch",
        "fax": "+41 33 823 30 75",
        "name": "Royal Saint George",
        "operator": "Familie Kurzen",
        "phone": "+41 33 822 75 75",
        "rooms": "93",
        "stars": "4",
        "tourism": "hotel",
        "website": "http://www.hotelroyal.ch",
        "wheelchair": "no"
      },
      "geometry": {
        "type": "Point",
        "coordinates": [
          7.8627308,
          46.6887017
        ]
      },
      "id": "node/861740862"
    },
    {
      "type": "Feature",
      "properties": {
        "@id": "node/886691424",
        "addr:city": "Kiental",
        "addr:housenumber": "40",
        "addr:postcode": "3723",
        "addr:street": "Gorneren",
        "amenity": "restaurant",
        "name": "Naturfreundehaus Gorneren",
        "phone": "+4133 676 11 40",
        "tourism": "hostel",
        "website": "https://www.naturfreundehaeuser.ch/gorneren/"
      },
      "geometry": {
        "type": "Point",
        "coordinates": [
          7.7640786,
          46.5519168
        ]
      },
      "id": "node/886691424"
    },
    {
      "type": "Feature",
      "properties": {
        "@id": "node/899285918",
        "email": "neuhaus@quicknet.ch",
        "fax": "+41 33 823 29 91",
        "name": "Neuhaus Golf- und Strandhotel",
        "operator": "Familie Ritschard und Zenger",
        "phone": "+41 33 822 93 30",
        "rooms": "44",
        "smoking": "no",
        "stars": "3",
        "tourism": "hotel",
        "website": "https://www.hotel-neuhaus.ch/"
      },
      "geometry": {
        "type": "Point",
        "coordinates": [
          7.8177764,
          46.6788311
        ]
      },
      "id": "node/899285918"
    },
    {
      "type": "Feature",
      "properties": {
        "@id": "node/948598189",
        "check_date": "2024-07-02",
        "email": "holidays@hotelschuetzen.com",
        "name": "Schützen",
        "phone": "+41 33 855 50 50",
        "tourism": "hotel",
        "website": "https://www.hotelschuetzen.com/"
      },
      "geometry": {
        "type": "Point",
        "coordinates": [
          7.907235,
          46.5948963
        ]
      },
      "id": "node/948598189"
    },
    {
      "type": "Feature",
      "properties": {
        "@id": "node/951878540",
        "addr:city": "Lauterbrunnen",
        "addr:country": "CH",
        "addr:postcode": "3822",
        "addr:street": "Bir Zuben",
        "contact:email": "info@silberhorn.com",
        "contact:fax": "+41 33 855 42 13",
        "contact:phone": "+41 33 856 22 10",
        "contact:website": "http://www.silberhorn.com",
        "internet_access": "wlan",
        "name": "Silberhorn",
        "operator": "Andres und Beat von Allmen-Müller",
        "stars": "3",
        "tourism": "hotel",
        "wheelchair": "no"
      },
      "geometry": {
        "type": "Point",
        "coordinates": [
          7.9067155,
          46.598362
        ]
      },
      "id": "node/951878540"
    },
    {
      "type": "Feature",
      "properties": {
        "@id": "node/951878558",
        "check_date": "2024-07-02",
        "email": "info@hoteloberland.ch",
        "name": "Oberland",
        "operator": "Ursula and Mark Nolan",
        "phone": "+41338551241",
        "tourism": "hotel",
        "website": "https://www.hoteloberland.ch/"
      },
      "geometry": {
        "type": "Point",
        "coordinates": [
          7.9073139,
          46.5956397
        ]
      },
      "id": "node/951878558"
    },
    {
      "type": "Feature",
      "properties": {
        "@id": "node/951878576",
        "email": "info@hoteloberland.ch",
        "name": "Crystal",
        "operator": "Ursula and Mark Nolan",
        "phone": "+41338551241",
        "tourism": "guest_house",
        "website": "https://www.hoteloberland.ch/wohnungen/crystal/"
      },
      "geometry": {
        "type": "Point",
        "coordinates": [
          7.9075023,
          46.5953885
        ]
      },
      "id": "node/951878576"
    },
    {
      "type": "Feature",
      "properties": {
        "@id": "node/951900520",
        "addr:city": "Lauterbrunnen",
        "addr:country": "CH",
        "addr:housenumber": "424",
        "addr:postcode": "3822",
        "addr:street": "Im Rohr",
        "name": "Chalet im Rohr",
        "tourism": "hotel",
        "wheelchair": "no"
      },
      "geometry": {
        "type": "Point",
        "coordinates": [
          7.9081266,
          46.5930763
        ]
      },
      "id": "node/951900520"
    },
    {
      "type": "Feature",
      "properties": {
        "@id": "node/951900525",
        "email": "info@valleyhostel.ch",
        "name": "Valley Hostel",
        "operator": "Familie Abegglen ",
        "phone": "+41 33 855 20 08",
        "tourism": "hostel",
        "website": "https://www.valleyhostel.ch/"
      },
      "geometry": {
        "type": "Point",
        "coordinates": [
          7.9075665,
          46.5960894
        ]
      },
      "id": "node/951900525"
    },
    {
      "type": "Feature",
      "properties": {
        "@id": "node/954628067",
        "name": "Jungfrau",
        "tourism": "hotel"
      },
      "geometry": {
        "type": "Point",
        "coordinates": [
          7.907101,
          46.5939409
        ]
      },
      "id": "node/954628067"
    },
    {
      "type": "Feature",
      "properties": {
        "@id": "node/955022402",
        "addr:city": "Lauterbrunnen",
        "addr:country": "CH",
        "addr:housenumber": "424f",
        "addr:postcode": "3822",
        "addr:street": "Im Rohr",
        "name": "Staubbach",
        "tourism": "hotel"
      },
      "geometry": {
        "type": "Point",
        "coordinates": [
          7.9077477,
          46.5932901
        ]
      },
      "id": "node/955022402"
    },
    {
      "type": "Feature",
      "properties": {
        "@id": "node/955022409",
        "name": "Hotel Horner",
        "tourism": "hotel",
        "website": "https://www.hornerpub.ch/hotel/",
        "wheelchair": "no"
      },
      "geometry": {
        "type": "Point",
        "coordinates": [
          7.9073447,
          46.5925169
        ]
      },
      "id": "node/955022409"
    },
    {
      "type": "Feature",
      "properties": {
        "@id": "node/955022464",
        "name": "Stocki",
        "tourism": "hostel"
      },
      "geometry": {
        "type": "Point",
        "coordinates": [
          7.9102804,
          46.5959736
        ]
      },
      "id": "node/955022464"
    },
    {
      "type": "Feature",
      "properties": {
        "@id": "node/957282803",
        "beds": "70",
        "email": "info@happy-inn.com",
        "fax": "+41 33 822 32 68",
        "internet_access": "wlan",
        "internet_access:fee": "no",
        "name": "Happy Inn Lodge",
        "operator": "Piet Swenker + Bart Stapel",
        "phone": "+41 33 822 32 25",
        "rooms": "19",
        "smoking": "separated",
        "tourism": "hostel",
        "website": "https://www.happy-inn.com/"
      },
      "geometry": {
        "type": "Point",
        "coordinates": [
          7.8556574,
          46.683712
        ]
      },
      "id": "node/957282803"
    },
    {
      "type": "Feature",
      "properties": {
        "@id": "node/986991474",
        "addr:city": "Grindelwald",
        "addr:country": "CH",
        "addr:housenumber": "1",
        "addr:place": "Aspen",
        "addr:postcode": "3818",
        "contact:email": "info@hotel-aspen.ch",
        "contact:fax": "+41 33 854 40 04",
        "contact:phone": "+41 33 854 40 00",
        "contact:website": "https://www.hotel-aspen.ch/",
        "name": "Aspen Hotel",
        "operator": "Suzanne & Stefan Grossniklaus",
        "stars": "4",
        "tourism": "hotel"
      },
      "geometry": {
        "type": "Point",
        "coordinates": [
          8.0056956,
          46.6190463
        ]
      },
      "id": "node/986991474"
    },
    {
      "type": "Feature",
      "properties": {
        "@id": "node/1086133160",
        "email": "info@hotel-de-la-paix.ch",
        "fax": "+41 33 822 70 44",
        "internet_access": "wlan",
        "name": "De la Paix",
        "operator": "Familie Georg Etterli",
        "phone": "+41 33 822 70 44",
        "stars": "3",
        "tourism": "hotel",
        "website": "https://www.hotel-de-la-paix.ch/"
      },
      "geometry": {
        "type": "Point",
        "coordinates": [
          7.8539305,
          46.6803171
        ]
      },
      "id": "node/1086133160"
    },
    {
      "type": "Feature",
      "properties": {
        "@id": "node/1163550441",
        "beds": "50",
        "email": "info@stella-hotel.ch",
        "fax": "+41 33 822 66 71",
        "name": "Stella",
        "operator": "Bastian Hofmann",
        "phone": "+41 33 822 88 71",
        "rooms": "30",
        "stars": "4",
        "tourism": "hotel",
        "website": "https://www.stella-hotel.ch/"
      },
      "geometry": {
        "type": "Point",
        "coordinates": [
          7.8568607,
          46.6832659
        ]
      },
      "id": "node/1163550441"
    },
    {
      "type": "Feature",
      "properties": {
        "@id": "node/1326829554",
        "check_date": "2025-10-09",
        "email": "info@bellevue-interlaken.ch",
        "fax": "+41 33 822 92 50",
        "internet_access": "wlan",
        "name": "Bellevue",
        "operator": "Thomas + Regula Dübendorfer",
        "phone": "+41 33 822 44 31",
        "stars": "4",
        "tourism": "hotel",
        "website": "https://www.hotel-bellevue-interlaken.ch/"
      },
      "geometry": {
        "type": "Point",
        "coordinates": [
          7.8525142,
          46.6862648
        ]
      },
      "id": "node/1326829554"
    },
    {
      "type": "Feature",
      "properties": {
        "@id": "node/1326829555",
        "email": "info@goldey.ch",
        "fax": "+41 33 826 44 40",
        "internet_access": "wlan",
        "internet_access:fee": "no",
        "name": "Hotel Goldey",
        "operator": "Diana Ritschard",
        "phone": "+41 33 826 44 45",
        "rooms": "40",
        "stars": "3",
        "tourism": "hotel",
        "website": "https://www.goldey.ch/",
        "wheelchair": "limited"
      },
      "geometry": {
        "type": "Point",
        "coordinates": [
          7.853715,
          46.6892261
        ]
      },
      "id": "node/1326829555"
    },
    {
      "type": "Feature",
      "properties": {
        "@id": "node/1384171668",
        "internet_access": "no",
        "name": "Brunnialp",
        "operator": "Skiclub Leissigen",
        "smoking": "no",
        "tourism": "alpine_hut",
        "website": "https://www.scleissigen.ch/"
      },
      "geometry": {
        "type": "Point",
        "coordinates": [
          7.7817908,
          46.6257797
        ]
      },
      "id": "node/1384171668"
    },
    {
      "type": "Feature",
      "properties": {
        "@id": "node/1406769277",
        "amenity": "restaurant",
        "name": "Hirschen",
        "tourism": "hotel"
      },
      "geometry": {
        "type": "Point",
        "coordinates": [
          7.8706885,
          46.6655174
        ]
      },
      "id": "node/1406769277"
    },
    {
      "type": "Feature",
      "properties": {
        "@id": "node/1408362656",
        "ele": "1678",
        "fee": "yes",
        "internet_access": "no",
        "name": "Berggasthaus Tschingelhorn",
        "phone": "+41338551343",
        "tourism": "alpine_hut",
        "website": "https://tschingelhorn.ch/"
      },
      "geometry": {
        "type": "Point",
        "coordinates": [
          7.8933302,
          46.523176
        ]
      },
      "id": "node/1408362656"
    },
    {
      "type": "Feature",
      "properties": {
        "@id": "node/1487350761",
        "designation": "2 Star",
        "name": "Beatus",
        "source": "http://www.beatus-interlaken.ch/",
        "tourism": "hotel"
      },
      "geometry": {
        "type": "Point",
        "coordinates": [
          7.7952382,
          46.687438
        ]
      },
      "id": "node/1487350761"
    },
    {
      "type": "Feature",
      "properties": {
        "@id": "node/1770773512",
        "email": "info@zeithotel.ch",
        "fax": "+41 33 841 03 46",
        "internet_access": "yes",
        "internet_access:fee": "no",
        "name": "Zeit- & Traumhotel Beatus",
        "phone": "+41 33 841 03 45",
        "smoking": "no",
        "tourism": "hotel",
        "website": "https://www.zeithotel.ch/",
        "wheelchair": "no"
      },
      "geometry": {
        "type": "Point",
        "coordinates": [
          7.7718492,
          46.6895474
        ]
      },
      "id": "node/1770773512"
    },
    {
      "type": "Feature",
      "properties": {
        "@id": "node/1794731523",
        "addr:full": "Gruebi beim Falken 1347b, 3823 Wengen",
        "name": "Falken",
        "tourism": "hotel",
        "website": "https://www.hotelfalken.com/"
      },
      "geometry": {
        "type": "Point",
        "coordinates": [
          7.9239491,
          46.6050476
        ]
      },
      "id": "node/1794731523"
    },
    {
      "type": "Feature",
      "properties": {
        "@id": "node/1873470962",
        "name": "Berggasthaus First",
        "tourism": "hotel"
      },
      "geometry": {
        "type": "Point",
        "coordinates": [
          8.0536211,
          46.6594893
        ]
      },
      "id": "node/1873470962"
    },
    {
      "type": "Feature",
      "properties": {
        "@id": "node/1874698222",
        "check_date": "2024-03-29",
        "name": "Alpenruhe",
        "source": "GPS and local knowledge",
        "tourism": "hotel",
        "website": "https://www.alpenruhe-wengen.ch/"
      },
      "geometry": {
        "type": "Point",
        "coordinates": [
          7.9186195,
          46.6095804
        ]
      },
      "id": "node/1874698222"
    },
    {
      "type": "Feature",
      "properties": {
        "@id": "node/1874698224",
        "name": "Beausite Park",
        "source": "GPS and local knowledge",
        "stars": "4",
        "tourism": "hotel",
        "website": "https://www.parkwengen.ch/"
      },
      "geometry": {
        "type": "Point",
        "coordinates": [
          7.9247768,
          46.6086851
        ]
      },
      "id": "node/1874698224"
    },
    {
      "type": "Feature",
      "properties": {
        "@id": "node/1874698226",
        "name": "Belvédère",
        "source": "GPS and local knowledge",
        "stars": "3",
        "tourism": "hotel",
        "website": "https://www.belvedere-wengen.ch/"
      },
      "geometry": {
        "type": "Point",
        "coordinates": [
          7.9192583,
          46.6088082
        ]
      },
      "id": "node/1874698226"
    },
    {
      "type": "Feature",
      "properties": {
        "@id": "node/1874698231",
        "addr:city": "Wengen",
        "addr:country": "CH",
        "addr:housenumber": "1333d",
        "addr:postcode": "3823",
        "addr:street": "Schonegg",
        "email": "hotel@caprice-wengen.ch",
        "fax": "+41338560607",
        "name": "Maya Caprice Boutique Hotel",
        "phone": "+41338560606",
        "source": "local knowledge",
        "stars": "4",
        "tourism": "hotel",
        "website": "https://www.mayacaprice.ch"
      },
      "geometry": {
        "type": "Point",
        "coordinates": [
          7.9229309,
          46.6042446
        ]
      },
      "id": "node/1874698231"
    },
    {
      "type": "Feature",
      "properties": {
        "@id": "node/1874698239",
        "name": "Jungfraublick",
        "source": "GPS and local knowledge",
        "stars": "3",
        "tourism": "hotel",
        "website": "https://jungfraublick.com/"
      },
      "geometry": {
        "type": "Point",
        "coordinates": [
          7.9209691,
          46.6083745
        ]
      },
      "id": "node/1874698239"
    },
    {
      "type": "Feature",
      "properties": {
        "@id": "node/1874698243",
        "check_date": "2024-07-03",
        "name": "Silberhorn",
        "source": "GPS and local knowledge",
        "stars": "4",
        "tourism": "hotel",
        "website": "https://www.wengenerhof.ch/"
      },
      "geometry": {
        "type": "Point",
        "coordinates": [
          7.9221381,
          46.6052545
        ]
      },
      "id": "node/1874698243"
    },
    {
      "type": "Feature",
      "properties": {
        "@id": "node/1874698245",
        "name": "Wengener Hof",
        "source": "GPS and local knowledge",
        "stars": "4",
        "tourism": "hotel",
        "website": "https://www.wengenerhof.ch/"
      },
      "geometry": {
        "type": "Point",
        "coordinates": [
          7.9187149,
          46.6083453
        ]
      },
      "id": "node/1874698245"
    },
    {
      "type": "Feature",
      "properties": {
        "@id": "node/1912743989",
        "addr:city": "Matten",
        "addr:country": "CH",
        "addr:housenumber": "44",
        "addr:postcode": "3800",
        "addr:street": "Hauptstrasse",
        "beds": "60",
        "check_date": "2025-08-16",
        "email": "info@alpinahotel.ch",
        "fax": "+41 33 822 03 33",
        "internet_access": "wlan",
        "internet_access:fee": "no",
        "name": "Alpina",
        "operator": "Dora Geringer",
        "phone": "+41 33 822 80 31",
        "stars": "2",
        "tourism": "hotel",
        "website": "http://www.alpina-interlaken.ch"
      },
      "geometry": {
        "type": "Point",
        "coordinates": [
          7.8646699,
          46.6785544
        ]
      },
      "id": "node/1912743989"
    },
    {
      "type": "Feature",
      "properties": {
        "@id": "node/1912744010",
        "addr:city": "Matten",
        "addr:country": "CH",
        "addr:housenumber": "44",
        "addr:postcode": "3800",
        "addr:street": "Hauptstrasse",
        "email": "info@alpinahotel.ch",
        "fax": "+41 33 822 03 33",
        "internet_access": "wlan",
        "internet_access:fee": "no",
        "name": "Basicrooms",
        "operator": "Dora Geringer",
        "phone": "+41 33 822 80 31",
        "stars": "2",
        "tourism": "hotel",
        "website": "http://www.basicrooms.ch"
      },
      "geometry": {
        "type": "Point",
        "coordinates": [
          7.8646491,
          46.6784194
        ]
      },
      "id": "node/1912744010"
    },
    {
      "type": "Feature",
      "properties": {
        "@id": "node/1912744011",
        "email": "mail@hotel-blume.ch",
        "fax": "+41 33 822 71 94",
        "internet_access": "wlan",
        "internet_access:fee": "no",
        "name": "Blume",
        "operator": "Polo und Claudia Rosas",
        "phone": "+41 33 822 71 31",
        "rooms": "12",
        "stars": "2",
        "tourism": "hotel",
        "website": "https://www.hotel-blume.ch/"
      },
      "geometry": {
        "type": "Point",
        "coordinates": [
          7.8562718,
          46.6846694
        ]
      },
      "id": "node/1912744011"
    },
    {
      "type": "Feature",
      "properties": {
        "@id": "node/1912744014",
        "check_date": "2024-04-27",
        "contact:email": "dunord@swissdreamshotels.com",
        "contact:fax": "+41 33 827 5055",
        "contact:phone": "+41 33 827 5050",
        "contact:website": "http://www.swissdreamshotels.com/",
        "internet_access": "wlan",
        "internet_access:fee": "yes",
        "name": "Du Nord",
        "operator": "SwissDreamsHotels",
        "smoking": "no",
        "stars": "4",
        "tourism": "hotel",
        "wheelchair": "yes",
        "wheelchair:description": "1 rollstuhlgängiges 2-Zimmer-Premium-Apartment 1 rollstuhlgängiges 2-Zimmer-Budget-Apartment 1 rollstuhlgängiges 3-Zimmer-Premium-Apartment"
      },
      "geometry": {
        "type": "Point",
        "coordinates": [
          7.8622293,
          46.6882344
        ]
      },
      "id": "node/1912744014"
    },
    {
      "type": "Feature",
      "properties": {
        "@id": "node/1912744015",
        "email": "harder-minerva@tcnet.ch",
        "fax": "+41 33 822 04 85",
        "internet_access": "yes",
        "name": "Harder-Minerva",
        "operator": "René Bettoli",
        "phone": "+41 33 823 23 13",
        "stars": "2",
        "tourism": "hotel",
        "website": "https://www.harder-minerva.ch/"
      },
      "geometry": {
        "type": "Point",
        "coordinates": [
          7.8551457,
          46.686583
        ]
      },
      "id": "node/1912744015"
    },
    {
      "type": "Feature",
      "properties": {
        "@id": "node/1912744016",
        "fax": "+41 33 823 21 91",
        "internet_access": "wlan",
        "internet_access:fee": "no",
        "name": "Salzano Hotel Spa Restaurant",
        "operator": "Patrizio und Sonja Salzano",
        "phone": "+41 33 821 00 70",
        "stars": "3",
        "tourism": "hotel",
        "website": "https://salzano.ch/"
      },
      "geometry": {
        "type": "Point",
        "coordinates": [
          7.8282892,
          46.6810397
        ]
      },
      "id": "node/1912744016"
    },
    {
      "type": "Feature",
      "properties": {
        "@id": "node/1912744017",
        "beds": "36",
        "email": "hotel@lotschberg.ch",
        "fax": "+41 33 822 25 79",
        "internet_access": "wlan",
        "internet_access:fee": "no",
        "name": "Lötschberg",
        "operator": "Susanne Hutmacher",
        "phone": "+41 33 822 25 45",
        "rooms": "19",
        "smoking": "no",
        "stars": "3",
        "tourism": "hotel",
        "website": "https://www.lotschberg.ch/"
      },
      "geometry": {
        "type": "Point",
        "coordinates": [
          7.8537648,
          46.6816298
        ]
      },
      "id": "node/1912744017"
    },
    {
      "type": "Feature",
      "properties": {
        "@id": "node/1912744018",
        "addr:city": "Matten",
        "addr:country": "CH",
        "addr:housenumber": "36",
        "addr:postcode": "3800",
        "addr:street": "Hauptstrasse",
        "check_date": "2025-08-16",
        "email": "info@mattenhofresort.com",
        "fax": "+41 33 822 28 88",
        "name": "Mattenhof Resort",
        "operator": "Familie Bühler",
        "phone": "+41 33 828 12 81",
        "rooms": "63",
        "tourism": "hotel",
        "website": "http://www.mattenhof-resort.com",
        "wikidata": "Q29673262"
      },
      "geometry": {
        "type": "Point",
        "coordinates": [
          7.8644477,
          46.6793898
        ]
      },
      "id": "node/1912744018"
    },
    {
      "type": "Feature",
      "properties": {
        "@id": "node/1912744022",
        "email": "hotel.post@tcnet.ch",
        "fax": "+41 33 822 00 28",
        "internet_access": "wlan",
        "name": "Post Hardermannli",
        "operator": "Andreas Grossniklaus",
        "phone": "+41 33 822 89 19",
        "stars": "2",
        "tourism": "hotel",
        "website": "https://www.post-hardermannli.ch/",
        "wheelchair": "limited"
      },
      "geometry": {
        "type": "Point",
        "coordinates": [
          7.8486843,
          46.6857538
        ]
      },
      "id": "node/1912744022"
    },
    {
      "type": "Feature",
      "properties": {
        "@id": "node/1912744028",
        "email": "info@roessli-interlaken.ch",
        "fax": "+41 33 822 96 16",
        "internet_access": "wlan",
        "name": "Rössli",
        "operator": "Jean-Luis Admirat",
        "phone": "+41 33 822 78 16",
        "stars": "2",
        "tourism": "hotel",
        "website": "https://www.roessli-interlaken.ch/"
      },
      "geometry": {
        "type": "Point",
        "coordinates": [
          7.8489347,
          46.6858358
        ]
      },
      "id": "node/1912744028"
    },
    {
      "type": "Feature",
      "properties": {
        "@id": "node/1912744030",
        "addr:city": "Matten",
        "addr:country": "CH",
        "addr:housenumber": "34",
        "addr:postcode": "3800",
        "addr:street": "Hauptstrasse",
        "beds": "45",
        "email": "info@sonne-interlaken.ch",
        "fax": "+41 33 823 29 15",
        "name": "Sonne",
        "operator": "Hans-Peter Seiler",
        "phone": "+41 33 822 75 41",
        "rooms": "22",
        "stars": "3",
        "tourism": "hotel",
        "website": "https://www.sonne-interlaken.ch/"
      },
      "geometry": {
        "type": "Point",
        "coordinates": [
          7.8640332,
          46.6801545
        ]
      },
      "id": "node/1912744030"
    },
    {
      "type": "Feature",
      "properties": {
        "@id": "node/1912744031",
        "email": "info@swiss-inn.ch",
        "fax": "+41 33 823 23 03",
        "name": "Swiss Inn",
        "operator": "J.P. Müller-Lohner",
        "phone": "+41 33 822 36 26",
        "tourism": "hotel",
        "website": "https://www.swiss-inn.ch/"
      },
      "geometry": {
        "type": "Point",
        "coordinates": [
          7.8550052,
          46.6821225
        ]
      },
      "id": "node/1912744031"
    },
    {
      "type": "Feature",
      "properties": {
        "@id": "node/1912744033",
        "beds": "50",
        "email": "toscana@hotel-toscana.ch",
        "fax": "+41 33 823 35 51",
        "internet_access": "wlan,wired",
        "internet_access:fee": "yes",
        "name": "Toscana",
        "operator": "Familie Del Grasso",
        "phone": "+41 33 823 30 33",
        "rooms": "22",
        "stars": "3",
        "tourism": "hotel",
        "website": "https://www.hotel-toscana.ch/"
      },
      "geometry": {
        "type": "Point",
        "coordinates": [
          7.8562177,
          46.6848577
        ]
      },
      "id": "node/1912744033"
    },
    {
      "type": "Feature",
      "properties": {
        "@id": "node/1912744035",
        "addr:city": "Matten",
        "addr:country": "CH",
        "addr:housenumber": "15",
        "addr:postcode": "3800",
        "addr:street": "Wagnerenstrasse",
        "check_date": "2025-08-16",
        "email": "mail@waldhotel-interlaken.ch",
        "fax": "+41 33 823 22 60",
        "internet_access": "wlan",
        "name": "Waldhotel-Unspunne",
        "operator": "Stefan Schneider",
        "phone": "+41 33 822 34 91",
        "rooms": "29",
        "stars": "2",
        "tourism": "hotel",
        "website": "https://www.waldhotel-interlaken.ch/",
        "wheelchair": "no"
      },
      "geometry": {
        "type": "Point",
        "coordinates": [
          7.8558307,
          46.6721233
        ]
      },
      "id": "node/1912744035"
    },
    {
      "type": "Feature",
      "properties": {
        "@id": "node/1912744036",
        "email": "mail@weisseskreuz.ch",
        "fax": "+41 33 823 35 55",
        "internet_access": "wlan",
        "name": "Weisses Kreuz",
        "name:zh": "维赛斯克鲁兹酒店",
        "phone": "+41 33 826 03 50",
        "smoking": "no",
        "stars": "3",
        "tourism": "hotel",
        "website": "https://www.weisseskreuz.ch/"
      },
      "geometry": {
        "type": "Point",
        "coordinates": [
          7.8553651,
          46.6850852
        ]
      },
      "id": "node/1912744036"
    },
    {
      "type": "Feature",
      "properties": {
        "@id": "node/1913212690",
        "addr:city": "Matten",
        "addr:country": "CH",
        "addr:housenumber": "23",
        "addr:postcode": "3800",
        "addr:street": "Hauptstrasse",
        "check_date": "2025-08-16",
        "email": "mail@balmers.com",
        "name": "Balmer's",
        "operator": "Erich Balmer",
        "phone": "+41 33 822 19 61",
        "tourism": "hostel",
        "website": "https://www.balmers.com/"
      },
      "geometry": {
        "type": "Point",
        "coordinates": [
          7.8636389,
          46.6811089
        ]
      },
      "id": "node/1913212690"
    },
    {
      "type": "Feature",
      "properties": {
        "@id": "node/1913212691",
        "addr:city": "Matten",
        "addr:country": "CH",
        "addr:housenumber": "36",
        "addr:postcode": "3800",
        "addr:street": "Hauptstrasse",
        "email": "info@funny-farm.ch",
        "fax": "+41 33 8 222 888",
        "internet_access": "wlan",
        "internet_access:fee": "yes",
        "name": "Funny Farm",
        "phone": "+41 33 8 281 281",
        "tourism": "hostel",
        "website": "http://www.funny-farm.ch"
      },
      "geometry": {
        "type": "Point",
        "coordinates": [
          7.8630478,
          46.679157
        ]
      },
      "id": "node/1913212691"
    },
    {
      "type": "Feature",
      "properties": {
        "@id": "node/2043511288",
        "check_date": "2025-08-16",
        "name": "Splendid",
        "tourism": "hotel",
        "wheelchair": "limited"
      },
      "geometry": {
        "type": "Point",
        "coordinates": [
          7.8559331,
          46.68574
        ]
      },
      "id": "node/2043511288"
    },
    {
      "type": "Feature",
      "properties": {
        "@id": "node/2123810977",
        "check_date": "2024-04-27",
        "name": "Hua Villa",
        "tourism": "hotel"
      },
      "geometry": {
        "type": "Point",
        "coordinates": [
          7.8571759,
          46.6817365
        ]
      },
      "id": "node/2123810977"
    },
    {
      "type": "Feature",
      "properties": {
        "@id": "node/2229414128",
        "addr:housename": "Hotel Artos",
        "contact:phone": "+41 33 828 88 44",
        "name": "Hotel Artos",
        "tourism": "hotel",
        "website": "https://www.hotel-artos.ch/",
        "wheelchair": "yes"
      },
      "geometry": {
        "type": "Point",
        "coordinates": [
          7.8663849,
          46.6853849
        ]
      },
      "id": "node/2229414128"
    },
    {
      "type": "Feature",
      "properties": {
        "@id": "node/2249289264",
        "email": "dulac@bluewin.ch",
        "fax": "+41 33 822 29 15",
        "internet_access": "yes",
        "name": "Du Lac",
        "operator": "Familie Ernst Hofmann",
        "phone": "+41 33 822 29 22",
        "rooms": "35",
        "stars": "4",
        "tourism": "hotel",
        "website": "https://www.dulac-interlaken.ch/",
        "wheelchair": "yes"
      },
      "geometry": {
        "type": "Point",
        "coordinates": [
          7.8687156,
          46.691285
        ]
      },
      "id": "node/2249289264"
    },
    {
      "type": "Feature",
      "properties": {
        "@id": "node/2344504403",
        "ele": "1778",
        "name": "Berghotel Obersteinberg",
        "tourism": "alpine_hut"
      },
      "geometry": {
        "type": "Point",
        "coordinates": [
          7.88549,
          46.5181558
        ]
      },
      "id": "node/2344504403"
    },
    {
      "type": "Feature",
      "properties": {
        "@id": "node/2354705089",
        "name": "Waldrand",
        "tourism": "hotel"
      },
      "geometry": {
        "type": "Point",
        "coordinates": [
          8.0002568,
          46.6238844
        ]
      },
      "id": "node/2354705089"
    },
    {
      "type": "Feature",
      "properties": {
        "@id": "node/2412243222",
        "guest_house": "bed_and_breakfast",
        "name": "Lehmann's Herberge",
        "tourism": "guest_house"
      },
      "geometry": {
        "type": "Point",
        "coordinates": [
          8.0379489,
          46.6228343
        ]
      },
      "id": "node/2412243222"
    },
    {
      "type": "Feature",
      "properties": {
        "@id": "node/2479152997",
        "email": "mail@metropole-interlaken.ch",
        "fax": "+41 33 828 66 33",
        "internet_access": "wlan",
        "internet_access:fee": "no",
        "name": "Metropole",
        "operator": "Marco von Euw",
        "phone": "+41 33 828 66 66",
        "rooms": "96",
        "stars": "4",
        "tourism": "hotel",
        "website": "https://www.metropole-interlaken.ch/",
        "wheelchair": "yes"
      },
      "geometry": {
        "type": "Point",
        "coordinates": [
          7.8562655,
          46.6861084
        ]
      },
      "id": "node/2479152997"
    },
    {
      "type": "Feature",
      "properties": {
        "@id": "node/2618801544",
        "contact:fax": "+41 33 853 13 53",
        "contact:phone": "+41 33 853 12 20",
        "name": "Hotel Bodmi",
        "source": "Website",
        "stars": "3",
        "tourism": "hotel",
        "website": "https://www.bodmi.ch/"
      },
      "geometry": {
        "type": "Point",
        "coordinates": [
          8.0420002,
          46.6286465
        ]
      },
      "id": "node/2618801544"
    },
    {
      "type": "Feature",
      "properties": {
        "@id": "node/2639063476",
        "addr:city": "Gsteigwiler",
        "addr:postcode": "3814",
        "name": "Gasthaus Steinbock",
        "phone": "+41 33 823 30 01",
        "tourism": "hotel",
        "website": "https://www.gasthaus-steinbock.ch/"
      },
      "geometry": {
        "type": "Point",
        "coordinates": [
          7.8721167,
          46.6648128
        ]
      },
      "id": "node/2639063476"
    },
    {
      "type": "Feature",
      "properties": {
        "@id": "node/3052448144",
        "name": "Finel",
        "tourism": "guest_house",
        "website": "https://www.pension-finel.ch/"
      },
      "geometry": {
        "type": "Point",
        "coordinates": [
          7.7859092,
          46.6517469
        ]
      },
      "id": "node/3052448144"
    },
    {
      "type": "Feature",
      "properties": {
        "@id": "node/3066634291",
        "check_date": "2025-08-16",
        "contact:email": "ferienziel.interlaken@hapimag.com",
        "contact:fax": "+41 33 828 2880",
        "contact:phone": "+41 33 828 2828",
        "name": "Hapimag Belvédère",
        "operator": "Hapimag Switzerland",
        "rooms": "104",
        "stars": "4",
        "tourism": "hotel",
        "wheelchair": "yes",
        "wheelchair:description": "1 rollstuhlgängiges 2-Zimmer-Premium-Apartment 1 rollstuhlgängiges 2-Zimmer-Budget-Apartment 1 rollstuhlgängiges 3-Zimmer-Premium-Apartment"
      },
      "geometry": {
        "type": "Point",
        "coordinates": [
          7.8601343,
          46.6878206
        ]
      },
      "id": "node/3066634291"
    },
    {
      "type": "Feature",
      "properties": {
        "@id": "node/3080611664",
        "email": "interlaken@victoria-jungfrau.ch",
        "fax": "+41 33 828 28 80",
        "image": "https://commons.wikimedia.org/wiki/File:Victoria_Jungfrau.jpg",
        "internet_access": "wlan",
        "internet_access:fee": "no",
        "name": "Victoria Jungfrau",
        "operator": "Grand Hotel Victoria-Jungfrau AG",
        "phone": "+41 33 828 28 28",
        "rooms": "216",
        "stars": "5",
        "tourism": "hotel",
        "website": "https://www.victoria-jungfrau.ch",
        "wheelchair": "yes",
        "wikidata": "Q2522688"
      },
      "geometry": {
        "type": "Point",
        "coordinates": [
          7.8574679,
          46.686602
        ]
      },
      "id": "node/3080611664"
    },
    {
      "type": "Feature",
      "properties": {
        "@id": "node/3096499591",
        "name": "Hotel Waldrand-Pochtenalp",
        "tourism": "hotel",
        "website": "https://www.nostalgiehotel.ch/"
      },
      "geometry": {
        "type": "Point",
        "coordinates": [
          7.7588951,
          46.5492096
        ]
      },
      "id": "node/3096499591"
    },
    {
      "type": "Feature",
      "properties": {
        "@id": "node/3114959645",
        "email": "info@city-oberland.ch",
        "fax": "+41 33 827 87 70",
        "internet_access": "wlan",
        "name": "THE HEY",
        "name:en": "City Hotel Oberland Swiss Quality",
        "name:zh": "高地城市优质酒店",
        "phone": "+41 33 827 87 87",
        "rooms": "191",
        "stars": "3",
        "tourism": "hotel",
        "website": "https://www.city-oberland.ch/"
      },
      "geometry": {
        "type": "Point",
        "coordinates": [
          7.8546085,
          46.685428
        ]
      },
      "id": "node/3114959645"
    },
    {
      "type": "Feature",
      "properties": {
        "@id": "node/3544789661",
        "check_date": "2025-10-09",
        "name": "Alplodge",
        "tourism": "hostel"
      },
      "geometry": {
        "type": "Point",
        "coordinates": [
          7.8524153,
          46.686227
        ]
      },
      "id": "node/3544789661"
    },
    {
      "type": "Feature",
      "properties": {
        "@id": "node/3904767700",
        "addr:city": "Bönigen",
        "addr:housenumber": "49",
        "addr:postcode": "3806",
        "addr:street": "Hauptstrasse",
        "email": "info@walida.ch",
        "name": "Walida",
        "tourism": "hotel",
        "website": "http://www.walida.ch"
      },
      "geometry": {
        "type": "Point",
        "coordinates": [
          7.8968131,
          46.6877817
        ]
      },
      "id": "node/3904767700"
    },
    {
      "type": "Feature",
      "properties": {
        "@id": "node/3904869257",
        "addr:city": "Bönigen",
        "addr:housenumber": "22",
        "addr:postcode": "3806",
        "addr:street": "Seestrasse",
        "email": "info@seehotel-boenigen.ch",
        "fax": "+41 33 827 07 71",
        "internet_access": "wlan",
        "internet_access:fee": "no",
        "name": "Seehotel",
        "operator": "Familien Hohermuth & Budd",
        "phone": "+41 33 827 07 70",
        "tourism": "hotel",
        "website": "https://www.seehotel-boenigen.ch/"
      },
      "geometry": {
        "type": "Point",
        "coordinates": [
          7.9004558,
          46.6882804
        ]
      },
      "id": "node/3904869257"
    },
    {
      "type": "Feature",
      "properties": {
        "@id": "node/3904967196",
        "addr:city": "Bönigen",
        "addr:housenumber": "3",
        "addr:postcode": "3806",
        "addr:street": "Am Quai",
        "check_date": "2025-05-21",
        "name": "Seiler au Lac",
        "phone": "+41 33 828 90 90",
        "tourism": "hotel",
        "website": "https://www.seileraulac.ch/"
      },
      "geometry": {
        "type": "Point",
        "coordinates": [
          7.8976109,
          46.6885604
        ]
      },
      "id": "node/3904967196"
    },
    {
      "type": "Feature",
      "properties": {
        "@id": "node/3905484253",
        "addr:city": "Bönigen",
        "addr:housenumber": "1",
        "addr:postcode": "3806",
        "addr:street": "Am Quai",
        "email": "hotel@oberlaenderhof.ch",
        "name": "Oberländerhof",
        "phone": "+41 33 822 17 25",
        "tourism": "hotel",
        "website": "https://www.oberlaenderhof.ch/",
        "wikidata": "Q112960898"
      },
      "geometry": {
        "type": "Point",
        "coordinates": [
          7.8979609,
          46.6881113
        ]
      },
      "id": "node/3905484253"
    },
    {
      "type": "Feature",
      "properties": {
        "@id": "node/4123484189",
        "addr:city": "Kleine Scheidegg",
        "addr:country": "CH",
        "addr:housenumber": "354g",
        "addr:place": "Kleine Scheidegg",
        "addr:postcode": "3823",
        "ele": "2066",
        "name": "Desalpes",
        "name:de": "Desalpes",
        "smoking": "outside",
        "source": "bing",
        "tourism": "hotel",
        "wheelchair": "limited"
      },
      "geometry": {
        "type": "Point",
        "coordinates": [
          7.9624025,
          46.5850107
        ]
      },
      "id": "node/4123484189"
    },
    {
      "type": "Feature",
      "properties": {
        "@id": "node/4172612493",
        "email": "holidays-apartment@hotmail.com",
        "internet_access": "wlan",
        "name": "Swiss Holidays Apartments",
        "phone": "+41 79 222 48 41",
        "tourism": "hotel",
        "website": "http://www.swissholidaysapartments.com"
      },
      "geometry": {
        "type": "Point",
        "coordinates": [
          7.8550329,
          46.683902
        ]
      },
      "id": "node/4172612493"
    },
    {
      "type": "Feature",
      "properties": {
        "@id": "node/4459802689",
        "addr:postcode": "3818",
        "addr:street": "Grindelwaldstrasse",
        "name": "Chalet schweizerheim",
        "name:de": "Chalet schweizerheim",
        "tourism": "hostel"
      },
      "geometry": {
        "type": "Point",
        "coordinates": [
          8.0052426,
          46.6302312
        ]
      },
      "id": "node/4459802689"
    },
    {
      "type": "Feature",
      "properties": {
        "@id": "node/4659797814",
        "name": "Alpenrose",
        "tourism": "hotel"
      },
      "geometry": {
        "type": "Point",
        "coordinates": [
          7.9221199,
          46.6024011
        ]
      },
      "id": "node/4659797814"
    },
    {
      "type": "Feature",
      "properties": {
        "@id": "node/4973856022",
        "addr:city": "Wengen",
        "addr:country": "CH",
        "addr:housenumber": "1348f",
        "addr:postcode": "3823",
        "addr:street": "Wengiboden",
        "amenity": "restaurant",
        "diet:vegan": "no",
        "diet:vegetarian": "yes",
        "ele": "1276",
        "indoor_seating": "yes",
        "name": "Eiger",
        "name:en": "Restaurant Eiger",
        "opening_hours": "Tu-Sa 08:00-22:00; Su,Mo off",
        "outdoor_seating": "yes",
        "tourism": "hotel"
      },
      "geometry": {
        "type": "Point",
        "coordinates": [
          7.9214517,
          46.6051233
        ]
      },
      "id": "node/4973856022"
    },
    {
      "type": "Feature",
      "properties": {
        "@id": "node/5122848021",
        "tourism": "hostel"
      },
      "geometry": {
        "type": "Point",
        "coordinates": [
          7.8454718,
          46.6844145
        ]
      },
      "id": "node/5122848021"
    },
    {
      "type": "Feature",
      "properties": {
        "@id": "node/5162410347",
        "check_date": "2024-07-02",
        "name": "Pasta & More Bed & Breakfast",
        "tourism": "hotel"
      },
      "geometry": {
        "type": "Point",
        "coordinates": [
          7.9209706,
          46.605762
        ]
      },
      "id": "node/5162410347"
    },
    {
      "type": "Feature",
      "properties": {
        "@id": "node/5169863251",
        "contact:email": "info@gaestehaus.ch",
        "name": "Gästehaus sbt",
        "phone": "+41 33 841 80 00",
        "tourism": "hotel",
        "website": "https://gaestehaus.ch/"
      },
      "geometry": {
        "type": "Point",
        "coordinates": [
          7.793279,
          46.6970363
        ]
      },
      "id": "node/5169863251"
    },
    {
      "type": "Feature",
      "properties": {
        "@id": "node/5284535682",
        "addr:city": "Grindelwald",
        "addr:country": "CH",
        "addr:housenumber": "161",
        "addr:postcode": "3818",
        "addr:street": "Dorfstrasse",
        "alt_name": "Schönegg",
        "check_date": "2026-03-15",
        "email": "info@parkhotelschoenegg.ch",
        "fax": "+41 33 854 18 19",
        "name": "Parkhotel Schoenegg",
        "phone": "+41 33 854 18 18",
        "tourism": "hotel",
        "website": "https://www.parkhotelschoenegg.ch/"
      },
      "geometry": {
        "type": "Point",
        "coordinates": [
          8.0406222,
          46.6243384
        ]
      },
      "id": "node/5284535682"
    },
    {
      "type": "Feature",
      "properties": {
        "@id": "node/5299316732",
        "addr:city": "Mürren",
        "addr:country": "CH",
        "addr:housenumber": "1050a",
        "addr:place": "Lus",
        "addr:postcode": "3825",
        "check_date": "2026-07-10",
        "ele": "1642",
        "name": "Drei Berge Hotel",
        "stars": "3",
        "tourism": "hotel",
        "wheelchair": "no"
      },
      "geometry": {
        "type": "Point",
        "coordinates": [
          7.8941471,
          46.5604772
        ]
      },
      "id": "node/5299316732"
    },
    {
      "type": "Feature",
      "properties": {
        "@id": "node/5439535530",
        "name": "Love Room",
        "tourism": "hotel"
      },
      "geometry": {
        "type": "Point",
        "coordinates": [
          7.8511347,
          46.6780768
        ]
      },
      "id": "node/5439535530"
    },
    {
      "type": "Feature",
      "properties": {
        "@id": "node/5439535582",
        "name": "Katy's Lodge",
        "tourism": "guest_house"
      },
      "geometry": {
        "type": "Point",
        "coordinates": [
          7.853025,
          46.6817315
        ]
      },
      "id": "node/5439535582"
    },
    {
      "type": "Feature",
      "properties": {
        "@id": "node/5439535585",
        "name": "Bahnhof platz apartment 2",
        "tourism": "guest_house"
      },
      "geometry": {
        "type": "Point",
        "coordinates": [
          7.8524409,
          46.6827268
        ]
      },
      "id": "node/5439535585"
    },
    {
      "type": "Feature",
      "properties": {
        "@id": "node/5439583439",
        "name": "Merkur",
        "tourism": "hotel"
      },
      "geometry": {
        "type": "Point",
        "coordinates": [
          7.8522365,
          46.6833383
        ]
      },
      "id": "node/5439583439"
    },
    {
      "type": "Feature",
      "properties": {
        "@id": "node/5439834512",
        "name": "Swiss Apartment",
        "tourism": "guest_house"
      },
      "geometry": {
        "type": "Point",
        "coordinates": [
          7.8569746,
          46.6841012
        ]
      },
      "id": "node/5439834512"
    },
    {
      "type": "Feature",
      "properties": {
        "@id": "node/5440101547",
        "addr:city": "Interlaken",
        "addr:housenumber": "2",
        "addr:postcode": "3800",
        "addr:street": "Jungfraustrasse",
        "name": "Swiss Splendid",
        "tourism": "hotel"
      },
      "geometry": {
        "type": "Point",
        "coordinates": [
          7.8555328,
          46.6850486
        ]
      },
      "id": "node/5440101547"
    },
    {
      "type": "Feature",
      "properties": {
        "@id": "node/5440357106",
        "name": "Bernensis",
        "tourism": "hotel"
      },
      "geometry": {
        "type": "Point",
        "coordinates": [
          7.8661686,
          46.689655
        ]
      },
      "id": "node/5440357106"
    },
    {
      "type": "Feature",
      "properties": {
        "@id": "node/5456480439",
        "check_date": "2025-08-16",
        "name": "Hey Hotel",
        "tourism": "hotel"
      },
      "geometry": {
        "type": "Point",
        "coordinates": [
          7.8550598,
          46.6854248
        ]
      },
      "id": "node/5456480439"
    },
    {
      "type": "Feature",
      "properties": {
        "@id": "node/5789872943",
        "tourism": "guest_house"
      },
      "geometry": {
        "type": "Point",
        "coordinates": [
          8.016625,
          46.618411
        ]
      },
      "id": "node/5789872943"
    },
    {
      "type": "Feature",
      "properties": {
        "@id": "node/6109418282",
        "check_date": "2024-04-17",
        "email": "info@hotel-alphorn.ch",
        "internet_access": "wlan",
        "internet_access:fee": "no",
        "name": "Alphorn",
        "phone": "+41 33 822 30 51",
        "rooms": "13",
        "smoking": "no",
        "tourism": "hotel",
        "website": "https://www.hotel-alphorn.ch/"
      },
      "geometry": {
        "type": "Point",
        "coordinates": [
          7.8521904,
          46.6793397
        ]
      },
      "id": "node/6109418282"
    },
    {
      "type": "Feature",
      "properties": {
        "@id": "node/6109418284",
        "email": "info@crystal-hotel.ch",
        "fax": "+41 33 822 34 84",
        "internet_access": "yes",
        "name": "Crystal",
        "phone": "+41 33 822 62 33",
        "rooms": "50",
        "stars": "3",
        "tourism": "hotel",
        "website": "https://www.crystal-hotel.ch/"
      },
      "geometry": {
        "type": "Point",
        "coordinates": [
          7.8514863,
          46.6798855
        ]
      },
      "id": "node/6109418284"
    },
    {
      "type": "Feature",
      "properties": {
        "@id": "node/6109452530",
        "email": "info@rugenpark.ch",
        "internet_access": "wlan",
        "internet_access:fee": "no",
        "name": "Hotel Rugenpark B&B",
        "phone": "+41338223661",
        "tourism": "guest_house",
        "website": "http://www.rugenpark.ch"
      },
      "geometry": {
        "type": "Point",
        "coordinates": [
          7.8514061,
          46.678843
        ]
      },
      "id": "node/6109452530"
    },
    {
      "type": "Feature",
      "properties": {
        "@id": "node/6503008886",
        "tourism": "hotel"
      },
      "geometry": {
        "type": "Point",
        "coordinates": [
          7.8552659,
          46.6874082
        ]
      },
      "id": "node/6503008886"
    },
    {
      "type": "Feature",
      "properties": {
        "@id": "node/6652940277",
        "addr:city": "Isenfluh",
        "addr:country": "CH",
        "addr:housenumber": "4005d",
        "addr:place": "Schränna",
        "addr:postcode": "3822",
        "breakfast": "yes",
        "capacity": "24",
        "contact:person": "Stalder Christine",
        "dinner": "yes",
        "drinking_water": "yes",
        "ele": "1955",
        "email": "briefkasten@lobhornhuette.ch",
        "food": "yes",
        "kitchen": "yes",
        "name": "Suls-Lobhornhütte",
        "operator": "SAC",
        "owner": "3300 SAC Lauterbrunnen",
        "phone": "+41 79 656 53 20",
        "reservation:website": "https://hut-reservation.org/reservation/book-hut/243/wizard",
        "tourism": "alpine_hut",
        "website": "https://www.lobhornhuette.ch/",
        "wikidata": "Q2364721",
        "wikipedia": "de:Suls-Lobhornhütte"
      },
      "geometry": {
        "type": "Point",
        "coordinates": [
          7.8689998,
          46.6184883
        ]
      },
      "id": "node/6652940277"
    },
    {
      "type": "Feature",
      "properties": {
        "@id": "node/7817769804",
        "name": "Neuhaus",
        "tourism": "hostel"
      },
      "geometry": {
        "type": "Point",
        "coordinates": [
          7.8166056,
          46.6788169
        ]
      },
      "id": "node/7817769804"
    },
    {
      "type": "Feature",
      "properties": {
        "@id": "node/7856810039",
        "addr:city": "Leissigen",
        "addr:housenumber": "32",
        "addr:postcode": "3706",
        "addr:street": "Dorfstrasse",
        "email": "info@kreuz-leissigen.ch",
        "name": "Kreuz",
        "tourism": "hotel",
        "website": "https://kreuz-leissigen.ch/"
      },
      "geometry": {
        "type": "Point",
        "coordinates": [
          7.7702254,
          46.6544983
        ]
      },
      "id": "node/7856810039"
    },
    {
      "type": "Feature",
      "properties": {
        "@id": "node/7902410994",
        "addr:housenumber": "489",
        "addr:place": "Stechelberg",
        "name": "Alpenhof Bed and Breakfast",
        "phone": "+41338551202",
        "tourism": "hotel"
      },
      "geometry": {
        "type": "Point",
        "coordinates": [
          7.9015318,
          46.5435528
        ]
      },
      "id": "node/7902410994"
    },
    {
      "type": "Feature",
      "properties": {
        "@id": "node/8771543033",
        "name": "Ferienwohnung Chalet Protea",
        "tourism": "chalet",
        "website": "https://www.protea-wengen.ch/"
      },
      "geometry": {
        "type": "Point",
        "coordinates": [
          7.9187168,
          46.6051738
        ]
      },
      "id": "node/8771543033"
    },
    {
      "type": "Feature",
      "properties": {
        "@id": "node/8771543034",
        "name": "Chalet Canadian Corner",
        "tourism": "chalet"
      },
      "geometry": {
        "type": "Point",
        "coordinates": [
          7.917704,
          46.6060557
        ]
      },
      "id": "node/8771543034"
    },
    {
      "type": "Feature",
      "properties": {
        "@id": "node/8771543035",
        "name": "Chalet Marmota",
        "tourism": "guest_house"
      },
      "geometry": {
        "type": "Point",
        "coordinates": [
          7.9186683,
          46.6042975
        ]
      },
      "id": "node/8771543035"
    },
    {
      "type": "Feature",
      "properties": {
        "@id": "node/9121850966",
        "tourism": "guest_house"
      },
      "geometry": {
        "type": "Point",
        "coordinates": [
          7.9754633,
          46.6356655
        ]
      },
      "id": "node/9121850966"
    },
    {
      "type": "Feature",
      "properties": {
        "@id": "node/9705820590",
        "addr:housenumber": "460b",
        "addr:place": "Stutzli",
        "name": "Base Cafe",
        "tourism": "guest_house"
      },
      "geometry": {
        "type": "Point",
        "coordinates": [
          7.9073712,
          46.5968817
        ]
      },
      "id": "node/9705820590"
    },
    {
      "type": "Feature",
      "properties": {
        "@id": "node/9731420317",
        "name:en": "SBT",
        "tourism": "hotel"
      },
      "geometry": {
        "type": "Point",
        "coordinates": [
          7.793069,
          46.6969484
        ]
      },
      "id": "node/9731420317"
    },
    {
      "type": "Feature",
      "properties": {
        "@id": "node/9907854747",
        "name": "Residence Jungfrau",
        "tourism": "guest_house"
      },
      "geometry": {
        "type": "Point",
        "coordinates": [
          7.8472713,
          46.6849916
        ]
      },
      "id": "node/9907854747"
    },
    {
      "type": "Feature",
      "properties": {
        "@id": "node/11146150551",
        "name": "Hotel Alte Post",
        "tourism": "hotel"
      },
      "geometry": {
        "type": "Point",
        "coordinates": [
          8.041317,
          46.6247406
        ]
      },
      "id": "node/11146150551"
    },
    {
      "type": "Feature",
      "properties": {
        "@id": "node/11174401522",
        "addr:city": "Kandersteg",
        "addr:country": "CH",
        "addr:housenumber": "1",
        "addr:place": "Hohtürli",
        "addr:postcode": "3718",
        "addr:street": "Hohtürli",
        "breakfast": "yes",
        "capacity": "100",
        "capacity:winter_room": "16",
        "contact:person": "Martig Jürg",
        "dinner": "yes",
        "drinking_water": "yes",
        "ele": "2840",
        "email": "info@bluemlisalphuette.com",
        "food": "yes",
        "kitchen": "yes",
        "name": "Blüemlisalphütte",
        "name:ru": "Блюмлисальпхютте",
        "operator": "SAC - CAS",
        "owner": "SAC BLÜEMLISALP",
        "payment:credit_cards": "yes",
        "phone": "+41 33 676 14 37",
        "reg_name": "Freiburger, Waadtländer und Berner Alpen",
        "reservation:website": "https://hut-reservation.org/reservation/book-hut/1/wizard",
        "source:addr": "Gebäudeadressen des Kantons Bern © Amt für Geoinformation des Kantons Bern",
        "tourism": "alpine_hut",
        "website": "https://www.bluemlisalphuette.com/",
        "wikidata": "Q887175",
        "wikipedia": "de:Blüemlisalphütte"
      },
      "geometry": {
        "type": "Point",
        "coordinates": [
          7.7716385,
          46.5101555
        ]
      },
      "id": "node/11174401522"
    },
    {
      "type": "Feature",
      "properties": {
        "@id": "node/11242272119",
        "breakfast": "yes",
        "capacity": "86",
        "capacity:winter_room": "12",
        "contact:person": "Perreten Joel",
        "dinner": "yes",
        "dog": "on_request",
        "drinking_water": "yes",
        "ele": "3238",
        "email": "info@hollandiahuette.ch",
        "food": "yes",
        "kitchen": "yes",
        "name": "Hollandiahütte",
        "operator": "SAC - CAS",
        "owner": "SAC BERN",
        "payment:credit_cards": "yes",
        "phone": "+41 27 939 11 35",
        "ref:refuges.info": "1335",
        "reg_name": "Freiburger, Waadtländer und Berner Alpen",
        "reservation:website": "https://hut-reservation.org/reservation/book-hut/374/wizard",
        "rooms": "separable_group",
        "tourism": "alpine_hut",
        "website": "https://www.hollandiahuette.ch/",
        "wikidata": "Q14907533",
        "wikipedia": "de:Hollandiahütte",
        "winter_room": "yes"
      },
      "geometry": {
        "type": "Point",
        "coordinates": [
          7.9601696,
          46.4752668
        ]
      },
      "id": "node/11242272119"
    },
    {
      "type": "Feature",
      "properties": {
        "@id": "node/12022843282",
        "addr:city": "Grindelwald",
        "addr:postcode": "3818",
        "addr:street": "Eschengasse",
        "branch": "Grindelwald",
        "email": "booking@eigerblick.ch",
        "internet_access": "wlan",
        "name": "Hotel Eigerblick",
        "phone": "+41 33 854 1020",
        "tourism": "hotel",
        "website": "https://www.eigerblick.ch/"
      },
      "geometry": {
        "type": "Point",
        "coordinates": [
          8.0233792,
          46.628727
        ]
      },
      "id": "node/12022843282"
    },
    {
      "type": "Feature",
      "properties": {
        "@id": "node/12026595372",
        "internet_access": "wlan",
        "name": "Hostel Sonnenhof",
        "tourism": "hotel"
      },
      "geometry": {
        "type": "Point",
        "coordinates": [
          7.9239808,
          46.5959691
        ]
      },
      "id": "node/12026595372"
    },
    {
      "type": "Feature",
      "properties": {
        "@id": "node/12540698501",
        "name": "Olympiasieger",
        "tourism": "hotel"
      },
      "geometry": {
        "type": "Point",
        "coordinates": [
          7.9176964,
          46.6077815
        ]
      },
      "id": "node/12540698501"
    },
    {
      "type": "Feature",
      "properties": {
        "@id": "node/12966403492",
        "beds": "6",
        "internet_access": "no",
        "name": "Alp Tschingelfeld",
        "opening_hours": "Jul-Aug Mo-Su",
        "operator": "Fam. Grossmann",
        "reservation": "required",
        "rooms": "1",
        "tourism": "alpine_hut",
        "website": "https://www.tschingelfeld.ch/"
      },
      "geometry": {
        "type": "Point",
        "coordinates": [
          8.0410262,
          46.6841117
        ]
      },
      "id": "node/12966403492"
    },
    {
      "type": "Feature",
      "properties": {
        "@id": "node/12999644705",
        "addr:city": "Grindelwald",
        "addr:housenumber": "52",
        "addr:postcode": "3818",
        "addr:street": "Dorfstrasse",
        "air_conditioning": "no",
        "email": "info@jungfraulodge.ch",
        "internet_access": "wlan",
        "internet_access:fee": "customers",
        "name": "Annex Crystal",
        "phone": "+41 33 854 41 41",
        "tourism": "hotel",
        "website": "https://www.jungfraulodge.ch/de/annex-crystal"
      },
      "geometry": {
        "type": "Point",
        "coordinates": [
          8.0292073,
          46.6248979
        ]
      },
      "id": "node/12999644705"
    },
    {
      "type": "Feature",
      "properties": {
        "@id": "node/13055850208",
        "beds": "135",
        "email": "grindelwald@youthhostel.ch",
        "internet_access": "wlan",
        "name": "Jugendherberge Grindelwald",
        "name:de": "Jugendherberge Grindelwald",
        "name:en": "Grindelwald Youth Hostel",
        "name:fr": "Auberge de jeunesse Grindelwald",
        "note": "Im Waldhüsli hat es kein WLAN.",
        "operator": "Schweizer Jugendherbergen",
        "phone": "+41 33 853 10 09",
        "rooms": "34",
        "toilets:wheelchair": "no",
        "tourism": "hostel",
        "website": "https://www.youthhostel.ch/grindelwald",
        "wheelchair": "no"
      },
      "geometry": {
        "type": "Point",
        "coordinates": [
          8.0274536,
          46.6289587
        ]
      },
      "id": "node/13055850208"
    },
    {
      "type": "Feature",
      "properties": {
        "@id": "node/13058070410",
        "beds": "220",
        "email": "interlaken@youthhostel.ch",
        "fax": "+41 33 826 10 95",
        "internet_access": "wlan",
        "internet_access:fee": "no",
        "name": "Jugendherberge Interlaken",
        "name:de": "Jugendherberge Interlaken",
        "name:en": "Interlaken Youth Hostel",
        "name:fr": "Auberge de jeunesse Interlaken",
        "operator": "Schweizer Jugendherbergen",
        "phone": "+41 33 826 10 90",
        "rooms": "60",
        "toilets:wheelchair": "yes",
        "tourism": "hostel",
        "website": "https://www.youthhostel.ch/interlaken",
        "wheelchair": "yes",
        "wheelchair:description": "Innerhalb des Hauses sind sämtliche Geschosse über einen mit einem Rollstuhl befahrbaren Lift erschlossen.Der Aussenraum im Erdgeschoss ist über eine Schwellenlose Türe erreichbar. Auf jedem Geschoss befindet sich ein öffentliches behindertengerechtes WC"
      },
      "geometry": {
        "type": "Point",
        "coordinates": [
          7.867603,
          46.6902951
        ]
      },
      "id": "node/13058070410"
    },
    {
      "type": "Feature",
      "properties": {
        "@id": "node/13060131922",
        "alt_name": "Albert Wander Haus",
        "beds": "48",
        "email": "leissigen@youthhostel.ch",
        "internet_access": "yes",
        "internet_access:fee": "customers",
        "name": "Jugendherberge Leissigen",
        "name:de": "Jugendherberge Leissigen",
        "name:en": "Leissigen Youth Hostel",
        "name:fr": "Auberge de jeunesse Leissigen",
        "operator": "Schweizer Jugenherbergen",
        "phone": "+41 33 847 12 14",
        "rooms": "15",
        "tourism": "hostel",
        "website": "https://www.youthhostel.ch/leissigen",
        "wheelchair": "no"
      },
      "geometry": {
        "type": "Point",
        "coordinates": [
          7.7791149,
          46.6572431
        ]
      },
      "id": "node/13060131922"
    },
    {
      "type": "Feature",
      "properties": {
        "@id": "node/13253660526",
        "addr:city": "Wilderswil",
        "addr:country": "CH",
        "addr:housenumber": "1",
        "addr:postcode": "3812",
        "addr:street": "Oberdorfstrasse",
        "check_date": "2025-08-16",
        "ele": "599",
        "name": "Bären",
        "tourism": "hotel",
        "wheelchair": "no"
      },
      "geometry": {
        "type": "Point",
        "coordinates": [
          7.8605845,
          46.663774
        ]
      },
      "id": "node/13253660526"
    },
    {
      "type": "Feature",
      "properties": {
        "@id": "node/13430976958",
        "internet_access": "wlan",
        "internet_access:fee": "no",
        "name": "Arnolds Bed&Breakfast",
        "tourism": "guest_house",
        "website": "https://www.arnolds.ch"
      },
      "geometry": {
        "type": "Point",
        "coordinates": [
          7.8620055,
          46.6840411
        ]
      },
      "id": "node/13430976958"
    },
    {
      "type": "Feature",
      "properties": {
        "@id": "node/13776479001",
        "addr:street": "In der Weid 209",
        "name": "Alpinebase",
        "tourism": "hostel"
      },
      "geometry": {
        "type": "Point",
        "coordinates": [
          7.9109797,
          46.5888749
        ]
      },
      "id": "node/13776479001"
    },
    {
      "type": "Feature",
      "properties": {
        "@id": "node/13939022666",
        "email": "info@griesalp-hotels.ch",
        "internet_access": "wlan",
        "internet_access:fee": "no",
        "name": "Griesalp Hotels - Hotel Berghaus",
        "phone": "+41 33 676 71 71",
        "tourism": "hotel",
        "website": "https://www.griesalp-hotels.ch"
      },
      "geometry": {
        "type": "Point",
        "coordinates": [
          7.7616368,
          46.5473027
        ]
      },
      "id": "node/13939022666"
    },
    {
      "type": "Feature",
      "properties": {
        "@id": "node/13939022667",
        "email": "info@griesalp-hotels.ch",
        "name": "Griesalp Hotels - Hotel Rastpintli",
        "phone": "+41 33 676 71 71",
        "tourism": "hotel",
        "website": "https://www.griesalp-hotels.ch"
      },
      "geometry": {
        "type": "Point",
        "coordinates": [
          7.7622942,
          46.5478706
        ]
      },
      "id": "node/13939022667"
    },
    {
      "type": "Feature",
      "properties": {
        "@id": "node/13939022669",
        "email": "info@griesalp-hotels.ch",
        "internet_access": "wlan",
        "internet_access:fee": "no",
        "name": "Griesalp Hotels - Kurhaus Hohthürli",
        "phone": "+41 33 676 71 71",
        "tourism": "hotel",
        "website": "https://www.griesalp-hotels.ch"
      },
      "geometry": {
        "type": "Point",
        "coordinates": [
          7.7615393,
          46.5475902
        ]
      },
      "id": "node/13939022669"
    },
    {
      "type": "Feature",
      "properties": {
        "@id": "node/13995180502",
        "addr:housenumber": "23",
        "addr:street": "Oberdorfstrasse",
        "name": "Hotel Berghof Amaranth",
        "tourism": "hotel"
      },
      "geometry": {
        "type": "Point",
        "coordinates": [
          7.8565963,
          46.6647377
        ]
      },
      "id": "node/13995180502"
    }
  ]
}