{
"type": "FeatureCollection",
"name": "hotels",
"crs": { "type": "name", "properties": { "name": "urn:ogc:def:crs:OGC:1.3:CRS84" } },
"features": [
{ "type": "Feature", "properties": { "osm_id": "6080794", "code": 2401, "fclass": "hotel", "name": "Hotel Hari" }, "geometry": { "type": "Point", "coordinates": [ 7.5650366, 46.4963455 ] } },
{ "type": "Feature", "properties": { "osm_id": "6081329", "code": 2401, "fclass": "hotel", "name": "Parkhotel Bellevue" }, "geometry": { "type": "Point", "coordinates": [ 7.5562312, 46.4922042 ] } },
{ "type": "Feature", "properties": { "osm_id": "24982110", "code": 2401, "fclass": "hotel", "name": "Ospizio del San Gottardo" }, "geometry": { "type": "Point", "coordinates": [ 8.5679416, 46.5553845 ] } },
{ "type": "Feature", "properties": { "osm_id": "31819592", "code": 2401, "fclass": "hotel", "name": "Hotel Jardin Bern" }, "geometry": { "type": "Point", "coordinates": [ 7.4578076, 46.958952 ] } },
{ "type": "Feature", "properties": { "osm_id": "32654789", "code": 2401, "fclass": "hotel", "name": "ibis budget Bern Expo" }, "geometry": { "type": "Point", "coordinates": [ 7.4643305, 46.9586496 ] } },
{ "type": "Feature", "properties": { "osm_id": "32654790", "code": 2401, "fclass": "hotel", "name": "Arabelle" }, "geometry": { "type": "Point", "coordinates": [ 7.4326538, 46.953739 ] } },
{ "type": "Feature", "properties": { "osm_id": "32851853", "code": 2401, "fclass": "hotel", "name": "Sternen" }, "geometry": { "type": "Point", "coordinates": [ 9.1501592, 47.1173159 ] } },
{ "type": "Feature", "properties": { "osm_id": "32851854", "code": 2401, "fclass": "hotel", "name": "Hirschen" }, "geometry": { "type": "Point", "coordinates": [ 9.1508843, 47.1169747 ] } },
{ "type": "Feature", "properties": { "osm_id": "32990264", "code": 2401, "fclass": "hotel", "name": "Gurten Hotel" }, "geometry": { "type": "Point", "coordinates": [ 7.437834, 46.9199397 ] } },
{ "type": "Feature", "properties": { "osm_id": "34015354", "code": 2401, "fclass": "hotel", "name": "Hotel Ochsen" }, "geometry": { "type": "Point", "coordinates": [ 8.9837779, 47.2242368 ] } },
{ "type": "Feature", "properties": { "osm_id": "54754465", "code": 2401, "fclass": "hotel", "name": "RömerTurm" }, "geometry": { "type": "Point", "coordinates": [ 9.1174346, 47.1214095 ] } },
{ "type": "Feature", "properties": { "osm_id": "57370928", "code": 2401, "fclass": "hotel", "name": "Metzg" }, "geometry": { "type": "Point", "coordinates": [ 8.7260424, 47.2453596 ] } },
{ "type": "Feature", "properties": { "osm_id": "57558764", "code": 2401, "fclass": "hotel", "name": "Cristal" }, "geometry": { "type": "Point", "coordinates": [ 8.990731, 46.9388171 ] } },
{ "type": "Feature", "properties": { "osm_id": "119800304", "code": 2401, "fclass": "hotel", "name": "Leonardo Boutique Hotel Rigihof" }, "geometry": { "type": "Point", "coordinates": [ 8.5479932, 47.3841491 ] } },
{ "type": "Feature", "properties": { "osm_id": "122337061", "code": 2401, "fclass": "hotel", "name": "Hotel Krafft" }, "geometry": { "type": "Point", "coordinates": [ 7.5917375, 47.5601897 ] } },
{ "type": "Feature", "properties": { "osm_id": "122337073", "code": 2401, "fclass": "hotel", "name": "Merian" }, "geometry": { "type": "Point", "coordinates": [ 7.5913376, 47.5606065 ] } },
{ "type": "Feature", "properties": { "osm_id": "132397436", "code": 2401, "fclass": "hotel", "name": "Hotel-Restaurant Zum Goldenen Kopf" }, "geometry": { "type": "Point", "coordinates": [ 8.5408733, 47.5185658 ] } },
{ "type": "Feature", "properties": { "osm_id": "190979159", "code": 2401, "fclass": "hotel", "name": "Blümlisalp" }, "geometry": { "type": "Point", "coordinates": [ 7.6755614, 46.4993657 ] } },
{ "type": "Feature", "properties": { "osm_id": "206381258", "code": 2401, "fclass": "hotel", "name": "Flora" }, "geometry": { "type": "Point", "coordinates": [ 8.3077493, 47.0500868 ] } },
{ "type": "Feature", "properties": { "osm_id": "208515690", "code": 2401, "fclass": "hotel", "name": "Les Trois Rois" }, "geometry": { "type": "Point", "coordinates": [ 7.5876903, 47.5603897 ] } },
{ "type": "Feature", "properties": { "osm_id": "246251884", "code": 2401, "fclass": "hotel", "name": "Sorrell Hotel Krone" }, "geometry": { "type": "Point", "coordinates": [ 8.7274052, 47.4993787 ] } },
{ "type": "Feature", "properties": { "osm_id": "247696691", "code": 2401, "fclass": "hotel", "name": "Rheinfels" }, "geometry": { "type": "Point", "coordinates": [ 8.8591668, 47.6587355 ] } },
{ "type": "Feature", "properties": { "osm_id": "247696932", "code": 2401, "fclass": "hotel", "name": "Schiff" }, "geometry": { "type": "Point", "coordinates": [ 8.8570223, 47.6602288 ] } },
{ "type": "Feature", "properties": { "osm_id": "247696939", "code": 2401, "fclass": "hotel", "name": "Hotel Restaurant Adler" }, "geometry": { "type": "Point", "coordinates": [ 8.859654, 47.6594624 ] } },
{ "type": "Feature", "properties": { "osm_id": "248002744", "code": 2401, "fclass": "hotel", "name": "Kreuz" }, "geometry": { "type": "Point", "coordinates": [ 7.7067203, 47.1879412 ] } },
{ "type": "Feature", "properties": { "osm_id": "248973292", "code": 2401, "fclass": "hotel", "name": "Alpenrose" }, "geometry": { "type": "Point", "coordinates": [ 9.3284232, 47.1900671 ] } },
{ "type": "Feature", "properties": { "osm_id": "248973294", "code": 2401, "fclass": "hotel", "name": "Alpenblick" }, "geometry": { "type": "Point", "coordinates": [ 9.3401654, 47.2013313 ] } },
{ "type": "Feature", "properties": { "osm_id": "251202557", "code": 2401, "fclass": "hotel", "name": "Rheinquelle" }, "geometry": { "type": "Point", "coordinates": [ 8.7084313, 46.655277 ] } },
{ "type": "Feature", "properties": { "osm_id": "251369003", "code": 2401, "fclass": "hotel", "name": "Rössli" }, "geometry": { "type": "Point", "coordinates": [ 9.1107781, 47.5680791 ] } },
{ "type": "Feature", "properties": { "osm_id": "251369007", "code": 2401, "fclass": "hotel", "name": "Gasthof Eisenbahn" }, "geometry": { "type": "Point", "coordinates": [ 9.1079733, 47.5658415 ] } },
{ "type": "Feature", "properties": { "osm_id": "252543220", "code": 2401, "fclass": "hotel", "name": "Le Chapeau de Napoléon" }, "geometry": { "type": "Point", "coordinates": [ 6.5717834, 46.9037225 ] } },
{ "type": "Feature", "properties": { "osm_id": "256503717", "code": 2401, "fclass": "hotel", "name": "Altavilla" }, "geometry": { "type": "Point", "coordinates": [ 10.057217, 46.3285842 ] } },
{ "type": "Feature", "properties": { "osm_id": "258366960", "code": 2401, "fclass": "hotel", "name": "Hotel Palü" }, "geometry": { "type": "Point", "coordinates": [ 9.9137665, 46.4827723 ] } },
{ "type": "Feature", "properties": { "osm_id": "258491986", "code": 2401, "fclass": "hotel", "name": "La Nouvelle Couronne" }, "geometry": { "type": "Point", "coordinates": [ 6.4972648, 46.5083871 ] } },
{ "type": "Feature", "properties": { "osm_id": "258524844", "code": 2401, "fclass": "hotel", "name": "Hotel La Furca" }, "geometry": { "type": "Point", "coordinates": [ 8.8536616, 46.7048251 ] } },
{ "type": "Feature", "properties": { "osm_id": "259025159", "code": 2401, "fclass": "hotel", "name": "Pêle-Mêle" }, "geometry": { "type": "Point", "coordinates": [ 7.4589913, 46.9500345 ] } },
{ "type": "Feature", "properties": { "osm_id": "260000571", "code": 2401, "fclass": "hotel", "name": "Hotel Ochsen" }, "geometry": { "type": "Point", "coordinates": [ 8.999204, 47.2364361 ] } },
{ "type": "Feature", "properties": { "osm_id": "261651357", "code": 2401, "fclass": "hotel", "name": "Plattenhof" }, "geometry": { "type": "Point", "coordinates": [ 8.5531845, 47.373738 ] } },
{ "type": "Feature", "properties": { "osm_id": "262931002", "code": 2401, "fclass": "hotel", "name": "Hotel Post Vista" }, "geometry": { "type": "Point", "coordinates": [ 7.3741872, 46.5533199 ] } },
{ "type": "Feature", "properties": { "osm_id": "264382942", "code": 2401, "fclass": "hotel", "name": "Zur Tanne" }, "geometry": { "type": "Point", "coordinates": [ 9.5418466, 46.9662239 ] } },
{ "type": "Feature", "properties": { "osm_id": "268411423", "code": 2401, "fclass": "hotel", "name": "Sorell Hotel Seefeld" }, "geometry": { "type": "Point", "coordinates": [ 8.5513071, 47.3616226 ] } },
{ "type": "Feature", "properties": { "osm_id": "268411928", "code": 2401, "fclass": "hotel", "name": "Hotel Baur au Lac" }, "geometry": { "type": "Point", "coordinates": [ 8.5393433, 47.3671121 ] } },
{ "type": "Feature", "properties": { "osm_id": "268412177", "code": 2401, "fclass": "hotel", "name": "Mandarin Oriental Savoy" }, "geometry": { "type": "Point", "coordinates": [ 8.5397725, 47.3697691 ] } },
{ "type": "Feature", "properties": { "osm_id": "268473495", "code": 2401, "fclass": "hotel", "name": "Europe" }, "geometry": { "type": "Point", "coordinates": [ 8.5471877, 47.364231 ] } },
{ "type": "Feature", "properties": { "osm_id": "268473496", "code": 2401, "fclass": "hotel", "name": "Ambassador" }, "geometry": { "type": "Point", "coordinates": [ 8.5470213, 47.3643873 ] } },
{ "type": "Feature", "properties": { "osm_id": "268656386", "code": 2401, "fclass": "hotel", "name": "Gasthof Hirschen" }, "geometry": { "type": "Point", "coordinates": [ 8.4654856, 47.4300419 ] } },
{ "type": "Feature", "properties": { "osm_id": "268892350", "code": 2401, "fclass": "hotel", "name": "Krone" }, "geometry": { "type": "Point", "coordinates": [ 7.6287843, 46.7593914 ] } },
{ "type": "Feature", "properties": { "osm_id": "268892702", "code": 2401, "fclass": "hotel", "name": "Elite" }, "geometry": { "type": "Point", "coordinates": [ 7.6285518, 46.7616549 ] } },
{ "type": "Feature", "properties": { "osm_id": "269984314", "code": 2401, "fclass": "hotel", "name": "Beausite" }, "geometry": { "type": "Point", "coordinates": [ 7.8467089, 46.6846771 ] } },
{ "type": "Feature", "properties": { "osm_id": "269984315", "code": 2401, "fclass": "hotel", "name": "Chalet Swiss" }, "geometry": { "type": "Point", "coordinates": [ 7.8458842, 46.6842815 ] } },
{ "type": "Feature", "properties": { "osm_id": "270491144", "code": 2401, "fclass": "hotel", "name": "Bellevue-Park" }, "geometry": { "type": "Point", "coordinates": [ 7.6352589, 46.7555979 ] } },
{ "type": "Feature", "properties": { "osm_id": "270799196", "code": 2401, "fclass": "hotel", "name": "Hotel Hottingen" }, "geometry": { "type": "Point", "coordinates": [ 8.5535638, 47.3696848 ] } },
{ "type": "Feature", "properties": { "osm_id": "270799850", "code": 2401, "fclass": "hotel", "name": "Hotel Hechtplatz Bar" }, "geometry": { "type": "Point", "coordinates": [ 8.5452505, 47.3682148 ] } },
{ "type": "Feature", "properties": { "osm_id": "270800701", "code": 2401, "fclass": "hotel", "name": "California" }, "geometry": { "type": "Point", "coordinates": [ 8.5445975, 47.3687308 ] } },
{ "type": "Feature", "properties": { "osm_id": "270800927", "code": 2401, "fclass": "hotel", "name": "Helmhaus" }, "geometry": { "type": "Point", "coordinates": [ 8.544095, 47.3691599 ] } },
{ "type": "Feature", "properties": { "osm_id": "270802863", "code": 2401, "fclass": "hotel", "name": "Storchen" }, "geometry": { "type": "Point", "coordinates": [ 8.5417938, 47.3712661 ] } },
{ "type": "Feature", "properties": { "osm_id": "271126766", "code": 2401, "fclass": "hotel", "name": "Hôtel de la Croix d'Or" }, "geometry": { "type": "Point", "coordinates": [ 6.8312232, 47.1046386 ] } },
{ "type": "Feature", "properties": { "osm_id": "271134247", "code": 2401, "fclass": "hotel", "name": "Hôtel de la Fleur de Lys" }, "geometry": { "type": "Point", "coordinates": [ 6.8303596, 47.1026084 ] } },
{ "type": "Feature", "properties": { "osm_id": "274673913", "code": 2401, "fclass": "hotel", "name": "Gasthof Neubad" }, "geometry": { "type": "Point", "coordinates": [ 7.5636794, 47.5451433 ] } },
{ "type": "Feature", "properties": { "osm_id": "274762973", "code": 2401, "fclass": "hotel", "name": "Rothorn" }, "geometry": { "type": "Point", "coordinates": [ 8.0416706, 46.7875316 ] } },
{ "type": "Feature", "properties": { "osm_id": "274983267", "code": 2401, "fclass": "hotel", "name": "Sheraton Zürich Neues Schloss" }, "geometry": { "type": "Point", "coordinates": [ 8.5360074, 47.365498 ] } },
{ "type": "Feature", "properties": { "osm_id": "274986771", "code": 2401, "fclass": "hotel", "name": "Glärnischhof by Trinity" }, "geometry": { "type": "Point", "coordinates": [ 8.5374869, 47.3675057 ] } },
{ "type": "Feature", "properties": { "osm_id": "275639835", "code": 2401, "fclass": "hotel", "name": "Seeblick" }, "geometry": { "type": "Point", "coordinates": [ 7.212188, 47.0851094 ] } },
{ "type": "Feature", "properties": { "osm_id": "276066176", "code": 2401, "fclass": "hotel", "name": "Deux-Clefs" }, "geometry": { "type": "Point", "coordinates": [ 7.1543231, 47.3646884 ] } },
{ "type": "Feature", "properties": { "osm_id": "276364166", "code": 2401, "fclass": "hotel", "name": "Kronenhof" }, "geometry": { "type": "Point", "coordinates": [ 8.5054537, 47.4192212 ] } },
{ "type": "Feature", "properties": { "osm_id": "276406403", "code": 2401, "fclass": "hotel", "name": "Ibis Zürich City West" }, "geometry": { "type": "Point", "coordinates": [ 8.5170578, 47.3890206 ] } },
{ "type": "Feature", "properties": { "osm_id": "276406426", "code": 2401, "fclass": "hotel", "name": "Novotel Zürich City West" }, "geometry": { "type": "Point", "coordinates": [ 8.5167438, 47.3891361 ] } },
{ "type": "Feature", "properties": { "osm_id": "276406491", "code": 2401, "fclass": "hotel", "name": "Ibis Budget Zürich City West" }, "geometry": { "type": "Point", "coordinates": [ 8.516186, 47.3889729 ] } },
{ "type": "Feature", "properties": { "osm_id": "276433091", "code": 2401, "fclass": "hotel", "name": "Hotel Du Parc" }, "geometry": { "type": "Point", "coordinates": [ 8.3091428, 47.4808738 ] } },
{ "type": "Feature", "properties": { "osm_id": "276570457", "code": 2401, "fclass": "hotel", "name": "Gasthaus Kulm Brünig" }, "geometry": { "type": "Point", "coordinates": [ 8.1348581, 46.7572535 ] } },
{ "type": "Feature", "properties": { "osm_id": "277219965", "code": 2401, "fclass": "hotel", "name": "Schäfli" }, "geometry": { "type": "Point", "coordinates": [ 8.9036291, 47.1759657 ] } },
{ "type": "Feature", "properties": { "osm_id": "277269079", "code": 2401, "fclass": "hotel", "name": "Hotel Calancasca" }, "geometry": { "type": "Point", "coordinates": [ 9.1456344, 46.2476799 ] } },
{ "type": "Feature", "properties": { "osm_id": "277371609", "code": 2401, "fclass": "hotel", "name": "Golderli" }, "geometry": { "type": "Point", "coordinates": [ 7.7643859, 46.5503435 ] } },
{ "type": "Feature", "properties": { "osm_id": "277777034", "code": 2401, "fclass": "hotel", "name": "Ambassador & SPA" }, "geometry": { "type": "Point", "coordinates": [ 7.4399504, 46.9343346 ] } },
{ "type": "Feature", "properties": { "osm_id": "278200596", "code": 2401, "fclass": "hotel", "name": "Hotel Restaurant Mühle" }, "geometry": { "type": "Point", "coordinates": [ 7.5972605, 47.4675247 ] } },
{ "type": "Feature", "properties": { "osm_id": "281284392", "code": 2401, "fclass": "hotel", "name": "Restaurant Lac des Chavonnes" }, "geometry": { "type": "Point", "coordinates": [ 7.0832575, 46.3325214 ] } },
{ "type": "Feature", "properties": { "osm_id": "281381410", "code": 2401, "fclass": "hotel", "name": "Everness" }, "geometry": { "type": "Point", "coordinates": [ 6.1610459, 46.3346912 ] } },
{ "type": "Feature", "properties": { "osm_id": "281761658", "code": 2401, "fclass": "hotel", "name": "Landgasthof Grossteil" }, "geometry": { "type": "Point", "coordinates": [ 8.1651984, 46.8506013 ] } },
{ "type": "Feature", "properties": { "osm_id": "282881798", "code": 2401, "fclass": "hotel", "name": "Mayor" }, "geometry": { "type": "Point", "coordinates": [ 10.3338969, 46.7155217 ] } },
{ "type": "Feature", "properties": { "osm_id": "282881802", "code": 2401, "fclass": "hotel", "name": "Crusch Alba" }, "geometry": { "type": "Point", "coordinates": [ 10.3350326, 46.7152913 ] } },
{ "type": "Feature", "properties": { "osm_id": "283280945", "code": 2401, "fclass": "hotel", "name": "Hotel Maderanertal" }, "geometry": { "type": "Point", "coordinates": [ 8.7721605, 46.7819915 ] } },
{ "type": "Feature", "properties": { "osm_id": "283458324", "code": 2401, "fclass": "hotel", "name": "Schweizerhof" }, "geometry": { "type": "Point", "coordinates": [ 8.5394468, 47.3769479 ] } },
{ "type": "Feature", "properties": { "osm_id": "283458327", "code": 2401, "fclass": "hotel", "name": "St. Gotthard" }, "geometry": { "type": "Point", "coordinates": [ 8.5392291, 47.3764123 ] } },
{ "type": "Feature", "properties": { "osm_id": "283458360", "code": 2401, "fclass": "hotel", "name": "City Hotel" }, "geometry": { "type": "Point", "coordinates": [ 8.536476, 47.374918 ] } },
{ "type": "Feature", "properties": { "osm_id": "284553983", "code": 2401, "fclass": "hotel", "name": "Hotel Weisses Kreuz" }, "geometry": { "type": "Point", "coordinates": [ 7.5440811, 47.4082577 ] } },
{ "type": "Feature", "properties": { "osm_id": "286038781", "code": 2401, "fclass": "hotel", "name": "Hotel Passage" }, "geometry": { "type": "Point", "coordinates": [ 7.3963092, 47.1934973 ] } },
{ "type": "Feature", "properties": { "osm_id": "286655654", "code": 2401, "fclass": "hotel", "name": "Café du Soleil" }, "geometry": { "type": "Point", "coordinates": [ 6.9981443, 47.2545334 ] } },
{ "type": "Feature", "properties": { "osm_id": "286766716", "code": 2401, "fclass": "hotel", "name": "Hotel Adler" }, "geometry": { "type": "Point", "coordinates": [ 8.0362714, 46.7543994 ] } },
{ "type": "Feature", "properties": { "osm_id": "286879700", "code": 2401, "fclass": "hotel", "name": "Ibis Styles" }, "geometry": { "type": "Point", "coordinates": [ 7.430204, 46.9423827 ] } },
{ "type": "Feature", "properties": { "osm_id": "286879703", "code": 2401, "fclass": "hotel", "name": "La Pergola" }, "geometry": { "type": "Point", "coordinates": [ 7.4325447, 46.943034 ] } },
{ "type": "Feature", "properties": { "osm_id": "286879734", "code": 2401, "fclass": "hotel", "name": "Stay KooooK Bern City" }, "geometry": { "type": "Point", "coordinates": [ 7.4446885, 46.9492876 ] } },
{ "type": "Feature", "properties": { "osm_id": "286879736", "code": 2401, "fclass": "hotel", "name": "Hotel Bern" }, "geometry": { "type": "Point", "coordinates": [ 7.4463572, 46.9486987 ] } },
{ "type": "Feature", "properties": { "osm_id": "286879779", "code": 2401, "fclass": "hotel", "name": "Nydeck" }, "geometry": { "type": "Point", "coordinates": [ 7.4556746, 46.9485384 ] } },
{ "type": "Feature", "properties": { "osm_id": "287969623", "code": 2401, "fclass": "hotel", "name": "Alpina" }, "geometry": { "type": "Point", "coordinates": [ 9.116408, 46.8094613 ] } },
{ "type": "Feature", "properties": { "osm_id": "287980290", "code": 2401, "fclass": "hotel", "name": "Bergführer" }, "geometry": { "type": "Point", "coordinates": [ 9.1555724, 46.9103933 ] } },
{ "type": "Feature", "properties": { "osm_id": "288425341", "code": 2401, "fclass": "hotel", "name": "Hotel Cresta" }, "geometry": { "type": "Point", "coordinates": [ 10.3996881, 46.9598586 ] } },
{ "type": "Feature", "properties": { "osm_id": "288425342", "code": 2401, "fclass": "hotel", "name": "Hotel Romantica" }, "geometry": { "type": "Point", "coordinates": [ 10.4000073, 46.9594852 ] } },
{ "type": "Feature", "properties": { "osm_id": "288858648", "code": 2401, "fclass": "hotel", "name": "Hotel Perego" }, "geometry": { "type": "Point", "coordinates": [ 10.4525751, 46.5285733 ] } },
{ "type": "Feature", "properties": { "osm_id": "289958398", "code": 2401, "fclass": "hotel", "name": "Löwen" }, "geometry": { "type": "Point", "coordinates": [ 8.4964002, 47.5603998 ] } },
{ "type": "Feature", "properties": { "osm_id": "290081798", "code": 2401, "fclass": "hotel", "name": "Ferienheim Geisswiese" }, "geometry": { "type": "Point", "coordinates": [ 9.3570512, 47.0669299 ] } },
{ "type": "Feature", "properties": { "osm_id": "291426246", "code": 2401, "fclass": "hotel", "name": "Wysses Rössli" }, "geometry": { "type": "Point", "coordinates": [ 8.6534718, 47.0207475 ] } },
{ "type": "Feature", "properties": { "osm_id": "291687394", "code": 2401, "fclass": "hotel", "name": "Radisson Hotel Zurich Airport" }, "geometry": { "type": "Point", "coordinates": [ 8.540142, 47.450988 ] } },
{ "type": "Feature", "properties": { "osm_id": "292619458", "code": 2401, "fclass": "hotel", "name": "Grand Beau-Rivage" }, "geometry": { "type": "Point", "coordinates": [ 7.8646528, 46.689701 ] } },
{ "type": "Feature", "properties": { "osm_id": "293122518", "code": 2401, "fclass": "hotel", "name": "Rosenlaui" }, "geometry": { "type": "Point", "coordinates": [ 8.1534851, 46.6802881 ] } },
{ "type": "Feature", "properties": { "osm_id": "294260605", "code": 2401, "fclass": "hotel", "name": "Gasthaus Skiclub" }, "geometry": { "type": "Point", "coordinates": [ 8.5939088, 46.6327487 ] } },
{ "type": "Feature", "properties": { "osm_id": "294260607", "code": 2401, "fclass": "hotel", "name": "Bären restaurant & rooms" }, "geometry": { "type": "Point", "coordinates": [ 8.5945047, 46.6327347 ] } },
{ "type": "Feature", "properties": { "osm_id": "294260609", "code": 2401, "fclass": "hotel", "name": "Hotel zur Sonne" }, "geometry": { "type": "Point", "coordinates": [ 8.5950508, 46.6330273 ] } },
{ "type": "Feature", "properties": { "osm_id": "294260623", "code": 2401, "fclass": "hotel", "name": "Tell Gasthaus" }, "geometry": { "type": "Point", "coordinates": [ 8.5958636, 46.6330674 ] } },
{ "type": "Feature", "properties": { "osm_id": "294260635", "code": 2401, "fclass": "hotel", "name": "The River House" }, "geometry": { "type": "Point", "coordinates": [ 8.597263, 46.633673 ] } },
{ "type": "Feature", "properties": { "osm_id": "294260803", "code": 2401, "fclass": "hotel", "name": "Gasthaus zum Sternen" }, "geometry": { "type": "Point", "coordinates": [ 8.5977482, 46.6341407 ] } },
{ "type": "Feature", "properties": { "osm_id": "294931396", "code": 2401, "fclass": "hotel", "name": "Hotel Sonne" }, "geometry": { "type": "Point", "coordinates": [ 7.8100883, 47.4641806 ] } },
{ "type": "Feature", "properties": { "osm_id": "295040738", "code": 2401, "fclass": "hotel", "name": "Thurgauerhof" }, "geometry": { "type": "Point", "coordinates": [ 9.1106113, 47.5672516 ] } },
{ "type": "Feature", "properties": { "osm_id": "295801768", "code": 2401, "fclass": "hotel", "name": "Falken" }, "geometry": { "type": "Point", "coordinates": [ 7.2765906, 47.0450329 ] } },
{ "type": "Feature", "properties": { "osm_id": "297711768", "code": 2401, "fclass": "hotel", "name": "Locke am Platz" }, "geometry": { "type": "Point", "coordinates": [ 8.5320471, 47.363934 ] } },
{ "type": "Feature", "properties": { "osm_id": "300247419", "code": 2401, "fclass": "hotel", "name": "L'aubier, Le Café-Hôtel" }, "geometry": { "type": "Point", "coordinates": [ 6.9282433, 46.991563 ] } },
{ "type": "Feature", "properties": { "osm_id": "300351949", "code": 2401, "fclass": "hotel", "name": "Restaurant Hotel Hirschen" }, "geometry": { "type": "Point", "coordinates": [ 9.0255487, 47.2136652 ] } },
{ "type": "Feature", "properties": { "osm_id": "300374447", "code": 2401, "fclass": "hotel", "name": "Belvédère" }, "geometry": { "type": "Point", "coordinates": [ 10.2990971, 46.7971831 ] } },
{ "type": "Feature", "properties": { "osm_id": "300829636", "code": 2401, "fclass": "hotel", "name": "Hotel Svizzero" }, "geometry": { "type": "Point", "coordinates": [ 8.9672826, 46.3600157 ] } },
{ "type": "Feature", "properties": { "osm_id": "300917051", "code": 2401, "fclass": "hotel", "name": "Arte" }, "geometry": { "type": "Point", "coordinates": [ 7.9093546, 47.3470272 ] } },
{ "type": "Feature", "properties": { "osm_id": "300917170", "code": 2401, "fclass": "hotel", "name": "Hotel Amaris" }, "geometry": { "type": "Point", "coordinates": [ 7.9082866, 47.3507422 ] } },
{ "type": "Feature", "properties": { "osm_id": "301527529", "code": 2401, "fclass": "hotel", "name": "Hôtel de L'Aviation" }, "geometry": { "type": "Point", "coordinates": [ 6.094351, 46.2225819 ] } },
{ "type": "Feature", "properties": { "osm_id": "301552459", "code": 2401, "fclass": "hotel", "name": "Alden Suite Hotel Splügenschloss" }, "geometry": { "type": "Point", "coordinates": [ 8.5342368, 47.3645731 ] } },
{ "type": "Feature", "properties": { "osm_id": "301944562", "code": 2401, "fclass": "hotel", "name": "Hotel Lyssach" }, "geometry": { "type": "Point", "coordinates": [ 7.5672822, 47.0706196 ] } },
{ "type": "Feature", "properties": { "osm_id": "302037587", "code": 2401, "fclass": "hotel", "name": "La Truite" }, "geometry": { "type": "Point", "coordinates": [ 6.7702812, 46.9575774 ] } },
{ "type": "Feature", "properties": { "osm_id": "302383759", "code": 2401, "fclass": "hotel", "name": "Tresa Bay Hotel" }, "geometry": { "type": "Point", "coordinates": [ 8.8612401, 45.9699043 ] } },
{ "type": "Feature", "properties": { "osm_id": "303756701", "code": 2401, "fclass": "hotel", "name": "Alexander's Tödiblick" }, "geometry": { "type": "Point", "coordinates": [ 8.9947409, 46.9415892 ] } },
{ "type": "Feature", "properties": { "osm_id": "303943845", "code": 2401, "fclass": "hotel", "name": "Hôtel de Mauvoisin" }, "geometry": { "type": "Point", "coordinates": [ 7.3429133, 46.0030283 ] } },
{ "type": "Feature", "properties": { "osm_id": "303944088", "code": 2401, "fclass": "hotel", "name": "Les Chamois" }, "geometry": { "type": "Point", "coordinates": [ 7.231319, 46.0953192 ] } },
{ "type": "Feature", "properties": { "osm_id": "304750652", "code": 2401, "fclass": "hotel", "name": "Hotel Albula" }, "geometry": { "type": "Point", "coordinates": [ 9.7462384, 46.629464 ] } },
{ "type": "Feature", "properties": { "osm_id": "304752531", "code": 2401, "fclass": "hotel", "name": "Chesa Orta" }, "geometry": { "type": "Point", "coordinates": [ 9.7475193, 46.6276408 ] } },
{ "type": "Feature", "properties": { "osm_id": "304753427", "code": 2401, "fclass": "hotel", "name": "Sporthotel Bergün" }, "geometry": { "type": "Point", "coordinates": [ 9.7494114, 46.6252967 ] } },
{ "type": "Feature", "properties": { "osm_id": "305388224", "code": 2401, "fclass": "hotel", "name": "Villa Marita" }, "geometry": { "type": "Point", "coordinates": [ 8.931963, 46.0059215 ] } },
{ "type": "Feature", "properties": { "osm_id": "305490013", "code": 2401, "fclass": "hotel", "name": "Novotel" }, "geometry": { "type": "Point", "coordinates": [ 6.5612339, 46.5562084 ] } },
{ "type": "Feature", "properties": { "osm_id": "305761321", "code": 2401, "fclass": "hotel", "name": "Hirschen Wald" }, "geometry": { "type": "Point", "coordinates": [ 9.5047352, 47.419082 ] } },
{ "type": "Feature", "properties": { "osm_id": "308131150", "code": 2401, "fclass": "hotel", "name": "Engel" }, "geometry": { "type": "Point", "coordinates": [ 8.6743796, 47.2300277 ] } },
{ "type": "Feature", "properties": { "osm_id": "308940146", "code": 2401, "fclass": "hotel", "name": "Hôtel Suisse" }, "geometry": { "type": "Point", "coordinates": [ 6.1429992, 46.2091222 ] } },
{ "type": "Feature", "properties": { "osm_id": "309379578", "code": 2401, "fclass": "hotel", "name": "Hotel Colorado" }, "geometry": { "type": "Point", "coordinates": [ 8.9442464, 45.9982226 ] } },
{ "type": "Feature", "properties": { "osm_id": "309389482", "code": 2401, "fclass": "hotel", "name": "Hotel International au Lac" }, "geometry": { "type": "Point", "coordinates": [ 8.9491437, 46.0002609 ] } },
{ "type": "Feature", "properties": { "osm_id": "309916732", "code": 2401, "fclass": "hotel", "name": "Trip Inn" }, "geometry": { "type": "Point", "coordinates": [ 8.5277016, 47.3770674 ] } },
{ "type": "Feature", "properties": { "osm_id": "310387725", "code": 2401, "fclass": "hotel", "name": "L'Union" }, "geometry": { "type": "Point", "coordinates": [ 6.6608376, 46.5435104 ] } },
{ "type": "Feature", "properties": { "osm_id": "310470252", "code": 2401, "fclass": "hotel", "name": "Felmis" }, "geometry": { "type": "Point", "coordinates": [ 8.3256501, 47.0212876 ] } },
{ "type": "Feature", "properties": { "osm_id": "310503438", "code": 2401, "fclass": "hotel", "name": "Eintracht" }, "geometry": { "type": "Point", "coordinates": [ 8.3876738, 47.1123956 ] } },
{ "type": "Feature", "properties": { "osm_id": "310583553", "code": 2401, "fclass": "hotel", "name": "Foppoli" }, "geometry": { "type": "Point", "coordinates": [ 10.0582473, 46.3285919 ] } },
{ "type": "Feature", "properties": { "osm_id": "310596233", "code": 2401, "fclass": "hotel", "name": "Le Chalet d'Adrien" }, "geometry": { "type": "Point", "coordinates": [ 7.224199, 46.1036123 ] } },
{ "type": "Feature", "properties": { "osm_id": "310598862", "code": 2401, "fclass": "hotel", "name": "Hotel Luganodante" }, "geometry": { "type": "Point", "coordinates": [ 8.9497597, 46.0043513 ] } },
{ "type": "Feature", "properties": { "osm_id": "310598863", "code": 2401, "fclass": "hotel", "name": "Hotel Federale" }, "geometry": { "type": "Point", "coordinates": [ 8.9478876, 46.0055659 ] } },
{ "type": "Feature", "properties": { "osm_id": "310600484", "code": 2401, "fclass": "hotel", "name": "Croce Bianca" }, "geometry": { "type": "Point", "coordinates": [ 10.0578327, 46.323567 ] } },
{ "type": "Feature", "properties": { "osm_id": "310600856", "code": 2401, "fclass": "hotel", "name": "Hotel Suisse" }, "geometry": { "type": "Point", "coordinates": [ 10.0574912, 46.3252415 ] } },
{ "type": "Feature", "properties": { "osm_id": "310605867", "code": 2401, "fclass": "hotel", "name": "Semadeni" }, "geometry": { "type": "Point", "coordinates": [ 10.0584729, 46.3263094 ] } },
{ "type": "Feature", "properties": { "osm_id": "310606263", "code": 2401, "fclass": "hotel", "name": "Hotel Centrale" }, "geometry": { "type": "Point", "coordinates": [ 10.057774, 46.3257805 ] } },
{ "type": "Feature", "properties": { "osm_id": "310668273", "code": 2401, "fclass": "hotel", "name": "Die Perle" }, "geometry": { "type": "Point", "coordinates": [ 8.364716, 47.1120925 ] } },
{ "type": "Feature", "properties": { "osm_id": "310742590", "code": 2401, "fclass": "hotel", "name": "Hotel Nassa" }, "geometry": { "type": "Point", "coordinates": [ 8.9492437, 46.0009853 ] } },
{ "type": "Feature", "properties": { "osm_id": "310744150", "code": 2401, "fclass": "hotel", "name": "Hotel San Carlo" }, "geometry": { "type": "Point", "coordinates": [ 8.9496458, 46.002564 ] } },
{ "type": "Feature", "properties": { "osm_id": "312353271", "code": 2401, "fclass": "hotel", "name": "L'Ermitage" }, "geometry": { "type": "Point", "coordinates": [ 7.2282944, 46.0959839 ] } },
{ "type": "Feature", "properties": { "osm_id": "312536784", "code": 2401, "fclass": "hotel", "name": "Florida Hotel" }, "geometry": { "type": "Point", "coordinates": [ 7.3164493, 47.1130537 ] } },
{ "type": "Feature", "properties": { "osm_id": "312631930", "code": 2401, "fclass": "hotel", "name": "Hof Weissbad" }, "geometry": { "type": "Point", "coordinates": [ 9.4329676, 47.309603 ] } },
{ "type": "Feature", "properties": { "osm_id": "312660692", "code": 2401, "fclass": "hotel", "name": "Terminus" }, "geometry": { "type": "Point", "coordinates": [ 8.2082092, 47.4808606 ] } },
{ "type": "Feature", "properties": { "osm_id": "313966026", "code": 2401, "fclass": "hotel", "name": "Des Prés" }, "geometry": { "type": "Point", "coordinates": [ 7.1486121, 46.7830875 ] } },
{ "type": "Feature", "properties": { "osm_id": "315862585", "code": 2401, "fclass": "hotel", "name": "Greulich" }, "geometry": { "type": "Point", "coordinates": [ 8.5206048, 47.3783616 ] } },
{ "type": "Feature", "properties": { "osm_id": "315923035", "code": 2401, "fclass": "hotel", "name": "Berchtold" }, "geometry": { "type": "Point", "coordinates": [ 7.621416, 47.0598478 ] } },
{ "type": "Feature", "properties": { "osm_id": "317283165", "code": 2401, "fclass": "hotel", "name": "Hotel Schiff" }, "geometry": { "type": "Point", "coordinates": [ 8.5865894, 47.1379034 ] } },
{ "type": "Feature", "properties": { "osm_id": "317283167", "code": 2401, "fclass": "hotel", "name": "Seminarhotel" }, "geometry": { "type": "Point", "coordinates": [ 8.586394, 47.1373061 ] } },
{ "type": "Feature", "properties": { "osm_id": "320117205", "code": 2401, "fclass": "hotel", "name": "Helvetia" }, "geometry": { "type": "Point", "coordinates": [ 8.5316759, 47.3731773 ] } },
{ "type": "Feature", "properties": { "osm_id": "320665285", "code": 2401, "fclass": "hotel", "name": "Cerf" }, "geometry": { "type": "Point", "coordinates": [ 7.1782999, 47.1964334 ] } },
{ "type": "Feature", "properties": { "osm_id": "320859374", "code": 2401, "fclass": "hotel", "name": "Lindenhof" }, "geometry": { "type": "Point", "coordinates": [ 8.0368609, 46.7567856 ] } },
{ "type": "Feature", "properties": { "osm_id": "320939866", "code": 2401, "fclass": "hotel", "name": "Hotel - Restaurant St. Petersinsel" }, "geometry": { "type": "Point", "coordinates": [ 7.1425918, 47.0698378 ] } },
{ "type": "Feature", "properties": { "osm_id": "321986277", "code": 2401, "fclass": "hotel", "name": "Le Chamois" }, "geometry": { "type": "Point", "coordinates": [ 7.1530407, 46.3525523 ] } },
{ "type": "Feature", "properties": { "osm_id": "323140122", "code": 2401, "fclass": "hotel", "name": "Hotel Albula & Julier" }, "geometry": { "type": "Point", "coordinates": [ 9.5764589, 46.6622378 ] } },
{ "type": "Feature", "properties": { "osm_id": "325788830", "code": 2401, "fclass": "hotel", "name": "Landgasthof Hasenstrick" }, "geometry": { "type": "Point", "coordinates": [ 8.8793306, 47.2813301 ] } },
{ "type": "Feature", "properties": { "osm_id": "325960206", "code": 2401, "fclass": "hotel", "name": "Zugertor" }, "geometry": { "type": "Point", "coordinates": [ 8.5179486, 47.1783291 ] } },
{ "type": "Feature", "properties": { "osm_id": "326282579", "code": 2401, "fclass": "hotel", "name": "Parco Maraini" }, "geometry": { "type": "Point", "coordinates": [ 8.9468866, 46.0098937 ] } },
{ "type": "Feature", "properties": { "osm_id": "326285437", "code": 2401, "fclass": "hotel", "name": "Villa Sassa" }, "geometry": { "type": "Point", "coordinates": [ 8.9507086, 46.0119938 ] } },
{ "type": "Feature", "properties": { "osm_id": "327328626", "code": 2401, "fclass": "hotel", "name": null }, "geometry": { "type": "Point", "coordinates": [ 6.6351025, 46.6408582 ] } },
{ "type": "Feature", "properties": { "osm_id": "331330638", "code": 2401, "fclass": "hotel", "name": "Roggenstock Lodge" }, "geometry": { "type": "Point", "coordinates": [ 8.7820122, 47.0396352 ] } },
{ "type": "Feature", "properties": { "osm_id": "331330639", "code": 2401, "fclass": "hotel", "name": "Rösslipost" }, "geometry": { "type": "Point", "coordinates": [ 8.8021565, 47.0594331 ] } },
{ "type": "Feature", "properties": { "osm_id": "333367905", "code": 2401, "fclass": "hotel", "name": "Ofenhorn" }, "geometry": { "type": "Point", "coordinates": [ 8.18483, 46.364402 ] } },
{ "type": "Feature", "properties": { "osm_id": "333368030", "code": 2401, "fclass": "hotel", "name": "Pension Albrun" }, "geometry": { "type": "Point", "coordinates": [ 8.1845673, 46.3636966 ] } },
{ "type": "Feature", "properties": { "osm_id": "336457288", "code": 2401, "fclass": "hotel", "name": "Buchser Hof" }, "geometry": { "type": "Point", "coordinates": [ 9.4771702, 47.1663579 ] } },
{ "type": "Feature", "properties": { "osm_id": "336581834", "code": 2401, "fclass": "hotel", "name": "Seminar Hotel Wasserfallen" }, "geometry": { "type": "Point", "coordinates": [ 7.7017415, 47.3754318 ] } },
{ "type": "Feature", "properties": { "osm_id": "339201743", "code": 2401, "fclass": "hotel", "name": "Hôtel des Bains d'Ovronnaz" }, "geometry": { "type": "Point", "coordinates": [ 7.17503, 46.1986097 ] } },
{ "type": "Feature", "properties": { "osm_id": "339321501", "code": 2401, "fclass": "hotel", "name": "Rössli" }, "geometry": { "type": "Point", "coordinates": [ 7.6301852, 46.3793395 ] } },
{ "type": "Feature", "properties": { "osm_id": "339579691", "code": 2401, "fclass": "hotel", "name": "Pellas" }, "geometry": { "type": "Point", "coordinates": [ 9.1697224, 46.7173735 ] } },
{ "type": "Feature", "properties": { "osm_id": "339607713", "code": 2401, "fclass": "hotel", "name": "Alphotel Biel-Kinzig" }, "geometry": { "type": "Point", "coordinates": [ 8.7090249, 46.8951893 ] } },
{ "type": "Feature", "properties": { "osm_id": "340249082", "code": 2401, "fclass": "hotel", "name": "Alpina" }, "geometry": { "type": "Point", "coordinates": [ 8.1026418, 46.4128238 ] } },
{ "type": "Feature", "properties": { "osm_id": "342765056", "code": 2401, "fclass": "hotel", "name": "Igludorf" }, "geometry": { "type": "Point", "coordinates": [ 7.7635871, 45.9886765 ] } },
{ "type": "Feature", "properties": { "osm_id": "343391109", "code": 2401, "fclass": "hotel", "name": "PLATZHIRSCH Hotel & Bar" }, "geometry": { "type": "Point", "coordinates": [ 8.5439446, 47.3735166 ] } },
{ "type": "Feature", "properties": { "osm_id": "344522027", "code": 2401, "fclass": "hotel", "name": "Europa" }, "geometry": { "type": "Point", "coordinates": [ 9.8141692, 46.4798137 ] } },
{ "type": "Feature", "properties": { "osm_id": "346951786", "code": 2401, "fclass": "hotel", "name": "Muottas Muragl" }, "geometry": { "type": "Point", "coordinates": [ 9.9020589, 46.5218038 ] } },
{ "type": "Feature", "properties": { "osm_id": "347802757", "code": 2401, "fclass": "hotel", "name": "H4 Hotel Arcadia" }, "geometry": { "type": "Point", "coordinates": [ 8.8010743, 46.1681239 ] } },
{ "type": "Feature", "properties": { "osm_id": "348665493", "code": 2401, "fclass": "hotel", "name": "Hotel City Locarno" }, "geometry": { "type": "Point", "coordinates": [ 8.7992907, 46.1689834 ] } },
{ "type": "Feature", "properties": { "osm_id": "348669485", "code": 2401, "fclass": "hotel", "name": "Hotel Excelsior" }, "geometry": { "type": "Point", "coordinates": [ 8.801312, 46.1664685 ] } },
{ "type": "Feature", "properties": { "osm_id": "348683640", "code": 2401, "fclass": "hotel", "name": "UTouring al Lago" }, "geometry": { "type": "Point", "coordinates": [ 8.8022345, 46.166646 ] } },
{ "type": "Feature", "properties": { "osm_id": "349196978", "code": 2401, "fclass": "hotel", "name": "Hotel Frohsinn" }, "geometry": { "type": "Point", "coordinates": [ 8.4479265, 47.0928437 ] } },
{ "type": "Feature", "properties": { "osm_id": "355242575", "code": 2401, "fclass": "hotel", "name": "Pension Arina" }, "geometry": { "type": "Point", "coordinates": [ 10.3628004, 46.843732 ] } },
{ "type": "Feature", "properties": { "osm_id": "355357919", "code": 2401, "fclass": "hotel", "name": "Hotel de la Fleur de Lys" }, "geometry": { "type": "Point", "coordinates": [ 7.081082, 46.5832781 ] } },
{ "type": "Feature", "properties": { "osm_id": "355357920", "code": 2401, "fclass": "hotel", "name": "Saint-Georges" }, "geometry": { "type": "Point", "coordinates": [ 7.0814505, 46.5834414 ] } },
{ "type": "Feature", "properties": { "osm_id": "357361465", "code": 2401, "fclass": "hotel", "name": "Park" }, "geometry": { "type": "Point", "coordinates": [ 8.1382434, 46.4020321 ] } },
{ "type": "Feature", "properties": { "osm_id": "360335526", "code": 2401, "fclass": "hotel", "name": "Les Cernets" }, "geometry": { "type": "Point", "coordinates": [ 6.4590051, 46.9135245 ] } },
{ "type": "Feature", "properties": { "osm_id": "363951154", "code": 2401, "fclass": "hotel", "name": "Emmental" }, "geometry": { "type": "Point", "coordinates": [ 7.6291041, 46.7617241 ] } },
{ "type": "Feature", "properties": { "osm_id": "365770948", "code": 2401, "fclass": "hotel", "name": "Roseberg" }, "geometry": { "type": "Point", "coordinates": [ 8.8571326, 47.6563313 ] } },
{ "type": "Feature", "properties": { "osm_id": "365839076", "code": 2401, "fclass": "hotel", "name": "Sorell Hotel Rex" }, "geometry": { "type": "Point", "coordinates": [ 8.5430595, 47.3847497 ] } },
{ "type": "Feature", "properties": { "osm_id": "365839864", "code": 2401, "fclass": "hotel", "name": "Krone Unterstrass" }, "geometry": { "type": "Point", "coordinates": [ 8.5391198, 47.3880223 ] } },
{ "type": "Feature", "properties": { "osm_id": "366084122", "code": 2401, "fclass": "hotel", "name": "Schweizerhof" }, "geometry": { "type": "Point", "coordinates": [ 7.5909412, 47.548244 ] } },
{ "type": "Feature", "properties": { "osm_id": "366573420", "code": 2401, "fclass": "hotel", "name": "Hotel Garni an der Reuss" }, "geometry": { "type": "Point", "coordinates": [ 8.3967012, 47.1240845 ] } },
{ "type": "Feature", "properties": { "osm_id": "366590606", "code": 2401, "fclass": "hotel", "name": "Alpin Nova" }, "geometry": { "type": "Point", "coordinates": [ 7.2885645, 46.5042581 ] } },
{ "type": "Feature", "properties": { "osm_id": "366639103", "code": 2401, "fclass": "hotel", "name": "Huus Gstaad" }, "geometry": { "type": "Point", "coordinates": [ 7.2667919, 46.4934019 ] } },
{ "type": "Feature", "properties": { "osm_id": "366918584", "code": 2401, "fclass": "hotel", "name": "National" }, "geometry": { "type": "Point", "coordinates": [ 9.0664318, 47.09892 ] } },
{ "type": "Feature", "properties": { "osm_id": "369825828", "code": 2401, "fclass": "hotel", "name": "Rütilodge" }, "geometry": { "type": "Point", "coordinates": [ 9.7030894, 46.7984558 ] } },
{ "type": "Feature", "properties": { "osm_id": "370070000", "code": 2401, "fclass": "hotel", "name": "City Hotel" }, "geometry": { "type": "Point", "coordinates": [ 8.602888, 46.9950737 ] } },
{ "type": "Feature", "properties": { "osm_id": "370531363", "code": 2401, "fclass": "hotel", "name": "Widder" }, "geometry": { "type": "Point", "coordinates": [ 8.5398562, 47.3724404 ] } },
{ "type": "Feature", "properties": { "osm_id": "370837336", "code": 2401, "fclass": "hotel", "name": "Hotel Alexander" }, "geometry": { "type": "Point", "coordinates": [ 8.543919, 47.3745945 ] } },
{ "type": "Feature", "properties": { "osm_id": "370839580", "code": 2401, "fclass": "hotel", "name": "Hotel Hirschen" }, "geometry": { "type": "Point", "coordinates": [ 8.5432575, 47.3733773 ] } },
{ "type": "Feature", "properties": { "osm_id": "370840032", "code": 2401, "fclass": "hotel", "name": "Wellenberg" }, "geometry": { "type": "Point", "coordinates": [ 8.5439228, 47.373072 ] } },
{ "type": "Feature", "properties": { "osm_id": "370840847", "code": 2401, "fclass": "hotel", "name": "bedsitting-rooms.ch" }, "geometry": { "type": "Point", "coordinates": [ 8.5436085, 47.3726619 ] } },
{ "type": "Feature", "properties": { "osm_id": "371407260", "code": 2401, "fclass": "hotel", "name": "Lion d'Or" }, "geometry": { "type": "Point", "coordinates": [ 6.9180421, 46.6966708 ] } },
{ "type": "Feature", "properties": { "osm_id": "371407262", "code": 2401, "fclass": "hotel", "name": "St-Georges" }, "geometry": { "type": "Point", "coordinates": [ 6.9183123, 46.6962807 ] } },
{ "type": "Feature", "properties": { "osm_id": "371407599", "code": 2401, "fclass": "hotel", "name": "Terminus Hotel" }, "geometry": { "type": "Point", "coordinates": [ 6.9134182, 46.6942499 ] } },
{ "type": "Feature", "properties": { "osm_id": "371760620", "code": 2401, "fclass": "hotel", "name": "Fünf-Dörfer" }, "geometry": { "type": "Point", "coordinates": [ 9.5580788, 46.9195738 ] } },
{ "type": "Feature", "properties": { "osm_id": "372801090", "code": 2401, "fclass": "hotel", "name": "Engel" }, "geometry": { "type": "Point", "coordinates": [ 7.7362203, 47.4825896 ] } },
{ "type": "Feature", "properties": { "osm_id": "373420246", "code": 2401, "fclass": "hotel", "name": "Pestalozzi" }, "geometry": { "type": "Point", "coordinates": [ 8.9550285, 46.0057527 ] } },
{ "type": "Feature", "properties": { "osm_id": "373427368", "code": 2401, "fclass": "hotel", "name": "Hotel Walter au Lac" }, "geometry": { "type": "Point", "coordinates": [ 8.9504436, 46.0028118 ] } },
{ "type": "Feature", "properties": { "osm_id": "373429196", "code": 2401, "fclass": "hotel", "name": "Acquarello" }, "geometry": { "type": "Point", "coordinates": [ 8.9496379, 46.0044129 ] } },
{ "type": "Feature", "properties": { "osm_id": "373440751", "code": 2401, "fclass": "hotel", "name": "Movieworld" }, "geometry": { "type": "Point", "coordinates": [ 7.6821589, 46.6855957 ] } },
{ "type": "Feature", "properties": { "osm_id": "373882877", "code": 2401, "fclass": "hotel", "name": "Brunnerhof" }, "geometry": { "type": "Point", "coordinates": [ 8.6052767, 46.993905 ] } },
{ "type": "Feature", "properties": { "osm_id": "374571323", "code": 2401, "fclass": "hotel", "name": "Bären" }, "geometry": { "type": "Point", "coordinates": [ 7.336411, 46.955537 ] } },
{ "type": "Feature", "properties": { "osm_id": "375698103", "code": 2401, "fclass": "hotel", "name": "Hotel la Cordée" }, "geometry": { "type": "Point", "coordinates": [ 7.576998, 46.1822609 ] } },
{ "type": "Feature", "properties": { "osm_id": "376382540", "code": 2401, "fclass": "hotel", "name": "Albergo Castelnuovo" }, "geometry": { "type": "Point", "coordinates": [ 8.966734, 46.0222915 ] } },
{ "type": "Feature", "properties": { "osm_id": "377104187", "code": 2401, "fclass": "hotel", "name": "Jura" }, "geometry": { "type": "Point", "coordinates": [ 7.1935072, 46.9758433 ] } },
{ "type": "Feature", "properties": { "osm_id": "378743268", "code": 2401, "fclass": "hotel", "name": "Gasthaus zum Ochsen" }, "geometry": { "type": "Point", "coordinates": [ 8.0477613, 47.1347846 ] } },
{ "type": "Feature", "properties": { "osm_id": "379470320", "code": 2401, "fclass": "hotel", "name": "Kreuz" }, "geometry": { "type": "Point", "coordinates": [ 8.3545555, 47.1224529 ] } },
{ "type": "Feature", "properties": { "osm_id": "382917710", "code": 2401, "fclass": "hotel", "name": "Hotel Bahnhof" }, "geometry": { "type": "Point", "coordinates": [ 9.1299793, 47.4350329 ] } },
{ "type": "Feature", "properties": { "osm_id": "383889332", "code": 2401, "fclass": "hotel", "name": "Sonne" }, "geometry": { "type": "Point", "coordinates": [ 8.7180998, 47.2395487 ] } },
{ "type": "Feature", "properties": { "osm_id": "385102717", "code": 2401, "fclass": "hotel", "name": "Löwen" }, "geometry": { "type": "Point", "coordinates": [ 8.3378667, 47.0804459 ] } },
{ "type": "Feature", "properties": { "osm_id": "387941946", "code": 2401, "fclass": "hotel", "name": "Sedartis" }, "geometry": { "type": "Point", "coordinates": [ 8.5659232, 47.2954894 ] } },
{ "type": "Feature", "properties": { "osm_id": "388141351", "code": 2401, "fclass": "hotel", "name": "Sternen" }, "geometry": { "type": "Point", "coordinates": [ 8.2588092, 47.4114553 ] } },
{ "type": "Feature", "properties": { "osm_id": "390491318", "code": 2401, "fclass": "hotel", "name": "Landhaus" }, "geometry": { "type": "Point", "coordinates": [ 7.6292976, 47.0540337 ] } },
{ "type": "Feature", "properties": { "osm_id": "391448262", "code": 2401, "fclass": "hotel", "name": "Interlaken" }, "geometry": { "type": "Point", "coordinates": [ 7.863376, 46.6885207 ] } },
{ "type": "Feature", "properties": { "osm_id": "392298280", "code": 2401, "fclass": "hotel", "name": "Auberge aux 4 Vents" }, "geometry": { "type": "Point", "coordinates": [ 7.1626992, 46.8209916 ] } },
{ "type": "Feature", "properties": { "osm_id": "392389481", "code": 2401, "fclass": "hotel", "name": "Continental Parkhotel" }, "geometry": { "type": "Point", "coordinates": [ 8.9467337, 46.0026685 ] } },
{ "type": "Feature", "properties": { "osm_id": "402953766", "code": 2401, "fclass": "hotel", "name": "Löwen" }, "geometry": { "type": "Point", "coordinates": [ 8.8186792, 47.268423 ] } },
{ "type": "Feature", "properties": { "osm_id": "404554920", "code": 2401, "fclass": "hotel", "name": "Rössli Illnau" }, "geometry": { "type": "Point", "coordinates": [ 8.7265832, 47.4082738 ] } },
{ "type": "Feature", "properties": { "osm_id": "406873217", "code": 2401, "fclass": "hotel", "name": "Seehotel Delphin" }, "geometry": { "type": "Point", "coordinates": [ 8.2205981, 47.2963228 ] } },
{ "type": "Feature", "properties": { "osm_id": "410065962", "code": 2401, "fclass": "hotel", "name": "Grand Hotel Hof Ragaz" }, "geometry": { "type": "Point", "coordinates": [ 9.5024093, 47.0002602 ] } },
{ "type": "Feature", "properties": { "osm_id": "410725353", "code": 2401, "fclass": "hotel", "name": "Hôtel de Ville" }, "geometry": { "type": "Point", "coordinates": [ 6.8269447, 46.5713016 ] } },
{ "type": "Feature", "properties": { "osm_id": "410745467", "code": 2401, "fclass": "hotel", "name": "Hotel Restaurant Bad Ramsach" }, "geometry": { "type": "Point", "coordinates": [ 7.871982, 47.4064059 ] } },
{ "type": "Feature", "properties": { "osm_id": "410829004", "code": 2401, "fclass": "hotel", "name": "Wildstrubel" }, "geometry": { "type": "Point", "coordinates": [ 7.4432567, 46.4578414 ] } },
{ "type": "Feature", "properties": { "osm_id": "410852159", "code": 2401, "fclass": "hotel", "name": "Hotel Restaurant Flüematt" }, "geometry": { "type": "Point", "coordinates": [ 8.2684512, 46.8707845 ] } },
{ "type": "Feature", "properties": { "osm_id": "410920421", "code": 2401, "fclass": "hotel", "name": "Hotel des Alpes" }, "geometry": { "type": "Point", "coordinates": [ 7.5388477, 46.479401 ] } },
{ "type": "Feature", "properties": { "osm_id": "412815470", "code": 2401, "fclass": "hotel", "name": "Astra Hotel" }, "geometry": { "type": "Point", "coordinates": [ 6.8429142, 46.4624687 ] } },
{ "type": "Feature", "properties": { "osm_id": "412817133", "code": 2401, "fclass": "hotel", "name": "Hôtel du Port" }, "geometry": { "type": "Point", "coordinates": [ 6.9241205, 46.3972294 ] } },
{ "type": "Feature", "properties": { "osm_id": "412817134", "code": 2401, "fclass": "hotel", "name": "Hôtel du Quai" }, "geometry": { "type": "Point", "coordinates": [ 6.9246965, 46.3979628 ] } },
{ "type": "Feature", "properties": { "osm_id": "412817135", "code": 2401, "fclass": "hotel", "name": "Hôtel du Vieux Pêcheur" }, "geometry": { "type": "Point", "coordinates": [ 6.9248341, 46.3980988 ] } },
{ "type": "Feature", "properties": { "osm_id": "414137244", "code": 2401, "fclass": "hotel", "name": "Hôtel col de la Forclaz" }, "geometry": { "type": "Point", "coordinates": [ 7.0013153, 46.05797 ] } },
{ "type": "Feature", "properties": { "osm_id": "415415009", "code": 2401, "fclass": "hotel", "name": "Roter Turm" }, "geometry": { "type": "Point", "coordinates": [ 7.5368962, 47.2074597 ] } },
{ "type": "Feature", "properties": { "osm_id": "416091182", "code": 2401, "fclass": "hotel", "name": "Bellvue" }, "geometry": { "type": "Point", "coordinates": [ 7.6808973, 46.7456583 ] } },
{ "type": "Feature", "properties": { "osm_id": "417164731", "code": 2401, "fclass": "hotel", "name": "Ibis Baar/Zug" }, "geometry": { "type": "Point", "coordinates": [ 8.5233752, 47.1948718 ] } },
{ "type": "Feature", "properties": { "osm_id": "417181170", "code": 2401, "fclass": "hotel", "name": "Hotel Restaurant Monardo Hasenberg" }, "geometry": { "type": "Point", "coordinates": [ 8.3650517, 47.3789828 ] } },
{ "type": "Feature", "properties": { "osm_id": "418012873", "code": 2401, "fclass": "hotel", "name": "Täscher Hof" }, "geometry": { "type": "Point", "coordinates": [ 7.7753631, 46.0668064 ] } },
{ "type": "Feature", "properties": { "osm_id": "418190191", "code": 2401, "fclass": "hotel", "name": "Lofthotel" }, "geometry": { "type": "Point", "coordinates": [ 9.2170854, 47.1124346 ] } },
{ "type": "Feature", "properties": { "osm_id": "418190198", "code": 2401, "fclass": "hotel", "name": "Rössli" }, "geometry": { "type": "Point", "coordinates": [ 9.218656, 47.1123271 ] } },
{ "type": "Feature", "properties": { "osm_id": "418424414", "code": 2401, "fclass": "hotel", "name": "Kurhaus Seeblick" }, "geometry": { "type": "Point", "coordinates": [ 8.419469, 47.0299234 ] } },
{ "type": "Feature", "properties": { "osm_id": "418875116", "code": 2401, "fclass": "hotel", "name": "Le Saint-Romain" }, "geometry": { "type": "Point", "coordinates": [ 6.4602749, 46.6934667 ] } },
{ "type": "Feature", "properties": { "osm_id": "418953431", "code": 2401, "fclass": "hotel", "name": "Albergo Ospizio Bernina" }, "geometry": { "type": "Point", "coordinates": [ 10.0219361, 46.4112017 ] } },
{ "type": "Feature", "properties": { "osm_id": "419260471", "code": 2401, "fclass": "hotel", "name": "Erica" }, "geometry": { "type": "Point", "coordinates": [ 7.7646651, 47.3484559 ] } },
{ "type": "Feature", "properties": { "osm_id": "421644348", "code": 2401, "fclass": "hotel", "name": "Holiday Inn Express : Luzern - Neuenkirch" }, "geometry": { "type": "Point", "coordinates": [ 8.2335435, 47.1137175 ] } },
{ "type": "Feature", "properties": { "osm_id": "421952684", "code": 2401, "fclass": "hotel", "name": null }, "geometry": { "type": "Point", "coordinates": [ 7.6267447, 47.0564765 ] } },
{ "type": "Feature", "properties": { "osm_id": "428244213", "code": 2401, "fclass": "hotel", "name": "Hôtel Beau Rivage" }, "geometry": { "type": "Point", "coordinates": [ 6.2418783, 46.3813765 ] } },
{ "type": "Feature", "properties": { "osm_id": "428244214", "code": 2401, "fclass": "hotel", "name": "Hôtel Real" }, "geometry": { "type": "Point", "coordinates": [ 6.2414174, 46.3805663 ] } },
{ "type": "Feature", "properties": { "osm_id": "428304303", "code": 2401, "fclass": "hotel", "name": "ibis Styles" }, "geometry": { "type": "Point", "coordinates": [ 8.5424243, 47.3812767 ] } },
{ "type": "Feature", "properties": { "osm_id": "428467205", "code": 2401, "fclass": "hotel", "name": "Hôtel Ambassador" }, "geometry": { "type": "Point", "coordinates": [ 6.2396275, 46.3832874 ] } },
{ "type": "Feature", "properties": { "osm_id": "429173116", "code": 2401, "fclass": "hotel", "name": "Sommerau Ticino" }, "geometry": { "type": "Point", "coordinates": [ 8.4055826, 47.4025026 ] } },
{ "type": "Feature", "properties": { "osm_id": "429227477", "code": 2401, "fclass": "hotel", "name": "Basliea" }, "geometry": { "type": "Point", "coordinates": [ 8.045311, 47.4021504 ] } },
{ "type": "Feature", "properties": { "osm_id": "429340371", "code": 2401, "fclass": "hotel", "name": "Baxter" }, "geometry": { "type": "Point", "coordinates": [ 7.8814548, 46.293028 ] } },
{ "type": "Feature", "properties": { "osm_id": "429340391", "code": 2401, "fclass": "hotel", "name": "Elite" }, "geometry": { "type": "Point", "coordinates": [ 7.8818619, 46.2931467 ] } },
{ "type": "Feature", "properties": { "osm_id": "429658552", "code": 2401, "fclass": "hotel", "name": "Hôtel Les Nations" }, "geometry": { "type": "Point", "coordinates": [ 6.1327223, 46.215478 ] } },
{ "type": "Feature", "properties": { "osm_id": "430863762", "code": 2401, "fclass": "hotel", "name": "Auberge de la Maison-Monsieur" }, "geometry": { "type": "Point", "coordinates": [ 6.840365, 47.1496868 ] } },
{ "type": "Feature", "properties": { "osm_id": "431026350", "code": 2401, "fclass": "hotel", "name": "Hôtel Restaurant le Rivage" }, "geometry": { "type": "Point", "coordinates": [ 6.6854209, 46.5019976 ] } },
{ "type": "Feature", "properties": { "osm_id": "431038023", "code": 2401, "fclass": "hotel", "name": "Le Bourg 7" }, "geometry": { "type": "Point", "coordinates": [ 6.6859093, 46.5026709 ] } },
{ "type": "Feature", "properties": { "osm_id": "431222255", "code": 2401, "fclass": "hotel", "name": "Villa Palmiera" }, "geometry": { "type": "Point", "coordinates": [ 8.7992895, 46.1735424 ] } },
{ "type": "Feature", "properties": { "osm_id": "431222258", "code": 2401, "fclass": "hotel", "name": "Garni Muralto" }, "geometry": { "type": "Point", "coordinates": [ 8.7991446, 46.1733364 ] } },
{ "type": "Feature", "properties": { "osm_id": "433458581", "code": 2401, "fclass": "hotel", "name": "Alpenhof" }, "geometry": { "type": "Point", "coordinates": [ 9.8141289, 46.7823386 ] } },
{ "type": "Feature", "properties": { "osm_id": "434348276", "code": 2401, "fclass": "hotel", "name": "Albergo Elvezia" }, "geometry": { "type": "Point", "coordinates": [ 8.7678383, 46.1546314 ] } },
{ "type": "Feature", "properties": { "osm_id": "434348280", "code": 2401, "fclass": "hotel", "name": "Castello Seeschloss" }, "geometry": { "type": "Point", "coordinates": [ 8.7711348, 46.1528014 ] } },
{ "type": "Feature", "properties": { "osm_id": "434348285", "code": 2401, "fclass": "hotel", "name": "Ascovilla" }, "geometry": { "type": "Point", "coordinates": [ 8.7749933, 46.1506011 ] } },
{ "type": "Feature", "properties": { "osm_id": "434657522", "code": 2401, "fclass": "hotel", "name": "Hôtel des Arts" }, "geometry": { "type": "Point", "coordinates": [ 6.9369103, 46.9931893 ] } },
{ "type": "Feature", "properties": { "osm_id": "436162619", "code": 2401, "fclass": "hotel", "name": "Berghaus Bärtschi" }, "geometry": { "type": "Point", "coordinates": [ 7.5633238, 46.44553 ] } },
{ "type": "Feature", "properties": { "osm_id": "436619050", "code": 2401, "fclass": "hotel", "name": "Hotel Waldhuus" }, "geometry": { "type": "Point", "coordinates": [ 9.8353605, 46.7973344 ] } },
{ "type": "Feature", "properties": { "osm_id": "438576060", "code": 2401, "fclass": "hotel", "name": "Berninahaus" }, "geometry": { "type": "Point", "coordinates": [ 9.970976, 46.4452032 ] } },
{ "type": "Feature", "properties": { "osm_id": "440853115", "code": 2401, "fclass": "hotel", "name": "Gasthof Linde" }, "geometry": { "type": "Point", "coordinates": [ 8.9548257, 47.5011375 ] } },
{ "type": "Feature", "properties": { "osm_id": "441224336", "code": 2401, "fclass": "hotel", "name": "Hotel Adler" }, "geometry": { "type": "Point", "coordinates": [ 10.0980448, 46.6973925 ] } },
{ "type": "Feature", "properties": { "osm_id": "441232065", "code": 2401, "fclass": "hotel", "name": "Chasa Ivraina" }, "geometry": { "type": "Point", "coordinates": [ 10.0975654, 46.6978604 ] } },
{ "type": "Feature", "properties": { "osm_id": "441264206", "code": 2401, "fclass": "hotel", "name": "La Cantina" }, "geometry": { "type": "Point", "coordinates": [ 9.644956, 46.6680172 ] } },
{ "type": "Feature", "properties": { "osm_id": "441308808", "code": 2401, "fclass": "hotel", "name": "Hotel Alpensonne" }, "geometry": { "type": "Point", "coordinates": [ 9.6678229, 46.7761258 ] } },
{ "type": "Feature", "properties": { "osm_id": "441571726", "code": 2401, "fclass": "hotel", "name": "Kaltenbunnen" }, "geometry": { "type": "Point", "coordinates": [ 8.1733104, 46.6993303 ] } },
{ "type": "Feature", "properties": { "osm_id": "441595072", "code": 2401, "fclass": "hotel", "name": "Hotel Bären" }, "geometry": { "type": "Point", "coordinates": [ 8.2766354, 47.3496183 ] } },
{ "type": "Feature", "properties": { "osm_id": "441647047", "code": 2401, "fclass": "hotel", "name": "Ochsen" }, "geometry": { "type": "Point", "coordinates": [ 9.0534452, 47.1259731 ] } },
{ "type": "Feature", "properties": { "osm_id": "441943415", "code": 2401, "fclass": "hotel", "name": "Rätus" }, "geometry": { "type": "Point", "coordinates": [ 9.3979833, 46.7987965 ] } },
{ "type": "Feature", "properties": { "osm_id": "442498038", "code": 2401, "fclass": "hotel", "name": "Kreuz" }, "geometry": { "type": "Point", "coordinates": [ 7.6138157, 47.1955238 ] } },
{ "type": "Feature", "properties": { "osm_id": "442590675", "code": 2401, "fclass": "hotel", "name": "Le Cèdre" }, "geometry": { "type": "Point", "coordinates": [ 7.0097283, 46.2525959 ] } },
{ "type": "Feature", "properties": { "osm_id": "443063350", "code": 2401, "fclass": "hotel", "name": "Zur Au" }, "geometry": { "type": "Point", "coordinates": [ 8.4405927, 47.4398782 ] } },
{ "type": "Feature", "properties": { "osm_id": "443092549", "code": 2401, "fclass": "hotel", "name": "Arche" }, "geometry": { "type": "Point", "coordinates": [ 8.4521038, 47.276558 ] } },
{ "type": "Feature", "properties": { "osm_id": "443118630", "code": 2401, "fclass": "hotel", "name": "Sporting" }, "geometry": { "type": "Point", "coordinates": [ 9.3334272, 47.4089352 ] } },
{ "type": "Feature", "properties": { "osm_id": "443419216", "code": 2401, "fclass": "hotel", "name": "Kulm Hotel" }, "geometry": { "type": "Point", "coordinates": [ 9.8417477, 46.4990947 ] } },
{ "type": "Feature", "properties": { "osm_id": "443420076", "code": 2401, "fclass": "hotel", "name": "Badrutt's Palace" }, "geometry": { "type": "Point", "coordinates": [ 9.8407597, 46.4972479 ] } },
{ "type": "Feature", "properties": { "osm_id": "443420077", "code": 2401, "fclass": "hotel", "name": "Monopol" }, "geometry": { "type": "Point", "coordinates": [ 9.8395286, 46.4985756 ] } },
{ "type": "Feature", "properties": { "osm_id": "444542189", "code": 2401, "fclass": "hotel", "name": "Alpenblick" }, "geometry": { "type": "Point", "coordinates": [ 7.6866813, 46.7501809 ] } },
{ "type": "Feature", "properties": { "osm_id": "444685002", "code": 2401, "fclass": "hotel", "name": "Zwirgi" }, "geometry": { "type": "Point", "coordinates": [ 8.1826901, 46.7125461 ] } },
{ "type": "Feature", "properties": { "osm_id": "444824507", "code": 2401, "fclass": "hotel", "name": "Dakota" }, "geometry": { "type": "Point", "coordinates": [ 8.1855327, 46.7282765 ] } },
{ "type": "Feature", "properties": { "osm_id": "445467384", "code": 2401, "fclass": "hotel", "name": "Walhalla" }, "geometry": { "type": "Point", "coordinates": [ 9.371337, 47.4239144 ] } },
{ "type": "Feature", "properties": { "osm_id": "445628383", "code": 2401, "fclass": "hotel", "name": "Einstein" }, "geometry": { "type": "Point", "coordinates": [ 9.3754457, 47.4214519 ] } },
{ "type": "Feature", "properties": { "osm_id": "445782745", "code": 2401, "fclass": "hotel", "name": "Elite" }, "geometry": { "type": "Point", "coordinates": [ 9.3753667, 47.4267683 ] } },
{ "type": "Feature", "properties": { "osm_id": "447957194", "code": 2401, "fclass": "hotel", "name": "Hôtel de la truite" }, "geometry": { "type": "Point", "coordinates": [ 6.3254351, 46.6683112 ] } },
{ "type": "Feature", "properties": { "osm_id": "447986330", "code": 2401, "fclass": "hotel", "name": "Gasthaus Kreuz" }, "geometry": { "type": "Point", "coordinates": [ 9.2852709, 47.4684986 ] } },
{ "type": "Feature", "properties": { "osm_id": "449087454", "code": 2401, "fclass": "hotel", "name": "Bahnhof" }, "geometry": { "type": "Point", "coordinates": [ 7.3862558, 47.0424211 ] } },
{ "type": "Feature", "properties": { "osm_id": "450602354", "code": 2401, "fclass": "hotel", "name": "Simmenhof" }, "geometry": { "type": "Point", "coordinates": [ 7.4346619, 46.4729836 ] } },
{ "type": "Feature", "properties": { "osm_id": "450602357", "code": 2401, "fclass": "hotel", "name": "Stöckli" }, "geometry": { "type": "Point", "coordinates": [ 7.3885243, 46.5174636 ] } },
{ "type": "Feature", "properties": { "osm_id": "450602360", "code": 2401, "fclass": "hotel", "name": "Krone" }, "geometry": { "type": "Point", "coordinates": [ 7.371849, 46.5534477 ] } },
{ "type": "Feature", "properties": { "osm_id": "450602364", "code": 2401, "fclass": "hotel", "name": "Rawyl" }, "geometry": { "type": "Point", "coordinates": [ 7.3740331, 46.6029003 ] } },
{ "type": "Feature", "properties": { "osm_id": "451720206", "code": 2401, "fclass": "hotel", "name": "The Home Hotel" }, "geometry": { "type": "Point", "coordinates": [ 8.5231586, 47.3591861 ] } },
{ "type": "Feature", "properties": { "osm_id": "452940825", "code": 2401, "fclass": "hotel", "name": "Badus" }, "geometry": { "type": "Point", "coordinates": [ 8.5955398, 46.6362246 ] } },
{ "type": "Feature", "properties": { "osm_id": "454108414", "code": 2401, "fclass": "hotel", "name": "B&B" }, "geometry": { "type": "Point", "coordinates": [ 8.9710124, 45.9055726 ] } },
{ "type": "Feature", "properties": { "osm_id": "454978737", "code": 2401, "fclass": "hotel", "name": "Sherlock Holmes" }, "geometry": { "type": "Point", "coordinates": [ 8.1908214, 46.7257716 ] } },
{ "type": "Feature", "properties": { "osm_id": "456372446", "code": 2401, "fclass": "hotel", "name": "Zur Linde" }, "geometry": { "type": "Point", "coordinates": [ 9.3929461, 47.3867984 ] } },
{ "type": "Feature", "properties": { "osm_id": "456710349", "code": 2401, "fclass": "hotel", "name": "Sternen" }, "geometry": { "type": "Point", "coordinates": [ 9.4175902, 47.3731731 ] } },
{ "type": "Feature", "properties": { "osm_id": "457951058", "code": 2401, "fclass": "hotel", "name": "Seeblick" }, "geometry": { "type": "Point", "coordinates": [ 8.5209426, 46.9593056 ] } },
{ "type": "Feature", "properties": { "osm_id": "460438490", "code": 2401, "fclass": "hotel", "name": "Swiss Chocolate by Fassbind" }, "geometry": { "type": "Point", "coordinates": [ 8.5446666, 47.3762729 ] } },
{ "type": "Feature", "properties": { "osm_id": "466223497", "code": 2401, "fclass": "hotel", "name": "Drei Könige" }, "geometry": { "type": "Point", "coordinates": [ 8.7501847, 47.1279934 ] } },
{ "type": "Feature", "properties": { "osm_id": "469410089", "code": 2401, "fclass": "hotel", "name": "City Hotel Biel/Bienne" }, "geometry": { "type": "Point", "coordinates": [ 7.239437, 47.1305594 ] } },
{ "type": "Feature", "properties": { "osm_id": "469872370", "code": 2401, "fclass": "hotel", "name": "Hotel Engstlenalp" }, "geometry": { "type": "Point", "coordinates": [ 8.3445775, 46.7761133 ] } },
{ "type": "Feature", "properties": { "osm_id": "472581764", "code": 2401, "fclass": "hotel", "name": null }, "geometry": { "type": "Point", "coordinates": [ 6.8468345, 46.1702439 ] } },
{ "type": "Feature", "properties": { "osm_id": "472602879", "code": 2401, "fclass": "hotel", "name": "Panoramica Cadro - Lugano" }, "geometry": { "type": "Point", "coordinates": [ 8.9886185, 46.0498116 ] } },
{ "type": "Feature", "properties": { "osm_id": "473085849", "code": 2401, "fclass": "hotel", "name": "Bergidyll" }, "geometry": { "type": "Point", "coordinates": [ 8.5961783, 46.6355413 ] } },
{ "type": "Feature", "properties": { "osm_id": "473085858", "code": 2401, "fclass": "hotel", "name": "Alpina Garni" }, "geometry": { "type": "Point", "coordinates": [ 8.6017628, 46.6355023 ] } },
{ "type": "Feature", "properties": { "osm_id": "473398056", "code": 2401, "fclass": "hotel", "name": "Hotel Rochat" }, "geometry": { "type": "Point", "coordinates": [ 7.5848125, 47.5597021 ] } },
{ "type": "Feature", "properties": { "osm_id": "474523034", "code": 2401, "fclass": "hotel", "name": "L'Ermitage" }, "geometry": { "type": "Point", "coordinates": [ 6.8929889, 46.4395938 ] } },
{ "type": "Feature", "properties": { "osm_id": "474764720", "code": 2401, "fclass": "hotel", "name": "Hotel Restaurant Seemöwe" }, "geometry": { "type": "Point", "coordinates": [ 9.2837506, 47.6064298 ] } },
{ "type": "Feature", "properties": { "osm_id": "474784539", "code": 2401, "fclass": "hotel", "name": "Gasthaus Richisau" }, "geometry": { "type": "Point", "coordinates": [ 8.911903, 47.0230687 ] } },
{ "type": "Feature", "properties": { "osm_id": "475204259", "code": 2401, "fclass": "hotel", "name": "Löwen" }, "geometry": { "type": "Point", "coordinates": [ 8.9219409, 47.2397593 ] } },
{ "type": "Feature", "properties": { "osm_id": "475355928", "code": 2401, "fclass": "hotel", "name": "Carlton-Europe" }, "geometry": { "type": "Point", "coordinates": [ 7.8658649, 46.6894678 ] } },
{ "type": "Feature", "properties": { "osm_id": "475762788", "code": 2401, "fclass": "hotel", "name": "Belvair" }, "geometry": { "type": "Point", "coordinates": [ 10.301568, 46.7980526 ] } },
{ "type": "Feature", "properties": { "osm_id": "475842084", "code": 2401, "fclass": "hotel", "name": "Altana" }, "geometry": { "type": "Point", "coordinates": [ 10.2877925, 46.7935373 ] } },
{ "type": "Feature", "properties": { "osm_id": "475944549", "code": 2401, "fclass": "hotel", "name": "Berghotel Klenenhorn" }, "geometry": { "type": "Point", "coordinates": [ 8.0414865, 46.3041621 ] } },
{ "type": "Feature", "properties": { "osm_id": "476270885", "code": 2401, "fclass": "hotel", "name": "Hôtel Bahyse" }, "geometry": { "type": "Point", "coordinates": [ 6.8943601, 46.4674251 ] } },
{ "type": "Feature", "properties": { "osm_id": "476929667", "code": 2401, "fclass": "hotel", "name": "Drei Eidgenossen" }, "geometry": { "type": "Point", "coordinates": [ 9.2559595, 47.1841253 ] } },
{ "type": "Feature", "properties": { "osm_id": "484263436", "code": 2401, "fclass": "hotel", "name": "Gasthof Schönegg" }, "geometry": { "type": "Point", "coordinates": [ 7.8741905, 46.6951712 ] } },
{ "type": "Feature", "properties": { "osm_id": "484264464", "code": 2401, "fclass": "hotel", "name": "Europe" }, "geometry": { "type": "Point", "coordinates": [ 7.6254788, 46.1357868 ] } },
{ "type": "Feature", "properties": { "osm_id": "484264607", "code": 2401, "fclass": "hotel", "name": "Les Diablons (Intersoc)" }, "geometry": { "type": "Point", "coordinates": [ 7.6269418, 46.1366327 ] } },
{ "type": "Feature", "properties": { "osm_id": "485230316", "code": 2401, "fclass": "hotel", "name": "Hôtel du Sanetsch" }, "geometry": { "type": "Point", "coordinates": [ 7.3022411, 46.3206097 ] } },
{ "type": "Feature", "properties": { "osm_id": "492153516", "code": 2401, "fclass": "hotel", "name": "Hotel Sternen;Sternen" }, "geometry": { "type": "Point", "coordinates": [ 8.265386, 47.213763 ] } },
{ "type": "Feature", "properties": { "osm_id": "493617738", "code": 2401, "fclass": "hotel", "name": "Ibis" }, "geometry": { "type": "Point", "coordinates": [ 8.7996032, 46.1683966 ] } },
{ "type": "Feature", "properties": { "osm_id": "495167304", "code": 2401, "fclass": "hotel", "name": "Le Chasseur" }, "geometry": { "type": "Point", "coordinates": [ 6.5318646, 46.7239874 ] } },
{ "type": "Feature", "properties": { "osm_id": "495958476", "code": 2401, "fclass": "hotel", "name": "Hotel Bellevue" }, "geometry": { "type": "Point", "coordinates": [ 8.5873007, 46.9771575 ] } },
{ "type": "Feature", "properties": { "osm_id": "498136096", "code": 2401, "fclass": "hotel", "name": "Kurhaus Weissenstein" }, "geometry": { "type": "Point", "coordinates": [ 7.5091148, 47.2519112 ] } },
{ "type": "Feature", "properties": { "osm_id": "498141311", "code": 2401, "fclass": "hotel", "name": "Hinterer Weissenstein" }, "geometry": { "type": "Point", "coordinates": [ 7.4844685, 47.2507985 ] } },
{ "type": "Feature", "properties": { "osm_id": "498242252", "code": 2401, "fclass": "hotel", "name": "Untergrenchenberg" }, "geometry": { "type": "Point", "coordinates": [ 7.3804147, 47.2213597 ] } },
{ "type": "Feature", "properties": { "osm_id": "498878506", "code": 2401, "fclass": "hotel", "name": "Schiff" }, "geometry": { "type": "Point", "coordinates": [ 7.1171596, 46.9301912 ] } },
{ "type": "Feature", "properties": { "osm_id": "498880065", "code": 2401, "fclass": "hotel", "name": "Hotel Schützen" }, "geometry": { "type": "Point", "coordinates": [ 7.7924362, 47.5529138 ] } },
{ "type": "Feature", "properties": { "osm_id": "498887626", "code": 2401, "fclass": "hotel", "name": "Le Vieux Manoir" }, "geometry": { "type": "Point", "coordinates": [ 7.10662, 46.9245231 ] } },
{ "type": "Feature", "properties": { "osm_id": "500949316", "code": 2401, "fclass": "hotel", "name": "Hotel Albula & Julier" }, "geometry": { "type": "Point", "coordinates": [ 9.5768046, 46.6622138 ] } },
{ "type": "Feature", "properties": { "osm_id": "502290404", "code": 2401, "fclass": "hotel", "name": "Hotel Sonne" }, "geometry": { "type": "Point", "coordinates": [ 8.7863056, 47.0417594 ] } },
{ "type": "Feature", "properties": { "osm_id": "502881204", "code": 2401, "fclass": "hotel", "name": "La Tgoma" }, "geometry": { "type": "Point", "coordinates": [ 9.5641385, 46.6835766 ] } },
{ "type": "Feature", "properties": { "osm_id": "502881206", "code": 2401, "fclass": "hotel", "name": "Restaurant St. Cassian" }, "geometry": { "type": "Point", "coordinates": [ 9.5582626, 46.6989084 ] } },
{ "type": "Feature", "properties": { "osm_id": "503501188", "code": 2401, "fclass": "hotel", "name": "Hotel Bären" }, "geometry": { "type": "Point", "coordinates": [ 9.8455666, 46.5015083 ] } },
{ "type": "Feature", "properties": { "osm_id": "503501190", "code": 2401, "fclass": "hotel", "name": "Hotel Schweizerhof" }, "geometry": { "type": "Point", "coordinates": [ 9.83801, 46.4968774 ] } },
{ "type": "Feature", "properties": { "osm_id": "503501191", "code": 2401, "fclass": "hotel", "name": "Hotel Steffanie" }, "geometry": { "type": "Point", "coordinates": [ 9.8375382, 46.4973645 ] } },
{ "type": "Feature", "properties": { "osm_id": "503501195", "code": 2401, "fclass": "hotel", "name": "Laudinella" }, "geometry": { "type": "Point", "coordinates": [ 9.8373648, 46.4859092 ] } },
{ "type": "Feature", "properties": { "osm_id": "503614782", "code": 2401, "fclass": "hotel", "name": "Erlibacherhof" }, "geometry": { "type": "Point", "coordinates": [ 8.5925402, 47.3020648 ] } },
{ "type": "Feature", "properties": { "osm_id": "506060297", "code": 2401, "fclass": "hotel", "name": "Hotel Stern Chur" }, "geometry": { "type": "Point", "coordinates": [ 9.534084, 46.8510526 ] } },
{ "type": "Feature", "properties": { "osm_id": "506065904", "code": 2401, "fclass": "hotel", "name": "Hotel ABC" }, "geometry": { "type": "Point", "coordinates": [ 9.5310263, 46.8533408 ] } },
{ "type": "Feature", "properties": { "osm_id": "506889673", "code": 2401, "fclass": "hotel", "name": "Radisson Blu Hotel" }, "geometry": { "type": "Point", "coordinates": [ 8.313877, 47.0480616 ] } },
{ "type": "Feature", "properties": { "osm_id": "507042074", "code": 2401, "fclass": "hotel", "name": "Cascada" }, "geometry": { "type": "Point", "coordinates": [ 8.3093227, 47.0461846 ] } },
{ "type": "Feature", "properties": { "osm_id": "513744625", "code": 2401, "fclass": "hotel", "name": "Auberge Communale de St-Légier - La Chiésaz" }, "geometry": { "type": "Point", "coordinates": [ 6.8839216, 46.4705942 ] } },
{ "type": "Feature", "properties": { "osm_id": "516029560", "code": 2401, "fclass": "hotel", "name": "Conti" }, "geometry": { "type": "Point", "coordinates": [ 8.4023013, 47.4125002 ] } },
{ "type": "Feature", "properties": { "osm_id": "516628280", "code": 2401, "fclass": "hotel", "name": "Berggasthaus Wildspitz" }, "geometry": { "type": "Point", "coordinates": [ 8.5770518, 47.0840893 ] } },
{ "type": "Feature", "properties": { "osm_id": "519736102", "code": 2401, "fclass": "hotel", "name": "Riverside Hotel" }, "geometry": { "type": "Point", "coordinates": [ 8.480145, 47.569445 ] } },
{ "type": "Feature", "properties": { "osm_id": "520453933", "code": 2401, "fclass": "hotel", "name": "Seehotel Kastanienbaum" }, "geometry": { "type": "Point", "coordinates": [ 8.3403494, 47.0078197 ] } },
{ "type": "Feature", "properties": { "osm_id": "520755061", "code": 2401, "fclass": "hotel", "name": "Hotel Escher" }, "geometry": { "type": "Point", "coordinates": [ 7.6297935, 46.3797308 ] } },
{ "type": "Feature", "properties": { "osm_id": "521218389", "code": 2401, "fclass": "hotel", "name": "Thermalhotels / Maison Blanche;La Bohème" }, "geometry": { "type": "Point", "coordinates": [ 7.630255, 46.3785704 ] } },
{ "type": "Feature", "properties": { "osm_id": "521669755", "code": 2401, "fclass": "hotel", "name": "Hotel Viktoria" }, "geometry": { "type": "Point", "coordinates": [ 7.6255516, 46.3771585 ] } },
{ "type": "Feature", "properties": { "osm_id": "527373796", "code": 2401, "fclass": "hotel", "name": "Hôtel du Grand Combin" }, "geometry": { "type": "Point", "coordinates": [ 7.3079741, 46.0331191 ] } },
{ "type": "Feature", "properties": { "osm_id": "528393207", "code": 2401, "fclass": "hotel", "name": "Les Alpes" }, "geometry": { "type": "Point", "coordinates": [ 6.9800817, 46.0844233 ] } },
{ "type": "Feature", "properties": { "osm_id": "528393215", "code": 2401, "fclass": "hotel", "name": "Beau Séjour" }, "geometry": { "type": "Point", "coordinates": [ 6.9777234, 46.0834619 ] } },
{ "type": "Feature", "properties": { "osm_id": "528740141", "code": 2401, "fclass": "hotel", "name": "Hôtel du Grand Saint Bernard" }, "geometry": { "type": "Point", "coordinates": [ 7.184401, 45.9932142 ] } },
{ "type": "Feature", "properties": { "osm_id": "533751729", "code": 2401, "fclass": "hotel", "name": "Eienwäldli" }, "geometry": { "type": "Point", "coordinates": [ 8.4227259, 46.809909 ] } },
{ "type": "Feature", "properties": { "osm_id": "534915696", "code": 2401, "fclass": "hotel", "name": "Wartmann" }, "geometry": { "type": "Point", "coordinates": [ 8.7226942, 47.5004944 ] } },
{ "type": "Feature", "properties": { "osm_id": "534915698", "code": 2401, "fclass": "hotel", "name": "Hotel Loge" }, "geometry": { "type": "Point", "coordinates": [ 8.7316433, 47.4985938 ] } },
{ "type": "Feature", "properties": { "osm_id": "534915700", "code": 2401, "fclass": "hotel", "name": "Albani" }, "geometry": { "type": "Point", "coordinates": [ 8.7292032, 47.4984836 ] } },
{ "type": "Feature", "properties": { "osm_id": "537847610", "code": 2401, "fclass": "hotel", "name": "Lamm" }, "geometry": { "type": "Point", "coordinates": [ 7.6232281, 46.7237745 ] } },
{ "type": "Feature", "properties": { "osm_id": "538033362", "code": 2401, "fclass": "hotel", "name": "Radisson Blu" }, "geometry": { "type": "Point", "coordinates": [ 9.3804349, 47.4310358 ] } },
{ "type": "Feature", "properties": { "osm_id": "540233238", "code": 2401, "fclass": "hotel", "name": "Hotel Restaurant Hammer" }, "geometry": { "type": "Point", "coordinates": [ 8.2179024, 47.0082263 ] } },
{ "type": "Feature", "properties": { "osm_id": "551693554", "code": 2401, "fclass": "hotel", "name": "Hotel Port" }, "geometry": { "type": "Point", "coordinates": [ 8.0636915, 46.9911869 ] } },
{ "type": "Feature", "properties": { "osm_id": "551693649", "code": 2401, "fclass": "hotel", "name": "Drei Könige" }, "geometry": { "type": "Point", "coordinates": [ 8.0653892, 46.9935759 ] } },
{ "type": "Feature", "properties": { "osm_id": "555009426", "code": 2401, "fclass": "hotel", "name": "Berghölzli" }, "geometry": { "type": "Point", "coordinates": [ 7.4229564, 46.4967046 ] } },
{ "type": "Feature", "properties": { "osm_id": "559763139", "code": 2401, "fclass": "hotel", "name": "Schwiizer Pöschtli" }, "geometry": { "type": "Point", "coordinates": [ 8.4958655, 47.242074 ] } },
{ "type": "Feature", "properties": { "osm_id": "563266402", "code": 2401, "fclass": "hotel", "name": "B_SMART HOTEL" }, "geometry": { "type": "Point", "coordinates": [ 8.0019754, 47.3712024 ] } },
{ "type": "Feature", "properties": { "osm_id": "563894657", "code": 2401, "fclass": "hotel", "name": "Hôtel des Mosaïques" }, "geometry": { "type": "Point", "coordinates": [ 6.5288705, 46.7345591 ] } },
{ "type": "Feature", "properties": { "osm_id": "564914982", "code": 2401, "fclass": "hotel", "name": "Hessengüetli" }, "geometry": { "type": "Point", "coordinates": [ 8.70591, 47.5062623 ] } },
{ "type": "Feature", "properties": { "osm_id": "566951124", "code": 2401, "fclass": "hotel", "name": "ibis Bern Expo" }, "geometry": { "type": "Point", "coordinates": [ 7.4641555, 46.9585241 ] } },
{ "type": "Feature", "properties": { "osm_id": "566951126", "code": 2401, "fclass": "hotel", "name": "Novotel Bern Expo" }, "geometry": { "type": "Point", "coordinates": [ 7.4639379, 46.9587487 ] } },
{ "type": "Feature", "properties": { "osm_id": "567050960", "code": 2401, "fclass": "hotel", "name": "Radisson Blu" }, "geometry": { "type": "Point", "coordinates": [ 7.588827, 47.5513671 ] } },
{ "type": "Feature", "properties": { "osm_id": "567132773", "code": 2401, "fclass": "hotel", "name": "Fred Hotel" }, "geometry": { "type": "Point", "coordinates": [ 8.5372867, 47.3802393 ] } },
{ "type": "Feature", "properties": { "osm_id": "568048264", "code": 2401, "fclass": "hotel", "name": "Hôtel du Vieux Moulin" }, "geometry": { "type": "Point", "coordinates": [ 7.2093907, 45.9480653 ] } },
{ "type": "Feature", "properties": { "osm_id": "568470007", "code": 2401, "fclass": "hotel", "name": "Ibis" }, "geometry": { "type": "Point", "coordinates": [ 8.2992435, 47.0236726 ] } },
{ "type": "Feature", "properties": { "osm_id": "569316805", "code": 2401, "fclass": "hotel", "name": "Euler" }, "geometry": { "type": "Point", "coordinates": [ 7.590003, 47.548696 ] } },
{ "type": "Feature", "properties": { "osm_id": "569316918", "code": 2401, "fclass": "hotel", "name": "Metropol" }, "geometry": { "type": "Point", "coordinates": [ 7.589968, 47.548849 ] } },
{ "type": "Feature", "properties": { "osm_id": "571252488", "code": 2401, "fclass": "hotel", "name": "Landgasthof Bären" }, "geometry": { "type": "Point", "coordinates": [ 7.7458228, 47.027517 ] } },
{ "type": "Feature", "properties": { "osm_id": "572682147", "code": 2401, "fclass": "hotel", "name": "Cantina Theresa" }, "geometry": { "type": "Point", "coordinates": [ 8.6372507, 47.2358786 ] } },
{ "type": "Feature", "properties": { "osm_id": "573862938", "code": 2401, "fclass": "hotel", "name": "Rössli" }, "geometry": { "type": "Point", "coordinates": [ 8.6443898, 47.1935248 ] } },
{ "type": "Feature", "properties": { "osm_id": "574289154", "code": 2401, "fclass": "hotel", "name": "Alex Lake Zürich" }, "geometry": { "type": "Point", "coordinates": [ 8.5625749, 47.3012098 ] } },
{ "type": "Feature", "properties": { "osm_id": "574611573", "code": 2401, "fclass": "hotel", "name": "Suretta" }, "geometry": { "type": "Point", "coordinates": [ 9.3232182, 46.5529193 ] } },
{ "type": "Feature", "properties": { "osm_id": "574875662", "code": 2401, "fclass": "hotel", "name": "Hotel Arte Kongresszentrum" }, "geometry": { "type": "Point", "coordinates": [ 8.3734423, 47.418184 ] } },
{ "type": "Feature", "properties": { "osm_id": "577373477", "code": 2401, "fclass": "hotel", "name": "Alpes et Lac" }, "geometry": { "type": "Point", "coordinates": [ 6.9361785, 46.9962663 ] } },
{ "type": "Feature", "properties": { "osm_id": "582960852", "code": 2401, "fclass": "hotel", "name": "Motelina Löwen" }, "geometry": { "type": "Point", "coordinates": [ 9.0915909, 47.2982509 ] } },
{ "type": "Feature", "properties": { "osm_id": "584740922", "code": 2401, "fclass": "hotel", "name": "HotelD." }, "geometry": { "type": "Point", "coordinates": [ 7.586503, 47.5609699 ] } },
{ "type": "Feature", "properties": { "osm_id": "584784183", "code": 2401, "fclass": "hotel", "name": "Spalentor" }, "geometry": { "type": "Point", "coordinates": [ 7.5805129, 47.5586232 ] } },
{ "type": "Feature", "properties": { "osm_id": "586203503", "code": 2401, "fclass": "hotel", "name": "Aparthotel" }, "geometry": { "type": "Point", "coordinates": [ 7.5974657, 47.5664665 ] } },
{ "type": "Feature", "properties": { "osm_id": "586283598", "code": 2401, "fclass": "hotel", "name": "Rheinfelder Hof" }, "geometry": { "type": "Point", "coordinates": [ 7.5967588, 47.562527 ] } },
{ "type": "Feature", "properties": { "osm_id": "587665963", "code": 2401, "fclass": "hotel", "name": "Swissôtel Kursaal Bern" }, "geometry": { "type": "Point", "coordinates": [ 7.4491287, 46.9531293 ] } },
{ "type": "Feature", "properties": { "osm_id": "587684877", "code": 2401, "fclass": "hotel", "name": "Hôtel Murten" }, "geometry": { "type": "Point", "coordinates": [ 7.1202949, 46.9296474 ] } },
{ "type": "Feature", "properties": { "osm_id": "590109349", "code": 2401, "fclass": "hotel", "name": "Locanda" }, "geometry": { "type": "Point", "coordinates": [ 7.5976281, 47.5640519 ] } },
{ "type": "Feature", "properties": { "osm_id": "590157750", "code": 2401, "fclass": "hotel", "name": "Hôtel de l'écluse" }, "geometry": { "type": "Point", "coordinates": [ 6.9260623, 46.9930727 ] } },
{ "type": "Feature", "properties": { "osm_id": "590157758", "code": 2401, "fclass": "hotel", "name": "Armée du salut" }, "geometry": { "type": "Point", "coordinates": [ 6.9264538, 46.9930808 ] } },
{ "type": "Feature", "properties": { "osm_id": "594886264", "code": 2401, "fclass": "hotel", "name": "La Comanella" }, "geometry": { "type": "Point", "coordinates": [ 8.9566877, 46.0350847 ] } },
{ "type": "Feature", "properties": { "osm_id": "599410747", "code": 2401, "fclass": "hotel", "name": "Hôtel du Nord" }, "geometry": { "type": "Point", "coordinates": [ 6.9691431, 46.3180765 ] } },
{ "type": "Feature", "properties": { "osm_id": "600906649", "code": 2401, "fclass": "hotel", "name": "Waldhorn" }, "geometry": { "type": "Point", "coordinates": [ 7.4531371, 46.9562563 ] } },
{ "type": "Feature", "properties": { "osm_id": "601624905", "code": 2401, "fclass": "hotel", "name": "Campanile Martigny" }, "geometry": { "type": "Point", "coordinates": [ 7.0761861, 46.1044535 ] } },
{ "type": "Feature", "properties": { "osm_id": "602272219", "code": 2401, "fclass": "hotel", "name": "Restaurant Berghotel Sartons" }, "geometry": { "type": "Point", "coordinates": [ 9.5470878, 46.7544162 ] } },
{ "type": "Feature", "properties": { "osm_id": "603029206", "code": 2401, "fclass": "hotel", "name": "Hotel Kronenhof" }, "geometry": { "type": "Point", "coordinates": [ 8.6356377, 47.696652 ] } },
{ "type": "Feature", "properties": { "osm_id": "603592532", "code": 2401, "fclass": "hotel", "name": "Whitepod" }, "geometry": { "type": "Point", "coordinates": [ 6.9583045, 46.2230065 ] } },
{ "type": "Feature", "properties": { "osm_id": "603823721", "code": 2401, "fclass": "hotel", "name": "Marthahaus" }, "geometry": { "type": "Point", "coordinates": [ 7.4481076, 46.9551329 ] } },
{ "type": "Feature", "properties": { "osm_id": "605080895", "code": 2401, "fclass": "hotel", "name": "Krone" }, "geometry": { "type": "Point", "coordinates": [ 9.4654187, 47.4079437 ] } },
{ "type": "Feature", "properties": { "osm_id": "606130782", "code": 2401, "fclass": "hotel", "name": "Dorint an der Messe Basel" }, "geometry": { "type": "Point", "coordinates": [ 7.5995703, 47.5676107 ] } },
{ "type": "Feature", "properties": { "osm_id": "610438805", "code": 2401, "fclass": "hotel", "name": "Hotel Burg" }, "geometry": { "type": "Point", "coordinates": [ 8.5671815, 46.6184821 ] } },
{ "type": "Feature", "properties": { "osm_id": "613403047", "code": 2401, "fclass": "hotel", "name": "Des Alpes" }, "geometry": { "type": "Point", "coordinates": [ 7.1887213, 46.8490801 ] } },
{ "type": "Feature", "properties": { "osm_id": "613403049", "code": 2401, "fclass": "hotel", "name": "Hotel Central" }, "geometry": { "type": "Point", "coordinates": [ 7.1897219, 46.8481916 ] } },
{ "type": "Feature", "properties": { "osm_id": "616347926", "code": 2401, "fclass": "hotel", "name": "Falken" }, "geometry": { "type": "Point", "coordinates": [ 9.1060643, 47.5641992 ] } },
{ "type": "Feature", "properties": { "osm_id": "616450700", "code": 2401, "fclass": "hotel", "name": "Gasthof Löwen" }, "geometry": { "type": "Point", "coordinates": [ 8.7211956, 47.3100119 ] } },
{ "type": "Feature", "properties": { "osm_id": "616824506", "code": 2401, "fclass": "hotel", "name": "B&B hotel Rothrist Olten" }, "geometry": { "type": "Point", "coordinates": [ 7.8932696, 47.3085666 ] } },
{ "type": "Feature", "properties": { "osm_id": "617690719", "code": 2401, "fclass": "hotel", "name": "Reception" }, "geometry": { "type": "Point", "coordinates": [ 9.2650407, 46.8189246 ] } },
{ "type": "Feature", "properties": { "osm_id": "617690747", "code": 2401, "fclass": "hotel", "name": "Laaxer Hof" }, "geometry": { "type": "Point", "coordinates": [ 9.2647515, 46.8198444 ] } },
{ "type": "Feature", "properties": { "osm_id": "617860242", "code": 2401, "fclass": "hotel", "name": "Chalamandrin" }, "geometry": { "type": "Point", "coordinates": [ 10.246345, 46.7937708 ] } },
{ "type": "Feature", "properties": { "osm_id": "618392190", "code": 2401, "fclass": "hotel", "name": "Munt Fallun" }, "geometry": { "type": "Point", "coordinates": [ 10.2552291, 46.7961403 ] } },
{ "type": "Feature", "properties": { "osm_id": "619495807", "code": 2401, "fclass": "hotel", "name": "zur Wildi" }, "geometry": { "type": "Point", "coordinates": [ 7.7719824, 46.4134182 ] } },
{ "type": "Feature", "properties": { "osm_id": "619535566", "code": 2401, "fclass": "hotel", "name": "Stern Post" }, "geometry": { "type": "Point", "coordinates": [ 8.6710989, 46.7695426 ] } },
{ "type": "Feature", "properties": { "osm_id": "623883946", "code": 2401, "fclass": "hotel", "name": "Turmhotel Victoria" }, "geometry": { "type": "Point", "coordinates": [ 9.8426999, 46.8110831 ] } },
{ "type": "Feature", "properties": { "osm_id": "626364600", "code": 2401, "fclass": "hotel", "name": "Bellevue" }, "geometry": { "type": "Point", "coordinates": [ 8.3499717, 47.0435539 ] } },
{ "type": "Feature", "properties": { "osm_id": "626367634", "code": 2401, "fclass": "hotel", "name": "Hotel Seeburg" }, "geometry": { "type": "Point", "coordinates": [ 8.3440603, 47.0470557 ] } },
{ "type": "Feature", "properties": { "osm_id": "626368024", "code": 2401, "fclass": "hotel", "name": "Richemont Gastronomie & Hotel" }, "geometry": { "type": "Point", "coordinates": [ 8.3434633, 47.0478181 ] } },
{ "type": "Feature", "properties": { "osm_id": "630476144", "code": 2401, "fclass": "hotel", "name": "Hotel Stadthaus Burgdorf" }, "geometry": { "type": "Point", "coordinates": [ 7.626763, 47.0564139 ] } },
{ "type": "Feature", "properties": { "osm_id": "630639930", "code": 2401, "fclass": "hotel", "name": "ibis" }, "geometry": { "type": "Point", "coordinates": [ 6.1149358, 46.1883541 ] } },
{ "type": "Feature", "properties": { "osm_id": "632545301", "code": 2401, "fclass": "hotel", "name": "Hotel Royal" }, "geometry": { "type": "Point", "coordinates": [ 8.5449371, 47.3789806 ] } },
{ "type": "Feature", "properties": { "osm_id": "633154390", "code": 2401, "fclass": "hotel", "name": "airporthotel" }, "geometry": { "type": "Point", "coordinates": [ 7.4108534, 47.1814922 ] } },
{ "type": "Feature", "properties": { "osm_id": "638384845", "code": 2401, "fclass": "hotel", "name": "Pensiun Aldier" }, "geometry": { "type": "Point", "coordinates": [ 10.3380382, 46.8172463 ] } },
{ "type": "Feature", "properties": { "osm_id": "638389144", "code": 2401, "fclass": "hotel", "name": "Hotel Adler" }, "geometry": { "type": "Point", "coordinates": [ 8.543482, 47.3731339 ] } },
{ "type": "Feature", "properties": { "osm_id": "638984405", "code": 2401, "fclass": "hotel", "name": "SPLENDID" }, "geometry": { "type": "Point", "coordinates": [ 8.5433304, 47.3732271 ] } },
{ "type": "Feature", "properties": { "osm_id": "639048685", "code": 2401, "fclass": "hotel", "name": "stattHotel" }, "geometry": { "type": "Point", "coordinates": [ 8.5431576, 47.3723574 ] } },
{ "type": "Feature", "properties": { "osm_id": "639048688", "code": 2401, "fclass": "hotel", "name": "Pop Up Hotel Krone Zurich" }, "geometry": { "type": "Point", "coordinates": [ 8.5430563, 47.3737914 ] } },
{ "type": "Feature", "properties": { "osm_id": "640043416", "code": 2401, "fclass": "hotel", "name": "Chasa Castello" }, "geometry": { "type": "Point", "coordinates": [ 10.3612745, 46.9418681 ] } },
{ "type": "Feature", "properties": { "osm_id": "640043425", "code": 2401, "fclass": "hotel", "name": "Bündnerhof" }, "geometry": { "type": "Point", "coordinates": [ 10.3615506, 46.9427695 ] } },
{ "type": "Feature", "properties": { "osm_id": "656327691", "code": 2401, "fclass": "hotel", "name": "Felix" }, "geometry": { "type": "Point", "coordinates": [ 8.5444857, 47.3752188 ] } },
{ "type": "Feature", "properties": { "osm_id": "656327693", "code": 2401, "fclass": "hotel", "name": "Best Western Plus Hotel Zürcherhof" }, "geometry": { "type": "Point", "coordinates": [ 8.5444095, 47.3750719 ] } },
{ "type": "Feature", "properties": { "osm_id": "656327717", "code": 2401, "fclass": "hotel", "name": "Citystudios" }, "geometry": { "type": "Point", "coordinates": [ 8.5444631, 47.3757274 ] } },
{ "type": "Feature", "properties": { "osm_id": "656327757", "code": 2401, "fclass": "hotel", "name": "Scheuble" }, "geometry": { "type": "Point", "coordinates": [ 8.5448208, 47.3744622 ] } },
{ "type": "Feature", "properties": { "osm_id": "656327813", "code": 2401, "fclass": "hotel", "name": "Limmatblick" }, "geometry": { "type": "Point", "coordinates": [ 8.5438053, 47.375978 ] } },
{ "type": "Feature", "properties": { "osm_id": "656327834", "code": 2401, "fclass": "hotel", "name": "Sorell Hotel Rütli" }, "geometry": { "type": "Point", "coordinates": [ 8.5443812, 47.3761683 ] } },
{ "type": "Feature", "properties": { "osm_id": "656327837", "code": 2401, "fclass": "hotel", "name": "Limmathof" }, "geometry": { "type": "Point", "coordinates": [ 8.544161, 47.3764444 ] } },
{ "type": "Feature", "properties": { "osm_id": "656444213", "code": 2401, "fclass": "hotel", "name": "Sportclub Real" }, "geometry": { "type": "Point", "coordinates": [ 9.8401373, 46.8099162 ] } },
{ "type": "Feature", "properties": { "osm_id": "659540416", "code": 2401, "fclass": "hotel", "name": "Hotel Restaurant Chartreuse" }, "geometry": { "type": "Point", "coordinates": [ 7.6442351, 46.7459186 ] } },
{ "type": "Feature", "properties": { "osm_id": "659540425", "code": 2401, "fclass": "hotel", "name": "Hotel Restaurant Schönbühl" }, "geometry": { "type": "Point", "coordinates": [ 7.6572649, 46.7379593 ] } },
{ "type": "Feature", "properties": { "osm_id": "659775645", "code": 2401, "fclass": "hotel", "name": "Sternen" }, "geometry": { "type": "Point", "coordinates": [ 8.7994704, 47.4979169 ] } },
{ "type": "Feature", "properties": { "osm_id": "661034883", "code": 2401, "fclass": "hotel", "name": "Sonne" }, "geometry": { "type": "Point", "coordinates": [ 9.840319, 46.4873267 ] } },
{ "type": "Feature", "properties": { "osm_id": "661105441", "code": 2401, "fclass": "hotel", "name": "Albergo Gardenia" }, "geometry": { "type": "Point", "coordinates": [ 8.8789147, 45.9702796 ] } },
{ "type": "Feature", "properties": { "osm_id": "665053809", "code": 2401, "fclass": "hotel", "name": "Hotel National" }, "geometry": { "type": "Point", "coordinates": [ 7.7513185, 46.0228955 ] } },
{ "type": "Feature", "properties": { "osm_id": "668900327", "code": 2401, "fclass": "hotel", "name": "Martinshof" }, "geometry": { "type": "Point", "coordinates": [ 7.5600713, 47.2040202 ] } },
{ "type": "Feature", "properties": { "osm_id": "670440313", "code": 2401, "fclass": "hotel", "name": "Hôtel de la Rochette" }, "geometry": { "type": "Point", "coordinates": [ 7.0172263, 47.4877006 ] } },
{ "type": "Feature", "properties": { "osm_id": "670630948", "code": 2401, "fclass": "hotel", "name": "Kreuz" }, "geometry": { "type": "Point", "coordinates": [ 7.4445342, 46.9488838 ] } },
{ "type": "Feature", "properties": { "osm_id": "673953860", "code": 2401, "fclass": "hotel", "name": "Seehotel Sternen" }, "geometry": { "type": "Point", "coordinates": [ 8.3164372, 47.0118736 ] } },
{ "type": "Feature", "properties": { "osm_id": "676511721", "code": 2401, "fclass": "hotel", "name": "REKA Feriendorf" }, "geometry": { "type": "Point", "coordinates": [ 8.19721, 46.7470305 ] } },
{ "type": "Feature", "properties": { "osm_id": "678454216", "code": 2401, "fclass": "hotel", "name": "Hotel Egerkingen" }, "geometry": { "type": "Point", "coordinates": [ 7.797767, 47.3220798 ] } },
{ "type": "Feature", "properties": { "osm_id": "678581072", "code": 2401, "fclass": "hotel", "name": "Landgasthof Sonne" }, "geometry": { "type": "Point", "coordinates": [ 9.2509314, 47.62619 ] } },
{ "type": "Feature", "properties": { "osm_id": "679079138", "code": 2401, "fclass": "hotel", "name": "Hotel Bad Balgach" }, "geometry": { "type": "Point", "coordinates": [ 9.6001759, 47.4033474 ] } },
{ "type": "Feature", "properties": { "osm_id": "680090260", "code": 2401, "fclass": "hotel", "name": "Hotel Sonne" }, "geometry": { "type": "Point", "coordinates": [ 7.7439132, 46.0189504 ] } },
{ "type": "Feature", "properties": { "osm_id": "683064033", "code": 2401, "fclass": "hotel", "name": "Alpenrose" }, "geometry": { "type": "Point", "coordinates": [ 7.2845173, 46.501774 ] } },
{ "type": "Feature", "properties": { "osm_id": "683064035", "code": 2401, "fclass": "hotel", "name": "Ermitage" }, "geometry": { "type": "Point", "coordinates": [ 7.2880984, 46.5035956 ] } },
{ "type": "Feature", "properties": { "osm_id": "683372569", "code": 2401, "fclass": "hotel", "name": "Central Plaza" }, "geometry": { "type": "Point", "coordinates": [ 8.543634, 47.3770836 ] } },
{ "type": "Feature", "properties": { "osm_id": "683583785", "code": 2401, "fclass": "hotel", "name": "Berghaus Heuberge" }, "geometry": { "type": "Point", "coordinates": [ 9.7304923, 46.8684951 ] } },
{ "type": "Feature", "properties": { "osm_id": "683859306", "code": 2401, "fclass": "hotel", "name": "Marina Eden Roc" }, "geometry": { "type": "Point", "coordinates": [ 8.7722451, 46.1512666 ] } },
{ "type": "Feature", "properties": { "osm_id": "687866791", "code": 2401, "fclass": "hotel", "name": "Albergo Basodino" }, "geometry": { "type": "Point", "coordinates": [ 8.6018173, 46.316276 ] } },
{ "type": "Feature", "properties": { "osm_id": "688411219", "code": 2401, "fclass": "hotel", "name": "Seerose Resort & Spa" }, "geometry": { "type": "Point", "coordinates": [ 8.2258745, 47.2838014 ] } },
{ "type": "Feature", "properties": { "osm_id": "688976720", "code": 2401, "fclass": "hotel", "name": null }, "geometry": { "type": "Point", "coordinates": [ 8.6046746, 46.3064635 ] } },
{ "type": "Feature", "properties": { "osm_id": "689033593", "code": 2401, "fclass": "hotel", "name": "Caverna Degli Dei" }, "geometry": { "type": "Point", "coordinates": [ 8.7958123, 46.1700945 ] } },
{ "type": "Feature", "properties": { "osm_id": "689596883", "code": 2401, "fclass": "hotel", "name": "Albergo della Posta" }, "geometry": { "type": "Point", "coordinates": [ 8.6022955, 46.3164831 ] } },
{ "type": "Feature", "properties": { "osm_id": "689999970", "code": 2401, "fclass": "hotel", "name": "Bahnhof" }, "geometry": { "type": "Point", "coordinates": [ 7.7890687, 47.1895655 ] } },
{ "type": "Feature", "properties": { "osm_id": "690805134", "code": 2401, "fclass": "hotel", "name": "Marina Walensee" }, "geometry": { "type": "Point", "coordinates": [ 9.2561018, 47.1158656 ] } },
{ "type": "Feature", "properties": { "osm_id": "690894383", "code": 2401, "fclass": "hotel", "name": "Hotel Al Ponte Antico" }, "geometry": { "type": "Point", "coordinates": [ 8.7071661, 46.1781821 ] } },
{ "type": "Feature", "properties": { "osm_id": "696524680", "code": 2401, "fclass": "hotel", "name": "Hôtel des Tilleuls" }, "geometry": { "type": "Point", "coordinates": [ 6.7808268, 46.9029924 ] } },
{ "type": "Feature", "properties": { "osm_id": "701185222", "code": 2401, "fclass": "hotel", "name": "Tobler" }, "geometry": { "type": "Point", "coordinates": [ 8.7711113, 46.1603816 ] } },
{ "type": "Feature", "properties": { "osm_id": "701734717", "code": 2401, "fclass": "hotel", "name": "Holiday Inn Zürich Messe" }, "geometry": { "type": "Point", "coordinates": [ 8.5530471, 47.4105397 ] } },
{ "type": "Feature", "properties": { "osm_id": "705001151", "code": 2401, "fclass": "hotel", "name": "Appenberg" }, "geometry": { "type": "Point", "coordinates": [ 7.6597686, 46.8839736 ] } },
{ "type": "Feature", "properties": { "osm_id": "708908225", "code": 2401, "fclass": "hotel", "name": "Hotel Restaurant Stechelberg" }, "geometry": { "type": "Point", "coordinates": [ 7.9025091, 46.5450318 ] } },
{ "type": "Feature", "properties": { "osm_id": "725451611", "code": 2401, "fclass": "hotel", "name": "B5 Boutique Hotel Lugano" }, "geometry": { "type": "Point", "coordinates": [ 8.9447898, 46.0051321 ] } },
{ "type": "Feature", "properties": { "osm_id": "728688776", "code": 2401, "fclass": "hotel", "name": "Sonne" }, "geometry": { "type": "Point", "coordinates": [ 8.3320809, 47.4632512 ] } },
{ "type": "Feature", "properties": { "osm_id": "738014940", "code": 2401, "fclass": "hotel", "name": "Ristorante Genziana" }, "geometry": { "type": "Point", "coordinates": [ 8.6808823, 46.5241739 ] } },
{ "type": "Feature", "properties": { "osm_id": "738015184", "code": 2401, "fclass": "hotel", "name": "Hotel Forni" }, "geometry": { "type": "Point", "coordinates": [ 8.6073218, 46.5278525 ] } },
{ "type": "Feature", "properties": { "osm_id": "738921672", "code": 2401, "fclass": "hotel", "name": "Rössli" }, "geometry": { "type": "Point", "coordinates": [ 7.9894987, 47.2126196 ] } },
{ "type": "Feature", "properties": { "osm_id": "741559584", "code": 2401, "fclass": "hotel", "name": "Landgasthof Ochsen" }, "geometry": { "type": "Point", "coordinates": [ 7.689634, 47.0074065 ] } },
{ "type": "Feature", "properties": { "osm_id": "745927086", "code": 2401, "fclass": "hotel", "name": "Löwen" }, "geometry": { "type": "Point", "coordinates": [ 8.0255481, 46.7555674 ] } },
{ "type": "Feature", "properties": { "osm_id": "747169419", "code": 2401, "fclass": "hotel", "name": "Grand Hôtel Suisse Majestic" }, "geometry": { "type": "Point", "coordinates": [ 6.9098721, 46.4358493 ] } },
{ "type": "Feature", "properties": { "osm_id": "752369934", "code": 2401, "fclass": "hotel", "name": "Seehof" }, "geometry": { "type": "Point", "coordinates": [ 9.303253, 47.127306 ] } },
{ "type": "Feature", "properties": { "osm_id": "752481641", "code": 2401, "fclass": "hotel", "name": "Öko-Hotel Gruebisbalm" }, "geometry": { "type": "Point", "coordinates": [ 8.4814487, 47.0263008 ] } },
{ "type": "Feature", "properties": { "osm_id": "755490755", "code": 2401, "fclass": "hotel", "name": "Hotel Alpina" }, "geometry": { "type": "Point", "coordinates": [ 9.689436, 46.9660541 ] } },
{ "type": "Feature", "properties": { "osm_id": "759632768", "code": 2401, "fclass": "hotel", "name": "Les Rangiers" }, "geometry": { "type": "Point", "coordinates": [ 7.2191846, 47.3851867 ] } },
{ "type": "Feature", "properties": { "osm_id": "760369394", "code": 2401, "fclass": "hotel", "name": "Altstadt Hotel" }, "geometry": { "type": "Point", "coordinates": [ 8.5440348, 47.3693222 ] } },
{ "type": "Feature", "properties": { "osm_id": "765574877", "code": 2401, "fclass": "hotel", "name": "Le Quai de l'Ours/Hôtel Terminus" }, "geometry": { "type": "Point", "coordinates": [ 7.1435973, 46.0285441 ] } },
{ "type": "Feature", "properties": { "osm_id": "766917758", "code": 2401, "fclass": "hotel", "name": "Station" }, "geometry": { "type": "Point", "coordinates": [ 9.8972078, 46.4905732 ] } },
{ "type": "Feature", "properties": { "osm_id": "766917764", "code": 2401, "fclass": "hotel", "name": "Hotel Albris" }, "geometry": { "type": "Point", "coordinates": [ 9.9066377, 46.4877132 ] } },
{ "type": "Feature", "properties": { "osm_id": "766917784", "code": 2401, "fclass": "hotel", "name": "Schweizerhof" }, "geometry": { "type": "Point", "coordinates": [ 9.905259, 46.4904968 ] } },
{ "type": "Feature", "properties": { "osm_id": "766917860", "code": 2401, "fclass": "hotel", "name": "Engadinerhof" }, "geometry": { "type": "Point", "coordinates": [ 9.906051, 46.4891753 ] } },
{ "type": "Feature", "properties": { "osm_id": "766917918", "code": 2401, "fclass": "hotel", "name": "Hotel Müller" }, "geometry": { "type": "Point", "coordinates": [ 9.905545, 46.4897672 ] } },
{ "type": "Feature", "properties": { "osm_id": "766917930", "code": 2401, "fclass": "hotel", "name": "Walther" }, "geometry": { "type": "Point", "coordinates": [ 9.9075363, 46.4877256 ] } },
{ "type": "Feature", "properties": { "osm_id": "766917953", "code": 2401, "fclass": "hotel", "name": "Maistra 160" }, "geometry": { "type": "Point", "coordinates": [ 9.9038274, 46.4913903 ] } },
{ "type": "Feature", "properties": { "osm_id": "766917976", "code": 2401, "fclass": "hotel", "name": "Hotel Bernina" }, "geometry": { "type": "Point", "coordinates": [ 9.9061596, 46.4887955 ] } },
{ "type": "Feature", "properties": { "osm_id": "768551406", "code": 2401, "fclass": "hotel", "name": "Auberge de la Couronne" }, "geometry": { "type": "Point", "coordinates": [ 6.9613815, 46.3297973 ] } },
{ "type": "Feature", "properties": { "osm_id": "768597365", "code": 2401, "fclass": "hotel", "name": "Mittagshorn" }, "geometry": { "type": "Point", "coordinates": [ 7.8916784, 46.5488497 ] } },
{ "type": "Feature", "properties": { "osm_id": "773598786", "code": 2401, "fclass": "hotel", "name": "Hotel Palazzo Salis" }, "geometry": { "type": "Point", "coordinates": [ 9.5396622, 46.3421338 ] } },
{ "type": "Feature", "properties": { "osm_id": "775540479", "code": 2401, "fclass": "hotel", "name": "Klause Ranch" }, "geometry": { "type": "Point", "coordinates": [ 8.910129, 46.8931276 ] } },
{ "type": "Feature", "properties": { "osm_id": "775540497", "code": 2401, "fclass": "hotel", "name": "Familienhotel Tourist" }, "geometry": { "type": "Point", "coordinates": [ 8.1904759, 46.7190679 ] } },
{ "type": "Feature", "properties": { "osm_id": "775540502", "code": 2401, "fclass": "hotel", "name": "Glarnerhof" }, "geometry": { "type": "Point", "coordinates": [ 9.0704881, 47.0396825 ] } },
{ "type": "Feature", "properties": { "osm_id": "775540513", "code": 2401, "fclass": "hotel", "name": "Post" }, "geometry": { "type": "Point", "coordinates": [ 9.0279425, 46.9468362 ] } },
{ "type": "Feature", "properties": { "osm_id": "775540516", "code": 2401, "fclass": "hotel", "name": "Alpina" }, "geometry": { "type": "Point", "coordinates": [ 8.7703712, 46.8634556 ] } },
{ "type": "Feature", "properties": { "osm_id": "778984282", "code": 2401, "fclass": "hotel", "name": "Towerhotel" }, "geometry": { "type": "Point", "coordinates": [ 9.2814193, 47.4702578 ] } },
{ "type": "Feature", "properties": { "osm_id": "790002048", "code": 2401, "fclass": "hotel", "name": "Naturfreundehaus" }, "geometry": { "type": "Point", "coordinates": [ 9.0907589, 47.0712669 ] } },
{ "type": "Feature", "properties": { "osm_id": "791031150", "code": 2401, "fclass": "hotel", "name": "Freihof" }, "geometry": { "type": "Point", "coordinates": [ 8.9972621, 47.1625994 ] } },
{ "type": "Feature", "properties": { "osm_id": "797667060", "code": 2401, "fclass": "hotel", "name": "Dischma" }, "geometry": { "type": "Point", "coordinates": [ 9.8370063, 46.8045838 ] } },
{ "type": "Feature", "properties": { "osm_id": "798528551", "code": 2401, "fclass": "hotel", "name": "Favini" }, "geometry": { "type": "Point", "coordinates": [ 8.8615989, 46.1484246 ] } },
{ "type": "Feature", "properties": { "osm_id": "802018001", "code": 2401, "fclass": "hotel", "name": "Kreuz" }, "geometry": { "type": "Point", "coordinates": [ 7.1133015, 47.030164 ] } },
{ "type": "Feature", "properties": { "osm_id": "804160526", "code": 2401, "fclass": "hotel", "name": "Hotel Baer & Post" }, "geometry": { "type": "Point", "coordinates": [ 10.0947694, 46.701726 ] } },
{ "type": "Feature", "properties": { "osm_id": "804801871", "code": 2401, "fclass": "hotel", "name": "Residenza Paradiso di Vacanze" }, "geometry": { "type": "Point", "coordinates": [ 8.8283492, 46.1783383 ] } },
{ "type": "Feature", "properties": { "osm_id": "805122610", "code": 2401, "fclass": "hotel", "name": "Alba" }, "geometry": { "type": "Point", "coordinates": [ 8.821988, 46.1764591 ] } },
{ "type": "Feature", "properties": { "osm_id": "805177175", "code": 2401, "fclass": "hotel", "name": "Garni Nessi" }, "geometry": { "type": "Point", "coordinates": [ 8.7790637, 46.1674753 ] } },
{ "type": "Feature", "properties": { "osm_id": "806437047", "code": 2401, "fclass": "hotel", "name": "Elena" }, "geometry": { "type": "Point", "coordinates": [ 8.7542384, 46.1747602 ] } },
{ "type": "Feature", "properties": { "osm_id": "806437052", "code": 2401, "fclass": "hotel", "name": "Rovere" }, "geometry": { "type": "Point", "coordinates": [ 8.7638654, 46.1680192 ] } },
{ "type": "Feature", "properties": { "osm_id": "806437064", "code": 2401, "fclass": "hotel", "name": "Hotel Patrizietta" }, "geometry": { "type": "Point", "coordinates": [ 8.7661535, 46.1669673 ] } },
{ "type": "Feature", "properties": { "osm_id": "806437094", "code": 2401, "fclass": "hotel", "name": "Hotel Belvedere" }, "geometry": { "type": "Point", "coordinates": [ 8.757429, 46.1675642 ] } },
{ "type": "Feature", "properties": { "osm_id": "806521343", "code": 2401, "fclass": "hotel", "name": "Tamaro" }, "geometry": { "type": "Point", "coordinates": [ 8.7695654, 46.1537001 ] } },
{ "type": "Feature", "properties": { "osm_id": "806539291", "code": 2401, "fclass": "hotel", "name": "Casa di Cura Andrea Cristoforo" }, "geometry": { "type": "Point", "coordinates": [ 8.7607461, 46.1553196 ] } },
{ "type": "Feature", "properties": { "osm_id": "806539304", "code": 2401, "fclass": "hotel", "name": "Michelangelo" }, "geometry": { "type": "Point", "coordinates": [ 8.7646145, 46.1571982 ] } },
{ "type": "Feature", "properties": { "osm_id": "806638272", "code": 2401, "fclass": "hotel", "name": "Hotel Dell'Angelo" }, "geometry": { "type": "Point", "coordinates": [ 8.7943592, 46.1686388 ] } },
{ "type": "Feature", "properties": { "osm_id": "806989802", "code": 2401, "fclass": "hotel", "name": "Novotel Suites Geneve Aeroport" }, "geometry": { "type": "Point", "coordinates": [ 6.1137257, 46.2207537 ] } },
{ "type": "Feature", "properties": { "osm_id": "807775994", "code": 2401, "fclass": "hotel", "name": "Golf-Hotel des Alpes" }, "geometry": { "type": "Point", "coordinates": [ 9.8691303, 46.5323015 ] } },
{ "type": "Feature", "properties": { "osm_id": "809818276", "code": 2401, "fclass": "hotel", "name": "Belvedere" }, "geometry": { "type": "Point", "coordinates": [ 8.7955947, 46.1729912 ] } },
{ "type": "Feature", "properties": { "osm_id": "813799808", "code": 2401, "fclass": "hotel", "name": "Hotel Generoso" }, "geometry": { "type": "Point", "coordinates": [ 9.4393469, 46.5586352 ] } },
{ "type": "Feature", "properties": { "osm_id": "814607285", "code": 2401, "fclass": "hotel", "name": "Splendide" }, "geometry": { "type": "Point", "coordinates": [ 7.1237841, 46.0258084 ] } },
{ "type": "Feature", "properties": { "osm_id": "814607298", "code": 2401, "fclass": "hotel", "name": "En Plein Air" }, "geometry": { "type": "Point", "coordinates": [ 7.1126256, 46.0311754 ] } },
{ "type": "Feature", "properties": { "osm_id": "814607513", "code": 2401, "fclass": "hotel", "name": "Hôtel du Glacier" }, "geometry": { "type": "Point", "coordinates": [ 7.1142824, 46.0310275 ] } },
{ "type": "Feature", "properties": { "osm_id": "814698079", "code": 2401, "fclass": "hotel", "name": "Griesalp Hotels - Grand Hotel" }, "geometry": { "type": "Point", "coordinates": [ 7.7612445, 46.5473192 ] } },
{ "type": "Feature", "properties": { "osm_id": "815033206", "code": 2401, "fclass": "hotel", "name": "Bären" }, "geometry": { "type": "Point", "coordinates": [ 7.5584232, 46.4923185 ] } },
{ "type": "Feature", "properties": { "osm_id": "817906187", "code": 2401, "fclass": "hotel", "name": "Villa d'Epoca" }, "geometry": { "type": "Point", "coordinates": [ 8.7265535, 46.2338192 ] } },
{ "type": "Feature", "properties": { "osm_id": "819630563", "code": 2401, "fclass": "hotel", "name": "Della Posta" }, "geometry": { "type": "Point", "coordinates": [ 8.7889461, 46.1737647 ] } },
{ "type": "Feature", "properties": { "osm_id": "821112063", "code": 2401, "fclass": "hotel", "name": "Stampa" }, "geometry": { "type": "Point", "coordinates": [ 9.6654799, 46.390567 ] } },
{ "type": "Feature", "properties": { "osm_id": "821855770", "code": 2401, "fclass": "hotel", "name": "La Grange" }, "geometry": { "type": "Point", "coordinates": [ 6.467367, 46.8187456 ] } },
{ "type": "Feature", "properties": { "osm_id": "821935900", "code": 2401, "fclass": "hotel", "name": "Swiss Diamond Hotel" }, "geometry": { "type": "Point", "coordinates": [ 8.9293922, 45.9330365 ] } },
{ "type": "Feature", "properties": { "osm_id": "823581573", "code": 2401, "fclass": "hotel", "name": "St. Johann" }, "geometry": { "type": "Point", "coordinates": [ 8.749871, 47.1259211 ] } },
{ "type": "Feature", "properties": { "osm_id": "823581634", "code": 2401, "fclass": "hotel", "name": "Aurora" }, "geometry": { "type": "Point", "coordinates": [ 8.7494025, 47.1280477 ] } },
{ "type": "Feature", "properties": { "osm_id": "829908710", "code": 2401, "fclass": "hotel", "name": "Villa del Sole" }, "geometry": { "type": "Point", "coordinates": [ 8.8552241, 45.9713446 ] } },
{ "type": "Feature", "properties": { "osm_id": "830515187", "code": 2401, "fclass": "hotel", "name": "Alte Post" }, "geometry": { "type": "Point", "coordinates": [ 9.399894, 46.8122664 ] } },
{ "type": "Feature", "properties": { "osm_id": "830517184", "code": 2401, "fclass": "hotel", "name": "Villa Artistica" }, "geometry": { "type": "Point", "coordinates": [ 9.3987201, 46.8016837 ] } },
{ "type": "Feature", "properties": { "osm_id": "831743719", "code": 2401, "fclass": "hotel", "name": "Champoussin Lodge" }, "geometry": { "type": "Point", "coordinates": [ 6.8641213, 46.2081681 ] } },
{ "type": "Feature", "properties": { "osm_id": "833320433", "code": 2401, "fclass": "hotel", "name": "Flurina" }, "geometry": { "type": "Point", "coordinates": [ 10.360299, 46.9439132 ] } },
{ "type": "Feature", "properties": { "osm_id": "833352391", "code": 2401, "fclass": "hotel", "name": "Elvezia al Lago" }, "geometry": { "type": "Point", "coordinates": [ 8.9932752, 46.0040516 ] } },
{ "type": "Feature", "properties": { "osm_id": "836762658", "code": 2401, "fclass": "hotel", "name": "Casa Santo Stefano" }, "geometry": { "type": "Point", "coordinates": [ 8.8566087, 46.0245814 ] } },
{ "type": "Feature", "properties": { "osm_id": "838559182", "code": 2401, "fclass": "hotel", "name": "Linde" }, "geometry": { "type": "Point", "coordinates": [ 8.9031059, 47.4886654 ] } },
{ "type": "Feature", "properties": { "osm_id": "840660145", "code": 2401, "fclass": "hotel", "name": "Domaine de Chateauvieux" }, "geometry": { "type": "Point", "coordinates": [ 6.0386806, 46.20152 ] } },
{ "type": "Feature", "properties": { "osm_id": "841975041", "code": 2401, "fclass": "hotel", "name": "Schwanen" }, "geometry": { "type": "Point", "coordinates": [ 8.4188804, 47.3900823 ] } },
{ "type": "Feature", "properties": { "osm_id": "842038851", "code": 2401, "fclass": "hotel", "name": "Amante" }, "geometry": { "type": "Point", "coordinates": [ 7.4998544, 46.9140794 ] } },
{ "type": "Feature", "properties": { "osm_id": "842198304", "code": 2401, "fclass": "hotel", "name": "Cristal" }, "geometry": { "type": "Point", "coordinates": [ 7.0007744, 47.2506582 ] } },
{ "type": "Feature", "properties": { "osm_id": "845686370", "code": 2401, "fclass": "hotel", "name": "Pöstli" }, "geometry": { "type": "Point", "coordinates": [ 9.695381, 46.4025425 ] } },
{ "type": "Feature", "properties": { "osm_id": "846567863", "code": 2401, "fclass": "hotel", "name": "Edelweiss Zermatt" }, "geometry": { "type": "Point", "coordinates": [ 7.7380779, 46.0222665 ] } },
{ "type": "Feature", "properties": { "osm_id": "847205691", "code": 2401, "fclass": "hotel", "name": "Krone" }, "geometry": { "type": "Point", "coordinates": [ 8.2461856, 46.8974003 ] } },
{ "type": "Feature", "properties": { "osm_id": "851027665", "code": 2401, "fclass": "hotel", "name": "Haus der Inspiration" }, "geometry": { "type": "Point", "coordinates": [ 8.946208, 47.0265686 ] } },
{ "type": "Feature", "properties": { "osm_id": "853253543", "code": 2401, "fclass": "hotel", "name": "Grächerhof" }, "geometry": { "type": "Point", "coordinates": [ 7.8401711, 46.1958711 ] } },
{ "type": "Feature", "properties": { "osm_id": "853253546", "code": 2401, "fclass": "hotel", "name": "Stutz" }, "geometry": { "type": "Point", "coordinates": [ 7.8428117, 46.2013375 ] } },
{ "type": "Feature", "properties": { "osm_id": "855322914", "code": 2401, "fclass": "hotel", "name": "Le Montbrillant" }, "geometry": { "type": "Point", "coordinates": [ 6.1418721, 46.2110272 ] } },
{ "type": "Feature", "properties": { "osm_id": "858391134", "code": 2401, "fclass": "hotel", "name": "Fletschhorn" }, "geometry": { "type": "Point", "coordinates": [ 7.9290772, 46.1236434 ] } },
{ "type": "Feature", "properties": { "osm_id": "858463695", "code": 2401, "fclass": "hotel", "name": "Bellaval" }, "geometry": { "type": "Point", "coordinates": [ 10.2893161, 46.7946783 ] } },
{ "type": "Feature", "properties": { "osm_id": "858650712", "code": 2401, "fclass": "hotel", "name": "Macun" }, "geometry": { "type": "Point", "coordinates": [ 10.4243787, 46.8691267 ] } },
{ "type": "Feature", "properties": { "osm_id": "858853978", "code": 2401, "fclass": "hotel", "name": "Zak Backpackers" }, "geometry": { "type": "Point", "coordinates": [ 8.6195096, 47.6817109 ] } },
{ "type": "Feature", "properties": { "osm_id": "860675231", "code": 2401, "fclass": "hotel", "name": "Les Sapins" }, "geometry": { "type": "Point", "coordinates": [ 6.913866, 46.479239 ] } },
{ "type": "Feature", "properties": { "osm_id": "861720524", "code": 2401, "fclass": "hotel", "name": "Hôtel de la gare" }, "geometry": { "type": "Point", "coordinates": [ 7.118405, 46.9647106 ] } },
{ "type": "Feature", "properties": { "osm_id": "861740862", "code": 2401, "fclass": "hotel", "name": "Royal Saint George" }, "geometry": { "type": "Point", "coordinates": [ 7.8627308, 46.6887017 ] } },
{ "type": "Feature", "properties": { "osm_id": "864521884", "code": 2401, "fclass": "hotel", "name": "Lärch" }, "geometry": { "type": "Point", "coordinates": [ 8.3260145, 46.5115483 ] } },
{ "type": "Feature", "properties": { "osm_id": "865090357", "code": 2401, "fclass": "hotel", "name": "Hallwyl" }, "geometry": { "type": "Point", "coordinates": [ 8.2009699, 47.324824 ] } },
{ "type": "Feature", "properties": { "osm_id": "865206936", "code": 2401, "fclass": "hotel", "name": "NH Fribourg" }, "geometry": { "type": "Point", "coordinates": [ 7.1534586, 46.80222 ] } },
{ "type": "Feature", "properties": { "osm_id": "870487402", "code": 2401, "fclass": "hotel", "name": "Auberge Communale de Meyrin" }, "geometry": { "type": "Point", "coordinates": [ 6.0733283, 46.2310869 ] } },
{ "type": "Feature", "properties": { "osm_id": "871159437", "code": 2401, "fclass": "hotel", "name": "Bärefläck" }, "geometry": { "type": "Point", "coordinates": [ 8.160465, 47.3487445 ] } },
{ "type": "Feature", "properties": { "osm_id": "872976266", "code": 2401, "fclass": "hotel", "name": "Art & Hotel Herberge" }, "geometry": { "type": "Point", "coordinates": [ 8.1142382, 47.3301272 ] } },
{ "type": "Feature", "properties": { "osm_id": "873634105", "code": 2401, "fclass": "hotel", "name": "Ochsen" }, "geometry": { "type": "Point", "coordinates": [ 8.180665, 47.3855895 ] } },
{ "type": "Feature", "properties": { "osm_id": "877232235", "code": 2401, "fclass": "hotel", "name": "Rossboden" }, "geometry": { "type": "Point", "coordinates": [ 9.1358907, 47.427087 ] } },
{ "type": "Feature", "properties": { "osm_id": "878597478", "code": 2401, "fclass": "hotel", "name": "Kreuz" }, "geometry": { "type": "Point", "coordinates": [ 7.9038703, 47.3500269 ] } },
{ "type": "Feature", "properties": { "osm_id": "885042458", "code": 2401, "fclass": "hotel", "name": "Bellevue Bären" }, "geometry": { "type": "Point", "coordinates": [ 7.7256516, 46.6607946 ] } },
{ "type": "Feature", "properties": { "osm_id": "885950733", "code": 2401, "fclass": "hotel", "name": "National" }, "geometry": { "type": "Point", "coordinates": [ 7.4371068, 46.9460693 ] } },
{ "type": "Feature", "properties": { "osm_id": "886981411", "code": 2401, "fclass": "hotel", "name": "Ristorante al Forno" }, "geometry": { "type": "Point", "coordinates": [ 8.8443555, 46.4240703 ] } },
{ "type": "Feature", "properties": { "osm_id": "888857713", "code": 2401, "fclass": "hotel", "name": "Weiss Kreuz" }, "geometry": { "type": "Point", "coordinates": [ 9.4396889, 46.6959275 ] } },
{ "type": "Feature", "properties": { "osm_id": "890627434", "code": 2401, "fclass": "hotel", "name": "Fasshotel" }, "geometry": { "type": "Point", "coordinates": [ 8.4282512, 47.6683324 ] } },
{ "type": "Feature", "properties": { "osm_id": "890727511", "code": 2401, "fclass": "hotel", "name": "Hôtel de France" }, "geometry": { "type": "Point", "coordinates": [ 6.503718, 46.8224794 ] } },
{ "type": "Feature", "properties": { "osm_id": "899211699", "code": 2401, "fclass": "hotel", "name": "Alpenhotel Schlüssel" }, "geometry": { "type": "Point", "coordinates": [ 8.5963031, 46.6344157 ] } },
{ "type": "Feature", "properties": { "osm_id": "899285918", "code": 2401, "fclass": "hotel", "name": "Neuhaus Golf- und Strandhotel" }, "geometry": { "type": "Point", "coordinates": [ 7.8177764, 46.6788311 ] } },
{ "type": "Feature", "properties": { "osm_id": "903624615", "code": 2401, "fclass": "hotel", "name": "Hotel Filli" }, "geometry": { "type": "Point", "coordinates": [ 10.2949642, 46.7945855 ] } },
{ "type": "Feature", "properties": { "osm_id": "904406106", "code": 2401, "fclass": "hotel", "name": "Weiss Kreuz" }, "geometry": { "type": "Point", "coordinates": [ 9.322408, 46.5536217 ] } },
{ "type": "Feature", "properties": { "osm_id": "905150772", "code": 2401, "fclass": "hotel", "name": "EasyHotel Zürich" }, "geometry": { "type": "Point", "coordinates": [ 8.5291133, 47.3782999 ] } },
{ "type": "Feature", "properties": { "osm_id": "905725733", "code": 2401, "fclass": "hotel", "name": "Brienzerburli" }, "geometry": { "type": "Point", "coordinates": [ 8.0253095, 46.7557918 ] } },
{ "type": "Feature", "properties": { "osm_id": "909028936", "code": 2401, "fclass": "hotel", "name": "Gasthaus Alpina" }, "geometry": { "type": "Point", "coordinates": [ 9.3884838, 46.6877507 ] } },
{ "type": "Feature", "properties": { "osm_id": "909203190", "code": 2401, "fclass": "hotel", "name": "Hotel Post" }, "geometry": { "type": "Point", "coordinates": [ 8.8548846, 46.6582239 ] } },
{ "type": "Feature", "properties": { "osm_id": "909222798", "code": 2401, "fclass": "hotel", "name": "Pensiun Alpina" }, "geometry": { "type": "Point", "coordinates": [ 9.1343293, 46.68326 ] } },
{ "type": "Feature", "properties": { "osm_id": "909421755", "code": 2401, "fclass": "hotel", "name": "Hotel Gletschergarten" }, "geometry": { "type": "Point", "coordinates": [ 7.9261007, 46.1083332 ] } },
{ "type": "Feature", "properties": { "osm_id": "910351757", "code": 2401, "fclass": "hotel", "name": "Les Rives du Doubs" }, "geometry": { "type": "Point", "coordinates": [ 6.6974709, 47.068325 ] } },
{ "type": "Feature", "properties": { "osm_id": "910972274", "code": 2401, "fclass": "hotel", "name": "Waldesruh" }, "geometry": { "type": "Point", "coordinates": [ 7.7087889, 46.2157061 ] } },
{ "type": "Feature", "properties": { "osm_id": "913057399", "code": 2401, "fclass": "hotel", "name": "Hôtel Astoria" }, "geometry": { "type": "Point", "coordinates": [ 6.1429333, 46.2088868 ] } },
{ "type": "Feature", "properties": { "osm_id": "913057402", "code": 2401, "fclass": "hotel", "name": "VisionApartments Hôtel Gare" }, "geometry": { "type": "Point", "coordinates": [ 6.1429923, 46.209005 ] } },
{ "type": "Feature", "properties": { "osm_id": "914703152", "code": 2401, "fclass": "hotel", "name": "The Yard" }, "geometry": { "type": "Point", "coordinates": [ 8.5276621, 47.3758989 ] } },
{ "type": "Feature", "properties": { "osm_id": "915920207", "code": 2401, "fclass": "hotel", "name": "Hillsite" }, "geometry": { "type": "Point", "coordinates": [ 9.2821802, 46.8346142 ] } },
{ "type": "Feature", "properties": { "osm_id": "915934757", "code": 2401, "fclass": "hotel", "name": "Hotel Bellevue" }, "geometry": { "type": "Point", "coordinates": [ 9.2831567, 46.8358945 ] } },
{ "type": "Feature", "properties": { "osm_id": "915968711", "code": 2401, "fclass": "hotel", "name": "Hotel Vorab" }, "geometry": { "type": "Point", "coordinates": [ 9.2882724, 46.8368155 ] } },
{ "type": "Feature", "properties": { "osm_id": "918416600", "code": 2401, "fclass": "hotel", "name": "Casa Caltgera" }, "geometry": { "type": "Point", "coordinates": [ 9.2568107, 46.7992238 ] } },
{ "type": "Feature", "properties": { "osm_id": "918754717", "code": 2401, "fclass": "hotel", "name": "Rössli" }, "geometry": { "type": "Point", "coordinates": [ 8.1147584, 46.7394666 ] } },
{ "type": "Feature", "properties": { "osm_id": "920491227", "code": 2401, "fclass": "hotel", "name": "Hotel Laret" }, "geometry": { "type": "Point", "coordinates": [ 10.3958601, 46.9595332 ] } },
{ "type": "Feature", "properties": { "osm_id": "920657560", "code": 2401, "fclass": "hotel", "name": "Fyrogenis Palace" }, "geometry": { "type": "Point", "coordinates": [ 9.1616696, 46.7897602 ] } },
{ "type": "Feature", "properties": { "osm_id": "922080796", "code": 2401, "fclass": "hotel", "name": "Montana" }, "geometry": { "type": "Point", "coordinates": [ 8.5352681, 47.3808121 ] } },
{ "type": "Feature", "properties": { "osm_id": "928017966", "code": 2401, "fclass": "hotel", "name": "Lake View" }, "geometry": { "type": "Point", "coordinates": [ 7.9297506, 46.7176445 ] } },
{ "type": "Feature", "properties": { "osm_id": "928189183", "code": 2401, "fclass": "hotel", "name": "Alpina" }, "geometry": { "type": "Point", "coordinates": [ 9.8815782, 46.8693524 ] } },
{ "type": "Feature", "properties": { "osm_id": "929434847", "code": 2401, "fclass": "hotel", "name": "Antica Osteria Dazio" }, "geometry": { "type": "Point", "coordinates": [ 8.6620394, 46.4436282 ] } },
{ "type": "Feature", "properties": { "osm_id": "930803304", "code": 2401, "fclass": "hotel", "name": "Athmos" }, "geometry": { "type": "Point", "coordinates": [ 6.8272198, 47.1008667 ] } },
{ "type": "Feature", "properties": { "osm_id": "936343692", "code": 2401, "fclass": "hotel", "name": "Rigi Kulm" }, "geometry": { "type": "Point", "coordinates": [ 8.4840774, 47.0558411 ] } },
{ "type": "Feature", "properties": { "osm_id": "939048298", "code": 2401, "fclass": "hotel", "name": "El Mexicano" }, "geometry": { "type": "Point", "coordinates": [ 7.5366033, 47.2075725 ] } },
{ "type": "Feature", "properties": { "osm_id": "948598189", "code": 2401, "fclass": "hotel", "name": "Schützen" }, "geometry": { "type": "Point", "coordinates": [ 7.907235, 46.5948963 ] } },
{ "type": "Feature", "properties": { "osm_id": "951511082", "code": 2401, "fclass": "hotel", "name": "Parkhotel Delta" }, "geometry": { "type": "Point", "coordinates": [ 8.7834884, 46.1602601 ] } },
{ "type": "Feature", "properties": { "osm_id": "951878540", "code": 2401, "fclass": "hotel", "name": "Silberhorn" }, "geometry": { "type": "Point", "coordinates": [ 7.9067155, 46.598362 ] } },
{ "type": "Feature", "properties": { "osm_id": "951878558", "code": 2401, "fclass": "hotel", "name": "Oberland" }, "geometry": { "type": "Point", "coordinates": [ 7.9073139, 46.5956397 ] } },
{ "type": "Feature", "properties": { "osm_id": "951900520", "code": 2401, "fclass": "hotel", "name": "Chalet im Rohr" }, "geometry": { "type": "Point", "coordinates": [ 7.9081266, 46.5930763 ] } },
{ "type": "Feature", "properties": { "osm_id": "954628067", "code": 2401, "fclass": "hotel", "name": "Jungfrau" }, "geometry": { "type": "Point", "coordinates": [ 7.907101, 46.5939409 ] } },
{ "type": "Feature", "properties": { "osm_id": "955022402", "code": 2401, "fclass": "hotel", "name": "Staubbach" }, "geometry": { "type": "Point", "coordinates": [ 7.9077477, 46.5932901 ] } },
{ "type": "Feature", "properties": { "osm_id": "955022409", "code": 2401, "fclass": "hotel", "name": "Hotel Horner" }, "geometry": { "type": "Point", "coordinates": [ 7.9073447, 46.5925169 ] } },
{ "type": "Feature", "properties": { "osm_id": "961764434", "code": 2401, "fclass": "hotel", "name": "Sternen" }, "geometry": { "type": "Point", "coordinates": [ 7.5983259, 47.1750568 ] } },
{ "type": "Feature", "properties": { "osm_id": "961780291", "code": 2401, "fclass": "hotel", "name": "Hotel Restaurant Morgarten" }, "geometry": { "type": "Point", "coordinates": [ 8.6403463, 47.1035749 ] } },
{ "type": "Feature", "properties": { "osm_id": "963198493", "code": 2401, "fclass": "hotel", "name": "Freihof" }, "geometry": { "type": "Point", "coordinates": [ 8.5780119, 47.138041 ] } },
{ "type": "Feature", "properties": { "osm_id": "963918234", "code": 2401, "fclass": "hotel", "name": "Pensiunina" }, "geometry": { "type": "Point", "coordinates": [ 10.3372523, 46.8169647 ] } },
{ "type": "Feature", "properties": { "osm_id": "973010100", "code": 2401, "fclass": "hotel", "name": "Bel'Espérance" }, "geometry": { "type": "Point", "coordinates": [ 6.1507766, 46.2013889 ] } },
{ "type": "Feature", "properties": { "osm_id": "978423717", "code": 2401, "fclass": "hotel", "name": "Hotel Beatenberg Fassbind" }, "geometry": { "type": "Point", "coordinates": [ 7.8109735, 46.7023086 ] } },
{ "type": "Feature", "properties": { "osm_id": "980853268", "code": 2401, "fclass": "hotel", "name": "Hôtel de la Couronne" }, "geometry": { "type": "Point", "coordinates": [ 7.1558026, 47.365851 ] } },
{ "type": "Feature", "properties": { "osm_id": "981232970", "code": 2401, "fclass": "hotel", "name": "Hotel Swiss Die Krone" }, "geometry": { "type": "Point", "coordinates": [ 9.1752765, 47.6472359 ] } },
{ "type": "Feature", "properties": { "osm_id": "982616241", "code": 2401, "fclass": "hotel", "name": "Cresta" }, "geometry": { "type": "Point", "coordinates": [ 9.836959, 46.8021515 ] } },
{ "type": "Feature", "properties": { "osm_id": "986527609", "code": 2401, "fclass": "hotel", "name": "Anker" }, "geometry": { "type": "Point", "coordinates": [ 8.3040602, 47.0480566 ] } },
{ "type": "Feature", "properties": { "osm_id": "986991474", "code": 2401, "fclass": "hotel", "name": "Aspen Hotel" }, "geometry": { "type": "Point", "coordinates": [ 8.0056956, 46.6190463 ] } },
{ "type": "Feature", "properties": { "osm_id": "989264569", "code": 2401, "fclass": "hotel", "name": "Seminarhotel Lihn" }, "geometry": { "type": "Point", "coordinates": [ 9.1270357, 47.1231206 ] } },
{ "type": "Feature", "properties": { "osm_id": "996908091", "code": 2401, "fclass": "hotel", "name": "Postigliun Restaurant Pizzeria Hotel" }, "geometry": { "type": "Point", "coordinates": [ 8.775531, 46.6805441 ] } },
{ "type": "Feature", "properties": { "osm_id": "997963580", "code": 2401, "fclass": "hotel", "name": "Astoria" }, "geometry": { "type": "Point", "coordinates": [ 7.7488454, 46.0188368 ] } },
{ "type": "Feature", "properties": { "osm_id": "1005672317", "code": 2401, "fclass": "hotel", "name": "Hotel Garni Altstadt" }, "geometry": { "type": "Point", "coordinates": [ 7.0960254, 47.0448 ] } },
{ "type": "Feature", "properties": { "osm_id": "1005732686", "code": 2401, "fclass": "hotel", "name": "Hotel Restaurant Kreuz" }, "geometry": { "type": "Point", "coordinates": [ 7.105855, 47.0061199 ] } },
{ "type": "Feature", "properties": { "osm_id": "1012265347", "code": 2401, "fclass": "hotel", "name": "Restaurant de l'Aigle Noir" }, "geometry": { "type": "Point", "coordinates": [ 7.0663904, 46.7687034 ] } },
{ "type": "Feature", "properties": { "osm_id": "1014498846", "code": 2401, "fclass": "hotel", "name": "L'Escale" }, "geometry": { "type": "Point", "coordinates": [ 7.2146048, 46.0811291 ] } },
{ "type": "Feature", "properties": { "osm_id": "1016121531", "code": 2401, "fclass": "hotel", "name": "Le Catogne, Gîte Restaurant" }, "geometry": { "type": "Point", "coordinates": [ 7.1499527, 46.0533772 ] } },
{ "type": "Feature", "properties": { "osm_id": "1017726333", "code": 2401, "fclass": "hotel", "name": "Hôtel Bernina" }, "geometry": { "type": "Point", "coordinates": [ 6.1442685, 46.2102533 ] } },
{ "type": "Feature", "properties": { "osm_id": "1019965162", "code": 2401, "fclass": "hotel", "name": "Jura" }, "geometry": { "type": "Point", "coordinates": [ 7.2832918, 47.1236767 ] } },
{ "type": "Feature", "properties": { "osm_id": "1027856138", "code": 2401, "fclass": "hotel", "name": "Hirschen" }, "geometry": { "type": "Point", "coordinates": [ 7.7861982, 46.9401363 ] } },
{ "type": "Feature", "properties": { "osm_id": "1027856364", "code": 2401, "fclass": "hotel", "name": "Emmenthal" }, "geometry": { "type": "Point", "coordinates": [ 7.7872197, 46.9383354 ] } },
{ "type": "Feature", "properties": { "osm_id": "1031134858", "code": 2401, "fclass": "hotel", "name": "Hotel Albert" }, "geometry": { "type": "Point", "coordinates": [ 8.648344, 46.8267 ] } },
{ "type": "Feature", "properties": { "osm_id": "1032168903", "code": 2401, "fclass": "hotel", "name": "Zum Bären" }, "geometry": { "type": "Point", "coordinates": [ 8.8525855, 47.1928049 ] } },
{ "type": "Feature", "properties": { "osm_id": "1041288496", "code": 2401, "fclass": "hotel", "name": "Ibis" }, "geometry": { "type": "Point", "coordinates": [ 7.5847897, 47.5467527 ] } },
{ "type": "Feature", "properties": { "osm_id": "1044345123", "code": 2401, "fclass": "hotel", "name": "Greenhome" }, "geometry": { "type": "Point", "coordinates": [ 7.6544003, 47.598095 ] } },
{ "type": "Feature", "properties": { "osm_id": "1055146602", "code": 2401, "fclass": "hotel", "name": "Hotel Löwen am See" }, "geometry": { "type": "Point", "coordinates": [ 8.514972, 47.1671221 ] } },
{ "type": "Feature", "properties": { "osm_id": "1055370661", "code": 2401, "fclass": "hotel", "name": "Le Chalet de Flore" }, "geometry": { "type": "Point", "coordinates": [ 7.231397, 46.0944291 ] } },
{ "type": "Feature", "properties": { "osm_id": "1057705584", "code": 2401, "fclass": "hotel", "name": "Cheval Blanc" }, "geometry": { "type": "Point", "coordinates": [ 6.9868091, 47.0127847 ] } },
{ "type": "Feature", "properties": { "osm_id": "1060256103", "code": 2401, "fclass": "hotel", "name": "Holiday Inn Express Zürich Airport" }, "geometry": { "type": "Point", "coordinates": [ 8.537155, 47.4518561 ] } },
{ "type": "Feature", "properties": { "osm_id": "1075617125", "code": 2401, "fclass": "hotel", "name": "Grand Hôtel" }, "geometry": { "type": "Point", "coordinates": [ 7.098682, 45.9358046 ] } },
{ "type": "Feature", "properties": { "osm_id": "1075617147", "code": 2401, "fclass": "hotel", "name": "Auberge des Glaciers" }, "geometry": { "type": "Point", "coordinates": [ 7.0988811, 45.9323975 ] } },
{ "type": "Feature", "properties": { "osm_id": "1075617264", "code": 2401, "fclass": "hotel", "name": "Gîte de la Fouly" }, "geometry": { "type": "Point", "coordinates": [ 7.098491, 45.9330899 ] } },
{ "type": "Feature", "properties": { "osm_id": "1077327027", "code": 2401, "fclass": "hotel", "name": "Seminarhotel Sempachersee" }, "geometry": { "type": "Point", "coordinates": [ 8.1287302, 47.1401011 ] } },
{ "type": "Feature", "properties": { "osm_id": "1078852294", "code": 2401, "fclass": "hotel", "name": "Post" }, "geometry": { "type": "Point", "coordinates": [ 8.8122982, 47.0972454 ] } },
{ "type": "Feature", "properties": { "osm_id": "1082776773", "code": 2401, "fclass": "hotel", "name": "Hotel Cacciatori" }, "geometry": { "type": "Point", "coordinates": [ 8.8856719, 46.0230377 ] } },
{ "type": "Feature", "properties": { "osm_id": "1083482527", "code": 2401, "fclass": "hotel", "name": "Pradotel" }, "geometry": { "type": "Point", "coordinates": [ 9.5384468, 46.7813103 ] } },
{ "type": "Feature", "properties": { "osm_id": "1086133160", "code": 2401, "fclass": "hotel", "name": "De la Paix" }, "geometry": { "type": "Point", "coordinates": [ 7.8539305, 46.6803171 ] } },
{ "type": "Feature", "properties": { "osm_id": "1098000798", "code": 2401, "fclass": "hotel", "name": "Heiti" }, "geometry": { "type": "Point", "coordinates": [ 7.2631436, 46.3818514 ] } },
{ "type": "Feature", "properties": { "osm_id": "1108330532", "code": 2401, "fclass": "hotel", "name": "Berghotel Langis" }, "geometry": { "type": "Point", "coordinates": [ 8.1264502, 46.8933955 ] } },
{ "type": "Feature", "properties": { "osm_id": "1123701000", "code": 2401, "fclass": "hotel", "name": "Hotel Edi" }, "geometry": { "type": "Point", "coordinates": [ 10.3979778, 46.9598139 ] } },
{ "type": "Feature", "properties": { "osm_id": "1137955240", "code": 2401, "fclass": "hotel", "name": "Le Giétroz" }, "geometry": { "type": "Point", "coordinates": [ 7.2130502, 46.0813137 ] } },
{ "type": "Feature", "properties": { "osm_id": "1138748834", "code": 2401, "fclass": "hotel", "name": "Stanserhof" }, "geometry": { "type": "Point", "coordinates": [ 8.3639551, 46.9588182 ] } },
{ "type": "Feature", "properties": { "osm_id": "1140865638", "code": 2401, "fclass": "hotel", "name": "Les Crosets Mountain Lodge" }, "geometry": { "type": "Point", "coordinates": [ 6.8370647, 46.184131 ] } },
{ "type": "Feature", "properties": { "osm_id": "1140895920", "code": 2401, "fclass": "hotel", "name": "Hotel L'Etable" }, "geometry": { "type": "Point", "coordinates": [ 6.8374862, 46.18443 ] } },
{ "type": "Feature", "properties": { "osm_id": "1140984896", "code": 2401, "fclass": "hotel", "name": "Engel" }, "geometry": { "type": "Point", "coordinates": [ 8.3659503, 46.9575431 ] } },
{ "type": "Feature", "properties": { "osm_id": "1140996395", "code": 2401, "fclass": "hotel", "name": "L'Oasis" }, "geometry": { "type": "Point", "coordinates": [ 7.0263593, 46.1654428 ] } },
{ "type": "Feature", "properties": { "osm_id": "1145078696", "code": 2401, "fclass": "hotel", "name": "Ackersand" }, "geometry": { "type": "Point", "coordinates": [ 7.8748607, 46.241648 ] } },
{ "type": "Feature", "properties": { "osm_id": "1146027191", "code": 2401, "fclass": "hotel", "name": "Landgasthof" }, "geometry": { "type": "Point", "coordinates": [ 7.9351521, 46.8021822 ] } },
{ "type": "Feature", "properties": { "osm_id": "1151988629", "code": 2401, "fclass": "hotel", "name": "Boutique-Hotel Schlüssel" }, "geometry": { "type": "Point", "coordinates": [ 8.4598677, 46.9678598 ] } },
{ "type": "Feature", "properties": { "osm_id": "1151988796", "code": 2401, "fclass": "hotel", "name": "Rössli" }, "geometry": { "type": "Point", "coordinates": [ 8.4748943, 46.9671642 ] } },
{ "type": "Feature", "properties": { "osm_id": "1152727989", "code": 2401, "fclass": "hotel", "name": "Rätia" }, "geometry": { "type": "Point", "coordinates": [ 9.2044352, 46.7748718 ] } },
{ "type": "Feature", "properties": { "osm_id": "1163296933", "code": 2401, "fclass": "hotel", "name": "Hotel Alpha" }, "geometry": { "type": "Point", "coordinates": [ 7.8405992, 46.1978731 ] } },
{ "type": "Feature", "properties": { "osm_id": "1163550441", "code": 2401, "fclass": "hotel", "name": "Stella" }, "geometry": { "type": "Point", "coordinates": [ 7.8568607, 46.6832659 ] } },
{ "type": "Feature", "properties": { "osm_id": "1168310730", "code": 2401, "fclass": "hotel", "name": null }, "geometry": { "type": "Point", "coordinates": [ 7.064606, 47.0525484 ] } },
{ "type": "Feature", "properties": { "osm_id": "1168515261", "code": 2401, "fclass": "hotel", "name": "Hôtel Les Arcades" }, "geometry": { "type": "Point", "coordinates": [ 6.1437875, 46.2098153 ] } },
{ "type": "Feature", "properties": { "osm_id": "1170039634", "code": 2401, "fclass": "hotel", "name": "Hôtel Montana" }, "geometry": { "type": "Point", "coordinates": [ 6.1448821, 46.2099219 ] } },
{ "type": "Feature", "properties": { "osm_id": "1170039650", "code": 2401, "fclass": "hotel", "name": "Hôtel des Alpes" }, "geometry": { "type": "Point", "coordinates": [ 6.1454067, 46.2099824 ] } },
{ "type": "Feature", "properties": { "osm_id": "1170050774", "code": 2401, "fclass": "hotel", "name": "Hôtel Le Square" }, "geometry": { "type": "Point", "coordinates": [ 6.14441, 46.2098904 ] } },
{ "type": "Feature", "properties": { "osm_id": "1177806518", "code": 2401, "fclass": "hotel", "name": "Gästehaus Nidelbad" }, "geometry": { "type": "Point", "coordinates": [ 8.5488582, 47.3057838 ] } },
{ "type": "Feature", "properties": { "osm_id": "1193218657", "code": 2401, "fclass": "hotel", "name": "Mercure Stoller Zürich" }, "geometry": { "type": "Point", "coordinates": [ 8.5091646, 47.3785429 ] } },
{ "type": "Feature", "properties": { "osm_id": "1198613203", "code": 2401, "fclass": "hotel", "name": "Iglu Dorf" }, "geometry": { "type": "Point", "coordinates": [ 9.8050762, 46.8363176 ] } },
{ "type": "Feature", "properties": { "osm_id": "1217583221", "code": 2401, "fclass": "hotel", "name": "Hotel Aarehof" }, "geometry": { "type": "Point", "coordinates": [ 8.1636957, 47.4150379 ] } },
{ "type": "Feature", "properties": { "osm_id": "1231588382", "code": 2401, "fclass": "hotel", "name": "Restaurant de la Gare" }, "geometry": { "type": "Point", "coordinates": [ 6.997436, 47.2555047 ] } },
{ "type": "Feature", "properties": { "osm_id": "1234120659", "code": 2401, "fclass": "hotel", "name": "Hotel Central" }, "geometry": { "type": "Point", "coordinates": [ 8.3077724, 47.0492502 ] } },
{ "type": "Feature", "properties": { "osm_id": "1236650143", "code": 2401, "fclass": "hotel", "name": "Hofgarten" }, "geometry": { "type": "Point", "coordinates": [ 8.3125043, 47.055824 ] } },
{ "type": "Feature", "properties": { "osm_id": "1236650540", "code": 2401, "fclass": "hotel", "name": "Rebstock" }, "geometry": { "type": "Point", "coordinates": [ 8.3126346, 47.0551687 ] } },
{ "type": "Feature", "properties": { "osm_id": "1237010571", "code": 2401, "fclass": "hotel", "name": "Selda's" }, "geometry": { "type": "Point", "coordinates": [ 8.6317089, 47.6985958 ] } },
{ "type": "Feature", "properties": { "osm_id": "1238264910", "code": 2401, "fclass": "hotel", "name": "de la Balance" }, "geometry": { "type": "Point", "coordinates": [ 6.9969437, 47.2081126 ] } },
{ "type": "Feature", "properties": { "osm_id": "1247696259", "code": 2401, "fclass": "hotel", "name": "Donatz" }, "geometry": { "type": "Point", "coordinates": [ 9.8716507, 46.5350916 ] } },
{ "type": "Feature", "properties": { "osm_id": "1247800835", "code": 2401, "fclass": "hotel", "name": "La Soglina" }, "geometry": { "type": "Point", "coordinates": [ 9.5379796, 46.3425546 ] } },
{ "type": "Feature", "properties": { "osm_id": "1247800843", "code": 2401, "fclass": "hotel", "name": "Stüa Granda" }, "geometry": { "type": "Point", "coordinates": [ 9.5389899, 46.3410938 ] } },
{ "type": "Feature", "properties": { "osm_id": "1250893522", "code": 2401, "fclass": "hotel", "name": "Hotel Guggital" }, "geometry": { "type": "Point", "coordinates": [ 8.5189474, 47.1570434 ] } },
{ "type": "Feature", "properties": { "osm_id": "1255203847", "code": 2401, "fclass": "hotel", "name": "Piz Mundaun" }, "geometry": { "type": "Point", "coordinates": [ 9.1795046, 46.7296357 ] } },
{ "type": "Feature", "properties": { "osm_id": "1256586103", "code": 2401, "fclass": "hotel", "name": "Löwen Apartments" }, "geometry": { "type": "Point", "coordinates": [ 7.4522525, 47.0195078 ] } },
{ "type": "Feature", "properties": { "osm_id": "1260084482", "code": 2401, "fclass": "hotel", "name": "Hotel Diana" }, "geometry": { "type": "Point", "coordinates": [ 7.3868921, 46.5180507 ] } },
{ "type": "Feature", "properties": { "osm_id": "1265552223", "code": 2401, "fclass": "hotel", "name": "Victoria" }, "geometry": { "type": "Point", "coordinates": [ 7.5906418, 47.547762 ] } },
{ "type": "Feature", "properties": { "osm_id": "1265552241", "code": 2401, "fclass": "hotel", "name": "Gaia" }, "geometry": { "type": "Point", "coordinates": [ 7.5911179, 47.5474597 ] } },
{ "type": "Feature", "properties": { "osm_id": "1278222632", "code": 2401, "fclass": "hotel", "name": "Hotel-Restaurant La Werdtberg" }, "geometry": { "type": "Point", "coordinates": [ 7.2266866, 47.2061386 ] } },
{ "type": "Feature", "properties": { "osm_id": "1284099479", "code": 2401, "fclass": "hotel", "name": "Hôtel de La Chaux-d'Abel" }, "geometry": { "type": "Point", "coordinates": [ 6.9129095, 47.1510117 ] } },
{ "type": "Feature", "properties": { "osm_id": "1284115996", "code": 2401, "fclass": "hotel", "name": "Hôtel du Soleil" }, "geometry": { "type": "Point", "coordinates": [ 6.9569351, 47.2245363 ] } },
{ "type": "Feature", "properties": { "osm_id": "1284564620", "code": 2401, "fclass": "hotel", "name": "Edelweiss" }, "geometry": { "type": "Point", "coordinates": [ 7.0983072, 45.933717 ] } },
{ "type": "Feature", "properties": { "osm_id": "1286683109", "code": 2401, "fclass": "hotel", "name": "Appart‧hōtel Nonanteneuf" }, "geometry": { "type": "Point", "coordinates": [ 6.1421761, 46.197101 ] } },
{ "type": "Feature", "properties": { "osm_id": "1288864834", "code": 2401, "fclass": "hotel", "name": "Ibis" }, "geometry": { "type": "Point", "coordinates": [ 6.138364, 46.2078053 ] } },
{ "type": "Feature", "properties": { "osm_id": "1292171206", "code": 2401, "fclass": "hotel", "name": "Hotel Drei Könige" }, "geometry": { "type": "Point", "coordinates": [ 8.3006894, 47.049604 ] } },
{ "type": "Feature", "properties": { "osm_id": "1296522468", "code": 2401, "fclass": "hotel", "name": "NH Bern The Bristol" }, "geometry": { "type": "Point", "coordinates": [ 7.4425105, 46.947538 ] } },
{ "type": "Feature", "properties": { "osm_id": "1306684195", "code": 2401, "fclass": "hotel", "name": "Vereina" }, "geometry": { "type": "Point", "coordinates": [ 9.8839572, 46.8675463 ] } },
{ "type": "Feature", "properties": { "osm_id": "1306684197", "code": 2401, "fclass": "hotel", "name": "Silvretta Parkhotel" }, "geometry": { "type": "Point", "coordinates": [ 9.8816505, 46.8660206 ] } },
{ "type": "Feature", "properties": { "osm_id": "1306684268", "code": 2401, "fclass": "hotel", "name": "Piz Buin" }, "geometry": { "type": "Point", "coordinates": [ 9.8820797, 46.8665854 ] } },
{ "type": "Feature", "properties": { "osm_id": "1308251840", "code": 2401, "fclass": "hotel", "name": "The Hotel" }, "geometry": { "type": "Point", "coordinates": [ 8.3078026, 47.0479754 ] } },
{ "type": "Feature", "properties": { "osm_id": "1309304675", "code": 2401, "fclass": "hotel", "name": "La Réserve" }, "geometry": { "type": "Point", "coordinates": [ 7.8005525, 46.1715634 ] } },
{ "type": "Feature", "properties": { "osm_id": "1312973260", "code": 2401, "fclass": "hotel", "name": "Hofmatt" }, "geometry": { "type": "Point", "coordinates": [ 7.618128, 47.5199139 ] } },
{ "type": "Feature", "properties": { "osm_id": "1313540264", "code": 2401, "fclass": "hotel", "name": "Hotel Sonne" }, "geometry": { "type": "Point", "coordinates": [ 9.7651244, 46.4142143 ] } },
{ "type": "Feature", "properties": { "osm_id": "1315120056", "code": 2401, "fclass": "hotel", "name": "Arlas" }, "geometry": { "type": "Point", "coordinates": [ 9.7948804, 46.4589084 ] } },
{ "type": "Feature", "properties": { "osm_id": "1322937233", "code": 2401, "fclass": "hotel", "name": "Ristorante All'Acqua" }, "geometry": { "type": "Point", "coordinates": [ 8.4751404, 46.4870918 ] } },
{ "type": "Feature", "properties": { "osm_id": "1324575092", "code": 2401, "fclass": "hotel", "name": "Skihütte Schwand" }, "geometry": { "type": "Point", "coordinates": [ 8.0386961, 46.8110074 ] } },
{ "type": "Feature", "properties": { "osm_id": "1326829554", "code": 2401, "fclass": "hotel", "name": "Bellevue" }, "geometry": { "type": "Point", "coordinates": [ 7.8525142, 46.6862648 ] } },
{ "type": "Feature", "properties": { "osm_id": "1326829555", "code": 2401, "fclass": "hotel", "name": "Hotel Goldey" }, "geometry": { "type": "Point", "coordinates": [ 7.853715, 46.6892261 ] } },
{ "type": "Feature", "properties": { "osm_id": "1327372522", "code": 2401, "fclass": "hotel", "name": "Albergo Basodino" }, "geometry": { "type": "Point", "coordinates": [ 8.5262508, 46.4086965 ] } },
{ "type": "Feature", "properties": { "osm_id": "1329348620", "code": 2401, "fclass": "hotel", "name": "First" }, "geometry": { "type": "Point", "coordinates": [ 8.7364363, 47.1894518 ] } },
{ "type": "Feature", "properties": { "osm_id": "1332645151", "code": 2401, "fclass": "hotel", "name": "Panorama Resort & Spa" }, "geometry": { "type": "Point", "coordinates": [ 8.7370851, 47.1860122 ] } },
{ "type": "Feature", "properties": { "osm_id": "1340903289", "code": 2401, "fclass": "hotel", "name": null }, "geometry": { "type": "Point", "coordinates": [ 8.669833, 46.8640861 ] } },
{ "type": "Feature", "properties": { "osm_id": "1347329083", "code": 2401, "fclass": "hotel", "name": "Sonne" }, "geometry": { "type": "Point", "coordinates": [ 7.9710589, 47.2473047 ] } },
{ "type": "Feature", "properties": { "osm_id": "1348523756", "code": 2401, "fclass": "hotel", "name": "Kreuz" }, "geometry": { "type": "Point", "coordinates": [ 7.5376825, 47.2067438 ] } },
{ "type": "Feature", "properties": { "osm_id": "1348527497", "code": 2401, "fclass": "hotel", "name": "Hotel an der Aare" }, "geometry": { "type": "Point", "coordinates": [ 7.5357486, 47.2049745 ] } },
{ "type": "Feature", "properties": { "osm_id": "1351448458", "code": 2401, "fclass": "hotel", "name": "Casa Alva" }, "geometry": { "type": "Point", "coordinates": [ 9.3616438, 46.8277907 ] } },
{ "type": "Feature", "properties": { "osm_id": "1354607259", "code": 2401, "fclass": "hotel", "name": "Forum" }, "geometry": { "type": "Point", "coordinates": [ 9.6335853, 47.4059955 ] } },
{ "type": "Feature", "properties": { "osm_id": "1357201359", "code": 2401, "fclass": "hotel", "name": "Berghaus Niesen" }, "geometry": { "type": "Point", "coordinates": [ 7.6512828, 46.6450011 ] } },
{ "type": "Feature", "properties": { "osm_id": "1363050798", "code": 2401, "fclass": "hotel", "name": "AMERON Zürich Bellerive au Lac" }, "geometry": { "type": "Point", "coordinates": [ 8.5475908, 47.3622444 ] } },
{ "type": "Feature", "properties": { "osm_id": "1365792564", "code": 2401, "fclass": "hotel", "name": "Hotel Astoria" }, "geometry": { "type": "Point", "coordinates": [ 8.3056813, 47.0480783 ] } },
{ "type": "Feature", "properties": { "osm_id": "1366838543", "code": 2401, "fclass": "hotel", "name": "Albergo al Giardinetto" }, "geometry": { "type": "Point", "coordinates": [ 8.9696226, 46.3596913 ] } },
{ "type": "Feature", "properties": { "osm_id": "1366919274", "code": 2401, "fclass": "hotel", "name": "Ucliva" }, "geometry": { "type": "Point", "coordinates": [ 9.1033365, 46.7763903 ] } },
{ "type": "Feature", "properties": { "osm_id": "1369982004", "code": 2401, "fclass": "hotel", "name": "Hotel Restaurant Schäfli" }, "geometry": { "type": "Point", "coordinates": [ 9.1481204, 47.1489384 ] } },
{ "type": "Feature", "properties": { "osm_id": "1372260625", "code": 2401, "fclass": "hotel", "name": "La Couronne" }, "geometry": { "type": "Point", "coordinates": [ 7.038829, 47.2410534 ] } },
{ "type": "Feature", "properties": { "osm_id": "1374488190", "code": 2401, "fclass": "hotel", "name": "Salastrains" }, "geometry": { "type": "Point", "coordinates": [ 9.8276692, 46.4993433 ] } },
{ "type": "Feature", "properties": { "osm_id": "1378085304", "code": 2401, "fclass": "hotel", "name": "Hotel Steinmattli" }, "geometry": { "type": "Point", "coordinates": [ 7.555973, 46.4892051 ] } },
{ "type": "Feature", "properties": { "osm_id": "1389366854", "code": 2401, "fclass": "hotel", "name": "Hôtel Hermitage" }, "geometry": { "type": "Point", "coordinates": [ 7.4939321, 46.1137134 ] } },
{ "type": "Feature", "properties": { "osm_id": "1389366862", "code": 2401, "fclass": "hotel", "name": "Pension Evolène" }, "geometry": { "type": "Point", "coordinates": [ 7.4963819, 46.1125698 ] } },
{ "type": "Feature", "properties": { "osm_id": "1389389517", "code": 2401, "fclass": "hotel", "name": "Casa Moscia" }, "geometry": { "type": "Point", "coordinates": [ 8.748419, 46.1513496 ] } },
{ "type": "Feature", "properties": { "osm_id": "1389549982", "code": 2401, "fclass": "hotel", "name": "Hôtel Eden" }, "geometry": { "type": "Point", "coordinates": [ 7.4927457, 46.1141639 ] } },
{ "type": "Feature", "properties": { "osm_id": "1390035597", "code": 2401, "fclass": "hotel", "name": "Restaurant de la Croix Blanche" }, "geometry": { "type": "Point", "coordinates": [ 6.5136401, 46.6589668 ] } },
{ "type": "Feature", "properties": { "osm_id": "1391344432", "code": 2401, "fclass": "hotel", "name": "EMA House Hotel Suites" }, "geometry": { "type": "Point", "coordinates": [ 8.5403011, 47.3836354 ] } },
{ "type": "Feature", "properties": { "osm_id": "1392528866", "code": 2401, "fclass": "hotel", "name": "Hôtel Edelweiss" }, "geometry": { "type": "Point", "coordinates": [ 7.5093081, 46.0826988 ] } },
{ "type": "Feature", "properties": { "osm_id": "1392528875", "code": 2401, "fclass": "hotel", "name": "Hôtel Les Mélezes" }, "geometry": { "type": "Point", "coordinates": [ 7.5091201, 46.0843761 ] } },
{ "type": "Feature", "properties": { "osm_id": "1392528911", "code": 2401, "fclass": "hotel", "name": "Hôtel Veisivi" }, "geometry": { "type": "Point", "coordinates": [ 7.509219, 46.0834124 ] } },
{ "type": "Feature", "properties": { "osm_id": "1394617402", "code": 2401, "fclass": "hotel", "name": "Hôtel Garni Artzinol" }, "geometry": { "type": "Point", "coordinates": [ 7.4960129, 46.1126663 ] } },
{ "type": "Feature", "properties": { "osm_id": "1398643207", "code": 2401, "fclass": "hotel", "name": "Hôtel-Restaurant de la Tza" }, "geometry": { "type": "Point", "coordinates": [ 7.4855603, 46.0302822 ] } },
{ "type": "Feature", "properties": { "osm_id": "1399686227", "code": 2401, "fclass": "hotel", "name": "Hôtel du Pigne" }, "geometry": { "type": "Point", "coordinates": [ 7.4811312, 46.0259913 ] } },
{ "type": "Feature", "properties": { "osm_id": "1400081756", "code": 2401, "fclass": "hotel", "name": null }, "geometry": { "type": "Point", "coordinates": [ 8.277702, 47.0344017 ] } },
{ "type": "Feature", "properties": { "osm_id": "1406769277", "code": 2401, "fclass": "hotel", "name": "Hirschen" }, "geometry": { "type": "Point", "coordinates": [ 7.8706885, 46.6655174 ] } },
{ "type": "Feature", "properties": { "osm_id": "1407549881", "code": 2401, "fclass": "hotel", "name": "Hotel Alpha" }, "geometry": { "type": "Point", "coordinates": [ 8.3013983, 47.04698 ] } },
{ "type": "Feature", "properties": { "osm_id": "1410367479", "code": 2401, "fclass": "hotel", "name": "Löwen" }, "geometry": { "type": "Point", "coordinates": [ 7.9336668, 46.9137017 ] } },
{ "type": "Feature", "properties": { "osm_id": "1411179152", "code": 2401, "fclass": "hotel", "name": null }, "geometry": { "type": "Point", "coordinates": [ 7.4658287, 46.1544804 ] } },
{ "type": "Feature", "properties": { "osm_id": "1411264386", "code": 2401, "fclass": "hotel", "name": "du Lac Seehof" }, "geometry": { "type": "Point", "coordinates": [ 8.4391646, 47.0802039 ] } },
{ "type": "Feature", "properties": { "osm_id": "1413597232", "code": 2401, "fclass": "hotel", "name": "Hotel Schiff" }, "geometry": { "type": "Point", "coordinates": [ 7.8394213, 47.5679 ] } },
{ "type": "Feature", "properties": { "osm_id": "1413647427", "code": 2401, "fclass": "hotel", "name": "Grace La Margna" }, "geometry": { "type": "Point", "coordinates": [ 9.8459869, 46.4987087 ] } },
{ "type": "Feature", "properties": { "osm_id": "1414495923", "code": 2401, "fclass": "hotel", "name": null }, "geometry": { "type": "Point", "coordinates": [ 7.8527476, 47.55287 ] } },
{ "type": "Feature", "properties": { "osm_id": "1417590626", "code": 2401, "fclass": "hotel", "name": "Schifffahrt" }, "geometry": { "type": "Point", "coordinates": [ 9.278622, 47.1124527 ] } },
{ "type": "Feature", "properties": { "osm_id": "1420847487", "code": 2401, "fclass": "hotel", "name": "Bellevue Iseltwald" }, "geometry": { "type": "Point", "coordinates": [ 7.9694488, 46.712457 ] } },
{ "type": "Feature", "properties": { "osm_id": "1423031216", "code": 2401, "fclass": "hotel", "name": "Sonne" }, "geometry": { "type": "Point", "coordinates": [ 9.1442025, 47.1492316 ] } },
{ "type": "Feature", "properties": { "osm_id": "1423125926", "code": 2401, "fclass": "hotel", "name": "Hostellerie de l'Ardève" }, "geometry": { "type": "Point", "coordinates": [ 7.1809579, 46.2063402 ] } },
{ "type": "Feature", "properties": { "osm_id": "1425180901", "code": 2401, "fclass": "hotel", "name": "Hôtel de la Couronne" }, "geometry": { "type": "Point", "coordinates": [ 7.0402711, 46.8799721 ] } },
{ "type": "Feature", "properties": { "osm_id": "1426833502", "code": 2401, "fclass": "hotel", "name": "Auberge des Préalpes" }, "geometry": { "type": "Point", "coordinates": [ 7.0371371, 46.4982617 ] } },
{ "type": "Feature", "properties": { "osm_id": "1426860571", "code": 2401, "fclass": "hotel", "name": "Plaza" }, "geometry": { "type": "Point", "coordinates": [ 9.1698951, 47.6469999 ] } },
{ "type": "Feature", "properties": { "osm_id": "1431194089", "code": 2401, "fclass": "hotel", "name": "Victoria" }, "geometry": { "type": "Point", "coordinates": [ 7.6747706, 46.4951466 ] } },
{ "type": "Feature", "properties": { "osm_id": "1433019933", "code": 2401, "fclass": "hotel", "name": "Albergo San Gottardo" }, "geometry": { "type": "Point", "coordinates": [ 8.5671893, 46.5554059 ] } },
{ "type": "Feature", "properties": { "osm_id": "1433675511", "code": 2401, "fclass": "hotel", "name": "Bella Vista" }, "geometry": { "type": "Point", "coordinates": [ 8.9183253, 45.984015 ] } },
{ "type": "Feature", "properties": { "osm_id": "1435357929", "code": 2401, "fclass": "hotel", "name": "Ermatingerhof" }, "geometry": { "type": "Point", "coordinates": [ 9.0787863, 47.6691919 ] } },
{ "type": "Feature", "properties": { "osm_id": "1437228161", "code": 2401, "fclass": "hotel", "name": "Hotel Sport" }, "geometry": { "type": "Point", "coordinates": [ 9.8803623, 46.8777927 ] } },
{ "type": "Feature", "properties": { "osm_id": "1437764751", "code": 2401, "fclass": "hotel", "name": "Stazione" }, "geometry": { "type": "Point", "coordinates": [ 8.702365, 46.1778807 ] } },
{ "type": "Feature", "properties": { "osm_id": "1447082780", "code": 2401, "fclass": "hotel", "name": "Hotel Restaurant du Port" }, "geometry": { "type": "Point", "coordinates": [ 6.8447263, 46.8496362 ] } },
{ "type": "Feature", "properties": { "osm_id": "1454191766", "code": 2401, "fclass": "hotel", "name": "Berggasthaus Oberstockenalp" }, "geometry": { "type": "Point", "coordinates": [ 7.5300376, 46.6892409 ] } },
{ "type": "Feature", "properties": { "osm_id": "1454198740", "code": 2401, "fclass": "hotel", "name": "Olympia" }, "geometry": { "type": "Point", "coordinates": [ 8.5119228, 47.3777704 ] } },
{ "type": "Feature", "properties": { "osm_id": "1479486528", "code": 2401, "fclass": "hotel", "name": "Albergo Defanti" }, "geometry": { "type": "Point", "coordinates": [ 8.8418522, 46.4401809 ] } },
{ "type": "Feature", "properties": { "osm_id": "1481700783", "code": 2401, "fclass": "hotel", "name": "Schäfli" }, "geometry": { "type": "Point", "coordinates": [ 8.8521037, 47.1929995 ] } },
{ "type": "Feature", "properties": { "osm_id": "1483240189", "code": 2401, "fclass": "hotel", "name": "Monopol" }, "geometry": { "type": "Point", "coordinates": [ 8.3089896, 47.0497909 ] } },
{ "type": "Feature", "properties": { "osm_id": "1484878275", "code": 2401, "fclass": "hotel", "name": "Pagiger Stübli" }, "geometry": { "type": "Point", "coordinates": [ 9.6379564, 46.8377935 ] } },
{ "type": "Feature", "properties": { "osm_id": "1487230903", "code": 2401, "fclass": "hotel", "name": "Le Cenacle" }, "geometry": { "type": "Point", "coordinates": [ 6.1690614, 46.197139 ] } },
{ "type": "Feature", "properties": { "osm_id": "1487350761", "code": 2401, "fclass": "hotel", "name": "Beatus" }, "geometry": { "type": "Point", "coordinates": [ 7.7952382, 46.687438 ] } },
{ "type": "Feature", "properties": { "osm_id": "1492836234", "code": 2401, "fclass": "hotel", "name": "Zum Rössli" }, "geometry": { "type": "Point", "coordinates": [ 9.3934991, 47.459419 ] } },
{ "type": "Feature", "properties": { "osm_id": "1501071514", "code": 2401, "fclass": "hotel", "name": "Am Lindeneck" }, "geometry": { "type": "Point", "coordinates": [ 9.2869619, 47.603642 ] } },
{ "type": "Feature", "properties": { "osm_id": "1502026679", "code": 2401, "fclass": "hotel", "name": "Tenne" }, "geometry": { "type": "Point", "coordinates": [ 8.232655, 46.4622997 ] } },
{ "type": "Feature", "properties": { "osm_id": "1502682362", "code": 2401, "fclass": "hotel", "name": "Atrium-Hotel-Blume" }, "geometry": { "type": "Point", "coordinates": [ 8.3136592, 47.4804739 ] } },
{ "type": "Feature", "properties": { "osm_id": "1505218417", "code": 2401, "fclass": "hotel", "name": "Hôtel Tralala" }, "geometry": { "type": "Point", "coordinates": [ 6.9169476, 46.4328883 ] } },
{ "type": "Feature", "properties": { "osm_id": "1508436774", "code": 2401, "fclass": "hotel", "name": "Parkhotel Gunten" }, "geometry": { "type": "Point", "coordinates": [ 7.7025073, 46.7122751 ] } },
{ "type": "Feature", "properties": { "osm_id": "1509166298", "code": 2401, "fclass": "hotel", "name": "Landgashof Schwert" }, "geometry": { "type": "Point", "coordinates": [ 8.7951619, 47.6342877 ] } },
{ "type": "Feature", "properties": { "osm_id": "1511936768", "code": 2401, "fclass": "hotel", "name": "Brauerei" }, "geometry": { "type": "Point", "coordinates": [ 8.1135314, 47.1695272 ] } },
{ "type": "Feature", "properties": { "osm_id": "1511949897", "code": 2401, "fclass": "hotel", "name": "Hotel Sursee" }, "geometry": { "type": "Point", "coordinates": [ 8.1052498, 47.1722859 ] } },
{ "type": "Feature", "properties": { "osm_id": "1512081525", "code": 2401, "fclass": "hotel", "name": "Hirschen" }, "geometry": { "type": "Point", "coordinates": [ 8.1102893, 47.1721105 ] } },
{ "type": "Feature", "properties": { "osm_id": "1516280690", "code": 2401, "fclass": "hotel", "name": "Hotel Morgana" }, "geometry": { "type": "Point", "coordinates": [ 8.9865411, 45.8781101 ] } },
{ "type": "Feature", "properties": { "osm_id": "1518396137", "code": 2401, "fclass": "hotel", "name": "Schweizerhof" }, "geometry": { "type": "Point", "coordinates": [ 8.3102224, 47.0543195 ] } },
{ "type": "Feature", "properties": { "osm_id": "1525005900", "code": 2401, "fclass": "hotel", "name": "Quers Inn" }, "geometry": { "type": "Point", "coordinates": [ 8.7710816, 47.3694447 ] } },
{ "type": "Feature", "properties": { "osm_id": "1532749927", "code": 2401, "fclass": "hotel", "name": "Hotel Blumenstein" }, "geometry": { "type": "Point", "coordinates": [ 8.8966451, 47.5575308 ] } },
{ "type": "Feature", "properties": { "osm_id": "1532752124", "code": 2401, "fclass": "hotel", "name": "Hotel Rhyhof" }, "geometry": { "type": "Point", "coordinates": [ 8.8955771, 47.5561392 ] } },
{ "type": "Feature", "properties": { "osm_id": "1532756863", "code": 2401, "fclass": "hotel", "name": "Gasthof zum goldenen Kreuz" }, "geometry": { "type": "Point", "coordinates": [ 8.895149, 47.5540815 ] } },
{ "type": "Feature", "properties": { "osm_id": "1539783092", "code": 2401, "fclass": "hotel", "name": "Holiday" }, "geometry": { "type": "Point", "coordinates": [ 7.7540704, 46.0235497 ] } },
{ "type": "Feature", "properties": { "osm_id": "1539899428", "code": 2401, "fclass": "hotel", "name": "St. Urs und Viktor" }, "geometry": { "type": "Point", "coordinates": [ 7.4295597, 47.1983307 ] } },
{ "type": "Feature", "properties": { "osm_id": "1545780645", "code": 2401, "fclass": "hotel", "name": "Arnica" }, "geometry": { "type": "Point", "coordinates": [ 10.2924422, 46.7917175 ] } },
{ "type": "Feature", "properties": { "osm_id": "1550089711", "code": 2401, "fclass": "hotel", "name": "Blue City Hotel" }, "geometry": { "type": "Point", "coordinates": [ 8.3063851, 47.4778006 ] } },
{ "type": "Feature", "properties": { "osm_id": "1551920660", "code": 2401, "fclass": "hotel", "name": "Rütihof" }, "geometry": { "type": "Point", "coordinates": [ 9.7022686, 46.7987138 ] } },
{ "type": "Feature", "properties": { "osm_id": "1553431791", "code": 2401, "fclass": "hotel", "name": "Ambassador" }, "geometry": { "type": "Point", "coordinates": [ 8.3103043, 47.0561008 ] } },
{ "type": "Feature", "properties": { "osm_id": "1553431812", "code": 2401, "fclass": "hotel", "name": "Hotel de la Paix" }, "geometry": { "type": "Point", "coordinates": [ 8.310295, 47.0558753 ] } },
{ "type": "Feature", "properties": { "osm_id": "1553431853", "code": 2401, "fclass": "hotel", "name": "Luzernerhof" }, "geometry": { "type": "Point", "coordinates": [ 8.3110279, 47.055081 ] } },
{ "type": "Feature", "properties": { "osm_id": "1557505009", "code": 2401, "fclass": "hotel", "name": "Hotel Bains de Saillon" }, "geometry": { "type": "Point", "coordinates": [ 7.1960477, 46.1739715 ] } },
{ "type": "Feature", "properties": { "osm_id": "1570631405", "code": 2401, "fclass": "hotel", "name": "Grimsel" }, "geometry": { "type": "Point", "coordinates": [ 8.3239224, 46.5138828 ] } },
{ "type": "Feature", "properties": { "osm_id": "1573053765", "code": 2401, "fclass": "hotel", "name": "Courtyard Zürich Nord" }, "geometry": { "type": "Point", "coordinates": [ 8.5412445, 47.4143009 ] } },
{ "type": "Feature", "properties": { "osm_id": "1573053816", "code": 2401, "fclass": "hotel", "name": "Hotel zum Weisses Kreuz" }, "geometry": { "type": "Point", "coordinates": [ 8.3065751, 47.0521207 ] } },
{ "type": "Feature", "properties": { "osm_id": "1579646984", "code": 2401, "fclass": "hotel", "name": "Walserhof" }, "geometry": { "type": "Point", "coordinates": [ 9.2937744, 46.5447696 ] } },
{ "type": "Feature", "properties": { "osm_id": "1581177885", "code": 2401, "fclass": "hotel", "name": "Hôtel-Restaurant du Commerce" }, "geometry": { "type": "Point", "coordinates": [ 6.3917427, 46.494773 ] } },
{ "type": "Feature", "properties": { "osm_id": "1586989745", "code": 2401, "fclass": "hotel", "name": "Riviera" }, "geometry": { "type": "Point", "coordinates": [ 8.5264635, 46.9909756 ] } },
{ "type": "Feature", "properties": { "osm_id": "1586989752", "code": 2401, "fclass": "hotel", "name": "Schwert" }, "geometry": { "type": "Point", "coordinates": [ 8.5249087, 46.9907731 ] } },
{ "type": "Feature", "properties": { "osm_id": "1588444544", "code": 2401, "fclass": "hotel", "name": "Gravas" }, "geometry": { "type": "Point", "coordinates": [ 9.1713694, 46.7195842 ] } },
{ "type": "Feature", "properties": { "osm_id": "1597755065", "code": 2401, "fclass": "hotel", "name": "Ochsen 2" }, "geometry": { "type": "Point", "coordinates": [ 9.8236298, 46.7941588 ] } },
{ "type": "Feature", "properties": { "osm_id": "1598176934", "code": 2401, "fclass": "hotel", "name": "Krone" }, "geometry": { "type": "Point", "coordinates": [ 9.1337749, 47.664552 ] } },
{ "type": "Feature", "properties": { "osm_id": "1598939239", "code": 2401, "fclass": "hotel", "name": "Alfa" }, "geometry": { "type": "Point", "coordinates": [ 7.619267, 47.554753 ] } },
{ "type": "Feature", "properties": { "osm_id": "1599295196", "code": 2401, "fclass": "hotel", "name": "Ibis Budget Geneve Aeroport" }, "geometry": { "type": "Point", "coordinates": [ 6.1139551, 46.2204883 ] } },
{ "type": "Feature", "properties": { "osm_id": "1599295224", "code": 2401, "fclass": "hotel", "name": "Hôtel 33" }, "geometry": { "type": "Point", "coordinates": [ 6.1063881, 46.2260695 ] } },
{ "type": "Feature", "properties": { "osm_id": "1599295237", "code": 2401, "fclass": "hotel", "name": "Hôtel Phoenix" }, "geometry": { "type": "Point", "coordinates": [ 6.1057877, 46.225507 ] } },
{ "type": "Feature", "properties": { "osm_id": "1606486182", "code": 2401, "fclass": "hotel", "name": "Alpina" }, "geometry": { "type": "Point", "coordinates": [ 7.5670036, 46.4844982 ] } },
{ "type": "Feature", "properties": { "osm_id": "1606992473", "code": 2401, "fclass": "hotel", "name": "Traube" }, "geometry": { "type": "Point", "coordinates": [ 10.3029869, 46.7990411 ] } },
{ "type": "Feature", "properties": { "osm_id": "1614748998", "code": 2401, "fclass": "hotel", "name": "Hotel Rheinbrücke" }, "geometry": { "type": "Point", "coordinates": [ 7.7374305, 47.5466619 ] } },
{ "type": "Feature", "properties": { "osm_id": "1615703375", "code": 2401, "fclass": "hotel", "name": "Albergo Ristorante Rivabella" }, "geometry": { "type": "Point", "coordinates": [ 8.915372, 45.9224992 ] } },
{ "type": "Feature", "properties": { "osm_id": "1618074346", "code": 2401, "fclass": "hotel", "name": "Lagrev" }, "geometry": { "type": "Point", "coordinates": [ 9.7386304, 46.412046 ] } },
{ "type": "Feature", "properties": { "osm_id": "1620550102", "code": 2401, "fclass": "hotel", "name": "Das Breite Hotel" }, "geometry": { "type": "Point", "coordinates": [ 7.6145526, 47.555928 ] } },
{ "type": "Feature", "properties": { "osm_id": "1625469627", "code": 2401, "fclass": "hotel", "name": "La Barcarolle" }, "geometry": { "type": "Point", "coordinates": [ 6.2572382, 46.3932315 ] } },
{ "type": "Feature", "properties": { "osm_id": "1628213480", "code": 2401, "fclass": "hotel", "name": "Experimental Chalet" }, "geometry": { "type": "Point", "coordinates": [ 7.2261173, 46.0961944 ] } },
{ "type": "Feature", "properties": { "osm_id": "1634936910", "code": 2401, "fclass": "hotel", "name": "Aeschipark" }, "geometry": { "type": "Point", "coordinates": [ 7.6962298, 46.6593452 ] } },
{ "type": "Feature", "properties": { "osm_id": "1635780937", "code": 2401, "fclass": "hotel", "name": "ibis Styles Lausanne Center MadHouse" }, "geometry": { "type": "Point", "coordinates": [ 6.6300921, 46.5202984 ] } },
{ "type": "Feature", "properties": { "osm_id": "1639346054", "code": 2401, "fclass": "hotel", "name": "Hôtel Les Vieux Toits" }, "geometry": { "type": "Point", "coordinates": [ 6.9720669, 47.0130637 ] } },
{ "type": "Feature", "properties": { "osm_id": "1639950859", "code": 2401, "fclass": "hotel", "name": "Don Camillo" }, "geometry": { "type": "Point", "coordinates": [ 9.2410213, 47.1084989 ] } },
{ "type": "Feature", "properties": { "osm_id": "1639950879", "code": 2401, "fclass": "hotel", "name": "Neu-Schönstatt" }, "geometry": { "type": "Point", "coordinates": [ 9.241315, 47.1094853 ] } },
{ "type": "Feature", "properties": { "osm_id": "1640255397", "code": 2401, "fclass": "hotel", "name": "Viktoria Eden" }, "geometry": { "type": "Point", "coordinates": [ 7.5600264, 46.4933256 ] } },
{ "type": "Feature", "properties": { "osm_id": "1650227360", "code": 2401, "fclass": "hotel", "name": "Vanessa" }, "geometry": { "type": "Point", "coordinates": [ 7.2286527, 46.0952905 ] } },
{ "type": "Feature", "properties": { "osm_id": "1651613495", "code": 2401, "fclass": "hotel", "name": "Hotel de la Poste" }, "geometry": { "type": "Point", "coordinates": [ 7.2302105, 46.0953867 ] } },
{ "type": "Feature", "properties": { "osm_id": "1652085303", "code": 2401, "fclass": "hotel", "name": "Hotel Piz St.Moritz" }, "geometry": { "type": "Point", "coordinates": [ 9.8354856, 46.4890092 ] } },
{ "type": "Feature", "properties": { "osm_id": "1653248150", "code": 2401, "fclass": "hotel", "name": "Hotel Krone" }, "geometry": { "type": "Point", "coordinates": [ 9.5517695, 47.4531565 ] } },
{ "type": "Feature", "properties": { "osm_id": "1658851253", "code": 2401, "fclass": "hotel", "name": "Alpenblick" }, "geometry": { "type": "Point", "coordinates": [ 7.7440883, 46.0173175 ] } },
{ "type": "Feature", "properties": { "osm_id": "1658851256", "code": 2401, "fclass": "hotel", "name": "Alpenrose" }, "geometry": { "type": "Point", "coordinates": [ 7.7434187, 46.0165037 ] } },
{ "type": "Feature", "properties": { "osm_id": "1658919275", "code": 2401, "fclass": "hotel", "name": "Fred Hotel" }, "geometry": { "type": "Point", "coordinates": [ 8.5453516, 47.3791281 ] } },
{ "type": "Feature", "properties": { "osm_id": "1662050278", "code": 2401, "fclass": "hotel", "name": "Hotel Simplon" }, "geometry": { "type": "Point", "coordinates": [ 7.647755, 46.5860546 ] } },
{ "type": "Feature", "properties": { "osm_id": "1665579831", "code": 2401, "fclass": "hotel", "name": "Hôtel du Vignoble" }, "geometry": { "type": "Point", "coordinates": [ 6.8947421, 46.9882297 ] } },
{ "type": "Feature", "properties": { "osm_id": "1668248882", "code": 2401, "fclass": "hotel", "name": "drei Sternen" }, "geometry": { "type": "Point", "coordinates": [ 8.2146936, 47.4174544 ] } },
{ "type": "Feature", "properties": { "osm_id": "1670954080", "code": 2401, "fclass": "hotel", "name": "Hotel Rebstock" }, "geometry": { "type": "Point", "coordinates": [ 8.0631056, 47.564205 ] } },
{ "type": "Feature", "properties": { "osm_id": "1671829627", "code": 2401, "fclass": "hotel", "name": "Landhaus Adler" }, "geometry": { "type": "Point", "coordinates": [ 7.6456874, 46.5882019 ] } },
{ "type": "Feature", "properties": { "osm_id": "1672073607", "code": 2401, "fclass": "hotel", "name": null }, "geometry": { "type": "Point", "coordinates": [ 7.6621879, 46.6077193 ] } },
{ "type": "Feature", "properties": { "osm_id": "1673042734", "code": 2401, "fclass": "hotel", "name": "Rustica" }, "geometry": { "type": "Point", "coordinates": [ 7.6515062, 46.5943231 ] } },
{ "type": "Feature", "properties": { "osm_id": "1673091423", "code": 2401, "fclass": "hotel", "name": null }, "geometry": { "type": "Point", "coordinates": [ 7.6502827, 46.5906294 ] } },
{ "type": "Feature", "properties": { "osm_id": "1673589411", "code": 2401, "fclass": "hotel", "name": "Aletsch" }, "geometry": { "type": "Point", "coordinates": [ 8.0460119, 46.3564462 ] } },
{ "type": "Feature", "properties": { "osm_id": "1674875398", "code": 2401, "fclass": "hotel", "name": "Balm" }, "geometry": { "type": "Point", "coordinates": [ 8.3682467, 47.0443996 ] } },
{ "type": "Feature", "properties": { "osm_id": "1676139457", "code": 2401, "fclass": "hotel", "name": "Adler" }, "geometry": { "type": "Point", "coordinates": [ 8.0236317, 47.5058505 ] } },
{ "type": "Feature", "properties": { "osm_id": "1683109683", "code": 2401, "fclass": "hotel", "name": null }, "geometry": { "type": "Point", "coordinates": [ 6.9324924, 46.4368008 ] } },
{ "type": "Feature", "properties": { "osm_id": "1684106799", "code": 2401, "fclass": "hotel", "name": "Hotel Rebstock" }, "geometry": { "type": "Point", "coordinates": [ 9.5153344, 47.4739716 ] } },
{ "type": "Feature", "properties": { "osm_id": "1684683752", "code": 2401, "fclass": "hotel", "name": "Hotel Colibrì" }, "geometry": { "type": "Point", "coordinates": [ 8.9789829, 46.0079679 ] } },
{ "type": "Feature", "properties": { "osm_id": "1687834452", "code": 2401, "fclass": "hotel", "name": "Hotel Restaurant Old Jnn" }, "geometry": { "type": "Point", "coordinates": [ 9.8104403, 46.9099793 ] } },
{ "type": "Feature", "properties": { "osm_id": "1696162004", "code": 2401, "fclass": "hotel", "name": "Hotel Telecabine" }, "geometry": { "type": "Point", "coordinates": [ 6.8353545, 46.1840063 ] } },
{ "type": "Feature", "properties": { "osm_id": "1697747620", "code": 2401, "fclass": "hotel", "name": "Hotel Restaurant Flaschen" }, "geometry": { "type": "Point", "coordinates": [ 7.6233272, 46.3606656 ] } },
{ "type": "Feature", "properties": { "osm_id": "1697747626", "code": 2401, "fclass": "hotel", "name": "Flaschen" }, "geometry": { "type": "Point", "coordinates": [ 7.623531, 46.3605376 ] } },
{ "type": "Feature", "properties": { "osm_id": "1698400308", "code": 2401, "fclass": "hotel", "name": "Bären" }, "geometry": { "type": "Point", "coordinates": [ 8.1699589, 46.7522502 ] } },
{ "type": "Feature", "properties": { "osm_id": "1700022544", "code": 2401, "fclass": "hotel", "name": "Central" }, "geometry": { "type": "Point", "coordinates": [ 7.2295039, 46.0962526 ] } },
{ "type": "Feature", "properties": { "osm_id": "1700022575", "code": 2401, "fclass": "hotel", "name": "Le Farinet" }, "geometry": { "type": "Point", "coordinates": [ 7.2295606, 46.0959779 ] } },
{ "type": "Feature", "properties": { "osm_id": "1700022579", "code": 2401, "fclass": "hotel", "name": "Les Touristes" }, "geometry": { "type": "Point", "coordinates": [ 7.2187082, 46.094311 ] } },
{ "type": "Feature", "properties": { "osm_id": "1700022583", "code": 2401, "fclass": "hotel", "name": "Mirabeau" }, "geometry": { "type": "Point", "coordinates": [ 7.2319529, 46.095032 ] } },
{ "type": "Feature", "properties": { "osm_id": "1707632040", "code": 2401, "fclass": "hotel", "name": "Nazionale" }, "geometry": { "type": "Point", "coordinates": [ 8.9736842, 46.3520452 ] } },
{ "type": "Feature", "properties": { "osm_id": "1714276610", "code": 2401, "fclass": "hotel", "name": "ZAK" }, "geometry": { "type": "Point", "coordinates": [ 8.6347224, 47.6983198 ] } },
{ "type": "Feature", "properties": { "osm_id": "1715927554", "code": 2401, "fclass": "hotel", "name": "Roter Ochsen" }, "geometry": { "type": "Point", "coordinates": [ 7.5363314, 47.2048519 ] } },
{ "type": "Feature", "properties": { "osm_id": "1717939888", "code": 2401, "fclass": "hotel", "name": "Sittich" }, "geometry": { "type": "Point", "coordinates": [ 8.6361848, 47.696025 ] } },
{ "type": "Feature", "properties": { "osm_id": "1720212661", "code": 2401, "fclass": "hotel", "name": "Ambassador" }, "geometry": { "type": "Point", "coordinates": [ 7.5417217, 47.2050088 ] } },
{ "type": "Feature", "properties": { "osm_id": "1722256946", "code": 2401, "fclass": "hotel", "name": "Bristol" }, "geometry": { "type": "Point", "coordinates": [ 7.2294446, 46.0966943 ] } },
{ "type": "Feature", "properties": { "osm_id": "1729273293", "code": 2401, "fclass": "hotel", "name": "Morobbia" }, "geometry": { "type": "Point", "coordinates": [ 9.0042023, 46.1681193 ] } },
{ "type": "Feature", "properties": { "osm_id": "1735051515", "code": 2401, "fclass": "hotel", "name": "Gasthaus Engel" }, "geometry": { "type": "Point", "coordinates": [ 8.4080884, 46.8212386 ] } },
{ "type": "Feature", "properties": { "osm_id": "1739073746", "code": 2401, "fclass": "hotel", "name": "J.-J. Rousseau" }, "geometry": { "type": "Point", "coordinates": [ 7.0900022, 47.0604121 ] } },
{ "type": "Feature", "properties": { "osm_id": "1739279725", "code": 2401, "fclass": "hotel", "name": "Albergo San Giobbe" }, "geometry": { "type": "Point", "coordinates": [ 9.00854, 46.1726497 ] } },
{ "type": "Feature", "properties": { "osm_id": "1739708202", "code": 2401, "fclass": "hotel", "name": "Pilatus" }, "geometry": { "type": "Point", "coordinates": [ 8.3122545, 46.9861339 ] } },
{ "type": "Feature", "properties": { "osm_id": "1742477100", "code": 2401, "fclass": "hotel", "name": "Arcade" }, "geometry": { "type": "Point", "coordinates": [ 8.3967671, 47.1875154 ] } },
{ "type": "Feature", "properties": { "osm_id": "1745262574", "code": 2401, "fclass": "hotel", "name": "Hotel Restaurant Sigristenhaus" }, "geometry": { "type": "Point", "coordinates": [ 8.7239131, 46.9874828 ] } },
{ "type": "Feature", "properties": { "osm_id": "1746613669", "code": 2401, "fclass": "hotel", "name": "St. Georg" }, "geometry": { "type": "Point", "coordinates": [ 8.7492011, 47.1268356 ] } },
{ "type": "Feature", "properties": { "osm_id": "1748455890", "code": 2401, "fclass": "hotel", "name": "Nidwaldnerhof" }, "geometry": { "type": "Point", "coordinates": [ 8.4705054, 46.9696659 ] } },
{ "type": "Feature", "properties": { "osm_id": "1748455999", "code": 2401, "fclass": "hotel", "name": "Rigiblick am See" }, "geometry": { "type": "Point", "coordinates": [ 8.4256941, 46.9751816 ] } },
{ "type": "Feature", "properties": { "osm_id": "1749584700", "code": 2401, "fclass": "hotel", "name": "Phenix" }, "geometry": { "type": "Point", "coordinates": [ 7.2278135, 46.0967587 ] } },
{ "type": "Feature", "properties": { "osm_id": "1754681455", "code": 2401, "fclass": "hotel", "name": "Schlosshotel und Restaurant Tribeli" }, "geometry": { "type": "Point", "coordinates": [ 9.382108, 47.5686177 ] } },
{ "type": "Feature", "properties": { "osm_id": "1754681456", "code": 2401, "fclass": "hotel", "name": "Park-Hotel Inseli" }, "geometry": { "type": "Point", "coordinates": [ 9.3813604, 47.570359 ] } },
{ "type": "Feature", "properties": { "osm_id": "1769871099", "code": 2401, "fclass": "hotel", "name": "Hôtel de la Demi-Lune" }, "geometry": { "type": "Point", "coordinates": [ 7.1544633, 47.3642977 ] } },
{ "type": "Feature", "properties": { "osm_id": "1770773512", "code": 2401, "fclass": "hotel", "name": "Zeit- & Traumhotel Beatus" }, "geometry": { "type": "Point", "coordinates": [ 7.7718492, 46.6895474 ] } },
{ "type": "Feature", "properties": { "osm_id": "1780175315", "code": 2401, "fclass": "hotel", "name": "LO! im Kreuz" }, "geometry": { "type": "Point", "coordinates": [ 8.8363838, 47.2297773 ] } },
{ "type": "Feature", "properties": { "osm_id": "1782356431", "code": 2401, "fclass": "hotel", "name": "Hotel Remorino" }, "geometry": { "type": "Point", "coordinates": [ 8.8186095, 46.1749128 ] } },
{ "type": "Feature", "properties": { "osm_id": "1782526834", "code": 2401, "fclass": "hotel", "name": "Rivabella au lac" }, "geometry": { "type": "Point", "coordinates": [ 8.7080421, 46.1165435 ] } },
{ "type": "Feature", "properties": { "osm_id": "1783515459", "code": 2401, "fclass": "hotel", "name": "Le point du jour" }, "geometry": { "type": "Point", "coordinates": [ 6.1638379, 46.4432166 ] } },
{ "type": "Feature", "properties": { "osm_id": "1783966916", "code": 2401, "fclass": "hotel", "name": "Bahnhof" }, "geometry": { "type": "Point", "coordinates": [ 9.0675209, 47.0995956 ] } },
{ "type": "Feature", "properties": { "osm_id": "1783966926", "code": 2401, "fclass": "hotel", "name": "Schwert" }, "geometry": { "type": "Point", "coordinates": [ 9.0629558, 47.0990433 ] } },
{ "type": "Feature", "properties": { "osm_id": "1783966940", "code": 2401, "fclass": "hotel", "name": "Hotel Restaurant Schützenhof" }, "geometry": { "type": "Point", "coordinates": [ 9.0630557, 47.0973692 ] } },
{ "type": "Feature", "properties": { "osm_id": "1783966944", "code": 2401, "fclass": "hotel", "name": "lintharena" }, "geometry": { "type": "Point", "coordinates": [ 9.0653205, 47.1077927 ] } },
{ "type": "Feature", "properties": { "osm_id": "1792249645", "code": 2401, "fclass": "hotel", "name": "Berg- und Skihaus Obergmeind" }, "geometry": { "type": "Point", "coordinates": [ 9.3599772, 46.6919659 ] } },
{ "type": "Feature", "properties": { "osm_id": "1794182803", "code": 2401, "fclass": "hotel", "name": "Hôtel-Restaurant de la Poste" }, "geometry": { "type": "Point", "coordinates": [ 6.1581745, 46.4457184 ] } },
{ "type": "Feature", "properties": { "osm_id": "1794731523", "code": 2401, "fclass": "hotel", "name": "Falken" }, "geometry": { "type": "Point", "coordinates": [ 7.9239491, 46.6050476 ] } },
{ "type": "Feature", "properties": { "osm_id": "1796010046", "code": 2401, "fclass": "hotel", "name": "Freihof" }, "geometry": { "type": "Point", "coordinates": [ 9.070225, 47.038767 ] } },
{ "type": "Feature", "properties": { "osm_id": "1796010136", "code": 2401, "fclass": "hotel", "name": "Sonne" }, "geometry": { "type": "Point", "coordinates": [ 9.067078, 47.039859 ] } },
{ "type": "Feature", "properties": { "osm_id": "1796010143", "code": 2401, "fclass": "hotel", "name": "Stadthof" }, "geometry": { "type": "Point", "coordinates": [ 9.069771, 47.039299 ] } },
{ "type": "Feature", "properties": { "osm_id": "1796010151", "code": 2401, "fclass": "hotel", "name": "Waage" }, "geometry": { "type": "Point", "coordinates": [ 9.06746, 47.041938 ] } },
{ "type": "Feature", "properties": { "osm_id": "1796737799", "code": 2401, "fclass": "hotel", "name": "Rhodannenberg" }, "geometry": { "type": "Point", "coordinates": [ 9.0051132, 47.036273 ] } },
{ "type": "Feature", "properties": { "osm_id": "1799671852", "code": 2401, "fclass": "hotel", "name": "The Tourist Hotel" }, "geometry": { "type": "Point", "coordinates": [ 8.3004406, 47.0529705 ] } },
{ "type": "Feature", "properties": { "osm_id": "1800018122", "code": 2401, "fclass": "hotel", "name": "Hotel La Rotonda" }, "geometry": { "type": "Point", "coordinates": [ 8.8679921, 46.1803038 ] } },
{ "type": "Feature", "properties": { "osm_id": "1800185503", "code": 2401, "fclass": "hotel", "name": "Albergo Cereda" }, "geometry": { "type": "Point", "coordinates": [ 8.9906818, 46.1855415 ] } },
{ "type": "Feature", "properties": { "osm_id": "1801914311", "code": 2401, "fclass": "hotel", "name": "Hotel Landgasthof Löwen" }, "geometry": { "type": "Point", "coordinates": [ 8.396084, 47.1880124 ] } },
{ "type": "Feature", "properties": { "osm_id": "1801925794", "code": 2401, "fclass": "hotel", "name": "Eierhals" }, "geometry": { "type": "Point", "coordinates": [ 8.6409153, 47.1167224 ] } },
{ "type": "Feature", "properties": { "osm_id": "1807738423", "code": 2401, "fclass": "hotel", "name": "Stazione della Posta, La Rösa" }, "geometry": { "type": "Point", "coordinates": [ 10.0670986, 46.4019149 ] } },
{ "type": "Feature", "properties": { "osm_id": "1810732826", "code": 2401, "fclass": "hotel", "name": "Hotel Spalenbrunnen" }, "geometry": { "type": "Point", "coordinates": [ 7.5826286, 47.5572925 ] } },
{ "type": "Feature", "properties": { "osm_id": "1811401965", "code": 2401, "fclass": "hotel", "name": "Hotel Al Fiume" }, "geometry": { "type": "Point", "coordinates": [ 8.7472064, 46.1862739 ] } },
{ "type": "Feature", "properties": { "osm_id": "1821541395", "code": 2401, "fclass": "hotel", "name": "Wilden Mann" }, "geometry": { "type": "Point", "coordinates": [ 8.3030689, 47.0503262 ] } },
{ "type": "Feature", "properties": { "osm_id": "1826084582", "code": 2401, "fclass": "hotel", "name": "Rössli" }, "geometry": { "type": "Point", "coordinates": [ 7.4573335, 47.1747 ] } },
{ "type": "Feature", "properties": { "osm_id": "1833943711", "code": 2401, "fclass": "hotel", "name": "Grütli" }, "geometry": { "type": "Point", "coordinates": [ 9.0441195, 47.3621297 ] } },
{ "type": "Feature", "properties": { "osm_id": "1834984727", "code": 2401, "fclass": "hotel", "name": "Relais Lucomagno" }, "geometry": { "type": "Point", "coordinates": [ 8.9232694, 46.5272347 ] } },
{ "type": "Feature", "properties": { "osm_id": "1835614788", "code": 2401, "fclass": "hotel", "name": "Hotel Linde" }, "geometry": { "type": "Point", "coordinates": [ 8.2915654, 47.4353815 ] } },
{ "type": "Feature", "properties": { "osm_id": "1835614808", "code": 2401, "fclass": "hotel", "name": null }, "geometry": { "type": "Point", "coordinates": [ 8.2915221, 47.4356528 ] } },
{ "type": "Feature", "properties": { "osm_id": "1840165174", "code": 2401, "fclass": "hotel", "name": "Aquafit" }, "geometry": { "type": "Point", "coordinates": [ 8.0990968, 47.1734362 ] } },
{ "type": "Feature", "properties": { "osm_id": "1840958378", "code": 2401, "fclass": "hotel", "name": "Drei Tannen" }, "geometry": { "type": "Point", "coordinates": [ 8.189522, 46.4357665 ] } },
{ "type": "Feature", "properties": { "osm_id": "1841860123", "code": 2401, "fclass": "hotel", "name": "Bellevue-Terminus" }, "geometry": { "type": "Point", "coordinates": [ 8.4032017, 46.8194647 ] } },
{ "type": "Feature", "properties": { "osm_id": "1842502215", "code": 2401, "fclass": "hotel", "name": "Hotel Hof und Post" }, "geometry": { "type": "Point", "coordinates": [ 8.2294363, 46.7062022 ] } },
{ "type": "Feature", "properties": { "osm_id": "1845685794", "code": 2401, "fclass": "hotel", "name": "Bellevue" }, "geometry": { "type": "Point", "coordinates": [ 9.1905562, 46.4631677 ] } },
{ "type": "Feature", "properties": { "osm_id": "1854610029", "code": 2401, "fclass": "hotel", "name": "Hotel & Restaurant Bahnhof" }, "geometry": { "type": "Point", "coordinates": [ 8.2337622, 47.3735699 ] } },
{ "type": "Feature", "properties": { "osm_id": "1862160353", "code": 2401, "fclass": "hotel", "name": "Stahlbad" }, "geometry": { "type": "Point", "coordinates": [ 9.8387303, 46.4843543 ] } },
{ "type": "Feature", "properties": { "osm_id": "1866349691", "code": 2401, "fclass": "hotel", "name": "Hostelerie du Chateau" }, "geometry": { "type": "Point", "coordinates": [ 6.3403666, 46.4596842 ] } },
{ "type": "Feature", "properties": { "osm_id": "1866431113", "code": 2401, "fclass": "hotel", "name": "Hirschen" }, "geometry": { "type": "Point", "coordinates": [ 8.1149794, 47.1556015 ] } },
{ "type": "Feature", "properties": { "osm_id": "1871302904", "code": 2401, "fclass": "hotel", "name": "Pöstli" }, "geometry": { "type": "Point", "coordinates": [ 8.6422452, 47.4289726 ] } },
{ "type": "Feature", "properties": { "osm_id": "1873470962", "code": 2401, "fclass": "hotel", "name": "Berggasthaus First" }, "geometry": { "type": "Point", "coordinates": [ 8.0536211, 46.6594893 ] } },
{ "type": "Feature", "properties": { "osm_id": "1874698222", "code": 2401, "fclass": "hotel", "name": "Alpenruhe" }, "geometry": { "type": "Point", "coordinates": [ 7.9186195, 46.6095804 ] } },
{ "type": "Feature", "properties": { "osm_id": "1874698224", "code": 2401, "fclass": "hotel", "name": "Beausite Park" }, "geometry": { "type": "Point", "coordinates": [ 7.9247768, 46.6086851 ] } },
{ "type": "Feature", "properties": { "osm_id": "1874698226", "code": 2401, "fclass": "hotel", "name": "Belvédère" }, "geometry": { "type": "Point", "coordinates": [ 7.9192583, 46.6088082 ] } },
{ "type": "Feature", "properties": { "osm_id": "1874698231", "code": 2401, "fclass": "hotel", "name": "Maya Caprice Boutique Hotel" }, "geometry": { "type": "Point", "coordinates": [ 7.9229309, 46.6042446 ] } },
{ "type": "Feature", "properties": { "osm_id": "1874698239", "code": 2401, "fclass": "hotel", "name": "Jungfraublick" }, "geometry": { "type": "Point", "coordinates": [ 7.9209691, 46.6083745 ] } },
{ "type": "Feature", "properties": { "osm_id": "1874698243", "code": 2401, "fclass": "hotel", "name": "Silberhorn" }, "geometry": { "type": "Point", "coordinates": [ 7.9221381, 46.6052545 ] } },
{ "type": "Feature", "properties": { "osm_id": "1874698245", "code": 2401, "fclass": "hotel", "name": "Wengener Hof" }, "geometry": { "type": "Point", "coordinates": [ 7.9187149, 46.6083453 ] } },
{ "type": "Feature", "properties": { "osm_id": "1879564406", "code": 2401, "fclass": "hotel", "name": "Aesch" }, "geometry": { "type": "Point", "coordinates": [ 8.5217953, 47.0958056 ] } },
{ "type": "Feature", "properties": { "osm_id": "1885203826", "code": 2401, "fclass": "hotel", "name": "Home Swiss Hotel" }, "geometry": { "type": "Point", "coordinates": [ 6.1347394, 46.2006491 ] } },
{ "type": "Feature", "properties": { "osm_id": "1892855628", "code": 2401, "fclass": "hotel", "name": "Bergheim" }, "geometry": { "type": "Point", "coordinates": [ 7.8012093, 46.3036257 ] } },
{ "type": "Feature", "properties": { "osm_id": "1893428185", "code": 2401, "fclass": "hotel", "name": "Albergo Robiei" }, "geometry": { "type": "Point", "coordinates": [ 8.5135913, 46.4440496 ] } },
{ "type": "Feature", "properties": { "osm_id": "1909075928", "code": 2401, "fclass": "hotel", "name": "Le Terminus" }, "geometry": { "type": "Point", "coordinates": [ 7.5325181, 46.293125 ] } },
{ "type": "Feature", "properties": { "osm_id": "1911584222", "code": 2401, "fclass": "hotel", "name": "Hotel Seerausch" }, "geometry": { "type": "Point", "coordinates": [ 8.4590453, 46.9715329 ] } },
{ "type": "Feature", "properties": { "osm_id": "1912743989", "code": 2401, "fclass": "hotel", "name": "Alpina" }, "geometry": { "type": "Point", "coordinates": [ 7.8646699, 46.6785544 ] } },
{ "type": "Feature", "properties": { "osm_id": "1912744010", "code": 2401, "fclass": "hotel", "name": "Basicrooms" }, "geometry": { "type": "Point", "coordinates": [ 7.8646491, 46.6784194 ] } },
{ "type": "Feature", "properties": { "osm_id": "1912744011", "code": 2401, "fclass": "hotel", "name": "Blume" }, "geometry": { "type": "Point", "coordinates": [ 7.8562718, 46.6846694 ] } },
{ "type": "Feature", "properties": { "osm_id": "1912744014", "code": 2401, "fclass": "hotel", "name": "Du Nord" }, "geometry": { "type": "Point", "coordinates": [ 7.8622293, 46.6882344 ] } },
{ "type": "Feature", "properties": { "osm_id": "1912744015", "code": 2401, "fclass": "hotel", "name": "Harder-Minerva" }, "geometry": { "type": "Point", "coordinates": [ 7.8551457, 46.686583 ] } },
{ "type": "Feature", "properties": { "osm_id": "1912744016", "code": 2401, "fclass": "hotel", "name": "Salzano Hotel Spa Restaurant" }, "geometry": { "type": "Point", "coordinates": [ 7.8282892, 46.6810397 ] } },
{ "type": "Feature", "properties": { "osm_id": "1912744017", "code": 2401, "fclass": "hotel", "name": "Lötschberg" }, "geometry": { "type": "Point", "coordinates": [ 7.8537648, 46.6816298 ] } },
{ "type": "Feature", "properties": { "osm_id": "1912744018", "code": 2401, "fclass": "hotel", "name": "Mattenhof Resort" }, "geometry": { "type": "Point", "coordinates": [ 7.8644477, 46.6793898 ] } },
{ "type": "Feature", "properties": { "osm_id": "1912744022", "code": 2401, "fclass": "hotel", "name": "Post Hardermannli" }, "geometry": { "type": "Point", "coordinates": [ 7.8486843, 46.6857538 ] } },
{ "type": "Feature", "properties": { "osm_id": "1912744028", "code": 2401, "fclass": "hotel", "name": "Rössli" }, "geometry": { "type": "Point", "coordinates": [ 7.8489347, 46.6858358 ] } },
{ "type": "Feature", "properties": { "osm_id": "1912744030", "code": 2401, "fclass": "hotel", "name": "Sonne" }, "geometry": { "type": "Point", "coordinates": [ 7.8640332, 46.6801545 ] } },
{ "type": "Feature", "properties": { "osm_id": "1912744031", "code": 2401, "fclass": "hotel", "name": "Swiss Inn" }, "geometry": { "type": "Point", "coordinates": [ 7.8550052, 46.6821225 ] } },
{ "type": "Feature", "properties": { "osm_id": "1912744033", "code": 2401, "fclass": "hotel", "name": "Toscana" }, "geometry": { "type": "Point", "coordinates": [ 7.8562177, 46.6848577 ] } },
{ "type": "Feature", "properties": { "osm_id": "1912744035", "code": 2401, "fclass": "hotel", "name": "Waldhotel-Unspunne" }, "geometry": { "type": "Point", "coordinates": [ 7.8558307, 46.6721233 ] } },
{ "type": "Feature", "properties": { "osm_id": "1912744036", "code": 2401, "fclass": "hotel", "name": "Weisses Kreuz" }, "geometry": { "type": "Point", "coordinates": [ 7.8553651, 46.6850852 ] } },
{ "type": "Feature", "properties": { "osm_id": "1914419024", "code": 2401, "fclass": "hotel", "name": "Cafe Gadient" }, "geometry": { "type": "Point", "coordinates": [ 9.6788464, 46.7802439 ] } },
{ "type": "Feature", "properties": { "osm_id": "1925326704", "code": 2401, "fclass": "hotel", "name": "Hotel Schwan" }, "geometry": { "type": "Point", "coordinates": [ 8.5984329, 47.2597201 ] } },
{ "type": "Feature", "properties": { "osm_id": "1928599695", "code": 2401, "fclass": "hotel", "name": "Mövenpick Regensdorf" }, "geometry": { "type": "Point", "coordinates": [ 8.4675985, 47.4312366 ] } },
{ "type": "Feature", "properties": { "osm_id": "1929501548", "code": 2401, "fclass": "hotel", "name": "Résidence du Chamossaire" }, "geometry": { "type": "Point", "coordinates": [ 7.0116806, 46.345476 ] } },
{ "type": "Feature", "properties": { "osm_id": "1929501653", "code": 2401, "fclass": "hotel", "name": "Le Grand Chalet" }, "geometry": { "type": "Point", "coordinates": [ 7.0114875, 46.3470609 ] } },
{ "type": "Feature", "properties": { "osm_id": "1929722467", "code": 2401, "fclass": "hotel", "name": "Am Spisertor" }, "geometry": { "type": "Point", "coordinates": [ 9.3798741, 47.4240756 ] } },
{ "type": "Feature", "properties": { "osm_id": "1930840292", "code": 2401, "fclass": "hotel", "name": "Les Cygnes" }, "geometry": { "type": "Point", "coordinates": [ 6.6926992, 47.0647009 ] } },
{ "type": "Feature", "properties": { "osm_id": "1931871413", "code": 2401, "fclass": "hotel", "name": "Schlüssel" }, "geometry": { "type": "Point", "coordinates": [ 8.3029627, 47.0498617 ] } },
{ "type": "Feature", "properties": { "osm_id": "1934343375", "code": 2401, "fclass": "hotel", "name": "Hasli Lodge" }, "geometry": { "type": "Point", "coordinates": [ 8.1878743, 46.7282412 ] } },
{ "type": "Feature", "properties": { "osm_id": "1934343385", "code": 2401, "fclass": "hotel", "name": "Meiringen" }, "geometry": { "type": "Point", "coordinates": [ 8.1848566, 46.7279788 ] } },
{ "type": "Feature", "properties": { "osm_id": "1934343391", "code": 2401, "fclass": "hotel", "name": "Alpbach" }, "geometry": { "type": "Point", "coordinates": [ 8.1882736, 46.7285798 ] } },
{ "type": "Feature", "properties": { "osm_id": "1934343399", "code": 2401, "fclass": "hotel", "name": "Hotel Rebstock" }, "geometry": { "type": "Point", "coordinates": [ 8.1867645, 46.7279628 ] } },
{ "type": "Feature", "properties": { "osm_id": "1934343402", "code": 2401, "fclass": "hotel", "name": "Ilufa" }, "geometry": { "type": "Point", "coordinates": [ 8.1852304, 46.7278307 ] } },
{ "type": "Feature", "properties": { "osm_id": "1934811855", "code": 2401, "fclass": "hotel", "name": "Gemsli" }, "geometry": { "type": "Point", "coordinates": [ 9.256089, 47.102225 ] } },
{ "type": "Feature", "properties": { "osm_id": "1939714683", "code": 2401, "fclass": "hotel", "name": "Renaissance" }, "geometry": { "type": "Point", "coordinates": [ 8.3070708, 47.0489067 ] } },
{ "type": "Feature", "properties": { "osm_id": "1943930695", "code": 2401, "fclass": "hotel", "name": "Gasthof Bären" }, "geometry": { "type": "Point", "coordinates": [ 7.4907025, 46.860914 ] } },
{ "type": "Feature", "properties": { "osm_id": "1944426507", "code": 2401, "fclass": "hotel", "name": "Dihei" }, "geometry": { "type": "Point", "coordinates": [ 8.6204331, 47.3969702 ] } },
{ "type": "Feature", "properties": { "osm_id": "1955413548", "code": 2401, "fclass": "hotel", "name": "Landhaus Paradies" }, "geometry": { "type": "Point", "coordinates": [ 10.4310907, 46.9580635 ] } },
{ "type": "Feature", "properties": { "osm_id": "1956977967", "code": 2401, "fclass": "hotel", "name": "Albergo Pineta" }, "geometry": { "type": "Point", "coordinates": [ 8.6629159, 46.4423166 ] } },
{ "type": "Feature", "properties": { "osm_id": "1961638534", "code": 2401, "fclass": "hotel", "name": "Morettina" }, "geometry": { "type": "Point", "coordinates": [ 8.707823, 46.1167071 ] } },
{ "type": "Feature", "properties": { "osm_id": "1962314081", "code": 2401, "fclass": "hotel", "name": "Gasthaus zum Gupf" }, "geometry": { "type": "Point", "coordinates": [ 9.4911617, 47.43053 ] } },
{ "type": "Feature", "properties": { "osm_id": "1965007571", "code": 2401, "fclass": "hotel", "name": "Klarer" }, "geometry": { "type": "Point", "coordinates": [ 9.9592558, 46.6019151 ] } },
{ "type": "Feature", "properties": { "osm_id": "1967357699", "code": 2401, "fclass": "hotel", "name": "Renaissance Tower Hotel" }, "geometry": { "type": "Point", "coordinates": [ 8.5142697, 47.3881885 ] } },
{ "type": "Feature", "properties": { "osm_id": "1975299702", "code": 2401, "fclass": "hotel", "name": "Beau Séjour" }, "geometry": { "type": "Point", "coordinates": [ 6.8665844, 46.1754601 ] } },
{ "type": "Feature", "properties": { "osm_id": "1975299879", "code": 2401, "fclass": "hotel", "name": "Suisse" }, "geometry": { "type": "Point", "coordinates": [ 6.86952, 46.1778862 ] } },
{ "type": "Feature", "properties": { "osm_id": "1975299883", "code": 2401, "fclass": "hotel", "name": "National" }, "geometry": { "type": "Point", "coordinates": [ 6.8703542, 46.1787869 ] } },
{ "type": "Feature", "properties": { "osm_id": "1975299927", "code": 2401, "fclass": "hotel", "name": "des Alpes" }, "geometry": { "type": "Point", "coordinates": [ 6.8729199, 46.1808553 ] } },
{ "type": "Feature", "properties": { "osm_id": "1976199290", "code": 2401, "fclass": "hotel", "name": "Alex" }, "geometry": { "type": "Point", "coordinates": [ 7.9994136, 46.3254879 ] } },
{ "type": "Feature", "properties": { "osm_id": "1976199292", "code": 2401, "fclass": "hotel", "name": "Bellevue" }, "geometry": { "type": "Point", "coordinates": [ 7.9856826, 46.3243846 ] } },
{ "type": "Feature", "properties": { "osm_id": "1976199310", "code": 2401, "fclass": "hotel", "name": "Touring" }, "geometry": { "type": "Point", "coordinates": [ 7.9888364, 46.3229568 ] } },
{ "type": "Feature", "properties": { "osm_id": "1979288886", "code": 2401, "fclass": "hotel", "name": "Berna - Posta" }, "geometry": { "type": "Point", "coordinates": [ 8.8564296, 46.0100154 ] } },
{ "type": "Feature", "properties": { "osm_id": "1979289465", "code": 2401, "fclass": "hotel", "name": "Belcantone" }, "geometry": { "type": "Point", "coordinates": [ 8.8562141, 46.0105705 ] } },
{ "type": "Feature", "properties": { "osm_id": "1979289528", "code": 2401, "fclass": "hotel", "name": "Novaggio" }, "geometry": { "type": "Point", "coordinates": [ 8.8554158, 46.0100073 ] } },
{ "type": "Feature", "properties": { "osm_id": "1992013078", "code": 2401, "fclass": "hotel", "name": "Hotel Continental-Park" }, "geometry": { "type": "Point", "coordinates": [ 8.3090466, 47.048702 ] } },
{ "type": "Feature", "properties": { "osm_id": "1993601882", "code": 2401, "fclass": "hotel", "name": "Gasthof Schlossberg" }, "geometry": { "type": "Point", "coordinates": [ 7.7112986, 46.9065695 ] } },
{ "type": "Feature", "properties": { "osm_id": "2008069167", "code": 2401, "fclass": "hotel", "name": "Hotel Collinetta" }, "geometry": { "type": "Point", "coordinates": [ 8.7505812, 46.1516711 ] } },
{ "type": "Feature", "properties": { "osm_id": "2008893410", "code": 2401, "fclass": "hotel", "name": "Berghotel Schönhalden" }, "geometry": { "type": "Point", "coordinates": [ 9.3310109, 47.0627408 ] } },
{ "type": "Feature", "properties": { "osm_id": "2008893417", "code": 2401, "fclass": "hotel", "name": "Sässliwiese" }, "geometry": { "type": "Point", "coordinates": [ 9.3300505, 47.0698451 ] } },
{ "type": "Feature", "properties": { "osm_id": "2011303404", "code": 2401, "fclass": "hotel", "name": "Hotel Bahnhof" }, "geometry": { "type": "Point", "coordinates": [ 7.7487609, 46.0243709 ] } },
{ "type": "Feature", "properties": { "osm_id": "2011306245", "code": 2401, "fclass": "hotel", "name": "Hotel de la Couronne" }, "geometry": { "type": "Point", "coordinates": [ 7.7484618, 46.0189522 ] } },
{ "type": "Feature", "properties": { "osm_id": "2015319329", "code": 2401, "fclass": "hotel", "name": "Hotel de l'Ours" }, "geometry": { "type": "Point", "coordinates": [ 7.1134576, 46.9636231 ] } },
{ "type": "Feature", "properties": { "osm_id": "2020059412", "code": 2401, "fclass": "hotel", "name": "Landgasthof Hotel Menzberg" }, "geometry": { "type": "Point", "coordinates": [ 7.9958789, 47.0407222 ] } },
{ "type": "Feature", "properties": { "osm_id": "2030250479", "code": 2401, "fclass": "hotel", "name": "Welcome Homes" }, "geometry": { "type": "Point", "coordinates": [ 8.5668924, 47.431455 ] } },
{ "type": "Feature", "properties": { "osm_id": "2031491627", "code": 2401, "fclass": "hotel", "name": "Rüttihubelbad" }, "geometry": { "type": "Point", "coordinates": [ 7.5979652, 46.9397478 ] } },
{ "type": "Feature", "properties": { "osm_id": "2043511288", "code": 2401, "fclass": "hotel", "name": "Splendid" }, "geometry": { "type": "Point", "coordinates": [ 7.8559331, 46.68574 ] } },
{ "type": "Feature", "properties": { "osm_id": "2047043453", "code": 2401, "fclass": "hotel", "name": "Anker" }, "geometry": { "type": "Point", "coordinates": [ 9.3789715, 47.5647622 ] } },
{ "type": "Feature", "properties": { "osm_id": "2060695833", "code": 2401, "fclass": "hotel", "name": "L'Aubier" }, "geometry": { "type": "Point", "coordinates": [ 6.837633, 46.9858618 ] } },
{ "type": "Feature", "properties": { "osm_id": "2061980103", "code": 2401, "fclass": "hotel", "name": "Casa Franco" }, "geometry": { "type": "Point", "coordinates": [ 9.8411965, 46.4876084 ] } },
{ "type": "Feature", "properties": { "osm_id": "2079035893", "code": 2401, "fclass": "hotel", "name": "Gasthaus Bahnhof Hafen" }, "geometry": { "type": "Point", "coordinates": [ 9.1810174, 47.6491047 ] } },
{ "type": "Feature", "properties": { "osm_id": "2082396926", "code": 2401, "fclass": "hotel", "name": "Süsom Surlej" }, "geometry": { "type": "Point", "coordinates": [ 9.814732, 46.4556363 ] } },
{ "type": "Feature", "properties": { "osm_id": "2082550164", "code": 2401, "fclass": "hotel", "name": "Hôtel Edelweiss" }, "geometry": { "type": "Point", "coordinates": [ 6.14992, 46.2113983 ] } },
{ "type": "Feature", "properties": { "osm_id": "2087718178", "code": 2401, "fclass": "hotel", "name": "Hotel Des Alpes" }, "geometry": { "type": "Point", "coordinates": [ 8.3074624, 47.0522175 ] } },
{ "type": "Feature", "properties": { "osm_id": "2096774581", "code": 2401, "fclass": "hotel", "name": "Hôtel de la Paix" }, "geometry": { "type": "Point", "coordinates": [ 6.6366516, 46.519193 ] } },
{ "type": "Feature", "properties": { "osm_id": "2098305352", "code": 2401, "fclass": "hotel", "name": "La Cordée des Alpes" }, "geometry": { "type": "Point", "coordinates": [ 7.2235534, 46.0980726 ] } },
{ "type": "Feature", "properties": { "osm_id": "2099718985", "code": 2401, "fclass": "hotel", "name": "Hotel Rigi First" }, "geometry": { "type": "Point", "coordinates": [ 8.4789333, 47.0409078 ] } },
{ "type": "Feature", "properties": { "osm_id": "2108013896", "code": 2401, "fclass": "hotel", "name": "Hotel guter Hirte" }, "geometry": { "type": "Point", "coordinates": [ 7.849327, 47.1138878 ] } },
{ "type": "Feature", "properties": { "osm_id": "2123810977", "code": 2401, "fclass": "hotel", "name": "Hua Villa" }, "geometry": { "type": "Point", "coordinates": [ 7.8571759, 46.6817365 ] } },
{ "type": "Feature", "properties": { "osm_id": "2130863930", "code": 2401, "fclass": "hotel", "name": "Blinnenhorn" }, "geometry": { "type": "Point", "coordinates": [ 8.2412685, 46.4695311 ] } },
{ "type": "Feature", "properties": { "osm_id": "2130863931", "code": 2401, "fclass": "hotel", "name": "Glocke" }, "geometry": { "type": "Point", "coordinates": [ 8.2474174, 46.4692821 ] } },
{ "type": "Feature", "properties": { "osm_id": "2131486191", "code": 2401, "fclass": "hotel", "name": "Wilden Mann" }, "geometry": { "type": "Point", "coordinates": [ 7.7157177, 47.5027628 ] } },
{ "type": "Feature", "properties": { "osm_id": "2132038576", "code": 2401, "fclass": "hotel", "name": "Bodenseehotel Weisses Rössli" }, "geometry": { "type": "Point", "coordinates": [ 9.5396149, 47.4820215 ] } },
{ "type": "Feature", "properties": { "osm_id": "2136270172", "code": 2401, "fclass": "hotel", "name": "Hotel Feldbach" }, "geometry": { "type": "Point", "coordinates": [ 8.974441, 47.6647262 ] } },
{ "type": "Feature", "properties": { "osm_id": "2140022287", "code": 2401, "fclass": "hotel", "name": "Schwanderhof" }, "geometry": { "type": "Point", "coordinates": [ 8.2120587, 46.8864312 ] } },
{ "type": "Feature", "properties": { "osm_id": "2140565958", "code": 2401, "fclass": "hotel", "name": "Marriot Courtyard Basel" }, "geometry": { "type": "Point", "coordinates": [ 7.68132, 47.5247464 ] } },
{ "type": "Feature", "properties": { "osm_id": "2142689745", "code": 2401, "fclass": "hotel", "name": "Le Grütli" }, "geometry": { "type": "Point", "coordinates": [ 6.4137538, 46.6200429 ] } },
{ "type": "Feature", "properties": { "osm_id": "2145628191", "code": 2401, "fclass": "hotel", "name": "Hornberg" }, "geometry": { "type": "Point", "coordinates": [ 7.3131411, 46.5169613 ] } },
{ "type": "Feature", "properties": { "osm_id": "2146307561", "code": 2401, "fclass": "hotel", "name": "Hotel Balade" }, "geometry": { "type": "Point", "coordinates": [ 7.5910221, 47.5624363 ] } },
{ "type": "Feature", "properties": { "osm_id": "2157113001", "code": 2401, "fclass": "hotel", "name": "Haus Avalon" }, "geometry": { "type": "Point", "coordinates": [ 9.1454911, 46.9842818 ] } },
{ "type": "Feature", "properties": { "osm_id": "2166870346", "code": 2401, "fclass": "hotel", "name": "Les Armures" }, "geometry": { "type": "Point", "coordinates": [ 6.1472756, 46.2013046 ] } },
{ "type": "Feature", "properties": { "osm_id": "2172102356", "code": 2401, "fclass": "hotel", "name": "Hotel Löwen" }, "geometry": { "type": "Point", "coordinates": [ 8.2729544, 47.4185771 ] } },
{ "type": "Feature", "properties": { "osm_id": "2172281501", "code": 2401, "fclass": "hotel", "name": "Löwen" }, "geometry": { "type": "Point", "coordinates": [ 7.5612436, 46.8789408 ] } },
{ "type": "Feature", "properties": { "osm_id": "2173194097", "code": 2401, "fclass": "hotel", "name": "Altes Tenigerbad" }, "geometry": { "type": "Point", "coordinates": [ 8.9576375, 46.6893869 ] } },
{ "type": "Feature", "properties": { "osm_id": "2174057992", "code": 2401, "fclass": "hotel", "name": "Auszeit-Hotel Z Aeschiried" }, "geometry": { "type": "Point", "coordinates": [ 7.7304643, 46.6463613 ] } },
{ "type": "Feature", "properties": { "osm_id": "2177220938", "code": 2401, "fclass": "hotel", "name": "Post" }, "geometry": { "type": "Point", "coordinates": [ 9.3094411, 47.1969475 ] } },
{ "type": "Feature", "properties": { "osm_id": "2179090354", "code": 2401, "fclass": "hotel", "name": "Landgasthof Löwen" }, "geometry": { "type": "Point", "coordinates": [ 7.8770832, 46.9423308 ] } },
{ "type": "Feature", "properties": { "osm_id": "2181036380", "code": 2401, "fclass": "hotel", "name": "Gasthaus zum Bahnhof" }, "geometry": { "type": "Point", "coordinates": [ 9.1745279, 47.5817294 ] } },
{ "type": "Feature", "properties": { "osm_id": "2191277525", "code": 2401, "fclass": "hotel", "name": "Höri Inn" }, "geometry": { "type": "Point", "coordinates": [ 8.5193526, 47.5125228 ] } },
{ "type": "Feature", "properties": { "osm_id": "2208723670", "code": 2401, "fclass": "hotel", "name": "Ador" }, "geometry": { "type": "Point", "coordinates": [ 7.4354038, 46.9470831 ] } },
{ "type": "Feature", "properties": { "osm_id": "2208853385", "code": 2401, "fclass": "hotel", "name": "Schweizerhof" }, "geometry": { "type": "Point", "coordinates": [ 7.4410493, 46.9488149 ] } },
{ "type": "Feature", "properties": { "osm_id": "2212126272", "code": 2401, "fclass": "hotel", "name": "Krone" }, "geometry": { "type": "Point", "coordinates": [ 7.2760935, 47.0439657 ] } },
{ "type": "Feature", "properties": { "osm_id": "2212938290", "code": 2401, "fclass": "hotel", "name": "Hotel-Restaurant Bildungszentrum Matt" }, "geometry": { "type": "Point", "coordinates": [ 8.1786476, 47.0179632 ] } },
{ "type": "Feature", "properties": { "osm_id": "2213842664", "code": 2401, "fclass": "hotel", "name": "zum Bad" }, "geometry": { "type": "Point", "coordinates": [ 7.4031532, 47.1245969 ] } },
{ "type": "Feature", "properties": { "osm_id": "2219655500", "code": 2401, "fclass": "hotel", "name": "Hotel Paradiso" }, "geometry": { "type": "Point", "coordinates": [ 7.4329122, 47.0363238 ] } },
{ "type": "Feature", "properties": { "osm_id": "2229414128", "code": 2401, "fclass": "hotel", "name": "Hotel Artos" }, "geometry": { "type": "Point", "coordinates": [ 7.8663849, 46.6853849 ] } },
{ "type": "Feature", "properties": { "osm_id": "2237307426", "code": 2401, "fclass": "hotel", "name": "Fravi" }, "geometry": { "type": "Point", "coordinates": [ 9.42646, 46.6046242 ] } },
{ "type": "Feature", "properties": { "osm_id": "2237512463", "code": 2401, "fclass": "hotel", "name": "Weisses Kreuz" }, "geometry": { "type": "Point", "coordinates": [ 9.4262907, 46.6034959 ] } },
{ "type": "Feature", "properties": { "osm_id": "2238796082", "code": 2401, "fclass": "hotel", "name": "Piz Vizan" }, "geometry": { "type": "Point", "coordinates": [ 9.4281976, 46.6014 ] } },
{ "type": "Feature", "properties": { "osm_id": "2238796086", "code": 2401, "fclass": "hotel", "name": "Hotel Post" }, "geometry": { "type": "Point", "coordinates": [ 9.4270711, 46.6019547 ] } },
{ "type": "Feature", "properties": { "osm_id": "2249289264", "code": 2401, "fclass": "hotel", "name": "Du Lac" }, "geometry": { "type": "Point", "coordinates": [ 7.8687156, 46.691285 ] } },
{ "type": "Feature", "properties": { "osm_id": "2260257897", "code": 2401, "fclass": "hotel", "name": "Gästehaus Sonne" }, "geometry": { "type": "Point", "coordinates": [ 9.0731056, 47.3588985 ] } },
{ "type": "Feature", "properties": { "osm_id": "2260932309", "code": 2401, "fclass": "hotel", "name": "Auberge au Carrefour" }, "geometry": { "type": "Point", "coordinates": [ 7.0036554, 47.2122045 ] } },
{ "type": "Feature", "properties": { "osm_id": "2272115463", "code": 2401, "fclass": "hotel", "name": "Bären" }, "geometry": { "type": "Point", "coordinates": [ 7.7166166, 46.7949859 ] } },
{ "type": "Feature", "properties": { "osm_id": "2276672458", "code": 2401, "fclass": "hotel", "name": "Art Residence" }, "geometry": { "type": "Point", "coordinates": [ 8.9704571, 46.0049767 ] } },
{ "type": "Feature", "properties": { "osm_id": "2277453772", "code": 2401, "fclass": "hotel", "name": "Bären Sigriswil" }, "geometry": { "type": "Point", "coordinates": [ 7.712406, 46.7170504 ] } },
{ "type": "Feature", "properties": { "osm_id": "2282077534", "code": 2401, "fclass": "hotel", "name": "Montana" }, "geometry": { "type": "Point", "coordinates": [ 9.8409543, 46.8089651 ] } },
{ "type": "Feature", "properties": { "osm_id": "2283383167", "code": 2401, "fclass": "hotel", "name": "Le Prince" }, "geometry": { "type": "Point", "coordinates": [ 6.1442169, 46.1957099 ] } },
{ "type": "Feature", "properties": { "osm_id": "2285717954", "code": 2401, "fclass": "hotel", "name": "Hotel Rössli" }, "geometry": { "type": "Point", "coordinates": [ 8.4852732, 47.1974091 ] } },
{ "type": "Feature", "properties": { "osm_id": "2286028296", "code": 2401, "fclass": "hotel", "name": "Restaurant Hotel Rosenhügel" }, "geometry": { "type": "Point", "coordinates": [ 9.5263593, 46.8456842 ] } },
{ "type": "Feature", "properties": { "osm_id": "2286028297", "code": 2401, "fclass": "hotel", "name": "Hotel Chur" }, "geometry": { "type": "Point", "coordinates": [ 9.5291186, 46.8478283 ] } },
{ "type": "Feature", "properties": { "osm_id": "2287118374", "code": 2401, "fclass": "hotel", "name": "Hotel Firenze" }, "geometry": { "type": "Point", "coordinates": [ 8.9767272, 46.0012572 ] } },
{ "type": "Feature", "properties": { "osm_id": "2288386755", "code": 2401, "fclass": "hotel", "name": "Locanda Castagnola" }, "geometry": { "type": "Point", "coordinates": [ 8.9773451, 46.001309 ] } },
{ "type": "Feature", "properties": { "osm_id": "2291657893", "code": 2401, "fclass": "hotel", "name": "Hotel Mont-Vully" }, "geometry": { "type": "Point", "coordinates": [ 7.0853449, 46.9553921 ] } },
{ "type": "Feature", "properties": { "osm_id": "2292064950", "code": 2401, "fclass": "hotel", "name": "Hôtel Restaurant Cave Bel-Air" }, "geometry": { "type": "Point", "coordinates": [ 7.0973206, 46.9524245 ] } },
{ "type": "Feature", "properties": { "osm_id": "2296387975", "code": 2401, "fclass": "hotel", "name": "Mohren" }, "geometry": { "type": "Point", "coordinates": [ 7.9928966, 47.1205963 ] } },
{ "type": "Feature", "properties": { "osm_id": "2296387978", "code": 2401, "fclass": "hotel", "name": "Post" }, "geometry": { "type": "Point", "coordinates": [ 7.9922237, 47.1216036 ] } },
{ "type": "Feature", "properties": { "osm_id": "2301250135", "code": 2401, "fclass": "hotel", "name": "Antica Posta" }, "geometry": { "type": "Point", "coordinates": [ 8.7673111, 46.1553616 ] } },
{ "type": "Feature", "properties": { "osm_id": "2304169497", "code": 2401, "fclass": "hotel", "name": "Ibis Styles Luzern City" }, "geometry": { "type": "Point", "coordinates": [ 8.3118262, 47.056721 ] } },
{ "type": "Feature", "properties": { "osm_id": "2318439934", "code": 2401, "fclass": "hotel", "name": "Hotel Wildhorn" }, "geometry": { "type": "Point", "coordinates": [ 7.3223956, 46.424245 ] } },
{ "type": "Feature", "properties": { "osm_id": "2318439935", "code": 2401, "fclass": "hotel", "name": "Hotel Alpenland" }, "geometry": { "type": "Point", "coordinates": [ 7.3243533, 46.4184578 ] } },
{ "type": "Feature", "properties": { "osm_id": "2320637222", "code": 2401, "fclass": "hotel", "name": "Landgasthof Camping" }, "geometry": { "type": "Point", "coordinates": [ 8.840765, 47.6622423 ] } },
{ "type": "Feature", "properties": { "osm_id": "2321048327", "code": 2401, "fclass": "hotel", "name": "Gasthof Kreuz" }, "geometry": { "type": "Point", "coordinates": [ 8.3830003, 47.0514942 ] } },
{ "type": "Feature", "properties": { "osm_id": "2322847045", "code": 2401, "fclass": "hotel", "name": "Park" }, "geometry": { "type": "Point", "coordinates": [ 7.2887175, 46.4710091 ] } },
{ "type": "Feature", "properties": { "osm_id": "2325754225", "code": 2401, "fclass": "hotel", "name": "Bären" }, "geometry": { "type": "Point", "coordinates": [ 7.7257301, 46.9208831 ] } },
{ "type": "Feature", "properties": { "osm_id": "2329326429", "code": 2401, "fclass": "hotel", "name": "Krone" }, "geometry": { "type": "Point", "coordinates": [ 8.1918899, 47.1353191 ] } },
{ "type": "Feature", "properties": { "osm_id": "2341650848", "code": 2401, "fclass": "hotel", "name": "Hotel Garni Minusio" }, "geometry": { "type": "Point", "coordinates": [ 8.8226684, 46.1791113 ] } },
{ "type": "Feature", "properties": { "osm_id": "2343798674", "code": 2401, "fclass": "hotel", "name": "Resslirytti" }, "geometry": { "type": "Point", "coordinates": [ 7.5991191, 47.5589727 ] } },
{ "type": "Feature", "properties": { "osm_id": "2345647484", "code": 2401, "fclass": "hotel", "name": "Hôtel Central" }, "geometry": { "type": "Point", "coordinates": [ 7.1983291, 47.2198674 ] } },
{ "type": "Feature", "properties": { "osm_id": "2349238565", "code": 2401, "fclass": "hotel", "name": "Hotel Bünda" }, "geometry": { "type": "Point", "coordinates": [ 9.8437741, 46.807627 ] } },
{ "type": "Feature", "properties": { "osm_id": "2354705089", "code": 2401, "fclass": "hotel", "name": "Waldrand" }, "geometry": { "type": "Point", "coordinates": [ 8.0002568, 46.6238844 ] } },
{ "type": "Feature", "properties": { "osm_id": "2360334920", "code": 2401, "fclass": "hotel", "name": "Agora Swiss Night" }, "geometry": { "type": "Point", "coordinates": [ 6.6278692, 46.5152787 ] } },
{ "type": "Feature", "properties": { "osm_id": "2364770498", "code": 2401, "fclass": "hotel", "name": "Haslizentrum SNB" }, "geometry": { "type": "Point", "coordinates": [ 8.2022179, 46.7449445 ] } },
{ "type": "Feature", "properties": { "osm_id": "2366734527", "code": 2401, "fclass": "hotel", "name": "Taverna zum Löwen" }, "geometry": { "type": "Point", "coordinates": [ 8.9967454, 47.4619978 ] } },
{ "type": "Feature", "properties": { "osm_id": "2367517782", "code": 2401, "fclass": "hotel", "name": "Stans Süd" }, "geometry": { "type": "Point", "coordinates": [ 8.3839749, 46.9650288 ] } },
{ "type": "Feature", "properties": { "osm_id": "2371367688", "code": 2401, "fclass": "hotel", "name": "Gasthof zum Kreuz" }, "geometry": { "type": "Point", "coordinates": [ 7.7531574, 47.3323272 ] } },
{ "type": "Feature", "properties": { "osm_id": "2376427480", "code": 2401, "fclass": "hotel", "name": "Park Inn Lully" }, "geometry": { "type": "Point", "coordinates": [ 6.8585374, 46.831794 ] } },
{ "type": "Feature", "properties": { "osm_id": "2393031750", "code": 2401, "fclass": "hotel", "name": "Fondazione Monte Verità" }, "geometry": { "type": "Point", "coordinates": [ 8.762669, 46.1585244 ] } },
{ "type": "Feature", "properties": { "osm_id": "2394202941", "code": 2401, "fclass": "hotel", "name": "L'Auberge" }, "geometry": { "type": "Point", "coordinates": [ 6.5211453, 46.7892633 ] } },
{ "type": "Feature", "properties": { "osm_id": "2394263802", "code": 2401, "fclass": "hotel", "name": "GZI Seminar- und Kongresshotel" }, "geometry": { "type": "Point", "coordinates": [ 8.1309553, 47.1399171 ] } },
{ "type": "Feature", "properties": { "osm_id": "2395119004", "code": 2401, "fclass": "hotel", "name": "Bellevue" }, "geometry": { "type": "Point", "coordinates": [ 10.358259, 46.9422474 ] } },
{ "type": "Feature", "properties": { "osm_id": "2395120718", "code": 2401, "fclass": "hotel", "name": "Muttler" }, "geometry": { "type": "Point", "coordinates": [ 10.3587659, 46.9429323 ] } },
{ "type": "Feature", "properties": { "osm_id": "2395124233", "code": 2401, "fclass": "hotel", "name": "Nevada" }, "geometry": { "type": "Point", "coordinates": [ 10.3599354, 46.9428572 ] } },
{ "type": "Feature", "properties": { "osm_id": "2395960171", "code": 2401, "fclass": "hotel", "name": "Chasa Montana" }, "geometry": { "type": "Point", "coordinates": [ 10.3599064, 46.9436998 ] } },
{ "type": "Feature", "properties": { "osm_id": "2395960172", "code": 2401, "fclass": "hotel", "name": "Alpina" }, "geometry": { "type": "Point", "coordinates": [ 10.358702, 46.9430937 ] } },
{ "type": "Feature", "properties": { "osm_id": "2395992614", "code": 2401, "fclass": "hotel", "name": "Nova Garni" }, "geometry": { "type": "Point", "coordinates": [ 10.3594584, 46.94207 ] } },
{ "type": "Feature", "properties": { "osm_id": "2395992637", "code": 2401, "fclass": "hotel", "name": "Bergsonne" }, "geometry": { "type": "Point", "coordinates": [ 10.3620655, 46.9433171 ] } },
{ "type": "Feature", "properties": { "osm_id": "2395992639", "code": 2401, "fclass": "hotel", "name": "Chesa Grischuna" }, "geometry": { "type": "Point", "coordinates": [ 10.3623203, 46.9430241 ] } },
{ "type": "Feature", "properties": { "osm_id": "2396023544", "code": 2401, "fclass": "hotel", "name": "Aurora" }, "geometry": { "type": "Point", "coordinates": [ 10.3731752, 46.9531534 ] } },
{ "type": "Feature", "properties": { "osm_id": "2396023574", "code": 2401, "fclass": "hotel", "name": "Astoria Garni" }, "geometry": { "type": "Point", "coordinates": [ 10.3709652, 46.9501379 ] } },
{ "type": "Feature", "properties": { "osm_id": "2396023575", "code": 2401, "fclass": "hotel", "name": "Homann" }, "geometry": { "type": "Point", "coordinates": [ 10.3708953, 46.9516429 ] } },
{ "type": "Feature", "properties": { "osm_id": "2396754040", "code": 2401, "fclass": "hotel", "name": "boutique hotel" }, "geometry": { "type": "Point", "coordinates": [ 7.5978784, 46.2515857 ] } },
{ "type": "Feature", "properties": { "osm_id": "2398702344", "code": 2401, "fclass": "hotel", "name": "Raben" }, "geometry": { "type": "Point", "coordinates": [ 8.9974931, 46.918424 ] } },
{ "type": "Feature", "properties": { "osm_id": "2398702347", "code": 2401, "fclass": "hotel", "name": "Hotel Tödi" }, "geometry": { "type": "Point", "coordinates": [ 8.981195, 46.8798621 ] } },
{ "type": "Feature", "properties": { "osm_id": "2403628645", "code": 2401, "fclass": "hotel", "name": "Seiler’s vintage Hotel" }, "geometry": { "type": "Point", "coordinates": [ 7.6766655, 46.5004402 ] } },
{ "type": "Feature", "properties": { "osm_id": "2403628646", "code": 2401, "fclass": "hotel", "name": "Alpenblick" }, "geometry": { "type": "Point", "coordinates": [ 7.6751454, 46.4984888 ] } },
{ "type": "Feature", "properties": { "osm_id": "2403628647", "code": 2401, "fclass": "hotel", "name": "Alpina" }, "geometry": { "type": "Point", "coordinates": [ 7.6762535, 46.4997208 ] } },
{ "type": "Feature", "properties": { "osm_id": "2403628648", "code": 2401, "fclass": "hotel", "name": "Bernerhof" }, "geometry": { "type": "Point", "coordinates": [ 7.6741333, 46.4968504 ] } },
{ "type": "Feature", "properties": { "osm_id": "2403628651", "code": 2401, "fclass": "hotel", "name": "Spycher" }, "geometry": { "type": "Point", "coordinates": [ 7.6726165, 46.4932201 ] } },
{ "type": "Feature", "properties": { "osm_id": "2403628655", "code": 2401, "fclass": "hotel", "name": "des Alpes" }, "geometry": { "type": "Point", "coordinates": [ 7.6714949, 46.4898536 ] } },
{ "type": "Feature", "properties": { "osm_id": "2409224145", "code": 2401, "fclass": "hotel", "name": "Hotel Bahnhof" }, "geometry": { "type": "Point", "coordinates": [ 7.6904556, 46.6257857 ] } },
{ "type": "Feature", "properties": { "osm_id": "2410414569", "code": 2401, "fclass": "hotel", "name": "Grand Hôtel des Rasses" }, "geometry": { "type": "Point", "coordinates": [ 6.5347632, 46.8277941 ] } },
{ "type": "Feature", "properties": { "osm_id": "2410856606", "code": 2401, "fclass": "hotel", "name": "Hôtel du Rhône" }, "geometry": { "type": "Point", "coordinates": [ 7.3633768, 46.2317271 ] } },
{ "type": "Feature", "properties": { "osm_id": "2415146548", "code": 2401, "fclass": "hotel", "name": "Posthotel Valbella" }, "geometry": { "type": "Point", "coordinates": [ 9.5557233, 46.749424 ] } },
{ "type": "Feature", "properties": { "osm_id": "2417976765", "code": 2401, "fclass": "hotel", "name": "Neuhaus" }, "geometry": { "type": "Point", "coordinates": [ 8.294493, 47.4879579 ] } },
{ "type": "Feature", "properties": { "osm_id": "2418791405", "code": 2401, "fclass": "hotel", "name": "La Tsalounâ" }, "geometry": { "type": "Point", "coordinates": [ 7.0978989, 46.2571087 ] } },
{ "type": "Feature", "properties": { "osm_id": "2419808452", "code": 2401, "fclass": "hotel", "name": "Burek King" }, "geometry": { "type": "Point", "coordinates": [ 7.5572584, 47.2033526 ] } },
{ "type": "Feature", "properties": { "osm_id": "2429347243", "code": 2401, "fclass": "hotel", "name": "Sorell Hotel Seidenhof" }, "geometry": { "type": "Point", "coordinates": [ 8.5372276, 47.3737041 ] } },
{ "type": "Feature", "properties": { "osm_id": "2432065444", "code": 2401, "fclass": "hotel", "name": "Hotel Europe" }, "geometry": { "type": "Point", "coordinates": [ 8.3248886, 47.0557831 ] } },
{ "type": "Feature", "properties": { "osm_id": "2432262820", "code": 2401, "fclass": "hotel", "name": "Bellerive Zermatt" }, "geometry": { "type": "Point", "coordinates": [ 7.7490207, 46.0185788 ] } },
{ "type": "Feature", "properties": { "osm_id": "2432494618", "code": 2401, "fclass": "hotel", "name": "Hôtel St. Gervais" }, "geometry": { "type": "Point", "coordinates": [ 6.1418934, 46.2069018 ] } },
{ "type": "Feature", "properties": { "osm_id": "2434929159", "code": 2401, "fclass": "hotel", "name": "Sauvage" }, "geometry": { "type": "Point", "coordinates": [ 7.1625321, 46.8029014 ] } },
{ "type": "Feature", "properties": { "osm_id": "2438052071", "code": 2401, "fclass": "hotel", "name": null }, "geometry": { "type": "Point", "coordinates": [ 7.5750336, 47.5393968 ] } },
{ "type": "Feature", "properties": { "osm_id": "2446293214", "code": 2401, "fclass": "hotel", "name": "Hotel Retaurant Schermtanne" }, "geometry": { "type": "Point", "coordinates": [ 7.526766, 46.4893496 ] } },
{ "type": "Feature", "properties": { "osm_id": "2455973886", "code": 2401, "fclass": "hotel", "name": "Hotel Bienenberg" }, "geometry": { "type": "Point", "coordinates": [ 7.7120718, 47.4951991 ] } },
{ "type": "Feature", "properties": { "osm_id": "2456778684", "code": 2401, "fclass": "hotel", "name": "Hotel Steinbock" }, "geometry": { "type": "Point", "coordinates": [ 9.9079847, 46.4870724 ] } },
{ "type": "Feature", "properties": { "osm_id": "2459513468", "code": 2401, "fclass": "hotel", "name": "Hôtel La Croix-Blanche" }, "geometry": { "type": "Point", "coordinates": [ 7.0945485, 46.7607108 ] } },
{ "type": "Feature", "properties": { "osm_id": "2470508406", "code": 2401, "fclass": "hotel", "name": "Best Western Butterfly" }, "geometry": { "type": "Point", "coordinates": [ 7.7466078, 46.0232414 ] } },
{ "type": "Feature", "properties": { "osm_id": "2473497879", "code": 2401, "fclass": "hotel", "name": "Kreuz" }, "geometry": { "type": "Point", "coordinates": [ 8.2398262, 46.8670934 ] } },
{ "type": "Feature", "properties": { "osm_id": "2477694156", "code": 2401, "fclass": "hotel", "name": "Hotel Metropol" }, "geometry": { "type": "Point", "coordinates": [ 9.3704783, 47.4229339 ] } },
{ "type": "Feature", "properties": { "osm_id": "2478280217", "code": 2401, "fclass": "hotel", "name": "Gasthof Derby" }, "geometry": { "type": "Point", "coordinates": [ 7.3738344, 46.5518669 ] } },
{ "type": "Feature", "properties": { "osm_id": "2479152997", "code": 2401, "fclass": "hotel", "name": "Metropole" }, "geometry": { "type": "Point", "coordinates": [ 7.8562655, 46.6861084 ] } },
{ "type": "Feature", "properties": { "osm_id": "2481379811", "code": 2401, "fclass": "hotel", "name": "Zwyssighof" }, "geometry": { "type": "Point", "coordinates": [ 8.3253359, 47.4647131 ] } },
{ "type": "Feature", "properties": { "osm_id": "2489849790", "code": 2401, "fclass": "hotel", "name": "SwissTech Hotel" }, "geometry": { "type": "Point", "coordinates": [ 6.5661094, 46.5223377 ] } },
{ "type": "Feature", "properties": { "osm_id": "2501107097", "code": 2401, "fclass": "hotel", "name": "Hotel Davoserhof" }, "geometry": { "type": "Point", "coordinates": [ 9.8215359, 46.793141 ] } },
{ "type": "Feature", "properties": { "osm_id": "2507487715", "code": 2401, "fclass": "hotel", "name": "Curuna" }, "geometry": { "type": "Point", "coordinates": [ 10.3033745, 46.798907 ] } },
{ "type": "Feature", "properties": { "osm_id": "2507487718", "code": 2401, "fclass": "hotel", "name": "Quellenhof" }, "geometry": { "type": "Point", "coordinates": [ 10.3005176, 46.7981577 ] } },
{ "type": "Feature", "properties": { "osm_id": "2520330258", "code": 2401, "fclass": "hotel", "name": "Berghotel Engstligenalp" }, "geometry": { "type": "Point", "coordinates": [ 7.5651802, 46.4477577 ] } },
{ "type": "Feature", "properties": { "osm_id": "2524037538", "code": 2401, "fclass": "hotel", "name": "Guesthouse Arosio B&B" }, "geometry": { "type": "Point", "coordinates": [ 8.90096, 46.0468839 ] } },
{ "type": "Feature", "properties": { "osm_id": "2525165553", "code": 2401, "fclass": "hotel", "name": "Dinh Residence" }, "geometry": { "type": "Point", "coordinates": [ 7.3712286, 46.5538551 ] } },
{ "type": "Feature", "properties": { "osm_id": "2535974669", "code": 2401, "fclass": "hotel", "name": "Ramada Encore Geneva" }, "geometry": { "type": "Point", "coordinates": [ 6.1270456, 46.1792027 ] } },
{ "type": "Feature", "properties": { "osm_id": "2541796075", "code": 2401, "fclass": "hotel", "name": "Hotel Lindenhof" }, "geometry": { "type": "Point", "coordinates": [ 8.5849235, 47.1359296 ] } },
{ "type": "Feature", "properties": { "osm_id": "2560482537", "code": 2401, "fclass": "hotel", "name": "Sporthotel" }, "geometry": { "type": "Point", "coordinates": [ 7.5604039, 47.2156384 ] } },
{ "type": "Feature", "properties": { "osm_id": "2562267739", "code": 2401, "fclass": "hotel", "name": "Hôtel AlaGare" }, "geometry": { "type": "Point", "coordinates": [ 6.6307939, 46.5158417 ] } },
{ "type": "Feature", "properties": { "osm_id": "2574827343", "code": 2401, "fclass": "hotel", "name": "W Verbier" }, "geometry": { "type": "Point", "coordinates": [ 7.2332172, 46.0923491 ] } },
{ "type": "Feature", "properties": { "osm_id": "2577144474", "code": 2401, "fclass": "hotel", "name": "Hotel Basler Tor" }, "geometry": { "type": "Point", "coordinates": [ 7.6475561, 47.5277251 ] } },
{ "type": "Feature", "properties": { "osm_id": "2582810217", "code": 2401, "fclass": "hotel", "name": "Chez Gilles" }, "geometry": { "type": "Point", "coordinates": [ 6.8306353, 47.1046598 ] } },
{ "type": "Feature", "properties": { "osm_id": "2583594620", "code": 2401, "fclass": "hotel", "name": "Savoy" }, "geometry": { "type": "Point", "coordinates": [ 7.4420768, 46.9491447 ] } },
{ "type": "Feature", "properties": { "osm_id": "2599500615", "code": 2401, "fclass": "hotel", "name": "Alpine Village" }, "geometry": { "type": "Point", "coordinates": [ 7.7766724, 46.410706 ] } },
{ "type": "Feature", "properties": { "osm_id": "2600913533", "code": 2401, "fclass": "hotel", "name": "Joopi" }, "geometry": { "type": "Point", "coordinates": [ 8.2438834, 46.4691249 ] } },
{ "type": "Feature", "properties": { "osm_id": "2607490692", "code": 2401, "fclass": "hotel", "name": "Landgasthof Ochsen" }, "geometry": { "type": "Point", "coordinates": [ 9.5668845, 47.4663345 ] } },
{ "type": "Feature", "properties": { "osm_id": "2607789926", "code": 2401, "fclass": "hotel", "name": "Valbella Resort" }, "geometry": { "type": "Point", "coordinates": [ 9.557539, 46.7490908 ] } },
{ "type": "Feature", "properties": { "osm_id": "2611469388", "code": 2401, "fclass": "hotel", "name": "Hôtel Le Déserteur" }, "geometry": { "type": "Point", "coordinates": [ 7.2949707, 46.1806015 ] } },
{ "type": "Feature", "properties": { "osm_id": "2614484785", "code": 2401, "fclass": "hotel", "name": "Lötschberg" }, "geometry": { "type": "Point", "coordinates": [ 7.7710526, 46.3985489 ] } },
{ "type": "Feature", "properties": { "osm_id": "2615277888", "code": 2401, "fclass": "hotel", "name": "Solaria" }, "geometry": { "type": "Point", "coordinates": [ 9.8421786, 46.8023838 ] } },
{ "type": "Feature", "properties": { "osm_id": "2618801544", "code": 2401, "fclass": "hotel", "name": "Hotel Bodmi" }, "geometry": { "type": "Point", "coordinates": [ 8.0420002, 46.6286465 ] } },
{ "type": "Feature", "properties": { "osm_id": "2619446690", "code": 2401, "fclass": "hotel", "name": "Petersgrat" }, "geometry": { "type": "Point", "coordinates": [ 7.7710774, 46.3989301 ] } },
{ "type": "Feature", "properties": { "osm_id": "2619454808", "code": 2401, "fclass": "hotel", "name": "Bietschorn" }, "geometry": { "type": "Point", "coordinates": [ 7.7698409, 46.3987506 ] } },
{ "type": "Feature", "properties": { "osm_id": "2619966402", "code": 2401, "fclass": "hotel", "name": "Guggenheim" }, "geometry": { "type": "Point", "coordinates": [ 7.7344143, 47.4826243 ] } },
{ "type": "Feature", "properties": { "osm_id": "2621697605", "code": 2401, "fclass": "hotel", "name": "Basic Hotel" }, "geometry": { "type": "Point", "coordinates": [ 9.6764427, 46.777319 ] } },
{ "type": "Feature", "properties": { "osm_id": "2621697607", "code": 2401, "fclass": "hotel", "name": "Cristallo" }, "geometry": { "type": "Point", "coordinates": [ 9.6778136, 46.779504 ] } },
{ "type": "Feature", "properties": { "osm_id": "2621697608", "code": 2401, "fclass": "hotel", "name": "Metropol" }, "geometry": { "type": "Point", "coordinates": [ 9.6792632, 46.7802795 ] } },
{ "type": "Feature", "properties": { "osm_id": "2621697609", "code": 2401, "fclass": "hotel", "name": "Provisorium13" }, "geometry": { "type": "Point", "coordinates": [ 9.6830054, 46.7833171 ] } },
{ "type": "Feature", "properties": { "osm_id": "2621971209", "code": 2401, "fclass": "hotel", "name": "Hotel Alpina" }, "geometry": { "type": "Point", "coordinates": [ 9.6773981, 46.7798619 ] } },
{ "type": "Feature", "properties": { "osm_id": "2622434487", "code": 2401, "fclass": "hotel", "name": "Arosa Kulm Hotel" }, "geometry": { "type": "Point", "coordinates": [ 9.6650356, 46.7748547 ] } },
{ "type": "Feature", "properties": { "osm_id": "2622434488", "code": 2401, "fclass": "hotel", "name": "Arosa Vetter Hotel" }, "geometry": { "type": "Point", "coordinates": [ 9.6786459, 46.782727 ] } },
{ "type": "Feature", "properties": { "osm_id": "2622434489", "code": 2401, "fclass": "hotel", "name": "Asora" }, "geometry": { "type": "Point", "coordinates": [ 9.6798676, 46.7810662 ] } },
{ "type": "Feature", "properties": { "osm_id": "2622434490", "code": 2401, "fclass": "hotel", "name": "Hotel Astoria" }, "geometry": { "type": "Point", "coordinates": [ 9.6825558, 46.7808689 ] } },
{ "type": "Feature", "properties": { "osm_id": "2622434491", "code": 2401, "fclass": "hotel", "name": "Belarosa" }, "geometry": { "type": "Point", "coordinates": [ 9.6774567, 46.7806321 ] } },
{ "type": "Feature", "properties": { "osm_id": "2622683254", "code": 2401, "fclass": "hotel", "name": "Hotel Arlenwald" }, "geometry": { "type": "Point", "coordinates": [ 9.6749835, 46.7900813 ] } },
{ "type": "Feature", "properties": { "osm_id": "2622683257", "code": 2401, "fclass": "hotel", "name": "Hotel Erzhorn" }, "geometry": { "type": "Point", "coordinates": [ 9.6595446, 46.7755443 ] } },
{ "type": "Feature", "properties": { "osm_id": "2622683259", "code": 2401, "fclass": "hotel", "name": "Hotel Gspan" }, "geometry": { "type": "Point", "coordinates": [ 9.6583363, 46.7753405 ] } },
{ "type": "Feature", "properties": { "osm_id": "2622683260", "code": 2401, "fclass": "hotel", "name": "Haus am Wald" }, "geometry": { "type": "Point", "coordinates": [ 9.6790688, 46.7822865 ] } },
{ "type": "Feature", "properties": { "osm_id": "2622683261", "code": 2401, "fclass": "hotel", "name": "Hof Maran" }, "geometry": { "type": "Point", "coordinates": [ 9.6811612, 46.7932804 ] } },
{ "type": "Feature", "properties": { "osm_id": "2622683262", "code": 2401, "fclass": "hotel", "name": "Hohe Promenade" }, "geometry": { "type": "Point", "coordinates": [ 9.6761599, 46.7786149 ] } },
{ "type": "Feature", "properties": { "osm_id": "2622683263", "code": 2401, "fclass": "hotel", "name": "Hohenfels" }, "geometry": { "type": "Point", "coordinates": [ 9.6759558, 46.7782836 ] } },
{ "type": "Feature", "properties": { "osm_id": "2622683264", "code": 2401, "fclass": "hotel", "name": "Hold" }, "geometry": { "type": "Point", "coordinates": [ 9.664557, 46.7750424 ] } },
{ "type": "Feature", "properties": { "osm_id": "2622683265", "code": 2401, "fclass": "hotel", "name": "Garni thel Lindemann's" }, "geometry": { "type": "Point", "coordinates": [ 9.6798432, 46.782469 ] } },
{ "type": "Feature", "properties": { "osm_id": "2622683266", "code": 2401, "fclass": "hotel", "name": "B&B MittendrInn" }, "geometry": { "type": "Point", "coordinates": [ 9.6756837, 46.777568 ] } },
{ "type": "Feature", "properties": { "osm_id": "2622683267", "code": 2401, "fclass": "hotel", "name": "Prätschli" }, "geometry": { "type": "Point", "coordinates": [ 9.6756567, 46.7906355 ] } },
{ "type": "Feature", "properties": { "osm_id": "2622731302", "code": 2401, "fclass": "hotel", "name": "Hotel Robinson Club" }, "geometry": { "type": "Point", "coordinates": [ 9.6768475, 46.7760704 ] } },
{ "type": "Feature", "properties": { "osm_id": "2622731304", "code": 2401, "fclass": "hotel", "name": "Seehof" }, "geometry": { "type": "Point", "coordinates": [ 9.6822892, 46.7803299 ] } },
{ "type": "Feature", "properties": { "osm_id": "2622731305", "code": 2401, "fclass": "hotel", "name": "Sonnenhalde" }, "geometry": { "type": "Point", "coordinates": [ 9.6660978, 46.7767208 ] } },
{ "type": "Feature", "properties": { "osm_id": "2622731306", "code": 2401, "fclass": "hotel", "name": "Home Hotel" }, "geometry": { "type": "Point", "coordinates": [ 9.6755675, 46.7777748 ] } },
{ "type": "Feature", "properties": { "osm_id": "2622731309", "code": 2401, "fclass": "hotel", "name": "Pension Mezzaprada" }, "geometry": { "type": "Point", "coordinates": [ 9.6636311, 46.775342 ] } },
{ "type": "Feature", "properties": { "osm_id": "2622731311", "code": 2401, "fclass": "hotel", "name": "Sunstar Hotel Arosa" }, "geometry": { "type": "Point", "coordinates": [ 9.6789266, 46.7770464 ] } },
{ "type": "Feature", "properties": { "osm_id": "2622731313", "code": 2401, "fclass": "hotel", "name": "Waldhotel National" }, "geometry": { "type": "Point", "coordinates": [ 9.6774165, 46.7816229 ] } },
{ "type": "Feature", "properties": { "osm_id": "2626326845", "code": 2401, "fclass": "hotel", "name": "Hôtel de Siviez" }, "geometry": { "type": "Point", "coordinates": [ 7.3163478, 46.1365838 ] } },
{ "type": "Feature", "properties": { "osm_id": "2627101623", "code": 2401, "fclass": "hotel", "name": "Hôtel de Ville - La Baie Du Lac" }, "geometry": { "type": "Point", "coordinates": [ 6.3172897, 46.6484864 ] } },
{ "type": "Feature", "properties": { "osm_id": "2629051523", "code": 2401, "fclass": "hotel", "name": "Post" }, "geometry": { "type": "Point", "coordinates": [ 7.725306, 47.2903915 ] } },
{ "type": "Feature", "properties": { "osm_id": "2630152459", "code": 2401, "fclass": "hotel", "name": "Hotel Seraina" }, "geometry": { "type": "Point", "coordinates": [ 9.7654096, 46.4306351 ] } },
{ "type": "Feature", "properties": { "osm_id": "2635064931", "code": 2401, "fclass": "hotel", "name": "La Vue" }, "geometry": { "type": "Point", "coordinates": [ 7.7437566, 46.0193658 ] } },
{ "type": "Feature", "properties": { "osm_id": "2639063476", "code": 2401, "fclass": "hotel", "name": "Gasthaus Steinbock" }, "geometry": { "type": "Point", "coordinates": [ 7.8721167, 46.6648128 ] } },
{ "type": "Feature", "properties": { "osm_id": "2647362270", "code": 2401, "fclass": "hotel", "name": "Kalchofen" }, "geometry": { "type": "Point", "coordinates": [ 7.6548388, 47.0167028 ] } },
{ "type": "Feature", "properties": { "osm_id": "2652022158", "code": 2401, "fclass": "hotel", "name": "Engiadina" }, "geometry": { "type": "Point", "coordinates": [ 10.2998512, 46.7955091 ] } },
{ "type": "Feature", "properties": { "osm_id": "2652022160", "code": 2401, "fclass": "hotel", "name": "Conrad" }, "geometry": { "type": "Point", "coordinates": [ 10.3002656, 46.7958952 ] } },
{ "type": "Feature", "properties": { "osm_id": "2663034272", "code": 2401, "fclass": "hotel", "name": "Hotel Post" }, "geometry": { "type": "Point", "coordinates": [ 8.1191299, 46.3885511 ] } },
{ "type": "Feature", "properties": { "osm_id": "2663267992", "code": 2401, "fclass": "hotel", "name": "Hotel Ermitage" }, "geometry": { "type": "Point", "coordinates": [ 7.6820633, 46.4974617 ] } },
{ "type": "Feature", "properties": { "osm_id": "2690201697", "code": 2401, "fclass": "hotel", "name": "Catrina Hotel" }, "geometry": { "type": "Point", "coordinates": [ 8.8428294, 46.7010223 ] } },
{ "type": "Feature", "properties": { "osm_id": "2690201700", "code": 2401, "fclass": "hotel", "name": "Catrina Lodge" }, "geometry": { "type": "Point", "coordinates": [ 8.8425069, 46.6980971 ] } },
{ "type": "Feature", "properties": { "osm_id": "2692256267", "code": 2401, "fclass": "hotel", "name": "REKA Feriendorf" }, "geometry": { "type": "Point", "coordinates": [ 9.2873994, 47.3177129 ] } },
{ "type": "Feature", "properties": { "osm_id": "2699658405", "code": 2401, "fclass": "hotel", "name": "Alpha" }, "geometry": { "type": "Point", "coordinates": [ 7.1503668, 46.7992302 ] } },
{ "type": "Feature", "properties": { "osm_id": "2710885426", "code": 2401, "fclass": "hotel", "name": "The Lubo" }, "geometry": { "type": "Point", "coordinates": [ 8.3047521, 47.0523435 ] } },
{ "type": "Feature", "properties": { "osm_id": "2710885437", "code": 2401, "fclass": "hotel", "name": "Zur Linde" }, "geometry": { "type": "Point", "coordinates": [ 8.3046614, 47.051726 ] } },
{ "type": "Feature", "properties": { "osm_id": "2714472151", "code": 2401, "fclass": "hotel", "name": "Park-Hotel am Rhein" }, "geometry": { "type": "Point", "coordinates": [ 7.7986843, 47.5582704 ] } },
{ "type": "Feature", "properties": { "osm_id": "2718607433", "code": 2401, "fclass": "hotel", "name": "Rüebihütte" }, "geometry": { "type": "Point", "coordinates": [ 7.5608652, 46.4457828 ] } },
{ "type": "Feature", "properties": { "osm_id": "2725152148", "code": 2401, "fclass": "hotel", "name": "City" }, "geometry": { "type": "Point", "coordinates": [ 7.4398352, 46.9472071 ] } },
{ "type": "Feature", "properties": { "osm_id": "2731380112", "code": 2401, "fclass": "hotel", "name": "REKA Feriendorf" }, "geometry": { "type": "Point", "coordinates": [ 8.8365352, 46.6985615 ] } },
{ "type": "Feature", "properties": { "osm_id": "2749938965", "code": 2401, "fclass": "hotel", "name": "Alpine Inn" }, "geometry": { "type": "Point", "coordinates": [ 9.8364758, 46.8030706 ] } },
{ "type": "Feature", "properties": { "osm_id": "2756901512", "code": 2401, "fclass": "hotel", "name": "25hours Hotel Zürich West" }, "geometry": { "type": "Point", "coordinates": [ 8.5099046, 47.3910534 ] } },
{ "type": "Feature", "properties": { "osm_id": "2765456742", "code": 2401, "fclass": "hotel", "name": "Victoria" }, "geometry": { "type": "Point", "coordinates": [ 7.3508581, 47.362518 ] } },
{ "type": "Feature", "properties": { "osm_id": "2765456750", "code": 2401, "fclass": "hotel", "name": "Hôtel du Midi" }, "geometry": { "type": "Point", "coordinates": [ 7.3506622, 47.3624737 ] } },
{ "type": "Feature", "properties": { "osm_id": "2765498162", "code": 2401, "fclass": "hotel", "name": "Ibis Delémont" }, "geometry": { "type": "Point", "coordinates": [ 7.3496149, 47.3637389 ] } },
{ "type": "Feature", "properties": { "osm_id": "2768083947", "code": 2401, "fclass": "hotel", "name": "Belle Epoque" }, "geometry": { "type": "Point", "coordinates": [ 7.4553275, 46.9488337 ] } },
{ "type": "Feature", "properties": { "osm_id": "2768222100", "code": 2401, "fclass": "hotel", "name": "Bären" }, "geometry": { "type": "Point", "coordinates": [ 7.4431462, 46.9475154 ] } },
{ "type": "Feature", "properties": { "osm_id": "2768357625", "code": 2401, "fclass": "hotel", "name": "Bahnhof Süd" }, "geometry": { "type": "Point", "coordinates": [ 7.3957173, 46.9379428 ] } },
{ "type": "Feature", "properties": { "osm_id": "2770867316", "code": 2401, "fclass": "hotel", "name": "Ruedswilbad" }, "geometry": { "type": "Point", "coordinates": [ 7.607899, 47.1002135 ] } },
{ "type": "Feature", "properties": { "osm_id": "2776495569", "code": 2401, "fclass": "hotel", "name": "Hotel Engelberg" }, "geometry": { "type": "Point", "coordinates": [ 8.4060433, 46.8214267 ] } },
{ "type": "Feature", "properties": { "osm_id": "2781782697", "code": 2401, "fclass": "hotel", "name": "Campofelice" }, "geometry": { "type": "Point", "coordinates": [ 8.8556097, 46.169932 ] } },
{ "type": "Feature", "properties": { "osm_id": "2789081393", "code": 2401, "fclass": "hotel", "name": "Gasthof zum Löwen" }, "geometry": { "type": "Point", "coordinates": [ 7.8610069, 46.8277038 ] } },
{ "type": "Feature", "properties": { "osm_id": "2816145428", "code": 2401, "fclass": "hotel", "name": "Limmathof Baden Hotel & Novum Spa" }, "geometry": { "type": "Point", "coordinates": [ 8.3138506, 47.4802053 ] } },
{ "type": "Feature", "properties": { "osm_id": "2822153863", "code": 2401, "fclass": "hotel", "name": "Odelya Hotel" }, "geometry": { "type": "Point", "coordinates": [ 7.5778486, 47.5589754 ] } },
{ "type": "Feature", "properties": { "osm_id": "2848241595", "code": 2401, "fclass": "hotel", "name": "Edelweiss" }, "geometry": { "type": "Point", "coordinates": [ 8.0926822, 46.3725156 ] } },
{ "type": "Feature", "properties": { "osm_id": "2849859867", "code": 2401, "fclass": "hotel", "name": "Rheinfels" }, "geometry": { "type": "Point", "coordinates": [ 8.5171674, 47.5748877 ] } },
{ "type": "Feature", "properties": { "osm_id": "2852226167", "code": 2401, "fclass": "hotel", "name": "REKA Feriendorf Pany" }, "geometry": { "type": "Point", "coordinates": [ 9.7721883, 46.9285596 ] } },
{ "type": "Feature", "properties": { "osm_id": "2856003661", "code": 2401, "fclass": "hotel", "name": "Silvretta" }, "geometry": { "type": "Point", "coordinates": [ 10.3600182, 46.9432408 ] } },
{ "type": "Feature", "properties": { "osm_id": "2862222447", "code": 2401, "fclass": "hotel", "name": "Stockalpenhof" }, "geometry": { "type": "Point", "coordinates": [ 7.988461, 46.3160367 ] } },
{ "type": "Feature", "properties": { "osm_id": "2862222448", "code": 2401, "fclass": "hotel", "name": "Hotel du Pont" }, "geometry": { "type": "Point", "coordinates": [ 7.9881986, 46.3159702 ] } },
{ "type": "Feature", "properties": { "osm_id": "2862419912", "code": 2401, "fclass": "hotel", "name": "Aladin" }, "geometry": { "type": "Point", "coordinates": [ 7.9866196, 46.3226341 ] } },
{ "type": "Feature", "properties": { "osm_id": "2868502424", "code": 2401, "fclass": "hotel", "name": "Kurhaus Heiligkreuz" }, "geometry": { "type": "Point", "coordinates": [ 8.0494532, 46.9497527 ] } },
{ "type": "Feature", "properties": { "osm_id": "2883970683", "code": 2401, "fclass": "hotel", "name": "Goldener Schlüssel" }, "geometry": { "type": "Point", "coordinates": [ 7.4487047, 46.9486884 ] } },
{ "type": "Feature", "properties": { "osm_id": "2886793101", "code": 2401, "fclass": "hotel", "name": "Hôtel du Port" }, "geometry": { "type": "Point", "coordinates": [ 6.6280115, 46.5071538 ] } },
{ "type": "Feature", "properties": { "osm_id": "2888195228", "code": 2401, "fclass": "hotel", "name": "Don Camillo" }, "geometry": { "type": "Point", "coordinates": [ 8.9720882, 47.6328442 ] } },
{ "type": "Feature", "properties": { "osm_id": "2888195232", "code": 2401, "fclass": "hotel", "name": "Linde" }, "geometry": { "type": "Point", "coordinates": [ 8.954157, 47.6180835 ] } },
{ "type": "Feature", "properties": { "osm_id": "2902374360", "code": 2401, "fclass": "hotel", "name": "Sternen" }, "geometry": { "type": "Point", "coordinates": [ 7.4142513, 46.9226143 ] } },
{ "type": "Feature", "properties": { "osm_id": "2904440949", "code": 2401, "fclass": "hotel", "name": "Campus Sursee Seminarzentrum" }, "geometry": { "type": "Point", "coordinates": [ 8.0892999, 47.1617834 ] } },
{ "type": "Feature", "properties": { "osm_id": "2912357260", "code": 2401, "fclass": "hotel", "name": "Les Nids" }, "geometry": { "type": "Point", "coordinates": [ 6.7622284, 47.0516992 ] } },
{ "type": "Feature", "properties": { "osm_id": "2913331530", "code": 2401, "fclass": "hotel", "name": "Swiss Wine Hotel & Bar" }, "geometry": { "type": "Point", "coordinates": [ 6.6369062, 46.5205405 ] } },
{ "type": "Feature", "properties": { "osm_id": "2935328947", "code": 2401, "fclass": "hotel", "name": "Rothbad" }, "geometry": { "type": "Point", "coordinates": [ 7.5653115, 46.6227304 ] } },
{ "type": "Feature", "properties": { "osm_id": "2938031295", "code": 2401, "fclass": "hotel", "name": "Hotel & Lounge Lago Maggiore" }, "geometry": { "type": "Point", "coordinates": [ 8.8037419, 46.17192 ] } },
{ "type": "Feature", "properties": { "osm_id": "2938031705", "code": 2401, "fclass": "hotel", "name": "Hotel Geranio au Lac" }, "geometry": { "type": "Point", "coordinates": [ 8.8023972, 46.171769 ] } },
{ "type": "Feature", "properties": { "osm_id": "2940801701", "code": 2401, "fclass": "hotel", "name": "Hôtel Victoria" }, "geometry": { "type": "Point", "coordinates": [ 6.631552, 46.517643 ] } },
{ "type": "Feature", "properties": { "osm_id": "2943623186", "code": 2401, "fclass": "hotel", "name": "La Comanella" }, "geometry": { "type": "Point", "coordinates": [ 8.956764, 46.035324 ] } },
{ "type": "Feature", "properties": { "osm_id": "2949082756", "code": 2401, "fclass": "hotel", "name": "Trafo Hotel" }, "geometry": { "type": "Point", "coordinates": [ 8.3046687, 47.4779722 ] } },
{ "type": "Feature", "properties": { "osm_id": "2952079233", "code": 2401, "fclass": "hotel", "name": "Hotel Dent du Midi" }, "geometry": { "type": "Point", "coordinates": [ 7.004614, 46.216978 ] } },
{ "type": "Feature", "properties": { "osm_id": "2959643019", "code": 2401, "fclass": "hotel", "name": "Kronenhof" }, "geometry": { "type": "Point", "coordinates": [ 9.2027558, 46.7757139 ] } },
{ "type": "Feature", "properties": { "osm_id": "2959643020", "code": 2401, "fclass": "hotel", "name": "Lukmanier" }, "geometry": { "type": "Point", "coordinates": [ 9.2034486, 46.7758487 ] } },
{ "type": "Feature", "properties": { "osm_id": "2961636238", "code": 2401, "fclass": "hotel", "name": "Auberge des Fées" }, "geometry": { "type": "Point", "coordinates": [ 6.5518264, 46.8863125 ] } },
{ "type": "Feature", "properties": { "osm_id": "2969053079", "code": 2401, "fclass": "hotel", "name": "Beausite" }, "geometry": { "type": "Point", "coordinates": [ 6.5802549, 46.54144 ] } },
{ "type": "Feature", "properties": { "osm_id": "2992359138", "code": 2401, "fclass": "hotel", "name": "Hotel Reich" }, "geometry": { "type": "Point", "coordinates": [ 9.434097, 46.7134098 ] } },
{ "type": "Feature", "properties": { "osm_id": "2992366835", "code": 2401, "fclass": "hotel", "name": "Hotel Albula" }, "geometry": { "type": "Point", "coordinates": [ 9.439739, 46.698654 ] } },
{ "type": "Feature", "properties": { "osm_id": "2993889763", "code": 2401, "fclass": "hotel", "name": "Pirmin Zurbriggen" }, "geometry": { "type": "Point", "coordinates": [ 7.9575677, 46.09235 ] } },
{ "type": "Feature", "properties": { "osm_id": "2997191679", "code": 2401, "fclass": "hotel", "name": "alpha thun" }, "geometry": { "type": "Point", "coordinates": [ 7.6274674, 46.7406423 ] } },
{ "type": "Feature", "properties": { "osm_id": "3008544881", "code": 2401, "fclass": "hotel", "name": "Ristorante ai Piee" }, "geometry": { "type": "Point", "coordinates": [ 8.7948008, 46.2910284 ] } },
{ "type": "Feature", "properties": { "osm_id": "3016337401", "code": 2401, "fclass": "hotel", "name": "Les Négociants" }, "geometry": { "type": "Point", "coordinates": [ 6.843692, 46.4602025 ] } },
{ "type": "Feature", "properties": { "osm_id": "3020088833", "code": 2401, "fclass": "hotel", "name": "Hotel Concabella" }, "geometry": { "type": "Point", "coordinates": [ 9.029134, 45.8437296 ] } },
{ "type": "Feature", "properties": { "osm_id": "3020501531", "code": 2401, "fclass": "hotel", "name": "Hotel Strela" }, "geometry": { "type": "Point", "coordinates": [ 9.8193003, 46.7959031 ] } },
{ "type": "Feature", "properties": { "osm_id": "3022502483", "code": 2401, "fclass": "hotel", "name": "Hotel Art-Garni Centro" }, "geometry": { "type": "Point", "coordinates": [ 9.0262101, 45.8365533 ] } },
{ "type": "Feature", "properties": { "osm_id": "3028802263", "code": 2401, "fclass": "hotel", "name": "Capetta" }, "geometry": { "type": "Point", "coordinates": [ 9.5115019, 46.4729624 ] } },
{ "type": "Feature", "properties": { "osm_id": "3028837057", "code": 2401, "fclass": "hotel", "name": "Bergalga" }, "geometry": { "type": "Point", "coordinates": [ 9.5538115, 46.4499952 ] } },
{ "type": "Feature", "properties": { "osm_id": "3028837058", "code": 2401, "fclass": "hotel", "name": "Avers" }, "geometry": { "type": "Point", "coordinates": [ 9.5534279, 46.4500765 ] } },
{ "type": "Feature", "properties": { "osm_id": "3037709395", "code": 2401, "fclass": "hotel", "name": "Edelweiss" }, "geometry": { "type": "Point", "coordinates": [ 8.622231, 47.6815865 ] } },
{ "type": "Feature", "properties": { "osm_id": "3037717677", "code": 2401, "fclass": "hotel", "name": "Rheinfall" }, "geometry": { "type": "Point", "coordinates": [ 8.6205972, 47.6820744 ] } },
{ "type": "Feature", "properties": { "osm_id": "3041017211", "code": 2401, "fclass": "hotel", "name": "Abaca" }, "geometry": { "type": "Point", "coordinates": [ 6.8520262, 46.4713938 ] } },
{ "type": "Feature", "properties": { "osm_id": "3046765685", "code": 2401, "fclass": "hotel", "name": "Adler" }, "geometry": { "type": "Point", "coordinates": [ 7.7140477, 46.7186519 ] } },
{ "type": "Feature", "properties": { "osm_id": "3052432435", "code": 2401, "fclass": "hotel", "name": "Bären" }, "geometry": { "type": "Point", "coordinates": [ 7.351047, 46.9338241 ] } },
{ "type": "Feature", "properties": { "osm_id": "3053462681", "code": 2401, "fclass": "hotel", "name": "Al Battello" }, "geometry": { "type": "Point", "coordinates": [ 8.9170938, 45.9229213 ] } },
{ "type": "Feature", "properties": { "osm_id": "3053644988", "code": 2401, "fclass": "hotel", "name": "Rarnerhof" }, "geometry": { "type": "Point", "coordinates": [ 7.8002941, 46.3098795 ] } },
{ "type": "Feature", "properties": { "osm_id": "3054491418", "code": 2401, "fclass": "hotel", "name": "Hotel Olten" }, "geometry": { "type": "Point", "coordinates": [ 7.9069836, 47.3491292 ] } },
{ "type": "Feature", "properties": { "osm_id": "3054491419", "code": 2401, "fclass": "hotel", "name": "Oltnerhof" }, "geometry": { "type": "Point", "coordinates": [ 7.9096776, 47.3495199 ] } },
{ "type": "Feature", "properties": { "osm_id": "3062858702", "code": 2401, "fclass": "hotel", "name": "Hotel Pizzeria-Trattoria Bernina" }, "geometry": { "type": "Point", "coordinates": [ 9.4397125, 46.6996576 ] } },
{ "type": "Feature", "properties": { "osm_id": "3063274229", "code": 2401, "fclass": "hotel", "name": "Discovery Hotel Crissier" }, "geometry": { "type": "Point", "coordinates": [ 6.5747505, 46.5490794 ] } },
{ "type": "Feature", "properties": { "osm_id": "3066634291", "code": 2401, "fclass": "hotel", "name": "Hapimag Belvédère" }, "geometry": { "type": "Point", "coordinates": [ 7.8601343, 46.6878206 ] } },
{ "type": "Feature", "properties": { "osm_id": "3074041830", "code": 2401, "fclass": "hotel", "name": "Paradieshotel Rotschuo" }, "geometry": { "type": "Point", "coordinates": [ 8.4882089, 46.9934524 ] } },
{ "type": "Feature", "properties": { "osm_id": "3078036623", "code": 2401, "fclass": "hotel", "name": "Bellevue Palace" }, "geometry": { "type": "Point", "coordinates": [ 7.446704, 46.9465303 ] } },
{ "type": "Feature", "properties": { "osm_id": "3080611664", "code": 2401, "fclass": "hotel", "name": "Victoria Jungfrau" }, "geometry": { "type": "Point", "coordinates": [ 7.8574679, 46.686602 ] } },
{ "type": "Feature", "properties": { "osm_id": "3086649239", "code": 2401, "fclass": "hotel", "name": "Dorint Airport-Hotel Zürich" }, "geometry": { "type": "Point", "coordinates": [ 8.565588, 47.4387179 ] } },
{ "type": "Feature", "properties": { "osm_id": "3089298982", "code": 2401, "fclass": "hotel", "name": "Hotel Restaurant Eden" }, "geometry": { "type": "Point", "coordinates": [ 8.622043, 46.9487648 ] } },
{ "type": "Feature", "properties": { "osm_id": "3089298997", "code": 2401, "fclass": "hotel", "name": "Hotel Restaurant Sternen" }, "geometry": { "type": "Point", "coordinates": [ 8.6218601, 46.9499213 ] } },
{ "type": "Feature", "properties": { "osm_id": "3092896591", "code": 2401, "fclass": "hotel", "name": "Hotel du Commerce" }, "geometry": { "type": "Point", "coordinates": [ 7.5979949, 47.5652492 ] } },
{ "type": "Feature", "properties": { "osm_id": "3095837553", "code": 2401, "fclass": "hotel", "name": "Hôtel des Tourelles" }, "geometry": { "type": "Point", "coordinates": [ 6.1399213, 46.2056059 ] } },
{ "type": "Feature", "properties": { "osm_id": "3096499591", "code": 2401, "fclass": "hotel", "name": "Hotel Waldrand-Pochtenalp" }, "geometry": { "type": "Point", "coordinates": [ 7.7588951, 46.5492096 ] } },
{ "type": "Feature", "properties": { "osm_id": "3098933659", "code": 2401, "fclass": "hotel", "name": "Hotel Restaurant Bellevue" }, "geometry": { "type": "Point", "coordinates": [ 8.139725, 46.1957357 ] } },
{ "type": "Feature", "properties": { "osm_id": "3102597596", "code": 2401, "fclass": "hotel", "name": "Ambiente Hotel Freieck" }, "geometry": { "type": "Point", "coordinates": [ 9.5333449, 46.849798 ] } },
{ "type": "Feature", "properties": { "osm_id": "3110939668", "code": 2401, "fclass": "hotel", "name": "Albergo Casa Berno" }, "geometry": { "type": "Point", "coordinates": [ 8.7481478, 46.1529758 ] } },
{ "type": "Feature", "properties": { "osm_id": "3112513914", "code": 2401, "fclass": "hotel", "name": "Alpenclub" }, "geometry": { "type": "Point", "coordinates": [ 8.4069726, 46.8211951 ] } },
{ "type": "Feature", "properties": { "osm_id": "3114959645", "code": 2401, "fclass": "hotel", "name": "THE HEY" }, "geometry": { "type": "Point", "coordinates": [ 7.8546085, 46.685428 ] } },
{ "type": "Feature", "properties": { "osm_id": "3117051357", "code": 2401, "fclass": "hotel", "name": "Hotel des Alpes" }, "geometry": { "type": "Point", "coordinates": [ 9.2885351, 46.8263381 ] } },
{ "type": "Feature", "properties": { "osm_id": "3127177059", "code": 2401, "fclass": "hotel", "name": "Ristorante Albergo Genziana" }, "geometry": { "type": "Point", "coordinates": [ 8.9389513, 46.5530645 ] } },
{ "type": "Feature", "properties": { "osm_id": "3149367593", "code": 2401, "fclass": "hotel", "name": "Bären" }, "geometry": { "type": "Point", "coordinates": [ 7.5477173, 47.2143443 ] } },
{ "type": "Feature", "properties": { "osm_id": "3149901587", "code": 2401, "fclass": "hotel", "name": "Löwen" }, "geometry": { "type": "Point", "coordinates": [ 8.4549917, 47.4836775 ] } },
{ "type": "Feature", "properties": { "osm_id": "3154382455", "code": 2401, "fclass": "hotel", "name": "Hôtel Restaurant De La Gare" }, "geometry": { "type": "Point", "coordinates": [ 6.5681532, 46.71057 ] } },
{ "type": "Feature", "properties": { "osm_id": "3156438855", "code": 2401, "fclass": "hotel", "name": "Vienna House" }, "geometry": { "type": "Point", "coordinates": [ 8.6321377, 47.6991974 ] } },
{ "type": "Feature", "properties": { "osm_id": "3156995861", "code": 2401, "fclass": "hotel", "name": "Chesa Valese" }, "geometry": { "type": "Point", "coordinates": [ 7.7490248, 46.0191275 ] } },
{ "type": "Feature", "properties": { "osm_id": "3161491507", "code": 2401, "fclass": "hotel", "name": "Hotel Römerhof" }, "geometry": { "type": "Point", "coordinates": [ 7.9180944, 46.299311 ] } },
{ "type": "Feature", "properties": { "osm_id": "3163049264", "code": 2401, "fclass": "hotel", "name": "St-Georges" }, "geometry": { "type": "Point", "coordinates": [ 8.5281315, 47.3707325 ] } },
{ "type": "Feature", "properties": { "osm_id": "3166215497", "code": 2401, "fclass": "hotel", "name": "Hotel Weisses Kreuz" }, "geometry": { "type": "Point", "coordinates": [ 9.3745801, 47.4265457 ] } },
{ "type": "Feature", "properties": { "osm_id": "3167478358", "code": 2401, "fclass": "hotel", "name": "Innere Enge" }, "geometry": { "type": "Point", "coordinates": [ 7.4394202, 46.9611167 ] } },
{ "type": "Feature", "properties": { "osm_id": "3173221524", "code": 2401, "fclass": "hotel", "name": "Sempacherhof" }, "geometry": { "type": "Point", "coordinates": [ 8.1960933, 47.1164213 ] } },
{ "type": "Feature", "properties": { "osm_id": "3174386777", "code": 2401, "fclass": "hotel", "name": "Hotel Soliva" }, "geometry": { "type": "Point", "coordinates": [ 8.7728177, 46.6793666 ] } },
{ "type": "Feature", "properties": { "osm_id": "3178863254", "code": 2401, "fclass": "hotel", "name": "Tailormade Hotel Rüden" }, "geometry": { "type": "Point", "coordinates": [ 8.6322501, 47.69672 ] } },
{ "type": "Feature", "properties": { "osm_id": "3195266621", "code": 2401, "fclass": "hotel", "name": "Hotel Flamatt" }, "geometry": { "type": "Point", "coordinates": [ 7.3127426, 46.8895324 ] } },
{ "type": "Feature", "properties": { "osm_id": "3202688431", "code": 2401, "fclass": "hotel", "name": "Linde" }, "geometry": { "type": "Point", "coordinates": [ 8.3047483, 47.4712077 ] } },
{ "type": "Feature", "properties": { "osm_id": "3203082291", "code": 2401, "fclass": "hotel", "name": "Hotel Rigi Vitznau" }, "geometry": { "type": "Point", "coordinates": [ 8.4835006, 47.0100362 ] } },
{ "type": "Feature", "properties": { "osm_id": "3203082293", "code": 2401, "fclass": "hotel", "name": "Terrasse am See" }, "geometry": { "type": "Point", "coordinates": [ 8.4827011, 47.0098977 ] } },
{ "type": "Feature", "properties": { "osm_id": "3203082294", "code": 2401, "fclass": "hotel", "name": "Vitznauerhof" }, "geometry": { "type": "Point", "coordinates": [ 8.4832238, 47.0077833 ] } },
{ "type": "Feature", "properties": { "osm_id": "3205369884", "code": 2401, "fclass": "hotel", "name": "Hotel Garni Matte Eggli" }, "geometry": { "type": "Point", "coordinates": [ 8.4534255, 47.6920208 ] } },
{ "type": "Feature", "properties": { "osm_id": "3208777867", "code": 2401, "fclass": "hotel", "name": "East West Hotel" }, "geometry": { "type": "Point", "coordinates": [ 7.5915026, 47.5604354 ] } },
{ "type": "Feature", "properties": { "osm_id": "3210751247", "code": 2401, "fclass": "hotel", "name": "Linde" }, "geometry": { "type": "Point", "coordinates": [ 7.5242493, 46.9586645 ] } },
{ "type": "Feature", "properties": { "osm_id": "3222126026", "code": 2401, "fclass": "hotel", "name": "Löwen" }, "geometry": { "type": "Point", "coordinates": [ 7.5635106, 46.9306394 ] } },
{ "type": "Feature", "properties": { "osm_id": "3238545668", "code": 2401, "fclass": "hotel", "name": "Hotel Castello" }, "geometry": { "type": "Point", "coordinates": [ 8.792992, 46.1684729 ] } },
{ "type": "Feature", "properties": { "osm_id": "3239053597", "code": 2401, "fclass": "hotel", "name": "Hotel Garni Du Lac" }, "geometry": { "type": "Point", "coordinates": [ 8.7991967, 46.1705498 ] } },
{ "type": "Feature", "properties": { "osm_id": "3239093797", "code": 2401, "fclass": "hotel", "name": "Hotel Giacometti" }, "geometry": { "type": "Point", "coordinates": [ 8.7931319, 46.1691459 ] } },
{ "type": "Feature", "properties": { "osm_id": "3239093806", "code": 2401, "fclass": "hotel", "name": "Hotel Fiorentina" }, "geometry": { "type": "Point", "coordinates": [ 8.7923903, 46.1695571 ] } },
{ "type": "Feature", "properties": { "osm_id": "3241863833", "code": 2401, "fclass": "hotel", "name": "Hotel Bären" }, "geometry": { "type": "Point", "coordinates": [ 7.3893197, 46.8853768 ] } },
{ "type": "Feature", "properties": { "osm_id": "3249762398", "code": 2401, "fclass": "hotel", "name": "Hotel Ristorante Borgovecchio" }, "geometry": { "type": "Point", "coordinates": [ 9.0057264, 45.8436407 ] } },
{ "type": "Feature", "properties": { "osm_id": "3253407690", "code": 2401, "fclass": "hotel", "name": "Hotel Milano" }, "geometry": { "type": "Point", "coordinates": [ 8.979135, 45.8685129 ] } },
{ "type": "Feature", "properties": { "osm_id": "3253407692", "code": 2401, "fclass": "hotel", "name": "Hotel Touring Chiasso" }, "geometry": { "type": "Point", "coordinates": [ 9.0309491, 45.8331339 ] } },
{ "type": "Feature", "properties": { "osm_id": "3254551904", "code": 2401, "fclass": "hotel", "name": "Schloss Hotel Thun" }, "geometry": { "type": "Point", "coordinates": [ 7.6302202, 46.7599364 ] } },
{ "type": "Feature", "properties": { "osm_id": "3268484278", "code": 2401, "fclass": "hotel", "name": "Windstock" }, "geometry": { "type": "Point", "coordinates": [ 8.6868074, 47.0098608 ] } },
{ "type": "Feature", "properties": { "osm_id": "3269506429", "code": 2401, "fclass": "hotel", "name": "Hotel Rigi Kaltbad" }, "geometry": { "type": "Point", "coordinates": [ 8.4652446, 47.0439689 ] } },
{ "type": "Feature", "properties": { "osm_id": "3269506431", "code": 2401, "fclass": "hotel", "name": "Edelweiss" }, "geometry": { "type": "Point", "coordinates": [ 8.4641531, 47.0483964 ] } },
{ "type": "Feature", "properties": { "osm_id": "3279865560", "code": 2401, "fclass": "hotel", "name": "Hotel Alpina" }, "geometry": { "type": "Point", "coordinates": [ 8.6060692, 46.5301729 ] } },
{ "type": "Feature", "properties": { "osm_id": "3279872677", "code": 2401, "fclass": "hotel", "name": "Albergo Motta" }, "geometry": { "type": "Point", "coordinates": [ 8.610589, 46.5286047 ] } },
{ "type": "Feature", "properties": { "osm_id": "3279872679", "code": 2401, "fclass": "hotel", "name": "Hotel des Alpes" }, "geometry": { "type": "Point", "coordinates": [ 8.6086586, 46.5279029 ] } },
{ "type": "Feature", "properties": { "osm_id": "3293054569", "code": 2401, "fclass": "hotel", "name": "Albergo Svizzero" }, "geometry": { "type": "Point", "coordinates": [ 8.9793388, 45.9042964 ] } },
{ "type": "Feature", "properties": { "osm_id": "3302999281", "code": 2401, "fclass": "hotel", "name": "Zurigo Downtown" }, "geometry": { "type": "Point", "coordinates": [ 8.9532455, 46.0061332 ] } },
{ "type": "Feature", "properties": { "osm_id": "3308007341", "code": 2401, "fclass": "hotel", "name": "Albergo La Palma" }, "geometry": { "type": "Point", "coordinates": [ 8.964286, 45.9511156 ] } },
{ "type": "Feature", "properties": { "osm_id": "3318472123", "code": 2401, "fclass": "hotel", "name": "Mozart" }, "geometry": { "type": "Point", "coordinates": [ 9.4911125, 47.4790964 ] } },
{ "type": "Feature", "properties": { "osm_id": "3322906799", "code": 2401, "fclass": "hotel", "name": "Park Hotel" }, "geometry": { "type": "Point", "coordinates": [ 8.9840692, 45.9316257 ] } },
{ "type": "Feature", "properties": { "osm_id": "3323252266", "code": 2401, "fclass": "hotel", "name": "Hotel Bahnhof Haus" }, "geometry": { "type": "Point", "coordinates": [ 9.033614, 45.8321311 ] } },
{ "type": "Feature", "properties": { "osm_id": "3334262587", "code": 2401, "fclass": "hotel", "name": "Möve" }, "geometry": { "type": "Point", "coordinates": [ 7.7189267, 46.6677011 ] } },
{ "type": "Feature", "properties": { "osm_id": "3336190159", "code": 2401, "fclass": "hotel", "name": "Bären" }, "geometry": { "type": "Point", "coordinates": [ 7.5215838, 46.7388845 ] } },
{ "type": "Feature", "properties": { "osm_id": "3353481292", "code": 2401, "fclass": "hotel", "name": "Lake Geneva Hotel" }, "geometry": { "type": "Point", "coordinates": [ 6.1663891, 46.2808999 ] } },
{ "type": "Feature", "properties": { "osm_id": "3354412202", "code": 2401, "fclass": "hotel", "name": "Hotel Riviera" }, "geometry": { "type": "Point", "coordinates": [ 8.9440424, 45.9516356 ] } },
{ "type": "Feature", "properties": { "osm_id": "3354416274", "code": 2401, "fclass": "hotel", "name": "Hotel Lac" }, "geometry": { "type": "Point", "coordinates": [ 8.9435166, 45.9514009 ] } },
{ "type": "Feature", "properties": { "osm_id": "3376609293", "code": 2401, "fclass": "hotel", "name": "Apart Hotel Adelboden" }, "geometry": { "type": "Point", "coordinates": [ 7.5579265, 46.4923496 ] } },
{ "type": "Feature", "properties": { "osm_id": "3379729195", "code": 2401, "fclass": "hotel", "name": "Schlosshotel Wartensee" }, "geometry": { "type": "Point", "coordinates": [ 9.5310154, 47.4716286 ] } },
{ "type": "Feature", "properties": { "osm_id": "3398101374", "code": 2401, "fclass": "hotel", "name": "Best Western Hotel Spirgarten" }, "geometry": { "type": "Point", "coordinates": [ 8.4853017, 47.3874412 ] } },
{ "type": "Feature", "properties": { "osm_id": "3415981707", "code": 2401, "fclass": "hotel", "name": "Elite" }, "geometry": { "type": "Point", "coordinates": [ 7.2443426, 47.134454 ] } },
{ "type": "Feature", "properties": { "osm_id": "3416370382", "code": 2401, "fclass": "hotel", "name": "Hotel Speer" }, "geometry": { "type": "Point", "coordinates": [ 8.816846, 47.2256351 ] } },
{ "type": "Feature", "properties": { "osm_id": "3424879267", "code": 2401, "fclass": "hotel", "name": "Krone" }, "geometry": { "type": "Point", "coordinates": [ 9.5008174, 47.0012304 ] } },
{ "type": "Feature", "properties": { "osm_id": "3431819026", "code": 2401, "fclass": "hotel", "name": "Berggasthaus Sennisalp" }, "geometry": { "type": "Point", "coordinates": [ 9.371487, 47.1191357 ] } },
{ "type": "Feature", "properties": { "osm_id": "3449277304", "code": 2401, "fclass": "hotel", "name": "Kreuz" }, "geometry": { "type": "Point", "coordinates": [ 7.5767451, 46.8438879 ] } },
{ "type": "Feature", "properties": { "osm_id": "3459790793", "code": 2401, "fclass": "hotel", "name": "Parkhotel Schwert" }, "geometry": { "type": "Point", "coordinates": [ 9.0979083, 47.1349886 ] } },
{ "type": "Feature", "properties": { "osm_id": "3473042481", "code": 2401, "fclass": "hotel", "name": "Inside Five City Apartments" }, "geometry": { "type": "Point", "coordinates": [ 8.5290417, 47.384979 ] } },
{ "type": "Feature", "properties": { "osm_id": "3491028413", "code": 2401, "fclass": "hotel", "name": "Bleiche" }, "geometry": { "type": "Point", "coordinates": [ 8.9100587, 47.2757022 ] } },
{ "type": "Feature", "properties": { "osm_id": "3499725474", "code": 2401, "fclass": "hotel", "name": "Sternen" }, "geometry": { "type": "Point", "coordinates": [ 9.1990642, 47.2240071 ] } },
{ "type": "Feature", "properties": { "osm_id": "3506850440", "code": 2401, "fclass": "hotel", "name": "Il Medico" }, "geometry": { "type": "Point", "coordinates": [ 8.6476673, 46.4076533 ] } },
{ "type": "Feature", "properties": { "osm_id": "3513069499", "code": 2401, "fclass": "hotel", "name": "Hôtel Balance" }, "geometry": { "type": "Point", "coordinates": [ 7.021707, 46.1282049 ] } },
{ "type": "Feature", "properties": { "osm_id": "3515498152", "code": 2401, "fclass": "hotel", "name": "Hôtel Lavaux" }, "geometry": { "type": "Point", "coordinates": [ 6.7428543, 46.4900523 ] } },
{ "type": "Feature", "properties": { "osm_id": "3525279802", "code": 2401, "fclass": "hotel", "name": "Hotel de la Gare" }, "geometry": { "type": "Point", "coordinates": [ 7.1463482, 46.0773695 ] } },
{ "type": "Feature", "properties": { "osm_id": "3545194716", "code": 2401, "fclass": "hotel", "name": "Waldstätterhof" }, "geometry": { "type": "Point", "coordinates": [ 8.3093045, 47.0492499 ] } },
{ "type": "Feature", "properties": { "osm_id": "3548889371", "code": 2401, "fclass": "hotel", "name": "Gasthaus zum Rössli" }, "geometry": { "type": "Point", "coordinates": [ 9.1232227, 47.429541 ] } },
{ "type": "Feature", "properties": { "osm_id": "3562661515", "code": 2401, "fclass": "hotel", "name": "Muth Campus" }, "geometry": { "type": "Point", "coordinates": [ 8.4800356, 47.0147047 ] } },
{ "type": "Feature", "properties": { "osm_id": "3577370987", "code": 2401, "fclass": "hotel", "name": "Pensione Citta Vecchia" }, "geometry": { "type": "Point", "coordinates": [ 8.7954735, 46.1707605 ] } },
{ "type": "Feature", "properties": { "osm_id": "3578967661", "code": 2401, "fclass": "hotel", "name": "Sonne" }, "geometry": { "type": "Point", "coordinates": [ 8.8540566, 47.2567583 ] } },
{ "type": "Feature", "properties": { "osm_id": "3595995025", "code": 2401, "fclass": "hotel", "name": "National" }, "geometry": { "type": "Point", "coordinates": [ 7.6475423, 46.5887269 ] } },
{ "type": "Feature", "properties": { "osm_id": "3600154489", "code": 2401, "fclass": "hotel", "name": "Hotel Garni Cà Vegia" }, "geometry": { "type": "Point", "coordinates": [ 8.7137939, 46.1786594 ] } },
{ "type": "Feature", "properties": { "osm_id": "3617797440", "code": 2401, "fclass": "hotel", "name": "Hotel Toggenburg" }, "geometry": { "type": "Point", "coordinates": [ 9.33938, 47.2011505 ] } },
{ "type": "Feature", "properties": { "osm_id": "3618126900", "code": 2401, "fclass": "hotel", "name": "Hotel Falken" }, "geometry": { "type": "Point", "coordinates": [ 8.3076145, 47.0536574 ] } },
{ "type": "Feature", "properties": { "osm_id": "3618304607", "code": 2401, "fclass": "hotel", "name": "Hotel Marktplatz" }, "geometry": { "type": "Point", "coordinates": [ 9.2806142, 47.3868989 ] } },
{ "type": "Feature", "properties": { "osm_id": "3618878991", "code": 2401, "fclass": "hotel", "name": "Auberge de l'Écu Vaudois" }, "geometry": { "type": "Point", "coordinates": [ 6.2477018, 46.4406415 ] } },
{ "type": "Feature", "properties": { "osm_id": "3636366305", "code": 2401, "fclass": "hotel", "name": "Hotel des Balances" }, "geometry": { "type": "Point", "coordinates": [ 8.3044753, 47.0515076 ] } },
{ "type": "Feature", "properties": { "osm_id": "3639888855", "code": 2401, "fclass": "hotel", "name": "Hotel Garni Millennium" }, "geometry": { "type": "Point", "coordinates": [ 8.8009327, 46.1707529 ] } },
{ "type": "Feature", "properties": { "osm_id": "3646267493", "code": 2401, "fclass": "hotel", "name": "Kindli" }, "geometry": { "type": "Point", "coordinates": [ 8.5406434, 47.3724267 ] } },
{ "type": "Feature", "properties": { "osm_id": "3647976752", "code": 2401, "fclass": "hotel", "name": "Hotel Restaurant Stockalperturm" }, "geometry": { "type": "Point", "coordinates": [ 8.1402345, 46.1958544 ] } },
{ "type": "Feature", "properties": { "osm_id": "3650869725", "code": 2401, "fclass": "hotel", "name": "Walliserhof" }, "geometry": { "type": "Point", "coordinates": [ 7.8391346, 46.1961679 ] } },
{ "type": "Feature", "properties": { "osm_id": "3650947231", "code": 2401, "fclass": "hotel", "name": "Hotel Desirée" }, "geometry": { "type": "Point", "coordinates": [ 7.839924, 46.1955959 ] } },
{ "type": "Feature", "properties": { "osm_id": "3656925349", "code": 2401, "fclass": "hotel", "name": "Hotel Casa Emmaus" }, "geometry": { "type": "Point", "coordinates": [ 8.7683211, 46.1626637 ] } },
{ "type": "Feature", "properties": { "osm_id": "3657862924", "code": 2401, "fclass": "hotel", "name": "Hotel Walser" }, "geometry": { "type": "Point", "coordinates": [ 8.4934673, 46.316229 ] } },
{ "type": "Feature", "properties": { "osm_id": "3660576999", "code": 2401, "fclass": "hotel", "name": "Hirschen" }, "geometry": { "type": "Point", "coordinates": [ 9.5290319, 47.0045654 ] } },
{ "type": "Feature", "properties": { "osm_id": "3660638935", "code": 2401, "fclass": "hotel", "name": "Albergo Carcani" }, "geometry": { "type": "Point", "coordinates": [ 8.7683013, 46.1543659 ] } },
{ "type": "Feature", "properties": { "osm_id": "3660638936", "code": 2401, "fclass": "hotel", "name": "Seven Boutique Hotel" }, "geometry": { "type": "Point", "coordinates": [ 8.7685025, 46.1542556 ] } },
{ "type": "Feature", "properties": { "osm_id": "3660745900", "code": 2401, "fclass": "hotel", "name": "Falknis" }, "geometry": { "type": "Point", "coordinates": [ 9.5293124, 47.0047464 ] } },
{ "type": "Feature", "properties": { "osm_id": "3660857007", "code": 2401, "fclass": "hotel", "name": "Hotel Tentazioni" }, "geometry": { "type": "Point", "coordinates": [ 8.7163019, 46.1841441 ] } },
{ "type": "Feature", "properties": { "osm_id": "3664389926", "code": 2401, "fclass": "hotel", "name": "Hostellerie du XVIe Siècle" }, "geometry": { "type": "Point", "coordinates": [ 6.2383125, 46.3818554 ] } },
{ "type": "Feature", "properties": { "osm_id": "3664456952", "code": 2401, "fclass": "hotel", "name": "Hotel La Perla Ascona" }, "geometry": { "type": "Point", "coordinates": [ 8.7704091, 46.1580332 ] } },
{ "type": "Feature", "properties": { "osm_id": "3672528358", "code": 2401, "fclass": "hotel", "name": "Residenza Al Parco - Tertianum" }, "geometry": { "type": "Point", "coordinates": [ 8.804109, 46.1737133 ] } },
{ "type": "Feature", "properties": { "osm_id": "3672528359", "code": 2401, "fclass": "hotel", "name": "Rio Garni" }, "geometry": { "type": "Point", "coordinates": [ 8.802489, 46.1731264 ] } },
{ "type": "Feature", "properties": { "osm_id": "3675611312", "code": 2401, "fclass": "hotel", "name": "Albergo Villa India" }, "geometry": { "type": "Point", "coordinates": [ 8.7920571, 46.1718248 ] } },
{ "type": "Feature", "properties": { "osm_id": "3687461621", "code": 2401, "fclass": "hotel", "name": "Carlton" }, "geometry": { "type": "Point", "coordinates": [ 6.6276874, 46.5122586 ] } },
{ "type": "Feature", "properties": { "osm_id": "3688825734", "code": 2401, "fclass": "hotel", "name": "Hotel Schwert" }, "geometry": { "type": "Point", "coordinates": [ 7.6286953, 46.7600664 ] } },
{ "type": "Feature", "properties": { "osm_id": "3688863082", "code": 2401, "fclass": "hotel", "name": "Zunfthaus zu Metzgern" }, "geometry": { "type": "Point", "coordinates": [ 7.6289608, 46.7598702 ] } },
{ "type": "Feature", "properties": { "osm_id": "3688863102", "code": 2401, "fclass": "hotel", "name": "Rathaus" }, "geometry": { "type": "Point", "coordinates": [ 7.6282561, 46.7597524 ] } },
{ "type": "Feature", "properties": { "osm_id": "3689968878", "code": 2401, "fclass": "hotel", "name": null }, "geometry": { "type": "Point", "coordinates": [ 7.3438692, 46.1956259 ] } },
{ "type": "Feature", "properties": { "osm_id": "3689986517", "code": 2401, "fclass": "hotel", "name": "Adler" }, "geometry": { "type": "Point", "coordinates": [ 8.2477549, 47.4600007 ] } },
{ "type": "Feature", "properties": { "osm_id": "3700178028", "code": 2401, "fclass": "hotel", "name": "Hôtel de Savoie" }, "geometry": { "type": "Point", "coordinates": [ 6.4998442, 46.5101517 ] } },
{ "type": "Feature", "properties": { "osm_id": "3701029548", "code": 2401, "fclass": "hotel", "name": null }, "geometry": { "type": "Point", "coordinates": [ 6.9493307, 46.0525424 ] } },
{ "type": "Feature", "properties": { "osm_id": "3707251809", "code": 2401, "fclass": "hotel", "name": "Kameha Grand Zürich" }, "geometry": { "type": "Point", "coordinates": [ 8.5591311, 47.4225173 ] } },
{ "type": "Feature", "properties": { "osm_id": "3711632795", "code": 2401, "fclass": "hotel", "name": "Sonnenhalde" }, "geometry": { "type": "Point", "coordinates": [ 7.8518434, 46.3157619 ] } },
{ "type": "Feature", "properties": { "osm_id": "3713879361", "code": 2401, "fclass": "hotel", "name": "Croix d'Or et Poste" }, "geometry": { "type": "Point", "coordinates": [ 8.2636864, 46.487636 ] } },
{ "type": "Feature", "properties": { "osm_id": "3725024818", "code": 2401, "fclass": "hotel", "name": "Hotel Restaurant Kreuzstrasse" }, "geometry": { "type": "Point", "coordinates": [ 9.0368574, 47.6106735 ] } },
{ "type": "Feature", "properties": { "osm_id": "3725795755", "code": 2401, "fclass": "hotel", "name": "Binario3" }, "geometry": { "type": "Point", "coordinates": [ 8.750743, 47.3853768 ] } },
{ "type": "Feature", "properties": { "osm_id": "3729613516", "code": 2401, "fclass": "hotel", "name": "Guggach Apartotel" }, "geometry": { "type": "Point", "coordinates": [ 8.5326965, 47.3989078 ] } },
{ "type": "Feature", "properties": { "osm_id": "3734581909", "code": 2401, "fclass": "hotel", "name": "Hotel Alpenrosli" }, "geometry": { "type": "Point", "coordinates": [ 7.8245526, 46.1789454 ] } },
{ "type": "Feature", "properties": { "osm_id": "3751609508", "code": 2401, "fclass": "hotel", "name": "Bellevue" }, "geometry": { "type": "Point", "coordinates": [ 9.1676981, 47.6535603 ] } },
{ "type": "Feature", "properties": { "osm_id": "3756838501", "code": 2401, "fclass": "hotel", "name": "Yachtsport Resort" }, "geometry": { "type": "Point", "coordinates": [ 8.7142504, 46.1233933 ] } },
{ "type": "Feature", "properties": { "osm_id": "3780487492", "code": 2401, "fclass": "hotel", "name": "Hotel du Pont" }, "geometry": { "type": "Point", "coordinates": [ 7.744404, 46.3168989 ] } },
{ "type": "Feature", "properties": { "osm_id": "3781119163", "code": 2401, "fclass": "hotel", "name": "Rebstock" }, "geometry": { "type": "Point", "coordinates": [ 8.0726652, 47.0627709 ] } },
{ "type": "Feature", "properties": { "osm_id": "3783549518", "code": 2401, "fclass": "hotel", "name": "STAY@Zurich Airport" }, "geometry": { "type": "Point", "coordinates": [ 8.5674657, 47.4390101 ] } },
{ "type": "Feature", "properties": { "osm_id": "3784158249", "code": 2401, "fclass": "hotel", "name": "Hirschen" }, "geometry": { "type": "Point", "coordinates": [ 8.650951, 46.8203502 ] } },
{ "type": "Feature", "properties": { "osm_id": "3786294125", "code": 2401, "fclass": "hotel", "name": "Al Ponte" }, "geometry": { "type": "Point", "coordinates": [ 7.6530506, 47.2402405 ] } },
{ "type": "Feature", "properties": { "osm_id": "3786503537", "code": 2401, "fclass": "hotel", "name": "Sonne" }, "geometry": { "type": "Point", "coordinates": [ 8.763534, 47.4321742 ] } },
{ "type": "Feature", "properties": { "osm_id": "3790450725", "code": 2401, "fclass": "hotel", "name": "Bella Vista" }, "geometry": { "type": "Point", "coordinates": [ 8.0972027, 47.1691094 ] } },
{ "type": "Feature", "properties": { "osm_id": "3794315358", "code": 2401, "fclass": "hotel", "name": "Hotel Cinema 8" }, "geometry": { "type": "Point", "coordinates": [ 8.0533153, 47.3140155 ] } },
{ "type": "Feature", "properties": { "osm_id": "3822324119", "code": 2401, "fclass": "hotel", "name": "Hotel Neufeld" }, "geometry": { "type": "Point", "coordinates": [ 8.5137027, 47.3695783 ] } },
{ "type": "Feature", "properties": { "osm_id": "3827151423", "code": 2401, "fclass": "hotel", "name": "Hotel Wynegg" }, "geometry": { "type": "Point", "coordinates": [ 9.8823051, 46.8646627 ] } },
{ "type": "Feature", "properties": { "osm_id": "3867160873", "code": 2401, "fclass": "hotel", "name": "Romantik Hotel Bären" }, "geometry": { "type": "Point", "coordinates": [ 7.7908099, 47.0899784 ] } },
{ "type": "Feature", "properties": { "osm_id": "3883191590", "code": 2401, "fclass": "hotel", "name": "B&B SchlafSchloss Sumiswald" }, "geometry": { "type": "Point", "coordinates": [ 7.7626086, 47.0319463 ] } },
{ "type": "Feature", "properties": { "osm_id": "3889420247", "code": 2401, "fclass": "hotel", "name": "Hyperion" }, "geometry": { "type": "Point", "coordinates": [ 7.6018571, 47.5642091 ] } },
{ "type": "Feature", "properties": { "osm_id": "3890667958", "code": 2401, "fclass": "hotel", "name": "Pullman Basel Europe" }, "geometry": { "type": "Point", "coordinates": [ 7.5976988, 47.5631363 ] } },
{ "type": "Feature", "properties": { "osm_id": "3892309566", "code": 2401, "fclass": "hotel", "name": "Schloss Freudenfels" }, "geometry": { "type": "Point", "coordinates": [ 8.8891461, 47.6385654 ] } },
{ "type": "Feature", "properties": { "osm_id": "3895644136", "code": 2401, "fclass": "hotel", "name": "Sunstar Hotel Klosters" }, "geometry": { "type": "Point", "coordinates": [ 9.8746482, 46.8820342 ] } },
{ "type": "Feature", "properties": { "osm_id": "3900491565", "code": 2401, "fclass": "hotel", "name": "Basel Marriott Hotel" }, "geometry": { "type": "Point", "coordinates": [ 7.5992981, 47.5630369 ] } },
{ "type": "Feature", "properties": { "osm_id": "3900979254", "code": 2401, "fclass": "hotel", "name": "Hotel da Marina Waldeck" }, "geometry": { "type": "Point", "coordinates": [ 7.5780811, 47.1991435 ] } },
{ "type": "Feature", "properties": { "osm_id": "3904767700", "code": 2401, "fclass": "hotel", "name": "Walida" }, "geometry": { "type": "Point", "coordinates": [ 7.8968131, 46.6877817 ] } },
{ "type": "Feature", "properties": { "osm_id": "3904869257", "code": 2401, "fclass": "hotel", "name": "Seehotel" }, "geometry": { "type": "Point", "coordinates": [ 7.9004558, 46.6882804 ] } },
{ "type": "Feature", "properties": { "osm_id": "3904967196", "code": 2401, "fclass": "hotel", "name": "Seiler au Lac" }, "geometry": { "type": "Point", "coordinates": [ 7.8976109, 46.6885604 ] } },
{ "type": "Feature", "properties": { "osm_id": "3905328883", "code": 2401, "fclass": "hotel", "name": "easyHotel" }, "geometry": { "type": "Point", "coordinates": [ 7.5975765, 47.5659336 ] } },
{ "type": "Feature", "properties": { "osm_id": "3905484253", "code": 2401, "fclass": "hotel", "name": "Oberländerhof" }, "geometry": { "type": "Point", "coordinates": [ 7.8979609, 46.6881113 ] } },
{ "type": "Feature", "properties": { "osm_id": "3927098664", "code": 2401, "fclass": "hotel", "name": "Hotel Bahnhof" }, "geometry": { "type": "Point", "coordinates": [ 7.190377, 46.8509994 ] } },
{ "type": "Feature", "properties": { "osm_id": "3929077482", "code": 2401, "fclass": "hotel", "name": "Hotel Restaurant Capricorns" }, "geometry": { "type": "Point", "coordinates": [ 9.4075071, 46.6262957 ] } },
{ "type": "Feature", "properties": { "osm_id": "3953762791", "code": 2401, "fclass": "hotel", "name": "Rössli" }, "geometry": { "type": "Point", "coordinates": [ 7.6049235, 46.7952139 ] } },
{ "type": "Feature", "properties": { "osm_id": "3954886244", "code": 2401, "fclass": "hotel", "name": null }, "geometry": { "type": "Point", "coordinates": [ 6.4277897, 46.5110978 ] } },
{ "type": "Feature", "properties": { "osm_id": "3967729490", "code": 2401, "fclass": "hotel", "name": "Furka" }, "geometry": { "type": "Point", "coordinates": [ 8.3477252, 46.5341068 ] } },
{ "type": "Feature", "properties": { "osm_id": "3968605730", "code": 2401, "fclass": "hotel", "name": "Osteria Battello con Alloggio" }, "geometry": { "type": "Point", "coordinates": [ 8.8834922, 45.9697414 ] } },
{ "type": "Feature", "properties": { "osm_id": "3968687896", "code": 2401, "fclass": "hotel", "name": "Hirschen" }, "geometry": { "type": "Point", "coordinates": [ 8.2151839, 47.5260914 ] } },
{ "type": "Feature", "properties": { "osm_id": "3969244153", "code": 2401, "fclass": "hotel", "name": "Alpenhof" }, "geometry": { "type": "Point", "coordinates": [ 8.3547387, 46.5310574 ] } },
{ "type": "Feature", "properties": { "osm_id": "3970924657", "code": 2401, "fclass": "hotel", "name": "Hôtel Sagitta" }, "geometry": { "type": "Point", "coordinates": [ 6.1579859, 46.2013094 ] } },
{ "type": "Feature", "properties": { "osm_id": "3971913997", "code": 2401, "fclass": "hotel", "name": "Ahorni" }, "geometry": { "type": "Point", "coordinates": [ 8.3525005, 46.5334954 ] } },
{ "type": "Feature", "properties": { "osm_id": "3971913998", "code": 2401, "fclass": "hotel", "name": "Sporthotel" }, "geometry": { "type": "Point", "coordinates": [ 8.3498046, 46.5341169 ] } },
{ "type": "Feature", "properties": { "osm_id": "3973979301", "code": 2401, "fclass": "hotel", "name": "B&B im Güetli" }, "geometry": { "type": "Point", "coordinates": [ 9.4783445, 47.47601 ] } },
{ "type": "Feature", "properties": { "osm_id": "3974395809", "code": 2401, "fclass": "hotel", "name": "The Chedi Andermatt" }, "geometry": { "type": "Point", "coordinates": [ 8.5945125, 46.6361042 ] } },
{ "type": "Feature", "properties": { "osm_id": "3974816940", "code": 2401, "fclass": "hotel", "name": "Gasthof Baumgarten" }, "geometry": { "type": "Point", "coordinates": [ 8.6558393, 47.6521078 ] } },
{ "type": "Feature", "properties": { "osm_id": "3989820708", "code": 2401, "fclass": "hotel", "name": "Schweizerhaus" }, "geometry": { "type": "Point", "coordinates": [ 9.6958331, 46.4028213 ] } },
{ "type": "Feature", "properties": { "osm_id": "4002825851", "code": 2401, "fclass": "hotel", "name": "Hôtel Edirol" }, "geometry": { "type": "Point", "coordinates": [ 6.887949, 46.3426201 ] } },
{ "type": "Feature", "properties": { "osm_id": "4005873855", "code": 2401, "fclass": "hotel", "name": "Astoria" }, "geometry": { "type": "Point", "coordinates": [ 7.6276721, 46.3763017 ] } },
{ "type": "Feature", "properties": { "osm_id": "4021512930", "code": 2401, "fclass": "hotel", "name": "B & B Chesa d'Arch" }, "geometry": { "type": "Point", "coordinates": [ 9.9354203, 46.5730507 ] } },
{ "type": "Feature", "properties": { "osm_id": "4024336199", "code": 2401, "fclass": "hotel", "name": "Hofgut Albführen" }, "geometry": { "type": "Point", "coordinates": [ 8.4848903, 47.641374 ] } },
{ "type": "Feature", "properties": { "osm_id": "4031299990", "code": 2401, "fclass": "hotel", "name": "Chalet Mont Crosin" }, "geometry": { "type": "Point", "coordinates": [ 7.0360327, 47.182234 ] } },
{ "type": "Feature", "properties": { "osm_id": "4040321822", "code": 2401, "fclass": "hotel", "name": "Hotel Longhin" }, "geometry": { "type": "Point", "coordinates": [ 9.6950163, 46.405323 ] } },
{ "type": "Feature", "properties": { "osm_id": "4055577650", "code": 2401, "fclass": "hotel", "name": "Hotel Restaurant Rhätia" }, "geometry": { "type": "Point", "coordinates": [ 9.8136568, 46.9695356 ] } },
{ "type": "Feature", "properties": { "osm_id": "4058058592", "code": 2401, "fclass": "hotel", "name": "Matterhorn FOCUS" }, "geometry": { "type": "Point", "coordinates": [ 7.7425865, 46.0140009 ] } },
{ "type": "Feature", "properties": { "osm_id": "4058067184", "code": 2401, "fclass": "hotel", "name": "Monte Rosa" }, "geometry": { "type": "Point", "coordinates": [ 7.7462059, 46.0201555 ] } },
{ "type": "Feature", "properties": { "osm_id": "4062902269", "code": 2401, "fclass": "hotel", "name": "2places Side" }, "geometry": { "type": "Point", "coordinates": [ 7.655916, 47.5976435 ] } },
{ "type": "Feature", "properties": { "osm_id": "4070452066", "code": 2401, "fclass": "hotel", "name": "Locanda la Pignatta" }, "geometry": { "type": "Point", "coordinates": [ 8.9878189, 45.9584448 ] } },
{ "type": "Feature", "properties": { "osm_id": "4070498546", "code": 2401, "fclass": "hotel", "name": "Hotel Garni Sport" }, "geometry": { "type": "Point", "coordinates": [ 8.9878793, 45.871279 ] } },
{ "type": "Feature", "properties": { "osm_id": "4073925794", "code": 2401, "fclass": "hotel", "name": "Alexander" }, "geometry": { "type": "Point", "coordinates": [ 8.4198653, 47.0295367 ] } },
{ "type": "Feature", "properties": { "osm_id": "4075795061", "code": 2401, "fclass": "hotel", "name": "Hotel ZwiBack" }, "geometry": { "type": "Point", "coordinates": [ 8.6052083, 47.4038555 ] } },
{ "type": "Feature", "properties": { "osm_id": "4081017596", "code": 2401, "fclass": "hotel", "name": "EMMA Bett und Bistro" }, "geometry": { "type": "Point", "coordinates": [ 8.7314749, 47.4986772 ] } },
{ "type": "Feature", "properties": { "osm_id": "4081527202", "code": 2401, "fclass": "hotel", "name": "Kloster-Herberge" }, "geometry": { "type": "Point", "coordinates": [ 7.6104478, 47.4881698 ] } },
{ "type": "Feature", "properties": { "osm_id": "4097195493", "code": 2401, "fclass": "hotel", "name": "Stalden" }, "geometry": { "type": "Point", "coordinates": [ 8.3772526, 47.3491361 ] } },
{ "type": "Feature", "properties": { "osm_id": "4109918538", "code": 2401, "fclass": "hotel", "name": "Campo Rasa" }, "geometry": { "type": "Point", "coordinates": [ 8.6552577, 46.1558986 ] } },
{ "type": "Feature", "properties": { "osm_id": "4110657675", "code": 2401, "fclass": "hotel", "name": "Hotel Drei Könige" }, "geometry": { "type": "Point", "coordinates": [ 9.5338261, 46.8508545 ] } },
{ "type": "Feature", "properties": { "osm_id": "4119812455", "code": 2401, "fclass": "hotel", "name": "Magic Hotel" }, "geometry": { "type": "Point", "coordinates": [ 8.3057335, 47.0519738 ] } },
{ "type": "Feature", "properties": { "osm_id": "4120729122", "code": 2401, "fclass": "hotel", "name": "B&B OchsenGarten" }, "geometry": { "type": "Point", "coordinates": [ 9.4798585, 47.4770212 ] } },
{ "type": "Feature", "properties": { "osm_id": "4121566563", "code": 2401, "fclass": "hotel", "name": "Alpenblick" }, "geometry": { "type": "Point", "coordinates": [ 8.7805941, 46.9771334 ] } },
{ "type": "Feature", "properties": { "osm_id": "4121747489", "code": 2401, "fclass": "hotel", "name": "Vieux Manoir" }, "geometry": { "type": "Point", "coordinates": [ 6.9582564, 46.2379057 ] } },
{ "type": "Feature", "properties": { "osm_id": "4123484189", "code": 2401, "fclass": "hotel", "name": "Desalpes" }, "geometry": { "type": "Point", "coordinates": [ 7.9624025, 46.5850107 ] } },
{ "type": "Feature", "properties": { "osm_id": "4125519091", "code": 2401, "fclass": "hotel", "name": "Schlüssel" }, "geometry": { "type": "Point", "coordinates": [ 8.2705554, 46.9407275 ] } },
{ "type": "Feature", "properties": { "osm_id": "4128570502", "code": 2401, "fclass": "hotel", "name": "Albergo Al Ponte" }, "geometry": { "type": "Point", "coordinates": [ 8.8928596, 46.0199452 ] } },
{ "type": "Feature", "properties": { "osm_id": "4139041982", "code": 2401, "fclass": "hotel", "name": "Parkhotel Wylihof" }, "geometry": { "type": "Point", "coordinates": [ 7.5896693, 47.2241581 ] } },
{ "type": "Feature", "properties": { "osm_id": "4147009789", "code": 2401, "fclass": "hotel", "name": "Titisee" }, "geometry": { "type": "Point", "coordinates": [ 6.7205134, 46.9562667 ] } },
{ "type": "Feature", "properties": { "osm_id": "4147538812", "code": 2401, "fclass": "hotel", "name": "B&B Bettstadt" }, "geometry": { "type": "Point", "coordinates": [ 8.3084851, 47.044184 ] } },
{ "type": "Feature", "properties": { "osm_id": "4149614991", "code": 2401, "fclass": "hotel", "name": "Säntis" }, "geometry": { "type": "Point", "coordinates": [ 9.2839743, 47.3868687 ] } },
{ "type": "Feature", "properties": { "osm_id": "4149991116", "code": 2401, "fclass": "hotel", "name": "Los Lorentes Bern Airport" }, "geometry": { "type": "Point", "coordinates": [ 7.4991745, 46.8871779 ] } },
{ "type": "Feature", "properties": { "osm_id": "4152663189", "code": 2401, "fclass": "hotel", "name": "La Val" }, "geometry": { "type": "Point", "coordinates": [ 9.0579285, 46.769748 ] } },
{ "type": "Feature", "properties": { "osm_id": "4153328989", "code": 2401, "fclass": "hotel", "name": "FMEL Azur" }, "geometry": { "type": "Point", "coordinates": [ 6.5475288, 46.5133501 ] } },
{ "type": "Feature", "properties": { "osm_id": "4153502771", "code": 2401, "fclass": "hotel", "name": "Schwanen" }, "geometry": { "type": "Point", "coordinates": [ 9.0433448, 47.464338 ] } },
{ "type": "Feature", "properties": { "osm_id": "4162585615", "code": 2401, "fclass": "hotel", "name": "Bergpension Sonnmatt" }, "geometry": { "type": "Point", "coordinates": [ 9.1552614, 47.2673907 ] } },
{ "type": "Feature", "properties": { "osm_id": "4172100474", "code": 2401, "fclass": "hotel", "name": "Velohotel Hirschen" }, "geometry": { "type": "Point", "coordinates": [ 8.8100089, 47.7084677 ] } },
{ "type": "Feature", "properties": { "osm_id": "4172103153", "code": 2401, "fclass": "hotel", "name": "BBC Arena" }, "geometry": { "type": "Point", "coordinates": [ 8.6467948, 47.7203609 ] } },
{ "type": "Feature", "properties": { "osm_id": "4172612493", "code": 2401, "fclass": "hotel", "name": "Swiss Holidays Apartments" }, "geometry": { "type": "Point", "coordinates": [ 7.8550329, 46.683902 ] } },
{ "type": "Feature", "properties": { "osm_id": "4178039190", "code": 2401, "fclass": "hotel", "name": "Hotel Le Lion" }, "geometry": { "type": "Point", "coordinates": [ 9.2414744, 47.4935493 ] } },
{ "type": "Feature", "properties": { "osm_id": "4182168481", "code": 2401, "fclass": "hotel", "name": "Gerbi" }, "geometry": { "type": "Point", "coordinates": [ 8.4191843, 47.0292158 ] } },
{ "type": "Feature", "properties": { "osm_id": "4182885192", "code": 2401, "fclass": "hotel", "name": "Alpes & Rhône" }, "geometry": { "type": "Point", "coordinates": [ 7.0715855, 46.0999316 ] } },
{ "type": "Feature", "properties": { "osm_id": "4184152016", "code": 2401, "fclass": "hotel", "name": "Ula's Holiday Apartments" }, "geometry": { "type": "Point", "coordinates": [ 7.8094755, 46.7021993 ] } },
{ "type": "Feature", "properties": { "osm_id": "4190023007", "code": 2401, "fclass": "hotel", "name": "Frohsinn" }, "geometry": { "type": "Point", "coordinates": [ 8.6512951, 46.8199642 ] } },
{ "type": "Feature", "properties": { "osm_id": "4194777389", "code": 2401, "fclass": "hotel", "name": "Hotel Krone" }, "geometry": { "type": "Point", "coordinates": [ 8.1838058, 46.8316177 ] } },
{ "type": "Feature", "properties": { "osm_id": "4196986989", "code": 2401, "fclass": "hotel", "name": "Adler" }, "geometry": { "type": "Point", "coordinates": [ 7.1177771, 46.9288198 ] } },
{ "type": "Feature", "properties": { "osm_id": "4202335108", "code": 2401, "fclass": "hotel", "name": "Hotel Sternen Oerlikon" }, "geometry": { "type": "Point", "coordinates": [ 8.5464569, 47.4084381 ] } },
{ "type": "Feature", "properties": { "osm_id": "4204716627", "code": 2401, "fclass": "hotel", "name": "Hotel Arte" }, "geometry": { "type": "Point", "coordinates": [ 9.8401102, 46.4991069 ] } },
{ "type": "Feature", "properties": { "osm_id": "4208019742", "code": 2401, "fclass": "hotel", "name": "Hotel Löwen" }, "geometry": { "type": "Point", "coordinates": [ 8.6630202, 47.7250357 ] } },
{ "type": "Feature", "properties": { "osm_id": "4209061195", "code": 2401, "fclass": "hotel", "name": "Gallo" }, "geometry": { "type": "Point", "coordinates": [ 9.3813601, 47.4311622 ] } },
{ "type": "Feature", "properties": { "osm_id": "4211265773", "code": 2401, "fclass": "hotel", "name": "B&B La Meridiana" }, "geometry": { "type": "Point", "coordinates": [ 8.7290441, 46.1865759 ] } },
{ "type": "Feature", "properties": { "osm_id": "4212959090", "code": 2401, "fclass": "hotel", "name": "Seaside" }, "geometry": { "type": "Point", "coordinates": [ 7.6903546, 46.6849709 ] } },
{ "type": "Feature", "properties": { "osm_id": "4213382460", "code": 2401, "fclass": "hotel", "name": "Hôtel La Réserve" }, "geometry": { "type": "Point", "coordinates": [ 6.149472, 46.2506148 ] } },
{ "type": "Feature", "properties": { "osm_id": "4213614422", "code": 2401, "fclass": "hotel", "name": "Hotel Garni Montaldi" }, "geometry": { "type": "Point", "coordinates": [ 8.8003863, 46.1729258 ] } },
{ "type": "Feature", "properties": { "osm_id": "4217375052", "code": 2401, "fclass": "hotel", "name": "Porte de France" }, "geometry": { "type": "Point", "coordinates": [ 7.571899, 47.5774775 ] } },
{ "type": "Feature", "properties": { "osm_id": "4218019589", "code": 2401, "fclass": "hotel", "name": "Swiss Night by Fassbind / Claridge" }, "geometry": { "type": "Point", "coordinates": [ 8.5511703, 47.3691991 ] } },
{ "type": "Feature", "properties": { "osm_id": "4225631070", "code": 2401, "fclass": "hotel", "name": "Art Hotel Riposo" }, "geometry": { "type": "Point", "coordinates": [ 8.7668008, 46.1558183 ] } },
{ "type": "Feature", "properties": { "osm_id": "4225947312", "code": 2401, "fclass": "hotel", "name": "Astras" }, "geometry": { "type": "Point", "coordinates": [ 10.3001658, 46.7976618 ] } },
{ "type": "Feature", "properties": { "osm_id": "4230809091", "code": 2401, "fclass": "hotel", "name": "Bed and Breakfast Bülach" }, "geometry": { "type": "Point", "coordinates": [ 8.5507509, 47.5200392 ] } },
{ "type": "Feature", "properties": { "osm_id": "4231981291", "code": 2401, "fclass": "hotel", "name": "Hotel Newstar" }, "geometry": { "type": "Point", "coordinates": [ 9.3111547, 47.4077094 ] } },
{ "type": "Feature", "properties": { "osm_id": "4232065390", "code": 2401, "fclass": "hotel", "name": "Vision Appartments" }, "geometry": { "type": "Point", "coordinates": [ 6.638669, 46.5215656 ] } },
{ "type": "Feature", "properties": { "osm_id": "4248937195", "code": 2401, "fclass": "hotel", "name": "ACCOR Hôtel Mercure Bienne" }, "geometry": { "type": "Point", "coordinates": [ 7.2495605, 47.1387962 ] } },
{ "type": "Feature", "properties": { "osm_id": "4251315319", "code": 2401, "fclass": "hotel", "name": "Hirschen" }, "geometry": { "type": "Point", "coordinates": [ 8.1910687, 47.2057815 ] } },
{ "type": "Feature", "properties": { "osm_id": "4251315320", "code": 2401, "fclass": "hotel", "name": "Hotel / Restaurant Ochsen" }, "geometry": { "type": "Point", "coordinates": [ 8.191451, 47.2064676 ] } },
{ "type": "Feature", "properties": { "osm_id": "4251322400", "code": 2401, "fclass": "hotel", "name": "Les mille étoiles" }, "geometry": { "type": "Point", "coordinates": [ 7.0067856, 46.1116857 ] } },
{ "type": "Feature", "properties": { "osm_id": "4261766018", "code": 2401, "fclass": "hotel", "name": "Hotel Giardino Ascona" }, "geometry": { "type": "Point", "coordinates": [ 8.790056, 46.1504251 ] } },
{ "type": "Feature", "properties": { "osm_id": "4268128301", "code": 2401, "fclass": "hotel", "name": "Hôtel Central" }, "geometry": { "type": "Point", "coordinates": [ 6.1456479, 46.2029914 ] } },
{ "type": "Feature", "properties": { "osm_id": "4269704591", "code": 2401, "fclass": "hotel", "name": "Apart-Hotel Zürich by Hilton" }, "geometry": { "type": "Point", "coordinates": [ 8.5737323, 47.4383058 ] } },
{ "type": "Feature", "properties": { "osm_id": "4273064056", "code": 2401, "fclass": "hotel", "name": "H4" }, "geometry": { "type": "Point", "coordinates": [ 7.5416093, 47.2058565 ] } },
{ "type": "Feature", "properties": { "osm_id": "4279322005", "code": 2401, "fclass": "hotel", "name": "Auberge de la Gare" }, "geometry": { "type": "Point", "coordinates": [ 6.7212777, 46.4967732 ] } },
{ "type": "Feature", "properties": { "osm_id": "4280011859", "code": 2401, "fclass": "hotel", "name": "Hotel & Restaurant JAKOB" }, "geometry": { "type": "Point", "coordinates": [ 8.8165186, 47.2267694 ] } },
{ "type": "Feature", "properties": { "osm_id": "4280862572", "code": 2401, "fclass": "hotel", "name": "Auberge du Mont Blanc" }, "geometry": { "type": "Point", "coordinates": [ 6.9942095, 46.0581938 ] } },
{ "type": "Feature", "properties": { "osm_id": "4282650192", "code": 2401, "fclass": "hotel", "name": "Gasthof Sternen" }, "geometry": { "type": "Point", "coordinates": [ 8.5398318, 47.612226 ] } },
{ "type": "Feature", "properties": { "osm_id": "4294130731", "code": 2401, "fclass": "hotel", "name": "San Gian" }, "geometry": { "type": "Point", "coordinates": [ 9.8346834, 46.4845651 ] } },
{ "type": "Feature", "properties": { "osm_id": "4295284933", "code": 2401, "fclass": "hotel", "name": "Sorell Hotel St. Peter" }, "geometry": { "type": "Point", "coordinates": [ 8.5405057, 47.3707999 ] } },
{ "type": "Feature", "properties": { "osm_id": "4309746267", "code": 2401, "fclass": "hotel", "name": "Chrüz" }, "geometry": { "type": "Point", "coordinates": [ 7.723081, 47.2903846 ] } },
{ "type": "Feature", "properties": { "osm_id": "4316390050", "code": 2401, "fclass": "hotel", "name": "Hotel Zofingen" }, "geometry": { "type": "Point", "coordinates": [ 7.9454179, 47.2884965 ] } },
{ "type": "Feature", "properties": { "osm_id": "4331082227", "code": 2401, "fclass": "hotel", "name": "Restaurant Hotel Dorfbrücke" }, "geometry": { "type": "Point", "coordinates": [ 9.0257244, 47.2129151 ] } },
{ "type": "Feature", "properties": { "osm_id": "4337100889", "code": 2401, "fclass": "hotel", "name": "Gasthof Post" }, "geometry": { "type": "Point", "coordinates": [ 8.9584621, 47.4621074 ] } },
{ "type": "Feature", "properties": { "osm_id": "4340898951", "code": 2401, "fclass": "hotel", "name": "Berggasthaus Gemsli" }, "geometry": { "type": "Point", "coordinates": [ 9.8129269, 46.9695897 ] } },
{ "type": "Feature", "properties": { "osm_id": "4340898952", "code": 2401, "fclass": "hotel", "name": "Berggasthaus Michelshof" }, "geometry": { "type": "Point", "coordinates": [ 9.8073678, 46.9712245 ] } },
{ "type": "Feature", "properties": { "osm_id": "4346128333", "code": 2401, "fclass": "hotel", "name": "Hotel Cervo" }, "geometry": { "type": "Point", "coordinates": [ 9.7660386, 46.4325786 ] } },
{ "type": "Feature", "properties": { "osm_id": "4347400990", "code": 2401, "fclass": "hotel", "name": "Zum Schwarzen Adler" }, "geometry": { "type": "Point", "coordinates": [ 8.6339326, 47.6963171 ] } },
{ "type": "Feature", "properties": { "osm_id": "4360584194", "code": 2401, "fclass": "hotel", "name": "Arcadia" }, "geometry": { "type": "Point", "coordinates": [ 8.781391, 46.1496288 ] } },
{ "type": "Feature", "properties": { "osm_id": "4364350617", "code": 2401, "fclass": "hotel", "name": "citizenM Hotel" }, "geometry": { "type": "Point", "coordinates": [ 8.5353963, 47.3720094 ] } },
{ "type": "Feature", "properties": { "osm_id": "4365695092", "code": 2401, "fclass": "hotel", "name": "Adler" }, "geometry": { "type": "Point", "coordinates": [ 9.075374, 46.9953153 ] } },
{ "type": "Feature", "properties": { "osm_id": "4370160291", "code": 2401, "fclass": "hotel", "name": "B&B Tencia" }, "geometry": { "type": "Point", "coordinates": [ 8.7566587, 46.4822601 ] } },
{ "type": "Feature", "properties": { "osm_id": "4374204729", "code": 2401, "fclass": "hotel", "name": "Hôtel du Doubs" }, "geometry": { "type": "Point", "coordinates": [ 6.9518248, 47.2617245 ] } },
{ "type": "Feature", "properties": { "osm_id": "4381909994", "code": 2401, "fclass": "hotel", "name": "Du Lac et Gare" }, "geometry": { "type": "Point", "coordinates": [ 6.7215704, 46.8505598 ] } },
{ "type": "Feature", "properties": { "osm_id": "4382964743", "code": 2401, "fclass": "hotel", "name": "Hotel Kaubad" }, "geometry": { "type": "Point", "coordinates": [ 9.3838473, 47.3125778 ] } },
{ "type": "Feature", "properties": { "osm_id": "4387082770", "code": 2401, "fclass": "hotel", "name": "Gasthaus Wilden Mann" }, "geometry": { "type": "Point", "coordinates": [ 9.0482194, 47.4662654 ] } },
{ "type": "Feature", "properties": { "osm_id": "4395967003", "code": 2401, "fclass": "hotel", "name": "46a" }, "geometry": { "type": "Point", "coordinates": [ 6.6126208, 46.5137022 ] } },
{ "type": "Feature", "properties": { "osm_id": "4402401689", "code": 2401, "fclass": "hotel", "name": "Hotel Restaurant Alpenblick" }, "geometry": { "type": "Point", "coordinates": [ 9.4361659, 47.3006817 ] } },
{ "type": "Feature", "properties": { "osm_id": "4403448366", "code": 2401, "fclass": "hotel", "name": "Hotel Alpina" }, "geometry": { "type": "Point", "coordinates": [ 8.3084368, 47.0492824 ] } },
{ "type": "Feature", "properties": { "osm_id": "4404669998", "code": 2401, "fclass": "hotel", "name": "Hôtellerie franciscaine" }, "geometry": { "type": "Point", "coordinates": [ 7.0062545, 46.2198185 ] } },
{ "type": "Feature", "properties": { "osm_id": "4417599532", "code": 2401, "fclass": "hotel", "name": "La Couronne" }, "geometry": { "type": "Point", "coordinates": [ 7.4997182, 47.3437424 ] } },
{ "type": "Feature", "properties": { "osm_id": "4420843553", "code": 2401, "fclass": "hotel", "name": "Wiesner Mysterion" }, "geometry": { "type": "Point", "coordinates": [ 7.9860104, 46.979147 ] } },
{ "type": "Feature", "properties": { "osm_id": "4446185842", "code": 2401, "fclass": "hotel", "name": "Le Bristol" }, "geometry": { "type": "Point", "coordinates": [ 7.6278424, 46.375562 ] } },
{ "type": "Feature", "properties": { "osm_id": "4449488444", "code": 2401, "fclass": "hotel", "name": "Eintracht" }, "geometry": { "type": "Point", "coordinates": [ 7.6647371, 47.2579213 ] } },
{ "type": "Feature", "properties": { "osm_id": "4449626257", "code": 2401, "fclass": "hotel", "name": "Krone" }, "geometry": { "type": "Point", "coordinates": [ 7.6344946, 46.3173836 ] } },
{ "type": "Feature", "properties": { "osm_id": "4449675543", "code": 2401, "fclass": "hotel", "name": "Mövenpick Hotel" }, "geometry": { "type": "Point", "coordinates": [ 7.8048574, 47.3264854 ] } },
{ "type": "Feature", "properties": { "osm_id": "4459611604", "code": 2401, "fclass": "hotel", "name": "Sonne" }, "geometry": { "type": "Point", "coordinates": [ 7.9918584, 47.3601286 ] } },
{ "type": "Feature", "properties": { "osm_id": "4462210184", "code": 2401, "fclass": "hotel", "name": "Gasthaus Ochsen" }, "geometry": { "type": "Point", "coordinates": [ 9.1348552, 47.6597703 ] } },
{ "type": "Feature", "properties": { "osm_id": "4467394615", "code": 2401, "fclass": "hotel", "name": "Zum alten Bahnhof" }, "geometry": { "type": "Point", "coordinates": [ 9.2488631, 47.4139851 ] } },
{ "type": "Feature", "properties": { "osm_id": "4471008928", "code": 2401, "fclass": "hotel", "name": "Gasthaus Sonne" }, "geometry": { "type": "Point", "coordinates": [ 9.2481146, 47.4153277 ] } },
{ "type": "Feature", "properties": { "osm_id": "4473002659", "code": 2401, "fclass": "hotel", "name": "Baldi" }, "geometry": { "type": "Point", "coordinates": [ 8.7366361, 46.4913577 ] } },
{ "type": "Feature", "properties": { "osm_id": "4485742995", "code": 2401, "fclass": "hotel", "name": "Bahnhof" }, "geometry": { "type": "Point", "coordinates": [ 7.8435523, 46.3126201 ] } },
{ "type": "Feature", "properties": { "osm_id": "4513408589", "code": 2401, "fclass": "hotel", "name": "Gasthof zum Löwen" }, "geometry": { "type": "Point", "coordinates": [ 9.0753012, 47.0942412 ] } },
{ "type": "Feature", "properties": { "osm_id": "4516764791", "code": 2401, "fclass": "hotel", "name": "Grizzlybär" }, "geometry": { "type": "Point", "coordinates": [ 7.5355187, 46.75488 ] } },
{ "type": "Feature", "properties": { "osm_id": "4523790870", "code": 2401, "fclass": "hotel", "name": "Amadeo" }, "geometry": { "type": "Point", "coordinates": [ 7.9461176, 47.2873387 ] } },
{ "type": "Feature", "properties": { "osm_id": "4535746490", "code": 2401, "fclass": "hotel", "name": "Chalet Les Attelas" }, "geometry": { "type": "Point", "coordinates": [ 7.2369037, 46.104354 ] } },
{ "type": "Feature", "properties": { "osm_id": "4553018766", "code": 2401, "fclass": "hotel", "name": "Motel-One" }, "geometry": { "type": "Point", "coordinates": [ 7.5902062, 47.5548732 ] } },
{ "type": "Feature", "properties": { "osm_id": "4556211692", "code": 2401, "fclass": "hotel", "name": "Arosa Mountain Lodge" }, "geometry": { "type": "Point", "coordinates": [ 9.6755058, 46.7801209 ] } },
{ "type": "Feature", "properties": { "osm_id": "4570693962", "code": 2401, "fclass": "hotel", "name": "Randolina" }, "geometry": { "type": "Point", "coordinates": [ 9.7563985, 46.4325822 ] } },
{ "type": "Feature", "properties": { "osm_id": "4573386340", "code": 2401, "fclass": "hotel", "name": "Alte Post" }, "geometry": { "type": "Point", "coordinates": [ 9.4447445, 46.6343063 ] } },
{ "type": "Feature", "properties": { "osm_id": "4579459592", "code": 2401, "fclass": "hotel", "name": "Auberge Mont Gelé" }, "geometry": { "type": "Point", "coordinates": [ 7.2439637, 46.1637884 ] } },
{ "type": "Feature", "properties": { "osm_id": "4581112290", "code": 2401, "fclass": "hotel", "name": "Eidgenossen" }, "geometry": { "type": "Point", "coordinates": [ 7.7488498, 47.3929798 ] } },
{ "type": "Feature", "properties": { "osm_id": "4585509555", "code": 2401, "fclass": "hotel", "name": "Ruby" }, "geometry": { "type": "Point", "coordinates": [ 8.5410852, 47.3761644 ] } },
{ "type": "Feature", "properties": { "osm_id": "4598295190", "code": 2401, "fclass": "hotel", "name": "le Vanessa" }, "geometry": { "type": "Point", "coordinates": [ 7.2286145, 46.0952859 ] } },
{ "type": "Feature", "properties": { "osm_id": "4598747597", "code": 2401, "fclass": "hotel", "name": "Pensione La Santa" }, "geometry": { "type": "Point", "coordinates": [ 8.9634135, 46.0115521 ] } },
{ "type": "Feature", "properties": { "osm_id": "4602958926", "code": 2401, "fclass": "hotel", "name": "Hotel Primavera" }, "geometry": { "type": "Point", "coordinates": [ 8.7112691, 46.123032 ] } },
{ "type": "Feature", "properties": { "osm_id": "4649764204", "code": 2401, "fclass": "hotel", "name": "Hôtel Communal de Ballens" }, "geometry": { "type": "Point", "coordinates": [ 6.3743388, 46.554443 ] } },
{ "type": "Feature", "properties": { "osm_id": "4650861687", "code": 2401, "fclass": "hotel", "name": "Base Nyon" }, "geometry": { "type": "Point", "coordinates": [ 6.2370838, 46.3844309 ] } },
{ "type": "Feature", "properties": { "osm_id": "4659354789", "code": 2401, "fclass": "hotel", "name": "Villars Palace" }, "geometry": { "type": "Point", "coordinates": [ 7.0564406, 46.2967936 ] } },
{ "type": "Feature", "properties": { "osm_id": "4659797814", "code": 2401, "fclass": "hotel", "name": "Alpenrose" }, "geometry": { "type": "Point", "coordinates": [ 7.9221199, 46.6024011 ] } },
{ "type": "Feature", "properties": { "osm_id": "4663120290", "code": 2401, "fclass": "hotel", "name": "Le Petit Cervin" }, "geometry": { "type": "Point", "coordinates": [ 7.7481098, 46.0218068 ] } },
{ "type": "Feature", "properties": { "osm_id": "4665764185", "code": 2401, "fclass": "hotel", "name": "Hotel + Bistro zum Güggibueb" }, "geometry": { "type": "Point", "coordinates": [ 8.2451351, 47.3451499 ] } },
{ "type": "Feature", "properties": { "osm_id": "4666753953", "code": 2401, "fclass": "hotel", "name": "Quadratscha" }, "geometry": { "type": "Point", "coordinates": [ 9.8738045, 46.5361725 ] } },
{ "type": "Feature", "properties": { "osm_id": "4666753956", "code": 2401, "fclass": "hotel", "name": "Bernina" }, "geometry": { "type": "Point", "coordinates": [ 9.8725473, 46.5354128 ] } },
{ "type": "Feature", "properties": { "osm_id": "4697253587", "code": 2401, "fclass": "hotel", "name": "Berghotel Hahnenmoospass" }, "geometry": { "type": "Point", "coordinates": [ 7.4953913, 46.4528048 ] } },
{ "type": "Feature", "properties": { "osm_id": "4704038735", "code": 2401, "fclass": "hotel", "name": "Casa Latour (Theus)" }, "geometry": { "type": "Point", "coordinates": [ 9.0624785, 46.7674091 ] } },
{ "type": "Feature", "properties": { "osm_id": "4705254232", "code": 2401, "fclass": "hotel", "name": "Fafleralp" }, "geometry": { "type": "Point", "coordinates": [ 7.8567784, 46.4338705 ] } },
{ "type": "Feature", "properties": { "osm_id": "4705907475", "code": 2401, "fclass": "hotel", "name": "Artist" }, "geometry": { "type": "Point", "coordinates": [ 7.2569726, 47.1476949 ] } },
{ "type": "Feature", "properties": { "osm_id": "4711384692", "code": 2401, "fclass": "hotel", "name": "B&B Stigweid" }, "geometry": { "type": "Point", "coordinates": [ 8.9230744, 47.2738936 ] } },
{ "type": "Feature", "properties": { "osm_id": "4724184102", "code": 2401, "fclass": "hotel", "name": null }, "geometry": { "type": "Point", "coordinates": [ 9.2679456, 46.8156543 ] } },
{ "type": "Feature", "properties": { "osm_id": "4724256096", "code": 2401, "fclass": "hotel", "name": null }, "geometry": { "type": "Point", "coordinates": [ 9.2674125, 46.8149133 ] } },
{ "type": "Feature", "properties": { "osm_id": "4724256691", "code": 2401, "fclass": "hotel", "name": "Peaks Place" }, "geometry": { "type": "Point", "coordinates": [ 9.2677207, 46.817032 ] } },
{ "type": "Feature", "properties": { "osm_id": "4724407435", "code": 2401, "fclass": "hotel", "name": "Berghuus Radons" }, "geometry": { "type": "Point", "coordinates": [ 9.5530446, 46.5610737 ] } },
{ "type": "Feature", "properties": { "osm_id": "4729368995", "code": 2401, "fclass": "hotel", "name": "Rössli" }, "geometry": { "type": "Point", "coordinates": [ 7.5871154, 47.2166613 ] } },
{ "type": "Feature", "properties": { "osm_id": "4729368996", "code": 2401, "fclass": "hotel", "name": "Pöstli" }, "geometry": { "type": "Point", "coordinates": [ 7.5856271, 47.2176005 ] } },
{ "type": "Feature", "properties": { "osm_id": "4751711964", "code": 2401, "fclass": "hotel", "name": "Hotel Bellevue au Lac" }, "geometry": { "type": "Point", "coordinates": [ 8.9458632, 45.9939144 ] } },
{ "type": "Feature", "properties": { "osm_id": "4753524297", "code": 2401, "fclass": "hotel", "name": "la belle vue Boutique Hotel & Café" }, "geometry": { "type": "Point", "coordinates": [ 7.6798471, 46.68919 ] } },
{ "type": "Feature", "properties": { "osm_id": "4753559770", "code": 2401, "fclass": "hotel", "name": "Villa Castagnola" }, "geometry": { "type": "Point", "coordinates": [ 8.9693125, 46.0062899 ] } },
{ "type": "Feature", "properties": { "osm_id": "4757712522", "code": 2401, "fclass": "hotel", "name": "Hotel Alpina" }, "geometry": { "type": "Point", "coordinates": [ 10.0956253, 46.7001129 ] } },
{ "type": "Feature", "properties": { "osm_id": "4771491581", "code": 2401, "fclass": "hotel", "name": "Auberge de Founex" }, "geometry": { "type": "Point", "coordinates": [ 6.1925906, 46.3325019 ] } },
{ "type": "Feature", "properties": { "osm_id": "4792504522", "code": 2401, "fclass": "hotel", "name": "Hotel-Restaurant Jura" }, "geometry": { "type": "Point", "coordinates": [ 7.6137377, 47.4838987 ] } },
{ "type": "Feature", "properties": { "osm_id": "4793929484", "code": 2401, "fclass": "hotel", "name": "Hotel Gibswilerstube" }, "geometry": { "type": "Point", "coordinates": [ 8.914086, 47.3134165 ] } },
{ "type": "Feature", "properties": { "osm_id": "4793929495", "code": 2401, "fclass": "hotel", "name": "Hotel Gasthaus Ochsen" }, "geometry": { "type": "Point", "coordinates": [ 8.9135245, 47.2740641 ] } },
{ "type": "Feature", "properties": { "osm_id": "4795521927", "code": 2401, "fclass": "hotel", "name": "Mira Val" }, "geometry": { "type": "Point", "coordinates": [ 9.2855831, 46.8292427 ] } },
{ "type": "Feature", "properties": { "osm_id": "4798342603", "code": 2401, "fclass": "hotel", "name": "Seminarhotel" }, "geometry": { "type": "Point", "coordinates": [ 8.9678693, 47.4115721 ] } },
{ "type": "Feature", "properties": { "osm_id": "4810598406", "code": 2401, "fclass": "hotel", "name": "Bethanien" }, "geometry": { "type": "Point", "coordinates": [ 8.28127, 46.8795205 ] } },
{ "type": "Feature", "properties": { "osm_id": "4811892726", "code": 2401, "fclass": "hotel", "name": "Seehof" }, "geometry": { "type": "Point", "coordinates": [ 8.9437656, 47.2254435 ] } },
{ "type": "Feature", "properties": { "osm_id": "4833061585", "code": 2401, "fclass": "hotel", "name": "Marktgasse Hotel" }, "geometry": { "type": "Point", "coordinates": [ 8.5434795, 47.3720083 ] } },
{ "type": "Feature", "properties": { "osm_id": "4847207831", "code": 2401, "fclass": "hotel", "name": "Kartause Ittingen" }, "geometry": { "type": "Point", "coordinates": [ 8.8655155, 47.5827396 ] } },
{ "type": "Feature", "properties": { "osm_id": "4863689824", "code": 2401, "fclass": "hotel", "name": "Landgasthof Schiffli" }, "geometry": { "type": "Point", "coordinates": [ 9.6500422, 47.3898602 ] } },
{ "type": "Feature", "properties": { "osm_id": "4866578689", "code": 2401, "fclass": "hotel", "name": "Schlosshotel Beuggen" }, "geometry": { "type": "Point", "coordinates": [ 7.8132623, 47.5812503 ] } },
{ "type": "Feature", "properties": { "osm_id": "4868072661", "code": 2401, "fclass": "hotel", "name": "Gasthaus 210" }, "geometry": { "type": "Point", "coordinates": [ 8.5302229, 47.3828583 ] } },
{ "type": "Feature", "properties": { "osm_id": "4882836772", "code": 2401, "fclass": "hotel", "name": "Chärnsmatt" }, "geometry": { "type": "Point", "coordinates": [ 8.2687408, 47.1000593 ] } },
{ "type": "Feature", "properties": { "osm_id": "4889986288", "code": 2401, "fclass": "hotel", "name": "Sorell Hotel Zürichberg" }, "geometry": { "type": "Point", "coordinates": [ 8.5669111, 47.3824551 ] } },
{ "type": "Feature", "properties": { "osm_id": "4889986290", "code": 2401, "fclass": "hotel", "name": "Sorell Hotel Rigiblick" }, "geometry": { "type": "Point", "coordinates": [ 8.5533903, 47.3883804 ] } },
{ "type": "Feature", "properties": { "osm_id": "4891858486", "code": 2401, "fclass": "hotel", "name": "Hotel Gregory" }, "geometry": { "type": "Point", "coordinates": [ 8.5274439, 47.3799745 ] } },
{ "type": "Feature", "properties": { "osm_id": "4901116513", "code": 2401, "fclass": "hotel", "name": "Casa Tödi" }, "geometry": { "type": "Point", "coordinates": [ 8.98543, 46.7425966 ] } },
{ "type": "Feature", "properties": { "osm_id": "4904829834", "code": 2401, "fclass": "hotel", "name": "Hôtel Prealpina" }, "geometry": { "type": "Point", "coordinates": [ 6.7842779, 46.4812435 ] } },
{ "type": "Feature", "properties": { "osm_id": "4907731323", "code": 2401, "fclass": "hotel", "name": "Hotel Stazione" }, "geometry": { "type": "Point", "coordinates": [ 10.1425757, 46.2331476 ] } },
{ "type": "Feature", "properties": { "osm_id": "4910832208", "code": 2401, "fclass": "hotel", "name": "Vison Apartments" }, "geometry": { "type": "Point", "coordinates": [ 8.3085162, 47.043787 ] } },
{ "type": "Feature", "properties": { "osm_id": "4922252201", "code": 2401, "fclass": "hotel", "name": "allegra sur" }, "geometry": { "type": "Point", "coordinates": [ 9.9617744, 46.5995097 ] } },
{ "type": "Feature", "properties": { "osm_id": "4922252306", "code": 2401, "fclass": "hotel", "name": "allegra" }, "geometry": { "type": "Point", "coordinates": [ 9.962321, 46.5994558 ] } },
{ "type": "Feature", "properties": { "osm_id": "4922659445", "code": 2401, "fclass": "hotel", "name": "Hôtel Touring au lac" }, "geometry": { "type": "Point", "coordinates": [ 6.9322235, 46.9903605 ] } },
{ "type": "Feature", "properties": { "osm_id": "4924976892", "code": 2401, "fclass": "hotel", "name": "Mistail" }, "geometry": { "type": "Point", "coordinates": [ 9.5638144, 46.6722474 ] } },
{ "type": "Feature", "properties": { "osm_id": "4926230018", "code": 2401, "fclass": "hotel", "name": "Hôtel de France" }, "geometry": { "type": "Point", "coordinates": [ 6.8256631, 47.0997418 ] } },
{ "type": "Feature", "properties": { "osm_id": "4932308535", "code": 2401, "fclass": "hotel", "name": "Crusch Alva" }, "geometry": { "type": "Point", "coordinates": [ 9.9595497, 46.6019294 ] } },
{ "type": "Feature", "properties": { "osm_id": "4932310634", "code": 2401, "fclass": "hotel", "name": "Hotel Concordia" }, "geometry": { "type": "Point", "coordinates": [ 9.9592467, 46.6008559 ] } },
{ "type": "Feature", "properties": { "osm_id": "4942178973", "code": 2401, "fclass": "hotel", "name": "Albergo Faido" }, "geometry": { "type": "Point", "coordinates": [ 8.8013332, 46.4780846 ] } },
{ "type": "Feature", "properties": { "osm_id": "4958366051", "code": 2401, "fclass": "hotel", "name": "Seehof" }, "geometry": { "type": "Point", "coordinates": [ 8.5477947, 47.364315 ] } },
{ "type": "Feature", "properties": { "osm_id": "4966163223", "code": 2401, "fclass": "hotel", "name": "Hotel Barracuda" }, "geometry": { "type": "Point", "coordinates": [ 8.173838, 47.3914265 ] } },
{ "type": "Feature", "properties": { "osm_id": "4971969521", "code": 2401, "fclass": "hotel", "name": "Hôtel du Chasseron" }, "geometry": { "type": "Point", "coordinates": [ 6.5389674, 46.8504124 ] } },
{ "type": "Feature", "properties": { "osm_id": "4973314554", "code": 2401, "fclass": "hotel", "name": "Hôtel du Cheval Blanc" }, "geometry": { "type": "Point", "coordinates": [ 6.8337509, 47.1020565 ] } },
{ "type": "Feature", "properties": { "osm_id": "4973453021", "code": 2401, "fclass": "hotel", "name": "Osteria Vittoria" }, "geometry": { "type": "Point", "coordinates": [ 8.8402568, 46.257718 ] } },
{ "type": "Feature", "properties": { "osm_id": "4973856022", "code": 2401, "fclass": "hotel", "name": "Eiger" }, "geometry": { "type": "Point", "coordinates": [ 7.9214517, 46.6051233 ] } },
{ "type": "Feature", "properties": { "osm_id": "4973913993", "code": 2401, "fclass": "hotel", "name": "Hôtel Bellevue Pizzeria" }, "geometry": { "type": "Point", "coordinates": [ 6.9992647, 47.2550472 ] } },
{ "type": "Feature", "properties": { "osm_id": "4974187422", "code": 2401, "fclass": "hotel", "name": "Hotel Rathausstübli" }, "geometry": { "type": "Point", "coordinates": [ 7.5008559, 47.4211622 ] } },
{ "type": "Feature", "properties": { "osm_id": "4974187423", "code": 2401, "fclass": "hotel", "name": "Hotel-Restaurant Central" }, "geometry": { "type": "Point", "coordinates": [ 7.49985, 47.4206507 ] } },
{ "type": "Feature", "properties": { "osm_id": "4974187426", "code": 2401, "fclass": "hotel", "name": "Auberge de la Gare" }, "geometry": { "type": "Point", "coordinates": [ 7.0580681, 47.2772846 ] } },
{ "type": "Feature", "properties": { "osm_id": "4975241998", "code": 2401, "fclass": "hotel", "name": "Graziella" }, "geometry": { "type": "Point", "coordinates": [ 8.4064112, 47.0284284 ] } },
{ "type": "Feature", "properties": { "osm_id": "4977482167", "code": 2401, "fclass": "hotel", "name": "Moxy Zürich" }, "geometry": { "type": "Point", "coordinates": [ 8.5006026, 47.3824496 ] } },
{ "type": "Feature", "properties": { "osm_id": "4987092811", "code": 2401, "fclass": "hotel", "name": "La Couronne" }, "geometry": { "type": "Point", "coordinates": [ 7.5385137, 47.2078934 ] } },
{ "type": "Feature", "properties": { "osm_id": "4987832221", "code": 2401, "fclass": "hotel", "name": "Hotel Ochsen" }, "geometry": { "type": "Point", "coordinates": [ 9.6355836, 47.4533786 ] } },
{ "type": "Feature", "properties": { "osm_id": "4991220812", "code": 2401, "fclass": "hotel", "name": "L’AUBERGE" }, "geometry": { "type": "Point", "coordinates": [ 7.7879525, 47.2166466 ] } },
{ "type": "Feature", "properties": { "osm_id": "4991985369", "code": 2401, "fclass": "hotel", "name": "Aparthotel Baden" }, "geometry": { "type": "Point", "coordinates": [ 8.2850996, 47.4567413 ] } },
{ "type": "Feature", "properties": { "osm_id": "4999900126", "code": 2401, "fclass": "hotel", "name": "Bühlhaus Lauenensee" }, "geometry": { "type": "Point", "coordinates": [ 7.3372429, 46.3934198 ] } },
{ "type": "Feature", "properties": { "osm_id": "5001067690", "code": 2401, "fclass": "hotel", "name": "Swiss Star" }, "geometry": { "type": "Point", "coordinates": [ 8.7047411, 47.4318132 ] } },
{ "type": "Feature", "properties": { "osm_id": "5001067692", "code": 2401, "fclass": "hotel", "name": "Hotel Rubus" }, "geometry": { "type": "Point", "coordinates": [ 8.6867764, 47.4299131 ] } },
{ "type": "Feature", "properties": { "osm_id": "5005642276", "code": 2401, "fclass": "hotel", "name": "Hotel Restaurant Post" }, "geometry": { "type": "Point", "coordinates": [ 8.055359, 46.1955109 ] } },
{ "type": "Feature", "properties": { "osm_id": "5006778255", "code": 2401, "fclass": "hotel", "name": "Crystal" }, "geometry": { "type": "Point", "coordinates": [ 7.5633798, 46.4947939 ] } },
{ "type": "Feature", "properties": { "osm_id": "5006778256", "code": 2401, "fclass": "hotel", "name": "Hotel Crea" }, "geometry": { "type": "Point", "coordinates": [ 7.5676562, 46.4981813 ] } },
{ "type": "Feature", "properties": { "osm_id": "5008490194", "code": 2401, "fclass": "hotel", "name": "Metzgern" }, "geometry": { "type": "Point", "coordinates": [ 8.2455502, 46.8957205 ] } },
{ "type": "Feature", "properties": { "osm_id": "5008490202", "code": 2401, "fclass": "hotel", "name": "Obwaldnerhof" }, "geometry": { "type": "Point", "coordinates": [ 8.2455856, 46.8950181 ] } },
{ "type": "Feature", "properties": { "osm_id": "5016417014", "code": 2401, "fclass": "hotel", "name": "Aparthotel Adagio Basel City" }, "geometry": { "type": "Point", "coordinates": [ 7.59747, 47.561754 ] } },
{ "type": "Feature", "properties": { "osm_id": "5018637061", "code": 2401, "fclass": "hotel", "name": "Manoir du Vignoble" }, "geometry": { "type": "Point", "coordinates": [ 6.9001702, 46.3115414 ] } },
{ "type": "Feature", "properties": { "osm_id": "5019596959", "code": 2401, "fclass": "hotel", "name": "Hôtel du Golf" }, "geometry": { "type": "Point", "coordinates": [ 7.0556903, 46.2946477 ] } },
{ "type": "Feature", "properties": { "osm_id": "5037707520", "code": 2401, "fclass": "hotel", "name": "Hotel Gasterntal" }, "geometry": { "type": "Point", "coordinates": [ 7.7264303, 46.4448435 ] } },
{ "type": "Feature", "properties": { "osm_id": "5037708221", "code": 2401, "fclass": "hotel", "name": "Gasthaus Steinbock" }, "geometry": { "type": "Point", "coordinates": [ 7.7247888, 46.4452833 ] } },
{ "type": "Feature", "properties": { "osm_id": "5046755780", "code": 2401, "fclass": "hotel", "name": "Bahnhof" }, "geometry": { "type": "Point", "coordinates": [ 7.8426737, 47.1141099 ] } },
{ "type": "Feature", "properties": { "osm_id": "5048908921", "code": 2401, "fclass": "hotel", "name": "Hotel Gebidem" }, "geometry": { "type": "Point", "coordinates": [ 7.9026151, 46.2584551 ] } },
{ "type": "Feature", "properties": { "osm_id": "5058147822", "code": 2401, "fclass": "hotel", "name": "Moulin" }, "geometry": { "type": "Point", "coordinates": [ 7.9355146, 46.1313026 ] } },
{ "type": "Feature", "properties": { "osm_id": "5068989532", "code": 2401, "fclass": "hotel", "name": "Eden" }, "geometry": { "type": "Point", "coordinates": [ 7.8374767, 46.1930406 ] } },
{ "type": "Feature", "properties": { "osm_id": "5072974692", "code": 2401, "fclass": "hotel", "name": "Hotel Gabbani" }, "geometry": { "type": "Point", "coordinates": [ 8.9501037, 46.0042505 ] } },
{ "type": "Feature", "properties": { "osm_id": "5087817439", "code": 2401, "fclass": "hotel", "name": "Victoria" }, "geometry": { "type": "Point", "coordinates": [ 7.5308664, 46.2575372 ] } },
{ "type": "Feature", "properties": { "osm_id": "5111856735", "code": 2401, "fclass": "hotel", "name": null }, "geometry": { "type": "Point", "coordinates": [ 8.6991398, 47.4448465 ] } },
{ "type": "Feature", "properties": { "osm_id": "5129052216", "code": 2401, "fclass": "hotel", "name": "Arkanum" }, "geometry": { "type": "Point", "coordinates": [ 7.5697651, 46.311345 ] } },
{ "type": "Feature", "properties": { "osm_id": "5135624794", "code": 2401, "fclass": "hotel", "name": "Ibis Styles" }, "geometry": { "type": "Point", "coordinates": [ 7.6019635, 47.545042 ] } },
{ "type": "Feature", "properties": { "osm_id": "5140119274", "code": 2401, "fclass": "hotel", "name": "Hotel Brasserie au Violon" }, "geometry": { "type": "Point", "coordinates": [ 7.5884165, 47.5547912 ] } },
{ "type": "Feature", "properties": { "osm_id": "5147736223", "code": 2401, "fclass": "hotel", "name": "Auberge Lago Lodge" }, "geometry": { "type": "Point", "coordinates": [ 7.4767998, 46.31097 ] } },
{ "type": "Feature", "properties": { "osm_id": "5147815625", "code": 2401, "fclass": "hotel", "name": "Central" }, "geometry": { "type": "Point", "coordinates": [ 7.4811974, 46.3123704 ] } },
{ "type": "Feature", "properties": { "osm_id": "5147815628", "code": 2401, "fclass": "hotel", "name": "Le Mayen;Amadeus;Olympic" }, "geometry": { "type": "Point", "coordinates": [ 7.4811529, 46.3116417 ] } },
{ "type": "Feature", "properties": { "osm_id": "5149433049", "code": 2401, "fclass": "hotel", "name": "Mirabeau" }, "geometry": { "type": "Point", "coordinates": [ 7.4823707, 46.3123825 ] } },
{ "type": "Feature", "properties": { "osm_id": "5160986993", "code": 2401, "fclass": "hotel", "name": "The Glacier Hotel" }, "geometry": { "type": "Point", "coordinates": [ 7.1584484, 46.3471535 ] } },
{ "type": "Feature", "properties": { "osm_id": "5160991920", "code": 2401, "fclass": "hotel", "name": "Les Sources" }, "geometry": { "type": "Point", "coordinates": [ 7.1591833, 46.3467813 ] } },
{ "type": "Feature", "properties": { "osm_id": "5162410347", "code": 2401, "fclass": "hotel", "name": "Pasta & More Bed & Breakfast" }, "geometry": { "type": "Point", "coordinates": [ 7.9209706, 46.605762 ] } },
{ "type": "Feature", "properties": { "osm_id": "5163158650", "code": 2401, "fclass": "hotel", "name": "Hotel de la Gare" }, "geometry": { "type": "Point", "coordinates": [ 6.9548231, 46.2553071 ] } },
{ "type": "Feature", "properties": { "osm_id": "5163158651", "code": 2401, "fclass": "hotel", "name": null }, "geometry": { "type": "Point", "coordinates": [ 6.9501748, 46.2454008 ] } },
{ "type": "Feature", "properties": { "osm_id": "5167302742", "code": 2401, "fclass": "hotel", "name": "Hôtel de la Gare" }, "geometry": { "type": "Point", "coordinates": [ 7.0423624, 46.4860073 ] } },
{ "type": "Feature", "properties": { "osm_id": "5169856829", "code": 2401, "fclass": "hotel", "name": "B&B Hôtel Casa Ambica" }, "geometry": { "type": "Point", "coordinates": [ 8.7488141, 46.2258387 ] } },
{ "type": "Feature", "properties": { "osm_id": "5169863251", "code": 2401, "fclass": "hotel", "name": "Gästehaus sbt" }, "geometry": { "type": "Point", "coordinates": [ 7.793279, 46.6970363 ] } },
{ "type": "Feature", "properties": { "osm_id": "5178773976", "code": 2401, "fclass": "hotel", "name": "Hotel Franz Anton" }, "geometry": { "type": "Point", "coordinates": [ 9.4317909, 47.0509893 ] } },
{ "type": "Feature", "properties": { "osm_id": "5186077450", "code": 2401, "fclass": "hotel", "name": "Schwarzwaldalp" }, "geometry": { "type": "Point", "coordinates": [ 8.1337576, 46.6757575 ] } },
{ "type": "Feature", "properties": { "osm_id": "5186077456", "code": 2401, "fclass": "hotel", "name": "Grimsel Hospiz" }, "geometry": { "type": "Point", "coordinates": [ 8.3325546, 46.5717702 ] } },
{ "type": "Feature", "properties": { "osm_id": "5187075867", "code": 2401, "fclass": "hotel", "name": "Croix d'Or" }, "geometry": { "type": "Point", "coordinates": [ 6.951921, 47.418148 ] } },
{ "type": "Feature", "properties": { "osm_id": "5190665839", "code": 2401, "fclass": "hotel", "name": "Walliserhof" }, "geometry": { "type": "Point", "coordinates": [ 7.7759963, 46.0648014 ] } },
{ "type": "Feature", "properties": { "osm_id": "5197894418", "code": 2401, "fclass": "hotel", "name": "Bahnhof" }, "geometry": { "type": "Point", "coordinates": [ 7.5540769, 47.1307153 ] } },
{ "type": "Feature", "properties": { "osm_id": "5200990864", "code": 2401, "fclass": "hotel", "name": "Berggasthaus Crest'ota" }, "geometry": { "type": "Point", "coordinates": [ 9.5605674, 46.7335247 ] } },
{ "type": "Feature", "properties": { "osm_id": "5205875864", "code": 2401, "fclass": "hotel", "name": "Hotel Kurhaus Grimmialp" }, "geometry": { "type": "Point", "coordinates": [ 7.487483, 46.573598 ] } },
{ "type": "Feature", "properties": { "osm_id": "5213685506", "code": 2401, "fclass": "hotel", "name": "Zum Schneggen" }, "geometry": { "type": "Point", "coordinates": [ 8.1831528, 47.2500078 ] } },
{ "type": "Feature", "properties": { "osm_id": "5215059972", "code": 2401, "fclass": "hotel", "name": "Der Teufelhof Basel" }, "geometry": { "type": "Point", "coordinates": [ 7.5867425, 47.5559597 ] } },
{ "type": "Feature", "properties": { "osm_id": "5227719148", "code": 2401, "fclass": "hotel", "name": "Landgasthof Zollhaus" }, "geometry": { "type": "Point", "coordinates": [ 8.203198, 46.8450543 ] } },
{ "type": "Feature", "properties": { "osm_id": "5227727099", "code": 2401, "fclass": "hotel", "name": "Gasthaus Engel" }, "geometry": { "type": "Point", "coordinates": [ 8.2390194, 46.8691534 ] } },
{ "type": "Feature", "properties": { "osm_id": "5249568305", "code": 2401, "fclass": "hotel", "name": "Hotel Restaurant Feldiserhof" }, "geometry": { "type": "Point", "coordinates": [ 9.431848, 46.793989 ] } },
{ "type": "Feature", "properties": { "osm_id": "5252924799", "code": 2401, "fclass": "hotel", "name": "Bären" }, "geometry": { "type": "Point", "coordinates": [ 8.0806883, 47.372312 ] } },
{ "type": "Feature", "properties": { "osm_id": "5257755054", "code": 2401, "fclass": "hotel", "name": "Placid Hotel" }, "geometry": { "type": "Point", "coordinates": [ 8.4922958, 47.383414 ] } },
{ "type": "Feature", "properties": { "osm_id": "5263493074", "code": 2401, "fclass": "hotel", "name": "Hotel Townhouse" }, "geometry": { "type": "Point", "coordinates": [ 8.5400087, 47.3761679 ] } },
{ "type": "Feature", "properties": { "osm_id": "5284535682", "code": 2401, "fclass": "hotel", "name": "Parkhotel Schoenegg" }, "geometry": { "type": "Point", "coordinates": [ 8.0406222, 46.6243384 ] } },
{ "type": "Feature", "properties": { "osm_id": "5291778938", "code": 2401, "fclass": "hotel", "name": "Motel One" }, "geometry": { "type": "Point", "coordinates": [ 8.5335731, 47.3694022 ] } },
{ "type": "Feature", "properties": { "osm_id": "5297662922", "code": 2401, "fclass": "hotel", "name": "Hotel GO-IN" }, "geometry": { "type": "Point", "coordinates": [ 8.0310975, 46.8220866 ] } },
{ "type": "Feature", "properties": { "osm_id": "5299316732", "code": 2401, "fclass": "hotel", "name": "Drei Berge Hotel" }, "geometry": { "type": "Point", "coordinates": [ 7.8941471, 46.5604772 ] } },
{ "type": "Feature", "properties": { "osm_id": "5301184441", "code": 2401, "fclass": "hotel", "name": "Matterhorn Golf Hotel" }, "geometry": { "type": "Point", "coordinates": [ 7.7803856, 46.0930859 ] } },
{ "type": "Feature", "properties": { "osm_id": "5301231717", "code": 2401, "fclass": "hotel", "name": "Hotel Strand" }, "geometry": { "type": "Point", "coordinates": [ 7.9630656, 46.7119622 ] } },
{ "type": "Feature", "properties": { "osm_id": "5302936552", "code": 2401, "fclass": "hotel", "name": "Franziskaner Hotel am Ochsenplatz" }, "geometry": { "type": "Point", "coordinates": [ 9.5298437, 46.8483294 ] } },
{ "type": "Feature", "properties": { "osm_id": "5303044910", "code": 2401, "fclass": "hotel", "name": "Mercure" }, "geometry": { "type": "Point", "coordinates": [ 9.5087804, 46.8469276 ] } },
{ "type": "Feature", "properties": { "osm_id": "5305219954", "code": 2401, "fclass": "hotel", "name": "Oberwaid Hotel" }, "geometry": { "type": "Point", "coordinates": [ 9.4197485, 47.4514245 ] } },
{ "type": "Feature", "properties": { "osm_id": "5309146824", "code": 2401, "fclass": "hotel", "name": "Gasthof Hecht" }, "geometry": { "type": "Point", "coordinates": [ 8.5477574, 47.4919005 ] } },
{ "type": "Feature", "properties": { "osm_id": "5312773821", "code": 2401, "fclass": "hotel", "name": "Ferm'aventure" }, "geometry": { "type": "Point", "coordinates": [ 6.6260695, 46.6791407 ] } },
{ "type": "Feature", "properties": { "osm_id": "5323597145", "code": 2401, "fclass": "hotel", "name": "Pensiun Val Tuoi" }, "geometry": { "type": "Point", "coordinates": [ 10.1527717, 46.7753147 ] } },
{ "type": "Feature", "properties": { "osm_id": "5354383619", "code": 2401, "fclass": "hotel", "name": "La Romantica" }, "geometry": { "type": "Point", "coordinates": [ 10.0784175, 46.2914333 ] } },
{ "type": "Feature", "properties": { "osm_id": "5354383620", "code": 2401, "fclass": "hotel", "name": "Albergo Posta" }, "geometry": { "type": "Point", "coordinates": [ 10.0776363, 46.2934065 ] } },
{ "type": "Feature", "properties": { "osm_id": "5354384321", "code": 2401, "fclass": "hotel", "name": "Hotel Albergo Lardi" }, "geometry": { "type": "Point", "coordinates": [ 10.0777926, 46.2922589 ] } },
{ "type": "Feature", "properties": { "osm_id": "5354384322", "code": 2401, "fclass": "hotel", "name": "Raselli - Sport Hotel" }, "geometry": { "type": "Point", "coordinates": [ 10.0779511, 46.2914081 ] } },
{ "type": "Feature", "properties": { "osm_id": "5354384340", "code": 2401, "fclass": "hotel", "name": "Le Prese" }, "geometry": { "type": "Point", "coordinates": [ 10.078665, 46.2898042 ] } },
{ "type": "Feature", "properties": { "osm_id": "5356232058", "code": 2401, "fclass": "hotel", "name": "Gabriel" }, "geometry": { "type": "Point", "coordinates": [ 10.3004792, 46.795772 ] } },
{ "type": "Feature", "properties": { "osm_id": "5356293846", "code": 2401, "fclass": "hotel", "name": "Guardaval" }, "geometry": { "type": "Point", "coordinates": [ 10.2975073, 46.797285 ] } },
{ "type": "Feature", "properties": { "osm_id": "5359167745", "code": 2401, "fclass": "hotel", "name": "Sheraton Zürich" }, "geometry": { "type": "Point", "coordinates": [ 8.5101238, 47.3907286 ] } },
{ "type": "Feature", "properties": { "osm_id": "5368547544", "code": 2401, "fclass": "hotel", "name": "Bristol" }, "geometry": { "type": "Point", "coordinates": [ 7.5588455, 46.4932894 ] } },
{ "type": "Feature", "properties": { "osm_id": "5384021324", "code": 2401, "fclass": "hotel", "name": "Primavera" }, "geometry": { "type": "Point", "coordinates": [ 7.938204, 46.128316 ] } },
{ "type": "Feature", "properties": { "osm_id": "5413064498", "code": 2401, "fclass": "hotel", "name": "Valsana" }, "geometry": { "type": "Point", "coordinates": [ 9.6842154, 46.7835256 ] } },
{ "type": "Feature", "properties": { "osm_id": "5419684822", "code": 2401, "fclass": "hotel", "name": "White Horse" }, "geometry": { "type": "Point", "coordinates": [ 7.5913959, 47.5622659 ] } },
{ "type": "Feature", "properties": { "osm_id": "5420548554", "code": 2401, "fclass": "hotel", "name": "Lai Hotel" }, "geometry": { "type": "Point", "coordinates": [ 9.5576991, 46.7242065 ] } },
{ "type": "Feature", "properties": { "osm_id": "5424997137", "code": 2401, "fclass": "hotel", "name": "B.H.M.S Campus" }, "geometry": { "type": "Point", "coordinates": [ 8.2983649, 47.0521262 ] } },
{ "type": "Feature", "properties": { "osm_id": "5426361267", "code": 2401, "fclass": "hotel", "name": "Hotel Testa Grigia" }, "geometry": { "type": "Point", "coordinates": [ 7.7472166, 46.0219587 ] } },
{ "type": "Feature", "properties": { "osm_id": "5426370364", "code": 2401, "fclass": "hotel", "name": "Eden" }, "geometry": { "type": "Point", "coordinates": [ 9.8403992, 46.4984157 ] } },
{ "type": "Feature", "properties": { "osm_id": "5437937166", "code": 2401, "fclass": "hotel", "name": "Gasthaus Tourist" }, "geometry": { "type": "Point", "coordinates": [ 8.6244402, 46.9173764 ] } },
{ "type": "Feature", "properties": { "osm_id": "5439535530", "code": 2401, "fclass": "hotel", "name": "Love Room" }, "geometry": { "type": "Point", "coordinates": [ 7.8511347, 46.6780768 ] } },
{ "type": "Feature", "properties": { "osm_id": "5439583439", "code": 2401, "fclass": "hotel", "name": "Merkur" }, "geometry": { "type": "Point", "coordinates": [ 7.8522365, 46.6833383 ] } },
{ "type": "Feature", "properties": { "osm_id": "5440101547", "code": 2401, "fclass": "hotel", "name": "Swiss Splendid" }, "geometry": { "type": "Point", "coordinates": [ 7.8555328, 46.6850486 ] } },
{ "type": "Feature", "properties": { "osm_id": "5440357106", "code": 2401, "fclass": "hotel", "name": "Bernensis" }, "geometry": { "type": "Point", "coordinates": [ 7.8661686, 46.689655 ] } },
{ "type": "Feature", "properties": { "osm_id": "5450866700", "code": 2401, "fclass": "hotel", "name": "Opera" }, "geometry": { "type": "Point", "coordinates": [ 8.5476221, 47.3642706 ] } },
{ "type": "Feature", "properties": { "osm_id": "5456480439", "code": 2401, "fclass": "hotel", "name": "Hey Hotel" }, "geometry": { "type": "Point", "coordinates": [ 7.8550598, 46.6854248 ] } },
{ "type": "Feature", "properties": { "osm_id": "5456903865", "code": 2401, "fclass": "hotel", "name": "Masson" }, "geometry": { "type": "Point", "coordinates": [ 6.9280693, 46.4208993 ] } },
{ "type": "Feature", "properties": { "osm_id": "5456903869", "code": 2401, "fclass": "hotel", "name": "Hôtel Résidence Bristol SA" }, "geometry": { "type": "Point", "coordinates": [ 6.925196, 46.4232494 ] } },
{ "type": "Feature", "properties": { "osm_id": "5456903934", "code": 2401, "fclass": "hotel", "name": "Hôtel du Grand Lac" }, "geometry": { "type": "Point", "coordinates": [ 6.9189141, 46.429598 ] } },
{ "type": "Feature", "properties": { "osm_id": "5456903935", "code": 2401, "fclass": "hotel", "name": "Golf Hôtel René Capt" }, "geometry": { "type": "Point", "coordinates": [ 6.9176012, 46.4300139 ] } },
{ "type": "Feature", "properties": { "osm_id": "5456972963", "code": 2401, "fclass": "hotel", "name": "Bon-Port" }, "geometry": { "type": "Point", "coordinates": [ 6.9140963, 46.4298125 ] } },
{ "type": "Feature", "properties": { "osm_id": "5458841101", "code": 2401, "fclass": "hotel", "name": "Villa Eden" }, "geometry": { "type": "Point", "coordinates": [ 6.9092755, 46.4305808 ] } },
{ "type": "Feature", "properties": { "osm_id": "5459371809", "code": 2401, "fclass": "hotel", "name": "Helvetie" }, "geometry": { "type": "Point", "coordinates": [ 6.9122495, 46.4305166 ] } },
{ "type": "Feature", "properties": { "osm_id": "5461735345", "code": 2401, "fclass": "hotel", "name": "La Rouvenaz" }, "geometry": { "type": "Point", "coordinates": [ 6.9104023, 46.4334902 ] } },
{ "type": "Feature", "properties": { "osm_id": "5461735347", "code": 2401, "fclass": "hotel", "name": "Parc et Lac" }, "geometry": { "type": "Point", "coordinates": [ 6.910358, 46.4335755 ] } },
{ "type": "Feature", "properties": { "osm_id": "5461817236", "code": 2401, "fclass": "hotel", "name": "Hôtel Splendid" }, "geometry": { "type": "Point", "coordinates": [ 6.9102191, 46.4343826 ] } },
{ "type": "Feature", "properties": { "osm_id": "5462489634", "code": 2401, "fclass": "hotel", "name": "Hotel Carina" }, "geometry": { "type": "Point", "coordinates": [ 7.7541276, 46.0244099 ] } },
{ "type": "Feature", "properties": { "osm_id": "5462489635", "code": 2401, "fclass": "hotel", "name": "Primavera" }, "geometry": { "type": "Point", "coordinates": [ 7.7541974, 46.0240044 ] } },
{ "type": "Feature", "properties": { "osm_id": "5462527933", "code": 2401, "fclass": "hotel", "name": "Schönegg" }, "geometry": { "type": "Point", "coordinates": [ 7.7525599, 46.021789 ] } },
{ "type": "Feature", "properties": { "osm_id": "5462527942", "code": 2401, "fclass": "hotel", "name": "Alpenroyal" }, "geometry": { "type": "Point", "coordinates": [ 7.7527981, 46.0215512 ] } },
{ "type": "Feature", "properties": { "osm_id": "5462527954", "code": 2401, "fclass": "hotel", "name": "Chalet Waidmannsheil" }, "geometry": { "type": "Point", "coordinates": [ 7.7523922, 46.021191 ] } },
{ "type": "Feature", "properties": { "osm_id": "5462560510", "code": 2401, "fclass": "hotel", "name": "Parkhotel Beau Site" }, "geometry": { "type": "Point", "coordinates": [ 7.7507251, 46.0205164 ] } },
{ "type": "Feature", "properties": { "osm_id": "5462560519", "code": 2401, "fclass": "hotel", "name": "Ambiance" }, "geometry": { "type": "Point", "coordinates": [ 7.7507207, 46.0189872 ] } },
{ "type": "Feature", "properties": { "osm_id": "5462560821", "code": 2401, "fclass": "hotel", "name": "Capricorn" }, "geometry": { "type": "Point", "coordinates": [ 7.7505089, 46.019132 ] } },
{ "type": "Feature", "properties": { "osm_id": "5462560824", "code": 2401, "fclass": "hotel", "name": "the rex" }, "geometry": { "type": "Point", "coordinates": [ 7.7495514, 46.0184745 ] } },
{ "type": "Feature", "properties": { "osm_id": "5462578418", "code": 2401, "fclass": "hotel", "name": "Hotel Antika" }, "geometry": { "type": "Point", "coordinates": [ 7.747638, 46.0190678 ] } },
{ "type": "Feature", "properties": { "osm_id": "5462578621", "code": 2401, "fclass": "hotel", "name": "Hotel Allalin" }, "geometry": { "type": "Point", "coordinates": [ 7.7475025, 46.0191432 ] } },
{ "type": "Feature", "properties": { "osm_id": "5463412908", "code": 2401, "fclass": "hotel", "name": "Annex Antika" }, "geometry": { "type": "Point", "coordinates": [ 7.7472763, 46.0186946 ] } },
{ "type": "Feature", "properties": { "osm_id": "5464205540", "code": 2401, "fclass": "hotel", "name": "Alpenlodge" }, "geometry": { "type": "Point", "coordinates": [ 7.7556531, 46.0268598 ] } },
{ "type": "Feature", "properties": { "osm_id": "5464205550", "code": 2401, "fclass": "hotel", "name": "Phoenix" }, "geometry": { "type": "Point", "coordinates": [ 7.7535373, 46.0245076 ] } },
{ "type": "Feature", "properties": { "osm_id": "5464299952", "code": 2401, "fclass": "hotel", "name": "Pauschalen" }, "geometry": { "type": "Point", "coordinates": [ 7.7544451, 46.0237237 ] } },
{ "type": "Feature", "properties": { "osm_id": "5464300000", "code": 2401, "fclass": "hotel", "name": "La Ginabelle" }, "geometry": { "type": "Point", "coordinates": [ 7.7522515, 46.0241606 ] } },
{ "type": "Feature", "properties": { "osm_id": "5464344883", "code": 2401, "fclass": "hotel", "name": "Cervo" }, "geometry": { "type": "Point", "coordinates": [ 7.7543013, 46.021937 ] } },
{ "type": "Feature", "properties": { "osm_id": "5464793539", "code": 2401, "fclass": "hotel", "name": "Hotel Bella Vista" }, "geometry": { "type": "Point", "coordinates": [ 7.7514353, 46.020812 ] } },
{ "type": "Feature", "properties": { "osm_id": "5464793563", "code": 2401, "fclass": "hotel", "name": "Basecamp" }, "geometry": { "type": "Point", "coordinates": [ 7.7505137, 46.0186081 ] } },
{ "type": "Feature", "properties": { "osm_id": "5464793581", "code": 2401, "fclass": "hotel", "name": "Jägerhof Hotel" }, "geometry": { "type": "Point", "coordinates": [ 7.7487278, 46.0169474 ] } },
{ "type": "Feature", "properties": { "osm_id": "5464793587", "code": 2401, "fclass": "hotel", "name": "Albatros" }, "geometry": { "type": "Point", "coordinates": [ 7.7483669, 46.0166161 ] } },
{ "type": "Feature", "properties": { "osm_id": "5465465991", "code": 2401, "fclass": "hotel", "name": "Seehof" }, "geometry": { "type": "Point", "coordinates": [ 9.5484083, 46.7431829 ] } },
{ "type": "Feature", "properties": { "osm_id": "5466573128", "code": 2401, "fclass": "hotel", "name": "Europe" }, "geometry": { "type": "Point", "coordinates": [ 7.7497018, 46.0179142 ] } },
{ "type": "Feature", "properties": { "osm_id": "5466573130", "code": 2401, "fclass": "hotel", "name": "Narnia" }, "geometry": { "type": "Point", "coordinates": [ 7.7492162, 46.0176081 ] } },
{ "type": "Feature", "properties": { "osm_id": "5466573142", "code": 2401, "fclass": "hotel", "name": "Adonis" }, "geometry": { "type": "Point", "coordinates": [ 7.7470699, 46.0168148 ] } },
{ "type": "Feature", "properties": { "osm_id": "5466573151", "code": 2401, "fclass": "hotel", "name": "Bristol" }, "geometry": { "type": "Point", "coordinates": [ 7.7482147, 46.0186913 ] } },
{ "type": "Feature", "properties": { "osm_id": "5466573162", "code": 2401, "fclass": "hotel", "name": "Albana Real" }, "geometry": { "type": "Point", "coordinates": [ 7.7475415, 46.0180634 ] } },
{ "type": "Feature", "properties": { "osm_id": "5466925752", "code": 2401, "fclass": "hotel", "name": "Firefly" }, "geometry": { "type": "Point", "coordinates": [ 7.7455618, 46.0169918 ] } },
{ "type": "Feature", "properties": { "osm_id": "5466926439", "code": 2401, "fclass": "hotel", "name": "Hotel Antares" }, "geometry": { "type": "Point", "coordinates": [ 7.7431803, 46.0156695 ] } },
{ "type": "Feature", "properties": { "osm_id": "5466926443", "code": 2401, "fclass": "hotel", "name": "Juliana" }, "geometry": { "type": "Point", "coordinates": [ 7.7429588, 46.0152214 ] } },
{ "type": "Feature", "properties": { "osm_id": "5466926445", "code": 2401, "fclass": "hotel", "name": "Berghof Hotel" }, "geometry": { "type": "Point", "coordinates": [ 7.7433533, 46.0147168 ] } },
{ "type": "Feature", "properties": { "osm_id": "5467397741", "code": 2401, "fclass": "hotel", "name": "Hotel Bijou" }, "geometry": { "type": "Point", "coordinates": [ 7.7431568, 46.0135585 ] } },
{ "type": "Feature", "properties": { "osm_id": "5467397751", "code": 2401, "fclass": "hotel", "name": "Mountain Paradise" }, "geometry": { "type": "Point", "coordinates": [ 7.7426362, 46.0125169 ] } },
{ "type": "Feature", "properties": { "osm_id": "5467397756", "code": 2401, "fclass": "hotel", "name": "Kronig" }, "geometry": { "type": "Point", "coordinates": [ 7.7420082, 46.0133536 ] } },
{ "type": "Feature", "properties": { "osm_id": "5467397760", "code": 2401, "fclass": "hotel", "name": "Plateau Rosa" }, "geometry": { "type": "Point", "coordinates": [ 7.741918, 46.0138836 ] } },
{ "type": "Feature", "properties": { "osm_id": "5467397761", "code": 2401, "fclass": "hotel", "name": "Zubriggen" }, "geometry": { "type": "Point", "coordinates": [ 7.7418866, 46.0144604 ] } },
{ "type": "Feature", "properties": { "osm_id": "5467465952", "code": 2401, "fclass": "hotel", "name": "Hemizeus" }, "geometry": { "type": "Point", "coordinates": [ 7.7430648, 46.0114845 ] } },
{ "type": "Feature", "properties": { "osm_id": "5475129032", "code": 2401, "fclass": "hotel", "name": "Sunstar Hotel Zermatt" }, "geometry": { "type": "Point", "coordinates": [ 7.7516697, 46.0245666 ] } },
{ "type": "Feature", "properties": { "osm_id": "5475204070", "code": 2401, "fclass": "hotel", "name": "Mirabeau" }, "geometry": { "type": "Point", "coordinates": [ 7.7501368, 46.0250985 ] } },
{ "type": "Feature", "properties": { "osm_id": "5475447364", "code": 2401, "fclass": "hotel", "name": "Solebad Arca" }, "geometry": { "type": "Point", "coordinates": [ 7.7506804, 46.0259445 ] } },
{ "type": "Feature", "properties": { "osm_id": "5475447409", "code": 2401, "fclass": "hotel", "name": "Ambassador" }, "geometry": { "type": "Point", "coordinates": [ 7.7496767, 46.0250855 ] } },
{ "type": "Feature", "properties": { "osm_id": "5475447443", "code": 2401, "fclass": "hotel", "name": "Hotel Sarazena" }, "geometry": { "type": "Point", "coordinates": [ 7.7492519, 46.0240251 ] } },
{ "type": "Feature", "properties": { "osm_id": "5475447444", "code": 2401, "fclass": "hotel", "name": "Schloss Hotel" }, "geometry": { "type": "Point", "coordinates": [ 7.7496979, 46.0240778 ] } },
{ "type": "Feature", "properties": { "osm_id": "5475488806", "code": 2401, "fclass": "hotel", "name": "Hotel Gornergrat Dorf" }, "geometry": { "type": "Point", "coordinates": [ 7.7479699, 46.0233703 ] } },
{ "type": "Feature", "properties": { "osm_id": "5475657249", "code": 2401, "fclass": "hotel", "name": "Hotel Garni CIMA" }, "geometry": { "type": "Point", "coordinates": [ 7.7501677, 46.023086 ] } },
{ "type": "Feature", "properties": { "osm_id": "5475862588", "code": 2401, "fclass": "hotel", "name": "Mont Cervin Palace" }, "geometry": { "type": "Point", "coordinates": [ 7.7470589, 46.0210313 ] } },
{ "type": "Feature", "properties": { "osm_id": "5475862602", "code": 2401, "fclass": "hotel", "name": "Backstage Boutique Hotel" }, "geometry": { "type": "Point", "coordinates": [ 7.7478391, 46.0219788 ] } },
{ "type": "Feature", "properties": { "osm_id": "5475862611", "code": 2401, "fclass": "hotel", "name": "Hotel Elite" }, "geometry": { "type": "Point", "coordinates": [ 7.7485392, 46.021402 ] } },
{ "type": "Feature", "properties": { "osm_id": "5475862618", "code": 2401, "fclass": "hotel", "name": "Atlanta" }, "geometry": { "type": "Point", "coordinates": [ 7.7481885, 46.0211569 ] } },
{ "type": "Feature", "properties": { "osm_id": "5475875357", "code": 2401, "fclass": "hotel", "name": "Excelsior" }, "geometry": { "type": "Point", "coordinates": [ 7.7488573, 46.0209423 ] } },
{ "type": "Feature", "properties": { "osm_id": "5475977256", "code": 2401, "fclass": "hotel", "name": "Matterhorn Lodge" }, "geometry": { "type": "Point", "coordinates": [ 7.7480432, 46.0203517 ] } },
{ "type": "Feature", "properties": { "osm_id": "5475977258", "code": 2401, "fclass": "hotel", "name": "Alpina" }, "geometry": { "type": "Point", "coordinates": [ 7.747607, 46.0203825 ] } },
{ "type": "Feature", "properties": { "osm_id": "5475977269", "code": 2401, "fclass": "hotel", "name": "Tannenhof" }, "geometry": { "type": "Point", "coordinates": [ 7.7471073, 46.0203682 ] } },
{ "type": "Feature", "properties": { "osm_id": "5477520046", "code": 2401, "fclass": "hotel", "name": "Unique Hotel Post" }, "geometry": { "type": "Point", "coordinates": [ 7.7466295, 46.0207236 ] } },
{ "type": "Feature", "properties": { "osm_id": "5477626365", "code": 2401, "fclass": "hotel", "name": "Hotel Beau Rivage" }, "geometry": { "type": "Point", "coordinates": [ 7.7478436, 46.018969 ] } },
{ "type": "Feature", "properties": { "osm_id": "5477626385", "code": 2401, "fclass": "hotel", "name": "Weisshorn" }, "geometry": { "type": "Point", "coordinates": [ 7.7458311, 46.0190526 ] } },
{ "type": "Feature", "properties": { "osm_id": "5478095820", "code": 2401, "fclass": "hotel", "name": "Alex" }, "geometry": { "type": "Point", "coordinates": [ 7.7471177, 46.0236181 ] } },
{ "type": "Feature", "properties": { "osm_id": "5478095971", "code": 2401, "fclass": "hotel", "name": "Simi" }, "geometry": { "type": "Point", "coordinates": [ 7.7463081, 46.0227598 ] } },
{ "type": "Feature", "properties": { "osm_id": "5478204654", "code": 2401, "fclass": "hotel", "name": "Continental" }, "geometry": { "type": "Point", "coordinates": [ 7.7468392, 46.0223492 ] } },
{ "type": "Feature", "properties": { "osm_id": "5478204655", "code": 2401, "fclass": "hotel", "name": "Alphubel" }, "geometry": { "type": "Point", "coordinates": [ 7.7465795, 46.0225091 ] } },
{ "type": "Feature", "properties": { "osm_id": "5478204689", "code": 2401, "fclass": "hotel", "name": "Pollux" }, "geometry": { "type": "Point", "coordinates": [ 7.7471468, 46.0222106 ] } },
{ "type": "Feature", "properties": { "osm_id": "5478204691", "code": 2401, "fclass": "hotel", "name": "Walliserhof" }, "geometry": { "type": "Point", "coordinates": [ 7.7469784, 46.0220078 ] } },
{ "type": "Feature", "properties": { "osm_id": "5480141212", "code": 2401, "fclass": "hotel", "name": "Romantica" }, "geometry": { "type": "Point", "coordinates": [ 7.745697, 46.0211118 ] } },
{ "type": "Feature", "properties": { "osm_id": "5480144036", "code": 2401, "fclass": "hotel", "name": "The Omnia" }, "geometry": { "type": "Point", "coordinates": [ 7.7453631, 46.0205215 ] } },
{ "type": "Feature", "properties": { "osm_id": "5480144049", "code": 2401, "fclass": "hotel", "name": "Helvetia" }, "geometry": { "type": "Point", "coordinates": [ 7.7463455, 46.0205999 ] } },
{ "type": "Feature", "properties": { "osm_id": "5480144052", "code": 2401, "fclass": "hotel", "name": "Hotel Sonne Zermatt" }, "geometry": { "type": "Point", "coordinates": [ 7.7462322, 46.0205077 ] } },
{ "type": "Feature", "properties": { "osm_id": "5480440798", "code": 2401, "fclass": "hotel", "name": "Le Petit Hotel" }, "geometry": { "type": "Point", "coordinates": [ 7.7446796, 46.0195538 ] } },
{ "type": "Feature", "properties": { "osm_id": "5484544621", "code": 2401, "fclass": "hotel", "name": "Ferienhotel Bodensee" }, "geometry": { "type": "Point", "coordinates": [ 9.0194161, 47.6746962 ] } },
{ "type": "Feature", "properties": { "osm_id": "5511248431", "code": 2401, "fclass": "hotel", "name": "Hotel Tiziana" }, "geometry": { "type": "Point", "coordinates": [ 8.767204, 46.1665239 ] } },
{ "type": "Feature", "properties": { "osm_id": "5533540619", "code": 2401, "fclass": "hotel", "name": "Hotel Soldanella" }, "geometry": { "type": "Point", "coordinates": [ 9.8366491, 46.4953645 ] } },
{ "type": "Feature", "properties": { "osm_id": "5535868990", "code": 2401, "fclass": "hotel", "name": "Fleming's" }, "geometry": { "type": "Point", "coordinates": [ 8.5334346, 47.3696334 ] } },
{ "type": "Feature", "properties": { "osm_id": "5536034940", "code": 2401, "fclass": "hotel", "name": "Baseltor" }, "geometry": { "type": "Point", "coordinates": [ 7.5393286, 47.2086202 ] } },
{ "type": "Feature", "properties": { "osm_id": "5539819609", "code": 2401, "fclass": "hotel", "name": "Hotel Steffani" }, "geometry": { "type": "Point", "coordinates": [ 9.8375778, 46.4974218 ] } },
{ "type": "Feature", "properties": { "osm_id": "5539950230", "code": 2401, "fclass": "hotel", "name": "Hotel Cafe Hauser" }, "geometry": { "type": "Point", "coordinates": [ 9.8378897, 46.4974602 ] } },
{ "type": "Feature", "properties": { "osm_id": "5539950235", "code": 2401, "fclass": "hotel", "name": "Crystal Hotel" }, "geometry": { "type": "Point", "coordinates": [ 9.838621, 46.4979441 ] } },
{ "type": "Feature", "properties": { "osm_id": "5540506723", "code": 2401, "fclass": "hotel", "name": "Hotel Languard" }, "geometry": { "type": "Point", "coordinates": [ 9.8407648, 46.4985596 ] } },
{ "type": "Feature", "properties": { "osm_id": "5567603269", "code": 2401, "fclass": "hotel", "name": "Schwert" }, "geometry": { "type": "Point", "coordinates": [ 9.0560674, 47.0639723 ] } },
{ "type": "Feature", "properties": { "osm_id": "5573551419", "code": 2401, "fclass": "hotel", "name": "Hotel Besso" }, "geometry": { "type": "Point", "coordinates": [ 8.9443567, 46.0059199 ] } },
{ "type": "Feature", "properties": { "osm_id": "5605467559", "code": 2401, "fclass": "hotel", "name": "Chalet RoyAlp Hôtel & Spa" }, "geometry": { "type": "Point", "coordinates": [ 7.0620242, 46.293149 ] } },
{ "type": "Feature", "properties": { "osm_id": "5617003154", "code": 2401, "fclass": "hotel", "name": "Hôtel-Restaurant de la Locomotive" }, "geometry": { "type": "Point", "coordinates": [ 7.0161948, 47.4980354 ] } },
{ "type": "Feature", "properties": { "osm_id": "5624512099", "code": 2401, "fclass": "hotel", "name": "Belfort" }, "geometry": { "type": "Point", "coordinates": [ 9.6439484, 46.6774609 ] } },
{ "type": "Feature", "properties": { "osm_id": "5658634792", "code": 2401, "fclass": "hotel", "name": "Bristol" }, "geometry": { "type": "Point", "coordinates": [ 8.543557, 47.3796483 ] } },
{ "type": "Feature", "properties": { "osm_id": "5682460674", "code": 2401, "fclass": "hotel", "name": "Post" }, "geometry": { "type": "Point", "coordinates": [ 9.5915492, 46.6076292 ] } },
{ "type": "Feature", "properties": { "osm_id": "5722293839", "code": 2401, "fclass": "hotel", "name": "Kerenzerberg" }, "geometry": { "type": "Point", "coordinates": [ 9.1282235, 47.1209886 ] } },
{ "type": "Feature", "properties": { "osm_id": "5743606600", "code": 2401, "fclass": "hotel", "name": "B2 Boutique Hotel + Spa Zürich" }, "geometry": { "type": "Point", "coordinates": [ 8.5244677, 47.3644259 ] } },
{ "type": "Feature", "properties": { "osm_id": "5744105430", "code": 2401, "fclass": "hotel", "name": "Ibis Budget" }, "geometry": { "type": "Point", "coordinates": [ 7.6918931, 47.5279421 ] } },
{ "type": "Feature", "properties": { "osm_id": "5745915936", "code": 2401, "fclass": "hotel", "name": "ibis Baden Neuenhof" }, "geometry": { "type": "Point", "coordinates": [ 8.3109869, 47.4540698 ] } },
{ "type": "Feature", "properties": { "osm_id": "5754309389", "code": 2401, "fclass": "hotel", "name": "Hôtel du Lac" }, "geometry": { "type": "Point", "coordinates": [ 6.1939543, 46.316967 ] } },
{ "type": "Feature", "properties": { "osm_id": "5762129820", "code": 2401, "fclass": "hotel", "name": "Bivouac Napoléon" }, "geometry": { "type": "Point", "coordinates": [ 7.210197, 45.9561872 ] } },
{ "type": "Feature", "properties": { "osm_id": "5762227674", "code": 2401, "fclass": "hotel", "name": "Bergsonne" }, "geometry": { "type": "Point", "coordinates": [ 7.8782569, 46.306851 ] } },
{ "type": "Feature", "properties": { "osm_id": "5768795961", "code": 2401, "fclass": "hotel", "name": "Bed & Bike Tremola San Gottardo" }, "geometry": { "type": "Point", "coordinates": [ 8.6092667, 46.5289106 ] } },
{ "type": "Feature", "properties": { "osm_id": "5777313399", "code": 2401, "fclass": "hotel", "name": "Rotes Haus" }, "geometry": { "type": "Point", "coordinates": [ 8.2067915, 47.4843218 ] } },
{ "type": "Feature", "properties": { "osm_id": "5777607742", "code": 2401, "fclass": "hotel", "name": "Gotthard" }, "geometry": { "type": "Point", "coordinates": [ 8.207625, 47.4808648 ] } },
{ "type": "Feature", "properties": { "osm_id": "5780597002", "code": 2401, "fclass": "hotel", "name": "Esos Hotel Quelle" }, "geometry": { "type": "Point", "coordinates": [ 9.5007758, 47.0006147 ] } },
{ "type": "Feature", "properties": { "osm_id": "5812403099", "code": 2401, "fclass": "hotel", "name": "Sternen" }, "geometry": { "type": "Point", "coordinates": [ 7.3286089, 46.7671748 ] } },
{ "type": "Feature", "properties": { "osm_id": "5818403439", "code": 2401, "fclass": "hotel", "name": "Pfändlers Gasthof zum Bären" }, "geometry": { "type": "Point", "coordinates": [ 8.24755, 47.4611766 ] } },
{ "type": "Feature", "properties": { "osm_id": "5825449442", "code": 2401, "fclass": "hotel", "name": "Bahnhof Balsthal" }, "geometry": { "type": "Point", "coordinates": [ 7.694453, 47.313546 ] } },
{ "type": "Feature", "properties": { "osm_id": "5828760303", "code": 2401, "fclass": "hotel", "name": "Hotel Balsthal" }, "geometry": { "type": "Point", "coordinates": [ 7.6956928, 47.3156082 ] } },
{ "type": "Feature", "properties": { "osm_id": "5838932287", "code": 2401, "fclass": "hotel", "name": "Du Glacier" }, "geometry": { "type": "Point", "coordinates": [ 8.1344341, 46.4032517 ] } },
{ "type": "Feature", "properties": { "osm_id": "5842060743", "code": 2401, "fclass": "hotel", "name": "Cà San Matteo B&B" }, "geometry": { "type": "Point", "coordinates": [ 8.9718222, 46.0675446 ] } },
{ "type": "Feature", "properties": { "osm_id": "5848265443", "code": 2401, "fclass": "hotel", "name": "Hôtel Château Salavaux" }, "geometry": { "type": "Point", "coordinates": [ 7.0181271, 46.9177924 ] } },
{ "type": "Feature", "properties": { "osm_id": "5873407585", "code": 2401, "fclass": "hotel", "name": "Seminar und Bildungshaus St.Wiborada" }, "geometry": { "type": "Point", "coordinates": [ 9.3826461, 47.4160808 ] } },
{ "type": "Feature", "properties": { "osm_id": "5877804122", "code": 2401, "fclass": "hotel", "name": "Albergo Santana e Ristorante" }, "geometry": { "type": "Point", "coordinates": [ 9.1276051, 46.2307792 ] } },
{ "type": "Feature", "properties": { "osm_id": "5877811108", "code": 2401, "fclass": "hotel", "name": "Grotto Zendralli" }, "geometry": { "type": "Point", "coordinates": [ 9.1281329, 46.2305183 ] } },
{ "type": "Feature", "properties": { "osm_id": "5912489624", "code": 2401, "fclass": "hotel", "name": "Hôtel-Restaurant de la Gare" }, "geometry": { "type": "Point", "coordinates": [ 7.2089276, 47.3350014 ] } },
{ "type": "Feature", "properties": { "osm_id": "5926722177", "code": 2401, "fclass": "hotel", "name": "Hotel Sonne" }, "geometry": { "type": "Point", "coordinates": [ 7.341501, 46.8177913 ] } },
{ "type": "Feature", "properties": { "osm_id": "5926794335", "code": 2401, "fclass": "hotel", "name": "Bühl" }, "geometry": { "type": "Point", "coordinates": [ 7.3440352, 46.8184273 ] } },
{ "type": "Feature", "properties": { "osm_id": "5932699054", "code": 2401, "fclass": "hotel", "name": "Unikaat am See" }, "geometry": { "type": "Point", "coordinates": [ 9.378909, 47.5559362 ] } },
{ "type": "Feature", "properties": { "osm_id": "5951998252", "code": 2401, "fclass": "hotel", "name": "Pilgerherberge Rapperswil" }, "geometry": { "type": "Point", "coordinates": [ 8.815963, 47.22619 ] } },
{ "type": "Feature", "properties": { "osm_id": "5977527357", "code": 2401, "fclass": "hotel", "name": "Mercure Hotel Zürich City" }, "geometry": { "type": "Point", "coordinates": [ 8.4844851, 47.3934723 ] } },
{ "type": "Feature", "properties": { "osm_id": "5983443567", "code": 2401, "fclass": "hotel", "name": "Piz Tambo" }, "geometry": { "type": "Point", "coordinates": [ 9.3232183, 46.5531878 ] } },
{ "type": "Feature", "properties": { "osm_id": "6019161695", "code": 2401, "fclass": "hotel", "name": "Hotel Post" }, "geometry": { "type": "Point", "coordinates": [ 9.4408779, 47.0479524 ] } },
{ "type": "Feature", "properties": { "osm_id": "6019341675", "code": 2401, "fclass": "hotel", "name": "Hotel Villmergen" }, "geometry": { "type": "Point", "coordinates": [ 8.2450367, 47.3442068 ] } },
{ "type": "Feature", "properties": { "osm_id": "6022505438", "code": 2401, "fclass": "hotel", "name": "Schloss Schadau" }, "geometry": { "type": "Point", "coordinates": [ 7.6372983, 46.7461509 ] } },
{ "type": "Feature", "properties": { "osm_id": "6042482523", "code": 2401, "fclass": "hotel", "name": "Holiday Inn Express Luzern - Kriens" }, "geometry": { "type": "Point", "coordinates": [ 8.2999016, 47.0268334 ] } },
{ "type": "Feature", "properties": { "osm_id": "6053133592", "code": 2401, "fclass": "hotel", "name": null }, "geometry": { "type": "Point", "coordinates": [ 7.5745606, 47.536682 ] } },
{ "type": "Feature", "properties": { "osm_id": "6057288137", "code": 2401, "fclass": "hotel", "name": "Hôtel des Voyageurs" }, "geometry": { "type": "Point", "coordinates": [ 6.6312944, 46.5214111 ] } },
{ "type": "Feature", "properties": { "osm_id": "6057288145", "code": 2401, "fclass": "hotel", "name": "Regina" }, "geometry": { "type": "Point", "coordinates": [ 6.631275, 46.5215735 ] } },
{ "type": "Feature", "properties": { "osm_id": "6063391323", "code": 2401, "fclass": "hotel", "name": "Albergo Baldi" }, "geometry": { "type": "Point", "coordinates": [ 8.7366094, 46.4913969 ] } },
{ "type": "Feature", "properties": { "osm_id": "6064840726", "code": 2401, "fclass": "hotel", "name": "Hotel Des Alpes" }, "geometry": { "type": "Point", "coordinates": [ 8.7771045, 46.4775791 ] } },
{ "type": "Feature", "properties": { "osm_id": "6102543760", "code": 2401, "fclass": "hotel", "name": "Fraser Suites" }, "geometry": { "type": "Point", "coordinates": [ 6.1457564, 46.2031702 ] } },
{ "type": "Feature", "properties": { "osm_id": "6109418282", "code": 2401, "fclass": "hotel", "name": "Alphorn" }, "geometry": { "type": "Point", "coordinates": [ 7.8521904, 46.6793397 ] } },
{ "type": "Feature", "properties": { "osm_id": "6109418284", "code": 2401, "fclass": "hotel", "name": "Crystal" }, "geometry": { "type": "Point", "coordinates": [ 7.8514863, 46.6798855 ] } },
{ "type": "Feature", "properties": { "osm_id": "6109588017", "code": 2401, "fclass": "hotel", "name": "Eden" }, "geometry": { "type": "Point", "coordinates": [ 7.6818152, 46.689316 ] } },
{ "type": "Feature", "properties": { "osm_id": "6112527367", "code": 2401, "fclass": "hotel", "name": "Jägerhof" }, "geometry": { "type": "Point", "coordinates": [ 7.7086553, 46.671381 ] } },
{ "type": "Feature", "properties": { "osm_id": "6128865534", "code": 2401, "fclass": "hotel", "name": "Micro Hotel" }, "geometry": { "type": "Point", "coordinates": [ 7.600998, 47.5660299 ] } },
{ "type": "Feature", "properties": { "osm_id": "6133002928", "code": 2401, "fclass": "hotel", "name": "Walliser Sonne" }, "geometry": { "type": "Point", "coordinates": [ 8.2301022, 46.4657563 ] } },
{ "type": "Feature", "properties": { "osm_id": "6135344223", "code": 2401, "fclass": "hotel", "name": "Alpina" }, "geometry": { "type": "Point", "coordinates": [ 8.3068067, 46.5071387 ] } },
{ "type": "Feature", "properties": { "osm_id": "6135344228", "code": 2401, "fclass": "hotel", "name": "Astoria" }, "geometry": { "type": "Point", "coordinates": [ 8.306293, 46.5076279 ] } },
{ "type": "Feature", "properties": { "osm_id": "6137021342", "code": 2401, "fclass": "hotel", "name": "25hours Hotel Zürich Langstrasse" }, "geometry": { "type": "Point", "coordinates": [ 8.5287088, 47.3804427 ] } },
{ "type": "Feature", "properties": { "osm_id": "6139063678", "code": 2401, "fclass": "hotel", "name": "Mühlebach" }, "geometry": { "type": "Point", "coordinates": [ 8.1544827, 46.4072107 ] } },
{ "type": "Feature", "properties": { "osm_id": "6152140932", "code": 2401, "fclass": "hotel", "name": "Parkhotel Bellevue" }, "geometry": { "type": "Point", "coordinates": [ 7.4399487, 46.4548742 ] } },
{ "type": "Feature", "properties": { "osm_id": "6152216443", "code": 2401, "fclass": "hotel", "name": "Kreuz" }, "geometry": { "type": "Point", "coordinates": [ 7.4409437, 46.457215 ] } },
{ "type": "Feature", "properties": { "osm_id": "6152216445", "code": 2401, "fclass": "hotel", "name": "Alpina" }, "geometry": { "type": "Point", "coordinates": [ 7.4384273, 46.454376 ] } },
{ "type": "Feature", "properties": { "osm_id": "6152226116", "code": 2401, "fclass": "hotel", "name": "Waldrand" }, "geometry": { "type": "Point", "coordinates": [ 7.4370182, 46.4604972 ] } },
{ "type": "Feature", "properties": { "osm_id": "6168102166", "code": 2401, "fclass": "hotel", "name": "Hotel Post" }, "geometry": { "type": "Point", "coordinates": [ 9.5324367, 46.8499141 ] } },
{ "type": "Feature", "properties": { "osm_id": "6171502578", "code": 2401, "fclass": "hotel", "name": "Walser" }, "geometry": { "type": "Point", "coordinates": [ 8.3128212, 46.5054086 ] } },
{ "type": "Feature", "properties": { "osm_id": "6172477726", "code": 2401, "fclass": "hotel", "name": "Hubertus" }, "geometry": { "type": "Point", "coordinates": [ 8.325153, 46.5118321 ] } },
{ "type": "Feature", "properties": { "osm_id": "6175372680", "code": 2401, "fclass": "hotel", "name": "Kurhotel im Park" }, "geometry": { "type": "Point", "coordinates": [ 8.1664425, 47.457598 ] } },
{ "type": "Feature", "properties": { "osm_id": "6183765768", "code": 2401, "fclass": "hotel", "name": "Landgasthof zur Linde" }, "geometry": { "type": "Point", "coordinates": [ 7.5036343, 46.8918728 ] } },
{ "type": "Feature", "properties": { "osm_id": "6189500140", "code": 2401, "fclass": "hotel", "name": "Eggishorn" }, "geometry": { "type": "Point", "coordinates": [ 8.1026594, 46.412115 ] } },
{ "type": "Feature", "properties": { "osm_id": "6218430951", "code": 2401, "fclass": "hotel", "name": "Lacotel" }, "geometry": { "type": "Point", "coordinates": [ 7.0494333, 46.8998902 ] } },
{ "type": "Feature", "properties": { "osm_id": "6219578807", "code": 2401, "fclass": "hotel", "name": "Apartementhaus Sunshine" }, "geometry": { "type": "Point", "coordinates": [ 7.9377575, 46.129407 ] } },
{ "type": "Feature", "properties": { "osm_id": "6221079467", "code": 2401, "fclass": "hotel", "name": "Christiania Mountain & SPA" }, "geometry": { "type": "Point", "coordinates": [ 7.7522573, 46.0234145 ] } },
{ "type": "Feature", "properties": { "osm_id": "6222456168", "code": 2401, "fclass": "hotel", "name": "Mülihof Aparthotel Luzern West" }, "geometry": { "type": "Point", "coordinates": [ 8.0013397, 47.1479786 ] } },
{ "type": "Feature", "properties": { "osm_id": "6231729085", "code": 2401, "fclass": "hotel", "name": "Hotel Greina" }, "geometry": { "type": "Point", "coordinates": [ 8.9597474, 46.7342229 ] } },
{ "type": "Feature", "properties": { "osm_id": "6240378575", "code": 2401, "fclass": "hotel", "name": "Mischun" }, "geometry": { "type": "Point", "coordinates": [ 9.057715, 46.7688635 ] } },
{ "type": "Feature", "properties": { "osm_id": "6251848899", "code": 2401, "fclass": "hotel", "name": "Terminus" }, "geometry": { "type": "Point", "coordinates": [ 9.7728678, 46.9143601 ] } },
{ "type": "Feature", "properties": { "osm_id": "6286669885", "code": 2401, "fclass": "hotel", "name": "Welcome Inn" }, "geometry": { "type": "Point", "coordinates": [ 8.5815998, 47.4491429 ] } },
{ "type": "Feature", "properties": { "osm_id": "6286669886", "code": 2401, "fclass": "hotel", "name": "Fly away" }, "geometry": { "type": "Point", "coordinates": [ 8.5842567, 47.4500701 ] } },
{ "type": "Feature", "properties": { "osm_id": "6314608548", "code": 2401, "fclass": "hotel", "name": "Bären" }, "geometry": { "type": "Point", "coordinates": [ 7.2672334, 46.3852403 ] } },
{ "type": "Feature", "properties": { "osm_id": "6314650075", "code": 2401, "fclass": "hotel", "name": "Viktoria" }, "geometry": { "type": "Point", "coordinates": [ 7.2674024, 46.3877639 ] } },
{ "type": "Feature", "properties": { "osm_id": "6316289213", "code": 2401, "fclass": "hotel", "name": "Sonne" }, "geometry": { "type": "Point", "coordinates": [ 9.3513193, 47.2036413 ] } },
{ "type": "Feature", "properties": { "osm_id": "6316631454", "code": 2401, "fclass": "hotel", "name": "Alphorn" }, "geometry": { "type": "Point", "coordinates": [ 7.2863804, 46.4658791 ] } },
{ "type": "Feature", "properties": { "osm_id": "6323425856", "code": 2401, "fclass": "hotel", "name": "B&B Hotel Zürich East Wallisellen" }, "geometry": { "type": "Point", "coordinates": [ 8.5919845, 47.408567 ] } },
{ "type": "Feature", "properties": { "osm_id": "6349694536", "code": 2401, "fclass": "hotel", "name": "Villa Flor" }, "geometry": { "type": "Point", "coordinates": [ 9.9787611, 46.6105041 ] } },
{ "type": "Feature", "properties": { "osm_id": "6349703095", "code": 2401, "fclass": "hotel", "name": "Sporthotel Stille" }, "geometry": { "type": "Point", "coordinates": [ 9.8459105, 46.488703 ] } },
{ "type": "Feature", "properties": { "osm_id": "6349720736", "code": 2401, "fclass": "hotel", "name": "Kempinski Residences & Suites" }, "geometry": { "type": "Point", "coordinates": [ 9.8327084, 46.4820615 ] } },
{ "type": "Feature", "properties": { "osm_id": "6349726614", "code": 2401, "fclass": "hotel", "name": "Hotelino Petit Chalet" }, "geometry": { "type": "Point", "coordinates": [ 9.8539072, 46.5121953 ] } },
{ "type": "Feature", "properties": { "osm_id": "6349733807", "code": 2401, "fclass": "hotel", "name": "Hotel-Pension Hauser" }, "geometry": { "type": "Point", "coordinates": [ 9.9086251, 46.4891171 ] } },
{ "type": "Feature", "properties": { "osm_id": "6349758676", "code": 2401, "fclass": "hotel", "name": "Weisses Kreuz" }, "geometry": { "type": "Point", "coordinates": [ 9.8709163, 46.5337072 ] } },
{ "type": "Feature", "properties": { "osm_id": "6349833331", "code": 2401, "fclass": "hotel", "name": "Hotel Privata" }, "geometry": { "type": "Point", "coordinates": [ 9.7632789, 46.4286117 ] } },
{ "type": "Feature", "properties": { "osm_id": "6349852731", "code": 2401, "fclass": "hotel", "name": "Palazzo Mÿsanus" }, "geometry": { "type": "Point", "coordinates": [ 9.8707827, 46.5339099 ] } },
{ "type": "Feature", "properties": { "osm_id": "6349860575", "code": 2401, "fclass": "hotel", "name": "Hotel Nolda" }, "geometry": { "type": "Point", "coordinates": [ 9.8328014, 46.4844602 ] } },
{ "type": "Feature", "properties": { "osm_id": "6349885411", "code": 2401, "fclass": "hotel", "name": "Hotel Cervus" }, "geometry": { "type": "Point", "coordinates": [ 9.8319153, 46.4854788 ] } },
{ "type": "Feature", "properties": { "osm_id": "6349896781", "code": 2401, "fclass": "hotel", "name": "Chesa Stüva Colani" }, "geometry": { "type": "Point", "coordinates": [ 9.9377431, 46.5861358 ] } },
{ "type": "Feature", "properties": { "osm_id": "6349897999", "code": 2401, "fclass": "hotel", "name": "Chesa Quadrella" }, "geometry": { "type": "Point", "coordinates": [ 9.9011641, 46.4948009 ] } },
{ "type": "Feature", "properties": { "osm_id": "6349905453", "code": 2401, "fclass": "hotel", "name": "Chalet Speciale" }, "geometry": { "type": "Point", "coordinates": [ 9.8566759, 46.5142585 ] } },
{ "type": "Feature", "properties": { "osm_id": "6349963309", "code": 2401, "fclass": "hotel", "name": "All In One Hotel Inn Lodge" }, "geometry": { "type": "Point", "coordinates": [ 9.8604714, 46.5094503 ] } },
{ "type": "Feature", "properties": { "osm_id": "6353712540", "code": 2401, "fclass": "hotel", "name": "Sternen" }, "geometry": { "type": "Point", "coordinates": [ 7.4435565, 46.4573395 ] } },
{ "type": "Feature", "properties": { "osm_id": "6358800599", "code": 2401, "fclass": "hotel", "name": "REKA Feriendorf Lenk" }, "geometry": { "type": "Point", "coordinates": [ 7.431854, 46.4679219 ] } },
{ "type": "Feature", "properties": { "osm_id": "6361758551", "code": 2401, "fclass": "hotel", "name": "Schweizerhof" }, "geometry": { "type": "Point", "coordinates": [ 8.792848, 47.3179843 ] } },
{ "type": "Feature", "properties": { "osm_id": "6371477212", "code": 2401, "fclass": "hotel", "name": "Zollhaus" }, "geometry": { "type": "Point", "coordinates": [ 7.4593357, 46.9483156 ] } },
{ "type": "Feature", "properties": { "osm_id": "6373913208", "code": 2401, "fclass": "hotel", "name": "Auberg'inn" }, "geometry": { "type": "Point", "coordinates": [ 6.9284905, 46.9914916 ] } },
{ "type": "Feature", "properties": { "osm_id": "6374030919", "code": 2401, "fclass": "hotel", "name": "Gasthaus Badhof" }, "geometry": { "type": "Point", "coordinates": [ 8.3564427, 47.0489567 ] } },
{ "type": "Feature", "properties": { "osm_id": "6388771240", "code": 2401, "fclass": "hotel", "name": "Elli" }, "geometry": { "type": "Point", "coordinates": [ 9.8347158, 46.800972 ] } },
{ "type": "Feature", "properties": { "osm_id": "6397135018", "code": 2401, "fclass": "hotel", "name": "Hotel Fusio" }, "geometry": { "type": "Point", "coordinates": [ 8.6630024, 46.4440124 ] } },
{ "type": "Feature", "properties": { "osm_id": "6416556172", "code": 2401, "fclass": "hotel", "name": "Gasthaus Post" }, "geometry": { "type": "Point", "coordinates": [ 9.4535961, 46.7002441 ] } },
{ "type": "Feature", "properties": { "osm_id": "6436615112", "code": 2401, "fclass": "hotel", "name": "Bahnhof Zollikofen" }, "geometry": { "type": "Point", "coordinates": [ 7.462451, 47.0021936 ] } },
{ "type": "Feature", "properties": { "osm_id": "6450267441", "code": 2401, "fclass": "hotel", "name": "San Bernadino" }, "geometry": { "type": "Point", "coordinates": [ 8.8395109, 46.1886719 ] } },
{ "type": "Feature", "properties": { "osm_id": "6465268234", "code": 2401, "fclass": "hotel", "name": "Hotel Restaurant Villa Lindenegg" }, "geometry": { "type": "Point", "coordinates": [ 7.2433366, 47.1408593 ] } },
{ "type": "Feature", "properties": { "osm_id": "6471874485", "code": 2401, "fclass": "hotel", "name": "Le Cavalier" }, "geometry": { "type": "Point", "coordinates": [ 7.3683191, 47.3894949 ] } },
{ "type": "Feature", "properties": { "osm_id": "6474670356", "code": 2401, "fclass": "hotel", "name": "HotelLa Tgoma" }, "geometry": { "type": "Point", "coordinates": [ 9.5643091, 46.6836898 ] } },
{ "type": "Feature", "properties": { "osm_id": "6493679316", "code": 2401, "fclass": "hotel", "name": "Schloss Münchenwiler" }, "geometry": { "type": "Point", "coordinates": [ 7.1269027, 46.9121351 ] } },
{ "type": "Feature", "properties": { "osm_id": "6503008886", "code": 2401, "fclass": "hotel", "name": null }, "geometry": { "type": "Point", "coordinates": [ 7.8552659, 46.6874082 ] } },
{ "type": "Feature", "properties": { "osm_id": "6515922667", "code": 2401, "fclass": "hotel", "name": "Hecht" }, "geometry": { "type": "Point", "coordinates": [ 9.5918208, 47.4647847 ] } },
{ "type": "Feature", "properties": { "osm_id": "6518583950", "code": 2401, "fclass": "hotel", "name": "Klosterhotel Kreuz" }, "geometry": { "type": "Point", "coordinates": [ 7.48903, 47.4768895 ] } },
{ "type": "Feature", "properties": { "osm_id": "6521437928", "code": 2401, "fclass": "hotel", "name": "b_smart Hotel" }, "geometry": { "type": "Point", "coordinates": [ 8.1874295, 47.2423513 ] } },
{ "type": "Feature", "properties": { "osm_id": "6544000137", "code": 2401, "fclass": "hotel", "name": "Bürgenstock Palace" }, "geometry": { "type": "Point", "coordinates": [ 8.3806273, 46.9969284 ] } },
{ "type": "Feature", "properties": { "osm_id": "6576344776", "code": 2401, "fclass": "hotel", "name": "Le Coucou" }, "geometry": { "type": "Point", "coordinates": [ 6.9456291, 46.434075 ] } },
{ "type": "Feature", "properties": { "osm_id": "6595686377", "code": 2401, "fclass": "hotel", "name": "Bären" }, "geometry": { "type": "Point", "coordinates": [ 7.1565492, 47.0946374 ] } },
{ "type": "Feature", "properties": { "osm_id": "6595885258", "code": 2401, "fclass": "hotel", "name": "Ibis Styles Geneve PalExpo Aeroport" }, "geometry": { "type": "Point", "coordinates": [ 6.116999, 46.2344993 ] } },
{ "type": "Feature", "properties": { "osm_id": "6595885259", "code": 2401, "fclass": "hotel", "name": "Ibis Budget" }, "geometry": { "type": "Point", "coordinates": [ 6.1171893, 46.2343779 ] } },
{ "type": "Feature", "properties": { "osm_id": "6597038746", "code": 2401, "fclass": "hotel", "name": "Terminus" }, "geometry": { "type": "Point", "coordinates": [ 7.2000498, 47.2198079 ] } },
{ "type": "Feature", "properties": { "osm_id": "6603815386", "code": 2401, "fclass": "hotel", "name": "Burg" }, "geometry": { "type": "Point", "coordinates": [ 8.6318945, 47.0457965 ] } },
{ "type": "Feature", "properties": { "osm_id": "6614733582", "code": 2401, "fclass": "hotel", "name": "Hotel Kettenbrücke" }, "geometry": { "type": "Point", "coordinates": [ 8.0431961, 47.394256 ] } },
{ "type": "Feature", "properties": { "osm_id": "6635063445", "code": 2401, "fclass": "hotel", "name": "The View" }, "geometry": { "type": "Point", "coordinates": [ 8.9499076, 45.9866401 ] } },
{ "type": "Feature", "properties": { "osm_id": "6637019985", "code": 2401, "fclass": "hotel", "name": "Le Relais Alpin" }, "geometry": { "type": "Point", "coordinates": [ 7.1023828, 46.3961592 ] } },
{ "type": "Feature", "properties": { "osm_id": "6654407311", "code": 2401, "fclass": "hotel", "name": "Berghaus Iffigenalp" }, "geometry": { "type": "Point", "coordinates": [ 7.4410633, 46.4001366 ] } },
{ "type": "Feature", "properties": { "osm_id": "6669593523", "code": 2401, "fclass": "hotel", "name": "Apaliving Budget Hotel" }, "geometry": { "type": "Point", "coordinates": [ 7.5952714, 47.54083 ] } },
{ "type": "Feature", "properties": { "osm_id": "6689613268", "code": 2401, "fclass": "hotel", "name": "Porta Verzasca" }, "geometry": { "type": "Point", "coordinates": [ 8.8585183, 46.1818824 ] } },
{ "type": "Feature", "properties": { "osm_id": "6709604064", "code": 2401, "fclass": "hotel", "name": "Harry's Home Zürich Wallisellen" }, "geometry": { "type": "Point", "coordinates": [ 8.6045602, 47.4050678 ] } },
{ "type": "Feature", "properties": { "osm_id": "6732396685", "code": 2401, "fclass": "hotel", "name": "Bären" }, "geometry": { "type": "Point", "coordinates": [ 9.074321, 47.0900465 ] } },
{ "type": "Feature", "properties": { "osm_id": "6749603600", "code": 2401, "fclass": "hotel", "name": "Meisser Lodge" }, "geometry": { "type": "Point", "coordinates": [ 10.1558559, 46.7763429 ] } },
{ "type": "Feature", "properties": { "osm_id": "6753795018", "code": 2401, "fclass": "hotel", "name": "Le Chemin de Fer" }, "geometry": { "type": "Point", "coordinates": [ 6.7999394, 46.668212 ] } },
{ "type": "Feature", "properties": { "osm_id": "6753971713", "code": 2401, "fclass": "hotel", "name": "Hôtel des Alpes (Les 3 frères)" }, "geometry": { "type": "Point", "coordinates": [ 6.7335141, 46.5384279 ] } },
{ "type": "Feature", "properties": { "osm_id": "6765614695", "code": 2401, "fclass": "hotel", "name": "Hôtel Rhodania" }, "geometry": { "type": "Point", "coordinates": [ 6.1436722, 46.2080607 ] } },
{ "type": "Feature", "properties": { "osm_id": "6781518303", "code": 2401, "fclass": "hotel", "name": "Hôtel-Restaurant de La Petite Gilberte" }, "geometry": { "type": "Point", "coordinates": [ 7.1241067, 47.4048014 ] } },
{ "type": "Feature", "properties": { "osm_id": "6784098772", "code": 2401, "fclass": "hotel", "name": null }, "geometry": { "type": "Point", "coordinates": [ 7.2249135, 46.2001671 ] } },
{ "type": "Feature", "properties": { "osm_id": "6786526185", "code": 2401, "fclass": "hotel", "name": null }, "geometry": { "type": "Point", "coordinates": [ 7.8917248, 46.7013753 ] } },
{ "type": "Feature", "properties": { "osm_id": "6791272487", "code": 2401, "fclass": "hotel", "name": "Seminarhotel Gerzensee" }, "geometry": { "type": "Point", "coordinates": [ 7.5477533, 46.8402157 ] } },
{ "type": "Feature", "properties": { "osm_id": "6804134148", "code": 2401, "fclass": "hotel", "name": "Chindonne" }, "geometry": { "type": "Point", "coordinates": [ 6.9521237, 46.2145136 ] } },
{ "type": "Feature", "properties": { "osm_id": "6814549071", "code": 2401, "fclass": "hotel", "name": "Reka-Ferienanlage Magadino" }, "geometry": { "type": "Point", "coordinates": [ 8.8661708, 46.1466202 ] } },
{ "type": "Feature", "properties": { "osm_id": "6815035900", "code": 2401, "fclass": "hotel", "name": "Sonnwendhof" }, "geometry": { "type": "Point", "coordinates": [ 8.3990611, 46.8190904 ] } },
{ "type": "Feature", "properties": { "osm_id": "6815035901", "code": 2401, "fclass": "hotel", "name": "Spannort Inn" }, "geometry": { "type": "Point", "coordinates": [ 8.4028326, 46.8190587 ] } },
{ "type": "Feature", "properties": { "osm_id": "6815035902", "code": 2401, "fclass": "hotel", "name": "H+ Hotel & SPA Engelberg" }, "geometry": { "type": "Point", "coordinates": [ 8.4037664, 46.820512 ] } },
{ "type": "Feature", "properties": { "osm_id": "6822550045", "code": 2401, "fclass": "hotel", "name": "Hotel Ristorante Stella" }, "geometry": { "type": "Point", "coordinates": [ 8.7940933, 46.1656181 ] } },
{ "type": "Feature", "properties": { "osm_id": "6846203478", "code": 2401, "fclass": "hotel", "name": "Säntis - das Hotel" }, "geometry": { "type": "Point", "coordinates": [ 9.3190281, 47.2564832 ] } },
{ "type": "Feature", "properties": { "osm_id": "6848698287", "code": 2401, "fclass": "hotel", "name": "Anstatthotel" }, "geometry": { "type": "Point", "coordinates": [ 8.1371123, 47.386387 ] } },
{ "type": "Feature", "properties": { "osm_id": "6856932085", "code": 2401, "fclass": "hotel", "name": "Rhy" }, "geometry": { "type": "Point", "coordinates": [ 9.5677461, 47.3312677 ] } },
{ "type": "Feature", "properties": { "osm_id": "6858697439", "code": 2401, "fclass": "hotel", "name": "Hotel de la poste" }, "geometry": { "type": "Point", "coordinates": [ 7.0759868, 46.1032443 ] } },
{ "type": "Feature", "properties": { "osm_id": "6867847256", "code": 2401, "fclass": "hotel", "name": "Schweizerhof" }, "geometry": { "type": "Point", "coordinates": [ 9.5564214, 46.9675148 ] } },
{ "type": "Feature", "properties": { "osm_id": "6870915339", "code": 2401, "fclass": "hotel", "name": "Kreuz" }, "geometry": { "type": "Point", "coordinates": [ 7.5297163, 47.2808349 ] } },
{ "type": "Feature", "properties": { "osm_id": "6872812115", "code": 2401, "fclass": "hotel", "name": "Waldhaus Grichting" }, "geometry": { "type": "Point", "coordinates": [ 7.629789, 46.3756174 ] } },
{ "type": "Feature", "properties": { "osm_id": "6899736080", "code": 2401, "fclass": "hotel", "name": "Hotel La Tureta" }, "geometry": { "type": "Point", "coordinates": [ 9.0108633, 46.1703413 ] } },
{ "type": "Feature", "properties": { "osm_id": "6900191526", "code": 2401, "fclass": "hotel", "name": "Hôtel Swiss Chocolate by Fassbind" }, "geometry": { "type": "Point", "coordinates": [ 6.6388401, 46.5209424 ] } },
{ "type": "Feature", "properties": { "osm_id": "6910356434", "code": 2401, "fclass": "hotel", "name": "caffè dell'arte boutique" }, "geometry": { "type": "Point", "coordinates": [ 8.7940844, 46.1699771 ] } },
{ "type": "Feature", "properties": { "osm_id": "6911202167", "code": 2401, "fclass": "hotel", "name": "Hotel am Kreisel" }, "geometry": { "type": "Point", "coordinates": [ 8.8615465, 47.1873008 ] } },
{ "type": "Feature", "properties": { "osm_id": "6929389203", "code": 2401, "fclass": "hotel", "name": null }, "geometry": { "type": "Point", "coordinates": [ 9.3435584, 46.8316447 ] } },
{ "type": "Feature", "properties": { "osm_id": "6981561144", "code": 2401, "fclass": "hotel", "name": "Rubus Apartments" }, "geometry": { "type": "Point", "coordinates": [ 8.6852101, 47.4241526 ] } },
{ "type": "Feature", "properties": { "osm_id": "6982716027", "code": 2401, "fclass": "hotel", "name": "Kreuzlingen Vanillaroom" }, "geometry": { "type": "Point", "coordinates": [ 9.180269, 47.6510103 ] } },
{ "type": "Feature", "properties": { "osm_id": "6984194411", "code": 2401, "fclass": "hotel", "name": "Hôtel de la Poste" }, "geometry": { "type": "Point", "coordinates": [ 7.0761137, 46.1030983 ] } },
{ "type": "Feature", "properties": { "osm_id": "7022149803", "code": 2401, "fclass": "hotel", "name": "Derby" }, "geometry": { "type": "Point", "coordinates": [ 8.1380206, 46.4013014 ] } },
{ "type": "Feature", "properties": { "osm_id": "7036721690", "code": 2401, "fclass": "hotel", "name": "Cheval Blanc" }, "geometry": { "type": "Point", "coordinates": [ 7.0569605, 46.6168971 ] } },
{ "type": "Feature", "properties": { "osm_id": "7036721691", "code": 2401, "fclass": "hotel", "name": "Hôtel des Alpes" }, "geometry": { "type": "Point", "coordinates": [ 7.0556089, 46.6176312 ] } },
{ "type": "Feature", "properties": { "osm_id": "7041546999", "code": 2401, "fclass": "hotel", "name": "Bienengarten" }, "geometry": { "type": "Point", "coordinates": [ 8.4515779, 47.481661 ] } },
{ "type": "Feature", "properties": { "osm_id": "7043797394", "code": 2401, "fclass": "hotel", "name": "Rothaus" }, "geometry": { "type": "Point", "coordinates": [ 8.5273971, 47.3793871 ] } },
{ "type": "Feature", "properties": { "osm_id": "7052550515", "code": 2401, "fclass": "hotel", "name": "Hotel zur alten Gasse" }, "geometry": { "type": "Point", "coordinates": [ 8.161823, 46.4279378 ] } },
{ "type": "Feature", "properties": { "osm_id": "7052550516", "code": 2401, "fclass": "hotel", "name": "ONYA" }, "geometry": { "type": "Point", "coordinates": [ 8.1618719, 46.4280815 ] } },
{ "type": "Feature", "properties": { "osm_id": "7052550517", "code": 2401, "fclass": "hotel", "name": "Ambassador" }, "geometry": { "type": "Point", "coordinates": [ 8.1621534, 46.4285282 ] } },
{ "type": "Feature", "properties": { "osm_id": "7056632882", "code": 2401, "fclass": "hotel", "name": "Hotel La Balance" }, "geometry": { "type": "Point", "coordinates": [ 7.2421822, 47.1369238 ] } },
{ "type": "Feature", "properties": { "osm_id": "7082466284", "code": 2401, "fclass": "hotel", "name": "Sunstar" }, "geometry": { "type": "Point", "coordinates": [ 9.9074923, 46.488446 ] } },
{ "type": "Feature", "properties": { "osm_id": "7088511239", "code": 2401, "fclass": "hotel", "name": "EastWest" }, "geometry": { "type": "Point", "coordinates": [ 6.1482154, 46.2097968 ] } },
{ "type": "Feature", "properties": { "osm_id": "7096432857", "code": 2401, "fclass": "hotel", "name": "Landhuus Frauenkirch" }, "geometry": { "type": "Point", "coordinates": [ 9.7981257, 46.7666622 ] } },
{ "type": "Feature", "properties": { "osm_id": "7120000225", "code": 2401, "fclass": "hotel", "name": "Roby" }, "geometry": { "type": "Point", "coordinates": [ 7.9373619, 46.124201 ] } },
{ "type": "Feature", "properties": { "osm_id": "7120000227", "code": 2401, "fclass": "hotel", "name": "Alpha" }, "geometry": { "type": "Point", "coordinates": [ 7.9362635, 46.1227053 ] } },
{ "type": "Feature", "properties": { "osm_id": "7120024719", "code": 2401, "fclass": "hotel", "name": "Mattmarkblick" }, "geometry": { "type": "Point", "coordinates": [ 7.9574423, 46.0936384 ] } },
{ "type": "Feature", "properties": { "osm_id": "7120096946", "code": 2401, "fclass": "hotel", "name": "Portjengrat" }, "geometry": { "type": "Point", "coordinates": [ 7.9572894, 46.0945768 ] } },
{ "type": "Feature", "properties": { "osm_id": "7120096948", "code": 2401, "fclass": "hotel", "name": "Monte-Moro" }, "geometry": { "type": "Point", "coordinates": [ 7.9577762, 46.0934347 ] } },
{ "type": "Feature", "properties": { "osm_id": "7153326605", "code": 2401, "fclass": "hotel", "name": "Auberge de la Tour" }, "geometry": { "type": "Point", "coordinates": [ 6.2047995, 46.4145975 ] } },
{ "type": "Feature", "properties": { "osm_id": "7179214900", "code": 2401, "fclass": "hotel", "name": "Bever Lodge" }, "geometry": { "type": "Point", "coordinates": [ 9.8878254, 46.5506551 ] } },
{ "type": "Feature", "properties": { "osm_id": "7188355544", "code": 2401, "fclass": "hotel", "name": "La Mora" }, "geometry": { "type": "Point", "coordinates": [ 9.9194067, 46.5776342 ] } },
{ "type": "Feature", "properties": { "osm_id": "7188355545", "code": 2401, "fclass": "hotel", "name": "Krone Säumerei am Inn" }, "geometry": { "type": "Point", "coordinates": [ 9.9260442, 46.5786296 ] } },
{ "type": "Feature", "properties": { "osm_id": "7188423018", "code": 2401, "fclass": "hotel", "name": "Twing" }, "geometry": { "type": "Point", "coordinates": [ 8.196238, 46.744987 ] } },
{ "type": "Feature", "properties": { "osm_id": "7214320057", "code": 2401, "fclass": "hotel", "name": "Agrotourismus Alp Nurdagn" }, "geometry": { "type": "Point", "coordinates": [ 9.3437433, 46.6185448 ] } },
{ "type": "Feature", "properties": { "osm_id": "7221335416", "code": 2401, "fclass": "hotel", "name": "Berghotel Leiterli" }, "geometry": { "type": "Point", "coordinates": [ 7.4091159, 46.4287664 ] } },
{ "type": "Feature", "properties": { "osm_id": "7236672764", "code": 2401, "fclass": "hotel", "name": "Meilenstein" }, "geometry": { "type": "Point", "coordinates": [ 7.7828187, 47.202509 ] } },
{ "type": "Feature", "properties": { "osm_id": "7238544099", "code": 2401, "fclass": "hotel", "name": "Randolins Familienresort" }, "geometry": { "type": "Point", "coordinates": [ 9.8115728, 46.4849482 ] } },
{ "type": "Feature", "properties": { "osm_id": "7252461331", "code": 2401, "fclass": "hotel", "name": "Berghotel Distelboden" }, "geometry": { "type": "Point", "coordinates": [ 8.2796054, 46.7708908 ] } },
{ "type": "Feature", "properties": { "osm_id": "7253437359", "code": 2401, "fclass": "hotel", "name": "Bergheimat" }, "geometry": { "type": "Point", "coordinates": [ 7.9368997, 46.1277462 ] } },
{ "type": "Feature", "properties": { "osm_id": "7253437363", "code": 2401, "fclass": "hotel", "name": "Krone" }, "geometry": { "type": "Point", "coordinates": [ 7.9366164, 46.1225232 ] } },
{ "type": "Feature", "properties": { "osm_id": "7253437365", "code": 2401, "fclass": "hotel", "name": "Touring" }, "geometry": { "type": "Point", "coordinates": [ 7.9363311, 46.1215239 ] } },
{ "type": "Feature", "properties": { "osm_id": "7253437366", "code": 2401, "fclass": "hotel", "name": "Hotel Adler" }, "geometry": { "type": "Point", "coordinates": [ 7.9408168, 46.1132461 ] } },
{ "type": "Feature", "properties": { "osm_id": "7254716689", "code": 2401, "fclass": "hotel", "name": "Hotel Restraurant Ochsen" }, "geometry": { "type": "Point", "coordinates": [ 9.5106101, 47.4483399 ] } },
{ "type": "Feature", "properties": { "osm_id": "7254763849", "code": 2401, "fclass": "hotel", "name": "Hotel Sonne" }, "geometry": { "type": "Point", "coordinates": [ 8.3412944, 47.3512911 ] } },
{ "type": "Feature", "properties": { "osm_id": "7256172885", "code": 2401, "fclass": "hotel", "name": "Grischuna" }, "geometry": { "type": "Point", "coordinates": [ 9.8825347, 46.8678439 ] } },
{ "type": "Feature", "properties": { "osm_id": "7271840769", "code": 2401, "fclass": "hotel", "name": "Olympica" }, "geometry": { "type": "Point", "coordinates": [ 7.9606478, 46.3085968 ] } },
{ "type": "Feature", "properties": { "osm_id": "7274123107", "code": 2401, "fclass": "hotel", "name": "Hotel Profis - die Zimmer" }, "geometry": { "type": "Point", "coordinates": [ 9.6528786, 47.386289 ] } },
{ "type": "Feature", "properties": { "osm_id": "7284227774", "code": 2401, "fclass": "hotel", "name": "Gasthaus zum Ochsen" }, "geometry": { "type": "Point", "coordinates": [ 9.2999887, 47.5458295 ] } },
{ "type": "Feature", "properties": { "osm_id": "7284992708", "code": 2401, "fclass": "hotel", "name": "Greuterhof" }, "geometry": { "type": "Point", "coordinates": [ 8.8400263, 47.5445194 ] } },
{ "type": "Feature", "properties": { "osm_id": "7372954583", "code": 2401, "fclass": "hotel", "name": "Restaurant-Hotel Hirschen" }, "geometry": { "type": "Point", "coordinates": [ 8.0063451, 47.4071474 ] } },
{ "type": "Feature", "properties": { "osm_id": "7406135651", "code": 2401, "fclass": "hotel", "name": "prizeotel Bern-City" }, "geometry": { "type": "Point", "coordinates": [ 7.4576207, 46.953323 ] } },
{ "type": "Feature", "properties": { "osm_id": "7438645860", "code": 2401, "fclass": "hotel", "name": "Thorenberg" }, "geometry": { "type": "Point", "coordinates": [ 8.2505251, 47.0527614 ] } },
{ "type": "Feature", "properties": { "osm_id": "7473273885", "code": 2401, "fclass": "hotel", "name": "Schlosshotel Leuk" }, "geometry": { "type": "Point", "coordinates": [ 7.6359191, 46.3157673 ] } },
{ "type": "Feature", "properties": { "osm_id": "7498192132", "code": 2401, "fclass": "hotel", "name": "Holiday Inn Express" }, "geometry": { "type": "Point", "coordinates": [ 7.9140347, 47.3121768 ] } },
{ "type": "Feature", "properties": { "osm_id": "7503482888", "code": 2401, "fclass": "hotel", "name": "Kränzlin" }, "geometry": { "type": "Point", "coordinates": [ 9.3744551, 47.4260916 ] } },
{ "type": "Feature", "properties": { "osm_id": "7610524061", "code": 2401, "fclass": "hotel", "name": "Schlosshotel Brunnegg" }, "geometry": { "type": "Point", "coordinates": [ 9.1520238, 47.6468993 ] } },
{ "type": "Feature", "properties": { "osm_id": "7610559121", "code": 2401, "fclass": "hotel", "name": "Château de Vaumarcus SA" }, "geometry": { "type": "Point", "coordinates": [ 6.7557341, 46.8792923 ] } },
{ "type": "Feature", "properties": { "osm_id": "7619975854", "code": 2401, "fclass": "hotel", "name": "Hôtel des Trois Rois" }, "geometry": { "type": "Point", "coordinates": [ 6.7469809, 47.0566411 ] } },
{ "type": "Feature", "properties": { "osm_id": "7620868266", "code": 2401, "fclass": "hotel", "name": "Schlössli Sax" }, "geometry": { "type": "Point", "coordinates": [ 9.4564964, 47.2308483 ] } },
{ "type": "Feature", "properties": { "osm_id": "7626975690", "code": 2401, "fclass": "hotel", "name": "Matterhorn-Inn" }, "geometry": { "type": "Point", "coordinates": [ 7.7759821, 46.0671697 ] } },
{ "type": "Feature", "properties": { "osm_id": "7632693411", "code": 2401, "fclass": "hotel", "name": "My Home Hotel" }, "geometry": { "type": "Point", "coordinates": [ 8.7029773, 47.4895032 ] } },
{ "type": "Feature", "properties": { "osm_id": "7632968958", "code": 2401, "fclass": "hotel", "name": "Morteratsch" }, "geometry": { "type": "Point", "coordinates": [ 9.9408342, 46.4510267 ] } },
{ "type": "Feature", "properties": { "osm_id": "7645551224", "code": 2401, "fclass": "hotel", "name": "Moxy Bern Expo" }, "geometry": { "type": "Point", "coordinates": [ 7.4646584, 46.968285 ] } },
{ "type": "Feature", "properties": { "osm_id": "7647574656", "code": 2401, "fclass": "hotel", "name": "Krone" }, "geometry": { "type": "Point", "coordinates": [ 8.4390116, 47.4827519 ] } },
{ "type": "Feature", "properties": { "osm_id": "7680731983", "code": 2401, "fclass": "hotel", "name": "Bären" }, "geometry": { "type": "Point", "coordinates": [ 9.055141, 47.0637142 ] } },
{ "type": "Feature", "properties": { "osm_id": "7716141285", "code": 2401, "fclass": "hotel", "name": "Gasslihof" }, "geometry": { "type": "Point", "coordinates": [ 9.2765749, 46.6317082 ] } },
{ "type": "Feature", "properties": { "osm_id": "7719486210", "code": 2401, "fclass": "hotel", "name": "Green Marmot" }, "geometry": { "type": "Point", "coordinates": [ 8.5443686, 47.3691333 ] } },
{ "type": "Feature", "properties": { "osm_id": "7728359024", "code": 2401, "fclass": "hotel", "name": "Osteria di Bordei" }, "geometry": { "type": "Point", "coordinates": [ 8.6457488, 46.1482827 ] } },
{ "type": "Feature", "properties": { "osm_id": "7741099107", "code": 2401, "fclass": "hotel", "name": "Adler" }, "geometry": { "type": "Point", "coordinates": [ 9.0013057, 46.9218729 ] } },
{ "type": "Feature", "properties": { "osm_id": "7741450117", "code": 2401, "fclass": "hotel", "name": "La Pointe de Zinal" }, "geometry": { "type": "Point", "coordinates": [ 7.6256723, 46.1367221 ] } },
{ "type": "Feature", "properties": { "osm_id": "7743680474", "code": 2401, "fclass": "hotel", "name": "Grand Chalet Favre" }, "geometry": { "type": "Point", "coordinates": [ 7.5969497, 46.220109 ] } },
{ "type": "Feature", "properties": { "osm_id": "7751935986", "code": 2401, "fclass": "hotel", "name": "Seehotel Baumgarten" }, "geometry": { "type": "Point", "coordinates": [ 8.3647344, 46.9979474 ] } },
{ "type": "Feature", "properties": { "osm_id": "7755811745", "code": 2401, "fclass": "hotel", "name": "Bodenhaus" }, "geometry": { "type": "Point", "coordinates": [ 9.3241813, 46.5535227 ] } },
{ "type": "Feature", "properties": { "osm_id": "7761067560", "code": 2401, "fclass": "hotel", "name": "Hotel von Rotz" }, "geometry": { "type": "Point", "coordinates": [ 9.0287206, 47.4676605 ] } },
{ "type": "Feature", "properties": { "osm_id": "7770673144", "code": 2401, "fclass": "hotel", "name": "Hotel Palais Bad Ragaz" }, "geometry": { "type": "Point", "coordinates": [ 9.5020295, 47.0003228 ] } },
{ "type": "Feature", "properties": { "osm_id": "7772564594", "code": 2401, "fclass": "hotel", "name": "Hotel" }, "geometry": { "type": "Point", "coordinates": [ 7.5782558, 46.3094655 ] } },
{ "type": "Feature", "properties": { "osm_id": "7778274445", "code": 2401, "fclass": "hotel", "name": "Le Petit Relais" }, "geometry": { "type": "Point", "coordinates": [ 7.3172495, 46.5178136 ] } },
{ "type": "Feature", "properties": { "osm_id": "7790694972", "code": 2401, "fclass": "hotel", "name": "BerglandHof Hotel" }, "geometry": { "type": "Point", "coordinates": [ 8.1454789, 46.4005495 ] } },
{ "type": "Feature", "properties": { "osm_id": "7792137001", "code": 2401, "fclass": "hotel", "name": "Bahnhöfli" }, "geometry": { "type": "Point", "coordinates": [ 8.4352746, 47.0831277 ] } },
{ "type": "Feature", "properties": { "osm_id": "7810200917", "code": 2401, "fclass": "hotel", "name": "Bloom" }, "geometry": { "type": "Point", "coordinates": [ 7.598358, 47.5644961 ] } },
{ "type": "Feature", "properties": { "osm_id": "7813175404", "code": 2401, "fclass": "hotel", "name": "Au cavalier" }, "geometry": { "type": "Point", "coordinates": [ 6.2602822, 46.5138045 ] } },
{ "type": "Feature", "properties": { "osm_id": "7834190875", "code": 2401, "fclass": "hotel", "name": "Hotel Bodensee-Arena" }, "geometry": { "type": "Point", "coordinates": [ 9.1803296, 47.6549275 ] } },
{ "type": "Feature", "properties": { "osm_id": "7843545886", "code": 2401, "fclass": "hotel", "name": "Riversong Centre Thermal" }, "geometry": { "type": "Point", "coordinates": [ 7.0953547, 46.2550735 ] } },
{ "type": "Feature", "properties": { "osm_id": "7856810039", "code": 2401, "fclass": "hotel", "name": "Kreuz" }, "geometry": { "type": "Point", "coordinates": [ 7.7702254, 46.6544983 ] } },
{ "type": "Feature", "properties": { "osm_id": "7858576209", "code": 2401, "fclass": "hotel", "name": "Hotel Paradies" }, "geometry": { "type": "Point", "coordinates": [ 10.2393698, 46.78632 ] } },
{ "type": "Feature", "properties": { "osm_id": "7890269869", "code": 2401, "fclass": "hotel", "name": "Landhus Almens" }, "geometry": { "type": "Point", "coordinates": [ 9.4555291, 46.7379071 ] } },
{ "type": "Feature", "properties": { "osm_id": "7899893328", "code": 2401, "fclass": "hotel", "name": "Schlosshotel Rued" }, "geometry": { "type": "Point", "coordinates": [ 8.0891505, 47.2927811 ] } },
{ "type": "Feature", "properties": { "osm_id": "7900139607", "code": 2401, "fclass": "hotel", "name": "Hotel Bären" }, "geometry": { "type": "Point", "coordinates": [ 8.1619194, 47.5477441 ] } },
{ "type": "Feature", "properties": { "osm_id": "7902410994", "code": 2401, "fclass": "hotel", "name": "Alpenhof Bed and Breakfast" }, "geometry": { "type": "Point", "coordinates": [ 7.9015318, 46.5435528 ] } },
{ "type": "Feature", "properties": { "osm_id": "7935296329", "code": 2401, "fclass": "hotel", "name": "Belvédère" }, "geometry": { "type": "Point", "coordinates": [ 7.6895283, 46.6851859 ] } },
{ "type": "Feature", "properties": { "osm_id": "7944437455", "code": 2401, "fclass": "hotel", "name": "Krone" }, "geometry": { "type": "Point", "coordinates": [ 8.5883264, 46.6668168 ] } },
{ "type": "Feature", "properties": { "osm_id": "7981392133", "code": 2401, "fclass": "hotel", "name": "La Rocca" }, "geometry": { "type": "Point", "coordinates": [ 8.7249336, 46.1402128 ] } },
{ "type": "Feature", "properties": { "osm_id": "8001035062", "code": 2401, "fclass": "hotel", "name": "Kreuz" }, "geometry": { "type": "Point", "coordinates": [ 7.4407661, 46.4572099 ] } },
{ "type": "Feature", "properties": { "osm_id": "8010354440", "code": 2401, "fclass": "hotel", "name": "Aarauerhof" }, "geometry": { "type": "Point", "coordinates": [ 8.0504059, 47.3916915 ] } },
{ "type": "Feature", "properties": { "osm_id": "8011299900", "code": 2401, "fclass": "hotel", "name": "Hôtel du Stand" }, "geometry": { "type": "Point", "coordinates": [ 7.069083, 46.0967049 ] } },
{ "type": "Feature", "properties": { "osm_id": "8044713108", "code": 2401, "fclass": "hotel", "name": null }, "geometry": { "type": "Point", "coordinates": [ 7.1181323, 46.9645371 ] } },
{ "type": "Feature", "properties": { "osm_id": "8059059303", "code": 2401, "fclass": "hotel", "name": "ART HOUSE Basel" }, "geometry": { "type": "Point", "coordinates": [ 7.5880171, 47.5523992 ] } },
{ "type": "Feature", "properties": { "osm_id": "8060081367", "code": 2401, "fclass": "hotel", "name": "Auberge des Vergers" }, "geometry": { "type": "Point", "coordinates": [ 6.0719561, 46.2322165 ] } },
{ "type": "Feature", "properties": { "osm_id": "8062725996", "code": 2401, "fclass": "hotel", "name": "b_motel" }, "geometry": { "type": "Point", "coordinates": [ 7.5892698, 47.5484013 ] } },
{ "type": "Feature", "properties": { "osm_id": "8062725997", "code": 2401, "fclass": "hotel", "name": "City Inn" }, "geometry": { "type": "Point", "coordinates": [ 7.5893889, 47.5486818 ] } },
{ "type": "Feature", "properties": { "osm_id": "8077665595", "code": 2401, "fclass": "hotel", "name": "Panorama" }, "geometry": { "type": "Point", "coordinates": [ 7.7014602, 46.7197171 ] } },
{ "type": "Feature", "properties": { "osm_id": "8119399087", "code": 2401, "fclass": "hotel", "name": "Unione" }, "geometry": { "type": "Point", "coordinates": [ 8.7456935, 46.2274805 ] } },
{ "type": "Feature", "properties": { "osm_id": "8124041726", "code": 2401, "fclass": "hotel", "name": "Le Major Davel" }, "geometry": { "type": "Point", "coordinates": [ 6.7314354, 46.4879076 ] } },
{ "type": "Feature", "properties": { "osm_id": "8124124620", "code": 2401, "fclass": "hotel", "name": "Montpelier" }, "geometry": { "type": "Point", "coordinates": [ 7.2195873, 46.0974551 ] } },
{ "type": "Feature", "properties": { "osm_id": "8129603181", "code": 2401, "fclass": "hotel", "name": "B&B Hotel" }, "geometry": { "type": "Point", "coordinates": [ 7.5939346, 47.589615 ] } },
{ "type": "Feature", "properties": { "osm_id": "8143486541", "code": 2401, "fclass": "hotel", "name": "Gasthaus Elmer" }, "geometry": { "type": "Point", "coordinates": [ 9.1712605, 46.9578151 ] } },
{ "type": "Feature", "properties": { "osm_id": "8155090735", "code": 2401, "fclass": "hotel", "name": "Gasthof Enge" }, "geometry": { "type": "Point", "coordinates": [ 7.546957, 47.195985 ] } },
{ "type": "Feature", "properties": { "osm_id": "8194791906", "code": 2401, "fclass": "hotel", "name": "APARTHOTEL Familie Hugenschmidt" }, "geometry": { "type": "Point", "coordinates": [ 8.5572778, 47.3554368 ] } },
{ "type": "Feature", "properties": { "osm_id": "8252518622", "code": 2401, "fclass": "hotel", "name": "The Hide" }, "geometry": { "type": "Point", "coordinates": [ 9.2824627, 46.8331175 ] } },
{ "type": "Feature", "properties": { "osm_id": "8254913696", "code": 2401, "fclass": "hotel", "name": "Ferienwohnungen Arizona" }, "geometry": { "type": "Point", "coordinates": [ 7.9561884, 46.0967756 ] } },
{ "type": "Feature", "properties": { "osm_id": "8274669084", "code": 2401, "fclass": "hotel", "name": "Berghaus Nagens" }, "geometry": { "type": "Point", "coordinates": [ 9.233992, 46.8619911 ] } },
{ "type": "Feature", "properties": { "osm_id": "8296723193", "code": 2401, "fclass": "hotel", "name": "54 Hochgenuss" }, "geometry": { "type": "Point", "coordinates": [ 8.6448009, 46.8566536 ] } },
{ "type": "Feature", "properties": { "osm_id": "8303750030", "code": 2401, "fclass": "hotel", "name": "Weisshorn" }, "geometry": { "type": "Point", "coordinates": [ 8.2215265, 46.4567655 ] } },
{ "type": "Feature", "properties": { "osm_id": "8304548657", "code": 2401, "fclass": "hotel", "name": "Hotel Rössli" }, "geometry": { "type": "Point", "coordinates": [ 7.5361906, 47.5506747 ] } },
{ "type": "Feature", "properties": { "osm_id": "8347538647", "code": 2401, "fclass": "hotel", "name": "b-smart Motel" }, "geometry": { "type": "Point", "coordinates": [ 9.4935318, 47.1247262 ] } },
{ "type": "Feature", "properties": { "osm_id": "8364526811", "code": 2401, "fclass": "hotel", "name": "Dorfhus Gupf" }, "geometry": { "type": "Point", "coordinates": [ 9.4824995, 47.4267173 ] } },
{ "type": "Feature", "properties": { "osm_id": "8443380837", "code": 2401, "fclass": "hotel", "name": "Palazzo Miralago" }, "geometry": { "type": "Point", "coordinates": [ 8.7648987, 46.1560463 ] } },
{ "type": "Feature", "properties": { "osm_id": "8463318828", "code": 2401, "fclass": "hotel", "name": "Hotel-Restaurant Madrisajoch" }, "geometry": { "type": "Point", "coordinates": [ 9.8141398, 46.9696399 ] } },
{ "type": "Feature", "properties": { "osm_id": "8467730717", "code": 2401, "fclass": "hotel", "name": "Fontana" }, "geometry": { "type": "Point", "coordinates": [ 7.1546703, 47.0935704 ] } },
{ "type": "Feature", "properties": { "osm_id": "8491638508", "code": 2401, "fclass": "hotel", "name": "Laagers" }, "geometry": { "type": "Point", "coordinates": [ 9.8728166, 46.5358532 ] } },
{ "type": "Feature", "properties": { "osm_id": "8494535842", "code": 2401, "fclass": "hotel", "name": "Hotel Restorant Central" }, "geometry": { "type": "Point", "coordinates": [ 9.8694474, 46.532976 ] } },
{ "type": "Feature", "properties": { "osm_id": "8516056420", "code": 2401, "fclass": "hotel", "name": "Moxy Lausanne City" }, "geometry": { "type": "Point", "coordinates": [ 6.6250776, 46.5220529 ] } },
{ "type": "Feature", "properties": { "osm_id": "8524711992", "code": 2401, "fclass": "hotel", "name": "Elite" }, "geometry": { "type": "Point", "coordinates": [ 6.6313584, 46.5182301 ] } },
{ "type": "Feature", "properties": { "osm_id": "8524794765", "code": 2401, "fclass": "hotel", "name": "Lausanne Palace" }, "geometry": { "type": "Point", "coordinates": [ 6.6309165, 46.5195586 ] } },
{ "type": "Feature", "properties": { "osm_id": "8585826717", "code": 2401, "fclass": "hotel", "name": "Culinarium Alpinum" }, "geometry": { "type": "Point", "coordinates": [ 8.3693747, 46.9554421 ] } },
{ "type": "Feature", "properties": { "osm_id": "8589602010", "code": 2401, "fclass": "hotel", "name": "Gasthaus zum Salmen" }, "geometry": { "type": "Point", "coordinates": [ 8.6037387, 47.6473967 ] } },
{ "type": "Feature", "properties": { "osm_id": "8607233055", "code": 2401, "fclass": "hotel", "name": "Transit Hotel & Dayrooms" }, "geometry": { "type": "Point", "coordinates": [ 8.5601844, 47.4505622 ] } },
{ "type": "Feature", "properties": { "osm_id": "8621647084", "code": 2401, "fclass": "hotel", "name": "Hotel 2B" }, "geometry": { "type": "Point", "coordinates": [ 8.6361164, 47.6956266 ] } },
{ "type": "Feature", "properties": { "osm_id": "8635351512", "code": 2401, "fclass": "hotel", "name": "Jägerheim" }, "geometry": { "type": "Point", "coordinates": [ 8.1477465, 46.3819274 ] } },
{ "type": "Feature", "properties": { "osm_id": "8661968472", "code": 2401, "fclass": "hotel", "name": "Hotel IDEA" }, "geometry": { "type": "Point", "coordinates": [ 8.3737942, 47.4197136 ] } },
{ "type": "Feature", "properties": { "osm_id": "8662891539", "code": 2401, "fclass": "hotel", "name": "Hotel-Landgasthof Bären" }, "geometry": { "type": "Point", "coordinates": [ 7.8644521, 46.7268387 ] } },
{ "type": "Feature", "properties": { "osm_id": "8691080734", "code": 2401, "fclass": "hotel", "name": "Weisses Kreuz" }, "geometry": { "type": "Point", "coordinates": [ 7.3054237, 47.0729192 ] } },
{ "type": "Feature", "properties": { "osm_id": "8693488447", "code": 2401, "fclass": "hotel", "name": "Ristorante alpino" }, "geometry": { "type": "Point", "coordinates": [ 8.7871302, 46.3503129 ] } },
{ "type": "Feature", "properties": { "osm_id": "8705139415", "code": 2401, "fclass": "hotel", "name": "Spatz" }, "geometry": { "type": "Point", "coordinates": [ 7.3045373, 47.0768004 ] } },
{ "type": "Feature", "properties": { "osm_id": "8710504698", "code": 2401, "fclass": "hotel", "name": "Centurion Towerhotel" }, "geometry": { "type": "Point", "coordinates": [ 8.2117192, 47.4802422 ] } },
{ "type": "Feature", "properties": { "osm_id": "8728823922", "code": 2401, "fclass": "hotel", "name": "Ronalp" }, "geometry": { "type": "Point", "coordinates": [ 7.8232636, 46.2779109 ] } },
{ "type": "Feature", "properties": { "osm_id": "8757948137", "code": 2401, "fclass": "hotel", "name": "Reka-Feriendorf Bergün" }, "geometry": { "type": "Point", "coordinates": [ 9.7425391, 46.6299346 ] } },
{ "type": "Feature", "properties": { "osm_id": "8785304868", "code": 2401, "fclass": "hotel", "name": "Hôtel de l'Ours Bellelay" }, "geometry": { "type": "Point", "coordinates": [ 7.1669202, 47.2627417 ] } },
{ "type": "Feature", "properties": { "osm_id": "8796532632", "code": 2401, "fclass": "hotel", "name": "Locanda Orelli" }, "geometry": { "type": "Point", "coordinates": [ 8.5121939, 46.5061113 ] } },
{ "type": "Feature", "properties": { "osm_id": "8803231436", "code": 2401, "fclass": "hotel", "name": "Hôtel Aux Remparts" }, "geometry": { "type": "Point", "coordinates": [ 7.1570954, 46.8117672 ] } },
{ "type": "Feature", "properties": { "osm_id": "8836605517", "code": 2401, "fclass": "hotel", "name": null }, "geometry": { "type": "Point", "coordinates": [ 8.3088929, 47.0604575 ] } },
{ "type": "Feature", "properties": { "osm_id": "8891727607", "code": 2401, "fclass": "hotel", "name": "Hotel Garni Golf" }, "geometry": { "type": "Point", "coordinates": [ 8.7683166, 46.15453 ] } },
{ "type": "Feature", "properties": { "osm_id": "8909422622", "code": 2401, "fclass": "hotel", "name": "Gasthaus zum Löwen" }, "geometry": { "type": "Point", "coordinates": [ 8.6656265, 47.5272978 ] } },
{ "type": "Feature", "properties": { "osm_id": "8911756247", "code": 2401, "fclass": "hotel", "name": "Berggasthaus Heimritz" }, "geometry": { "type": "Point", "coordinates": [ 7.7391997, 46.4453989 ] } },
{ "type": "Feature", "properties": { "osm_id": "8914825654", "code": 2401, "fclass": "hotel", "name": "Hine Adon" }, "geometry": { "type": "Point", "coordinates": [ 7.160263, 46.8066813 ] } },
{ "type": "Feature", "properties": { "osm_id": "8919382772", "code": 2401, "fclass": "hotel", "name": "Boutique Hotel Josef" }, "geometry": { "type": "Point", "coordinates": [ 8.5341423, 47.3806452 ] } },
{ "type": "Feature", "properties": { "osm_id": "8931054688", "code": 2401, "fclass": "hotel", "name": "Le Mazot" }, "geometry": { "type": "Point", "coordinates": [ 7.7491508, 46.0208794 ] } },
{ "type": "Feature", "properties": { "osm_id": "8940573617", "code": 2401, "fclass": "hotel", "name": null }, "geometry": { "type": "Point", "coordinates": [ 8.5067635, 47.5052116 ] } },
{ "type": "Feature", "properties": { "osm_id": "8958404362", "code": 2401, "fclass": "hotel", "name": "Les Naturelles" }, "geometry": { "type": "Point", "coordinates": [ 7.6282196, 46.3727157 ] } },
{ "type": "Feature", "properties": { "osm_id": "8980836540", "code": 2401, "fclass": "hotel", "name": "Crêt Bérard" }, "geometry": { "type": "Point", "coordinates": [ 6.7795278, 46.4939988 ] } },
{ "type": "Feature", "properties": { "osm_id": "9005081579", "code": 2401, "fclass": "hotel", "name": "Studentenhaus Justinus" }, "geometry": { "type": "Point", "coordinates": [ 8.5539875, 47.3871818 ] } },
{ "type": "Feature", "properties": { "osm_id": "9007642453", "code": 2401, "fclass": "hotel", "name": "Bären" }, "geometry": { "type": "Point", "coordinates": [ 7.6596216, 47.2623693 ] } },
{ "type": "Feature", "properties": { "osm_id": "9007958318", "code": 2401, "fclass": "hotel", "name": "Märthof" }, "geometry": { "type": "Point", "coordinates": [ 7.5874026, 47.5588241 ] } },
{ "type": "Feature", "properties": { "osm_id": "9011157708", "code": 2401, "fclass": "hotel", "name": "Hotel Corona" }, "geometry": { "type": "Point", "coordinates": [ 8.7917386, 46.1692983 ] } },
{ "type": "Feature", "properties": { "osm_id": "9014811435", "code": 2401, "fclass": "hotel", "name": "Hotel Fletschhorn" }, "geometry": { "type": "Point", "coordinates": [ 8.058066, 46.1946275 ] } },
{ "type": "Feature", "properties": { "osm_id": "9055912216", "code": 2401, "fclass": "hotel", "name": "Hotel du Pas de Cheville" }, "geometry": { "type": "Point", "coordinates": [ 7.3123691, 46.2270221 ] } },
{ "type": "Feature", "properties": { "osm_id": "9056165341", "code": 2401, "fclass": "hotel", "name": "Familiehotel La Randulina" }, "geometry": { "type": "Point", "coordinates": [ 10.3834708, 46.8352519 ] } },
{ "type": "Feature", "properties": { "osm_id": "9064606717", "code": 2401, "fclass": "hotel", "name": "Berglodge Goms" }, "geometry": { "type": "Point", "coordinates": [ 8.2681169, 46.4857207 ] } },
{ "type": "Feature", "properties": { "osm_id": "9076559000", "code": 2401, "fclass": "hotel", "name": "Au Parc" }, "geometry": { "type": "Point", "coordinates": [ 7.1391857, 46.800606 ] } },
{ "type": "Feature", "properties": { "osm_id": "9082249268", "code": 2401, "fclass": "hotel", "name": "zum Beck" }, "geometry": { "type": "Point", "coordinates": [ 8.3379245, 46.9791502 ] } },
{ "type": "Feature", "properties": { "osm_id": "9082349911", "code": 2401, "fclass": "hotel", "name": "Los Lorentes" }, "geometry": { "type": "Point", "coordinates": [ 7.0569304, 46.6167102 ] } },
{ "type": "Feature", "properties": { "osm_id": "9084176572", "code": 2401, "fclass": "hotel", "name": "La Cascata" }, "geometry": { "type": "Point", "coordinates": [ 9.1269549, 46.3639755 ] } },
{ "type": "Feature", "properties": { "osm_id": "9084822014", "code": 2401, "fclass": "hotel", "name": "Schloss Schauenstein" }, "geometry": { "type": "Point", "coordinates": [ 9.4462483, 46.721245 ] } },
{ "type": "Feature", "properties": { "osm_id": "9087849912", "code": 2401, "fclass": "hotel", "name": "Hôtel N’vY" }, "geometry": { "type": "Point", "coordinates": [ 6.1486633, 46.2154216 ] } },
{ "type": "Feature", "properties": { "osm_id": "9108429651", "code": 2401, "fclass": "hotel", "name": "Vigata" }, "geometry": { "type": "Point", "coordinates": [ 6.6546187, 46.778302 ] } },
{ "type": "Feature", "properties": { "osm_id": "9113094287", "code": 2401, "fclass": "hotel", "name": "Hotel Vatel" }, "geometry": { "type": "Point", "coordinates": [ 7.0848692, 46.1094478 ] } },
{ "type": "Feature", "properties": { "osm_id": "9119655823", "code": 2401, "fclass": "hotel", "name": "Les Rangs" }, "geometry": { "type": "Point", "coordinates": [ 7.304706, 46.2350725 ] } },
{ "type": "Feature", "properties": { "osm_id": "9144822155", "code": 2401, "fclass": "hotel", "name": "Panorama Hotel Elisabetta" }, "geometry": { "type": "Point", "coordinates": [ 8.7339452, 46.1502052 ] } },
{ "type": "Feature", "properties": { "osm_id": "9159092061", "code": 2401, "fclass": "hotel", "name": "Garni Flüela" }, "geometry": { "type": "Point", "coordinates": [ 10.0786341, 46.7489811 ] } },
{ "type": "Feature", "properties": { "osm_id": "9167839374", "code": 2401, "fclass": "hotel", "name": "Neuchâtel City Hotel" }, "geometry": { "type": "Point", "coordinates": [ 6.930825, 46.9933855 ] } },
{ "type": "Feature", "properties": { "osm_id": "9190501767", "code": 2401, "fclass": "hotel", "name": "Hôtel Zodiaque" }, "geometry": { "type": "Point", "coordinates": [ 7.4001037, 46.2973611 ] } },
{ "type": "Feature", "properties": { "osm_id": "9205599855", "code": 2401, "fclass": "hotel", "name": "Vallatscha" }, "geometry": { "type": "Point", "coordinates": [ 8.8578226, 46.6732926 ] } },
{ "type": "Feature", "properties": { "osm_id": "9210000717", "code": 2401, "fclass": "hotel", "name": "Chrischona Campus Hotel" }, "geometry": { "type": "Point", "coordinates": [ 7.6819847, 47.5730557 ] } },
{ "type": "Feature", "properties": { "osm_id": "9221868297", "code": 2401, "fclass": "hotel", "name": "Alexandra" }, "geometry": { "type": "Point", "coordinates": [ 8.8087197, 46.1748874 ] } },
{ "type": "Feature", "properties": { "osm_id": "9221868348", "code": 2401, "fclass": "hotel", "name": "Hotel a la Staziun" }, "geometry": { "type": "Point", "coordinates": [ 10.0903058, 46.6980893 ] } },
{ "type": "Feature", "properties": { "osm_id": "9232648539", "code": 2401, "fclass": "hotel", "name": "Hotel Grüner Wald" }, "geometry": { "type": "Point", "coordinates": [ 8.6507523, 46.8691466 ] } },
{ "type": "Feature", "properties": { "osm_id": "9234565816", "code": 2401, "fclass": "hotel", "name": "De La Gare" }, "geometry": { "type": "Point", "coordinates": [ 6.8022013, 46.6683082 ] } },
{ "type": "Feature", "properties": { "osm_id": "9239785509", "code": 2401, "fclass": "hotel", "name": "La Suite" }, "geometry": { "type": "Point", "coordinates": [ 6.9393216, 46.8198461 ] } },
{ "type": "Feature", "properties": { "osm_id": "9318316478", "code": 2401, "fclass": "hotel", "name": "Hotel Bahnhof" }, "geometry": { "type": "Point", "coordinates": [ 8.6229489, 47.3999202 ] } },
{ "type": "Feature", "properties": { "osm_id": "9356719949", "code": 2401, "fclass": "hotel", "name": "Sporthof" }, "geometry": { "type": "Point", "coordinates": [ 9.8405239, 46.8100949 ] } },
{ "type": "Feature", "properties": { "osm_id": "9362492097", "code": 2401, "fclass": "hotel", "name": null }, "geometry": { "type": "Point", "coordinates": [ 7.4772312, 46.3086059 ] } },
{ "type": "Feature", "properties": { "osm_id": "9362517899", "code": 2401, "fclass": "hotel", "name": "L'Etrier" }, "geometry": { "type": "Point", "coordinates": [ 7.4605815, 46.307449 ] } },
{ "type": "Feature", "properties": { "osm_id": "9362517900", "code": 2401, "fclass": "hotel", "name": "Hostellerie du Pas-de-l'Ours" }, "geometry": { "type": "Point", "coordinates": [ 7.4598928, 46.3074227 ] } },
{ "type": "Feature", "properties": { "osm_id": "9362517902", "code": 2401, "fclass": "hotel", "name": "Ibis Styles" }, "geometry": { "type": "Point", "coordinates": [ 7.5208156, 46.2876917 ] } },
{ "type": "Feature", "properties": { "osm_id": "9362593712", "code": 2401, "fclass": "hotel", "name": "Eldorado" }, "geometry": { "type": "Point", "coordinates": [ 7.4730627, 46.3083725 ] } },
{ "type": "Feature", "properties": { "osm_id": "9362593713", "code": 2401, "fclass": "hotel", "name": "Art de Vivre" }, "geometry": { "type": "Point", "coordinates": [ 7.4726677, 46.3082548 ] } },
{ "type": "Feature", "properties": { "osm_id": "9362618059", "code": 2401, "fclass": "hotel", "name": "Chez Elsy - Crans-Sapins" }, "geometry": { "type": "Point", "coordinates": [ 7.4532023, 46.3053867 ] } },
{ "type": "Feature", "properties": { "osm_id": "9365633384", "code": 2401, "fclass": "hotel", "name": "Hotel Frauenfeld" }, "geometry": { "type": "Point", "coordinates": [ 8.8749683, 47.5642889 ] } },
{ "type": "Feature", "properties": { "osm_id": "9437438051", "code": 2401, "fclass": "hotel", "name": "Riva Rooms & Studios" }, "geometry": { "type": "Point", "coordinates": [ 8.8198329, 46.175729 ] } },
{ "type": "Feature", "properties": { "osm_id": "9474317913", "code": 2401, "fclass": "hotel", "name": "Hôtel du Barrage" }, "geometry": { "type": "Point", "coordinates": [ 7.4030737, 46.0839241 ] } },
{ "type": "Feature", "properties": { "osm_id": "9515940164", "code": 2401, "fclass": "hotel", "name": "Hôtel Castel" }, "geometry": { "type": "Point", "coordinates": [ 7.3681657, 46.2322968 ] } },
{ "type": "Feature", "properties": { "osm_id": "9524109494", "code": 2401, "fclass": "hotel", "name": "Waldhotel Doldenhorn" }, "geometry": { "type": "Point", "coordinates": [ 7.6716582, 46.4862187 ] } },
{ "type": "Feature", "properties": { "osm_id": "9534955134", "code": 2401, "fclass": "hotel", "name": "Al Vadret Swiss Lodge" }, "geometry": { "type": "Point", "coordinates": [ 9.9417459, 46.4509873 ] } },
{ "type": "Feature", "properties": { "osm_id": "9544611572", "code": 2401, "fclass": "hotel", "name": "Partner Hotel" }, "geometry": { "type": "Point", "coordinates": [ 7.9482846, 47.2966869 ] } },
{ "type": "Feature", "properties": { "osm_id": "9553976171", "code": 2401, "fclass": "hotel", "name": "Capsule Hotel Alpine Garden" }, "geometry": { "type": "Point", "coordinates": [ 8.5626989, 47.452039 ] } },
{ "type": "Feature", "properties": { "osm_id": "9554312611", "code": 2401, "fclass": "hotel", "name": "Chez Maman" }, "geometry": { "type": "Point", "coordinates": [ 6.1272287, 46.1948096 ] } },
{ "type": "Feature", "properties": { "osm_id": "9592004074", "code": 2401, "fclass": "hotel", "name": "Hotel Sunnehüsi" }, "geometry": { "type": "Point", "coordinates": [ 7.7279465, 46.6626141 ] } },
{ "type": "Feature", "properties": { "osm_id": "9592007788", "code": 2401, "fclass": "hotel", "name": "Seeblick" }, "geometry": { "type": "Point", "coordinates": [ 7.7310214, 46.6603777 ] } },
{ "type": "Feature", "properties": { "osm_id": "9633494699", "code": 2401, "fclass": "hotel", "name": "Moxy Rapperswil" }, "geometry": { "type": "Point", "coordinates": [ 8.8250837, 47.2275605 ] } },
{ "type": "Feature", "properties": { "osm_id": "9647940206", "code": 2401, "fclass": "hotel", "name": "B&B im Schloss Riggisberg" }, "geometry": { "type": "Point", "coordinates": [ 7.4719078, 46.8086637 ] } },
{ "type": "Feature", "properties": { "osm_id": "9652103571", "code": 2401, "fclass": "hotel", "name": "Eden Roc" }, "geometry": { "type": "Point", "coordinates": [ 8.7728986, 46.1506704 ] } },
{ "type": "Feature", "properties": { "osm_id": "9660854727", "code": 2401, "fclass": "hotel", "name": "Gasthaus Rössli" }, "geometry": { "type": "Point", "coordinates": [ 9.0802832, 47.3457146 ] } },
{ "type": "Feature", "properties": { "osm_id": "9727103219", "code": 2401, "fclass": "hotel", "name": "Los Lorentes" }, "geometry": { "type": "Point", "coordinates": [ 7.4079301, 46.9485985 ] } },
{ "type": "Feature", "properties": { "osm_id": "9731420317", "code": 2401, "fclass": "hotel", "name": null }, "geometry": { "type": "Point", "coordinates": [ 7.793069, 46.6969484 ] } },
{ "type": "Feature", "properties": { "osm_id": "9763386063", "code": 2401, "fclass": "hotel", "name": "The Bed + Breakfast" }, "geometry": { "type": "Point", "coordinates": [ 8.3013483, 47.0413824 ] } },
{ "type": "Feature", "properties": { "osm_id": "9767951610", "code": 2401, "fclass": "hotel", "name": "B&B Hotel" }, "geometry": { "type": "Point", "coordinates": [ 8.258687, 47.2166834 ] } },
{ "type": "Feature", "properties": { "osm_id": "9801226975", "code": 2401, "fclass": "hotel", "name": "Hotel de Ville" }, "geometry": { "type": "Point", "coordinates": [ 7.0811519, 46.5835767 ] } },
{ "type": "Feature", "properties": { "osm_id": "9810513217", "code": 2401, "fclass": "hotel", "name": "Müllers - Self-Check-in Hotel" }, "geometry": { "type": "Point", "coordinates": [ 9.4369666, 47.5147156 ] } },
{ "type": "Feature", "properties": { "osm_id": "9820660959", "code": 2401, "fclass": "hotel", "name": "Gasthof zum weissen Rössli" }, "geometry": { "type": "Point", "coordinates": [ 7.5423092, 47.3716791 ] } },
{ "type": "Feature", "properties": { "osm_id": "9832402518", "code": 2401, "fclass": "hotel", "name": "Kurhaus Flühli" }, "geometry": { "type": "Point", "coordinates": [ 8.0159941, 46.8840045 ] } },
{ "type": "Feature", "properties": { "osm_id": "9856463227", "code": 2401, "fclass": "hotel", "name": "Hotel Dogana" }, "geometry": { "type": "Point", "coordinates": [ 9.0359164, 45.8318701 ] } },
{ "type": "Feature", "properties": { "osm_id": "9863261171", "code": 2401, "fclass": "hotel", "name": "Berggasthaus Obbort" }, "geometry": { "type": "Point", "coordinates": [ 8.99392, 46.8900211 ] } },
{ "type": "Feature", "properties": { "osm_id": "9864341397", "code": 2401, "fclass": "hotel", "name": "m3 Hotel & Residence" }, "geometry": { "type": "Point", "coordinates": [ 6.1030257, 46.1676982 ] } },
{ "type": "Feature", "properties": { "osm_id": "9868872231", "code": 2401, "fclass": "hotel", "name": "Bildungszentrum Wald (Hotel)" }, "geometry": { "type": "Point", "coordinates": [ 7.3133694, 47.0790856 ] } },
{ "type": "Feature", "properties": { "osm_id": "9887891167", "code": 2401, "fclass": "hotel", "name": "Eden Wellness" }, "geometry": { "type": "Point", "coordinates": [ 7.7493976, 46.0185213 ] } },
{ "type": "Feature", "properties": { "osm_id": "9887891168", "code": 2401, "fclass": "hotel", "name": "Appartements Elan" }, "geometry": { "type": "Point", "coordinates": [ 7.7499672, 46.0183557 ] } },
{ "type": "Feature", "properties": { "osm_id": "9887891170", "code": 2401, "fclass": "hotel", "name": "Chalet St. Anton" }, "geometry": { "type": "Point", "coordinates": [ 7.7499377, 46.0185161 ] } },
{ "type": "Feature", "properties": { "osm_id": "9902520718", "code": 2401, "fclass": "hotel", "name": "easyHotel Limmatplatz" }, "geometry": { "type": "Point", "coordinates": [ 8.5280819, 47.3862745 ] } },
{ "type": "Feature", "properties": { "osm_id": "9903321208", "code": 2401, "fclass": "hotel", "name": "Bergblick Lodge" }, "geometry": { "type": "Point", "coordinates": [ 7.7018775, 46.6503158 ] } },
{ "type": "Feature", "properties": { "osm_id": "9913014546", "code": 2401, "fclass": "hotel", "name": "Seehotel Helvetia" }, "geometry": { "type": "Point", "coordinates": [ 8.6245978, 47.0293278 ] } },
{ "type": "Feature", "properties": { "osm_id": "9918730611", "code": 2401, "fclass": "hotel", "name": "Anstatthotel Horw" }, "geometry": { "type": "Point", "coordinates": [ 8.3087288, 47.0125332 ] } },
{ "type": "Feature", "properties": { "osm_id": "9939566045", "code": 2401, "fclass": "hotel", "name": "Ibis Zürich Messe Airport" }, "geometry": { "type": "Point", "coordinates": [ 8.5588139, 47.4158194 ] } },
{ "type": "Feature", "properties": { "osm_id": "9960290337", "code": 2401, "fclass": "hotel", "name": "Hotel Bahnhof-Erzingen" }, "geometry": { "type": "Point", "coordinates": [ 8.4303058, 47.6601101 ] } },
{ "type": "Feature", "properties": { "osm_id": "9962212695", "code": 2401, "fclass": "hotel", "name": "Boutique Hotel De La Croix Federale" }, "geometry": { "type": "Point", "coordinates": [ 7.6298872, 46.3793394 ] } },
{ "type": "Feature", "properties": { "osm_id": "9963407215", "code": 2401, "fclass": "hotel", "name": "Hotel Landhaus" }, "geometry": { "type": "Point", "coordinates": [ 7.2605411, 46.4898071 ] } },
{ "type": "Feature", "properties": { "osm_id": "9964205364", "code": 2401, "fclass": "hotel", "name": "Mountime" }, "geometry": { "type": "Point", "coordinates": [ 7.7759131, 46.0651741 ] } },
{ "type": "Feature", "properties": { "osm_id": "9964297548", "code": 2401, "fclass": "hotel", "name": "Hotel Europe Brig" }, "geometry": { "type": "Point", "coordinates": [ 7.9865409, 46.31874 ] } },
{ "type": "Feature", "properties": { "osm_id": "9971469650", "code": 2401, "fclass": "hotel", "name": "Victoria" }, "geometry": { "type": "Point", "coordinates": [ 8.9467797, 45.9920827 ] } },
{ "type": "Feature", "properties": { "osm_id": "9971469657", "code": 2401, "fclass": "hotel", "name": "Ibis Budget" }, "geometry": { "type": "Point", "coordinates": [ 8.9458422, 45.9913205 ] } },
{ "type": "Feature", "properties": { "osm_id": "9971469658", "code": 2401, "fclass": "hotel", "name": "Ibis" }, "geometry": { "type": "Point", "coordinates": [ 8.9456296, 45.9913368 ] } },
{ "type": "Feature", "properties": { "osm_id": "9971469659", "code": 2401, "fclass": "hotel", "name": "Novotel" }, "geometry": { "type": "Point", "coordinates": [ 8.9455006, 45.991453 ] } },
{ "type": "Feature", "properties": { "osm_id": "9973316349", "code": 2401, "fclass": "hotel", "name": "Base Hotel" }, "geometry": { "type": "Point", "coordinates": [ 6.6252078, 46.5164557 ] } },
{ "type": "Feature", "properties": { "osm_id": "9981869524", "code": 2401, "fclass": "hotel", "name": "Arlos" }, "geometry": { "type": "Point", "coordinates": [ 9.5928091, 46.5936739 ] } },
{ "type": "Feature", "properties": { "osm_id": "10048570742", "code": 2401, "fclass": "hotel", "name": "Hotel Mokka" }, "geometry": { "type": "Point", "coordinates": [ 8.0611011, 47.5628257 ] } },
{ "type": "Feature", "properties": { "osm_id": "10051914985", "code": 2401, "fclass": "hotel", "name": "Gasthof zur Saline" }, "geometry": { "type": "Point", "coordinates": [ 7.6780588, 47.531104 ] } },
{ "type": "Feature", "properties": { "osm_id": "10059366989", "code": 2401, "fclass": "hotel", "name": "Alpenblick" }, "geometry": { "type": "Point", "coordinates": [ 7.4570699, 46.9569107 ] } },
{ "type": "Feature", "properties": { "osm_id": "10060305517", "code": 2401, "fclass": "hotel", "name": "Hotel Villa Rossella" }, "geometry": { "type": "Point", "coordinates": [ 8.8014669, 46.1734082 ] } },
{ "type": "Feature", "properties": { "osm_id": "10060314404", "code": 2401, "fclass": "hotel", "name": "Hotel Restaurant Alte Brauerei" }, "geometry": { "type": "Point", "coordinates": [ 9.8564485, 46.5107448 ] } },
{ "type": "Feature", "properties": { "osm_id": "10082596658", "code": 2401, "fclass": "hotel", "name": "Arturo" }, "geometry": { "type": "Point", "coordinates": [ 9.860694, 46.5128042 ] } },
{ "type": "Feature", "properties": { "osm_id": "10106142409", "code": 2401, "fclass": "hotel", "name": "Hotel Beau-Séjour" }, "geometry": { "type": "Point", "coordinates": [ 7.625626, 46.382839 ] } },
{ "type": "Feature", "properties": { "osm_id": "10128600017", "code": 2401, "fclass": "hotel", "name": "Hôtel Viu Villars" }, "geometry": { "type": "Point", "coordinates": [ 7.0556994, 46.2948284 ] } },
{ "type": "Feature", "properties": { "osm_id": "10136409495", "code": 2401, "fclass": "hotel", "name": "ibis Styles St Margrethen Bodensee" }, "geometry": { "type": "Point", "coordinates": [ 9.6355475, 47.4506836 ] } },
{ "type": "Feature", "properties": { "osm_id": "10155643181", "code": 2401, "fclass": "hotel", "name": "Albergo Ristorante Stazione Balerna" }, "geometry": { "type": "Point", "coordinates": [ 9.0048818, 45.8474336 ] } },
{ "type": "Feature", "properties": { "osm_id": "10161765752", "code": 2401, "fclass": "hotel", "name": "Hostellerie d'Orzival" }, "geometry": { "type": "Point", "coordinates": [ 7.5275653, 46.2568926 ] } },
{ "type": "Feature", "properties": { "osm_id": "10169840601", "code": 2401, "fclass": "hotel", "name": "Valrose" }, "geometry": { "type": "Point", "coordinates": [ 7.2082206, 46.4885064 ] } },
{ "type": "Feature", "properties": { "osm_id": "10221727291", "code": 2401, "fclass": "hotel", "name": "Aves Arosa" }, "geometry": { "type": "Point", "coordinates": [ 9.6823815, 46.7828102 ] } },
{ "type": "Feature", "properties": { "osm_id": "10235114206", "code": 2401, "fclass": "hotel", "name": "The Passage" }, "geometry": { "type": "Point", "coordinates": [ 7.5862367, 47.5537846 ] } },
{ "type": "Feature", "properties": { "osm_id": "10235672259", "code": 2401, "fclass": "hotel", "name": "Hotel Krone" }, "geometry": { "type": "Point", "coordinates": [ 8.6000873, 46.7072807 ] } },
{ "type": "Feature", "properties": { "osm_id": "10285980131", "code": 2401, "fclass": "hotel", "name": "Oase Wildberg" }, "geometry": { "type": "Point", "coordinates": [ 8.8185151, 47.4264206 ] } },
{ "type": "Feature", "properties": { "osm_id": "10296642243", "code": 2401, "fclass": "hotel", "name": "Murtenhof" }, "geometry": { "type": "Point", "coordinates": [ 7.115715, 46.9283102 ] } },
{ "type": "Feature", "properties": { "osm_id": "10296642279", "code": 2401, "fclass": "hotel", "name": "Krone" }, "geometry": { "type": "Point", "coordinates": [ 7.1158943, 46.9284435 ] } },
{ "type": "Feature", "properties": { "osm_id": "10314541277", "code": 2401, "fclass": "hotel", "name": "Chez Gilles" }, "geometry": { "type": "Point", "coordinates": [ 6.8305891, 47.1047155 ] } },
{ "type": "Feature", "properties": { "osm_id": "10354903180", "code": 2401, "fclass": "hotel", "name": "Appart'Hôtel & Résidence Eden" }, "geometry": { "type": "Point", "coordinates": [ 7.3968879, 46.2958884 ] } },
{ "type": "Feature", "properties": { "osm_id": "10550778909", "code": 2401, "fclass": "hotel", "name": "Les Montagnards" }, "geometry": { "type": "Point", "coordinates": [ 7.1002569, 46.6029703 ] } },
{ "type": "Feature", "properties": { "osm_id": "10591401336", "code": 2401, "fclass": "hotel", "name": "Maloja Kulm" }, "geometry": { "type": "Point", "coordinates": [ 9.6951855, 46.3980261 ] } },
{ "type": "Feature", "properties": { "osm_id": "10594437346", "code": 2401, "fclass": "hotel", "name": "Birsighof" }, "geometry": { "type": "Point", "coordinates": [ 7.5839673, 47.5506407 ] } },
{ "type": "Feature", "properties": { "osm_id": "10595846893", "code": 2401, "fclass": "hotel", "name": "Guesthouse Le Locle" }, "geometry": { "type": "Point", "coordinates": [ 6.7492151, 47.0575347 ] } },
{ "type": "Feature", "properties": { "osm_id": "10604796091", "code": 2401, "fclass": "hotel", "name": "Moxy Sion" }, "geometry": { "type": "Point", "coordinates": [ 7.383899, 46.2298935 ] } },
{ "type": "Feature", "properties": { "osm_id": "10616321650", "code": 2401, "fclass": "hotel", "name": "Akomo Bern" }, "geometry": { "type": "Point", "coordinates": [ 7.4415991, 46.9496681 ] } },
{ "type": "Feature", "properties": { "osm_id": "10624464724", "code": 2401, "fclass": "hotel", "name": "Sonne" }, "geometry": { "type": "Point", "coordinates": [ 8.7498918, 47.1264787 ] } },
{ "type": "Feature", "properties": { "osm_id": "10624464725", "code": 2401, "fclass": "hotel", "name": "Rot-Hut" }, "geometry": { "type": "Point", "coordinates": [ 8.7497666, 47.1265084 ] } },
{ "type": "Feature", "properties": { "osm_id": "10624493156", "code": 2401, "fclass": "hotel", "name": "Linde" }, "geometry": { "type": "Point", "coordinates": [ 8.7496052, 47.1277915 ] } },
{ "type": "Feature", "properties": { "osm_id": "10629991883", "code": 2401, "fclass": "hotel", "name": "Volkshaus Basel" }, "geometry": { "type": "Point", "coordinates": [ 7.5937231, 47.5609744 ] } },
{ "type": "Feature", "properties": { "osm_id": "10695395056", "code": 2401, "fclass": "hotel", "name": "Hotel de Moiry" }, "geometry": { "type": "Point", "coordinates": [ 7.5759028, 46.1801476 ] } },
{ "type": "Feature", "properties": { "osm_id": "10727266042", "code": 2401, "fclass": "hotel", "name": "Hotel du faucon" }, "geometry": { "type": "Point", "coordinates": [ 7.1573683, 46.8052688 ] } },
{ "type": "Feature", "properties": { "osm_id": "10739145931", "code": 2401, "fclass": "hotel", "name": "Bed Bike and Breakfast Olten" }, "geometry": { "type": "Point", "coordinates": [ 7.9146784, 47.3511228 ] } },
{ "type": "Feature", "properties": { "osm_id": "10752986782", "code": 2401, "fclass": "hotel", "name": "Autohalle" }, "geometry": { "type": "Point", "coordinates": [ 8.6921318, 47.5935036 ] } },
{ "type": "Feature", "properties": { "osm_id": "10805137528", "code": 2401, "fclass": "hotel", "name": "Natur- und Bikehotel Balga" }, "geometry": { "type": "Point", "coordinates": [ 9.6078941, 47.4068827 ] } },
{ "type": "Feature", "properties": { "osm_id": "10836755733", "code": 2401, "fclass": "hotel", "name": "Hotel Kurhaus Sennis" }, "geometry": { "type": "Point", "coordinates": [ 9.3715405, 47.1190555 ] } },
{ "type": "Feature", "properties": { "osm_id": "10860034328", "code": 2401, "fclass": "hotel", "name": "Anstatt Hotel" }, "geometry": { "type": "Point", "coordinates": [ 8.5482239, 47.0440179 ] } },
{ "type": "Feature", "properties": { "osm_id": "10882859905", "code": 2401, "fclass": "hotel", "name": "Wirkstatt Auboden" }, "geometry": { "type": "Point", "coordinates": [ 9.160726, 47.3277459 ] } },
{ "type": "Feature", "properties": { "osm_id": "10963019384", "code": 2401, "fclass": "hotel", "name": "Nani City Hotel" }, "geometry": { "type": "Point", "coordinates": [ 8.5276061, 47.379243 ] } },
{ "type": "Feature", "properties": { "osm_id": "10967366954", "code": 2401, "fclass": "hotel", "name": "Hotel Campagna" }, "geometry": { "type": "Point", "coordinates": [ 8.8148573, 46.1732185 ] } },
{ "type": "Feature", "properties": { "osm_id": "10977381806", "code": 2401, "fclass": "hotel", "name": "Alp Grüm" }, "geometry": { "type": "Point", "coordinates": [ 10.0311893, 46.3745476 ] } },
{ "type": "Feature", "properties": { "osm_id": "10989324111", "code": 2401, "fclass": "hotel", "name": "Meininger Hotel Geneve Charmilles" }, "geometry": { "type": "Point", "coordinates": [ 6.1216706, 46.2095924 ] } },
{ "type": "Feature", "properties": { "osm_id": "10993141738", "code": 2401, "fclass": "hotel", "name": "B&B Hotel" }, "geometry": { "type": "Point", "coordinates": [ 6.1029583, 46.2196653 ] } },
{ "type": "Feature", "properties": { "osm_id": "10994251551", "code": 2401, "fclass": "hotel", "name": "medelina" }, "geometry": { "type": "Point", "coordinates": [ 8.8600512, 46.6745981 ] } },
{ "type": "Feature", "properties": { "osm_id": "10995754864", "code": 2401, "fclass": "hotel", "name": "La Petite Auberge Baabuk" }, "geometry": { "type": "Point", "coordinates": [ 6.8342524, 46.3441493 ] } },
{ "type": "Feature", "properties": { "osm_id": "11025265783", "code": 2401, "fclass": "hotel", "name": "Best Western Hotel Dreiländerbrücke" }, "geometry": { "type": "Point", "coordinates": [ 7.5930239, 47.590704 ] } },
{ "type": "Feature", "properties": { "osm_id": "11027013578", "code": 2401, "fclass": "hotel", "name": "Hemma Boutique Hôtel" }, "geometry": { "type": "Point", "coordinates": [ 6.3913509, 46.495135 ] } },
{ "type": "Feature", "properties": { "osm_id": "11030205393", "code": 2401, "fclass": "hotel", "name": "Evi’s Home" }, "geometry": { "type": "Point", "coordinates": [ 7.4553234, 46.9656997 ] } },
{ "type": "Feature", "properties": { "osm_id": "11033824631", "code": 2401, "fclass": "hotel", "name": "Hotel Perron10" }, "geometry": { "type": "Point", "coordinates": [ 8.7208155, 47.5014193 ] } },
{ "type": "Feature", "properties": { "osm_id": "11035768796", "code": 2401, "fclass": "hotel", "name": "Hotel Bellwald" }, "geometry": { "type": "Point", "coordinates": [ 8.1580286, 46.4259017 ] } },
{ "type": "Feature", "properties": { "osm_id": "11047540905", "code": 2401, "fclass": "hotel", "name": null }, "geometry": { "type": "Point", "coordinates": [ 7.5092597, 46.0834059 ] } },
{ "type": "Feature", "properties": { "osm_id": "11049590770", "code": 2401, "fclass": "hotel", "name": "Icon H" }, "geometry": { "type": "Point", "coordinates": [ 8.9632123, 46.0130118 ] } },
{ "type": "Feature", "properties": { "osm_id": "11051862459", "code": 2401, "fclass": "hotel", "name": "Mercure Geneva Airport Hotel" }, "geometry": { "type": "Point", "coordinates": [ 6.0663924, 46.2216244 ] } },
{ "type": "Feature", "properties": { "osm_id": "11064559217", "code": 2401, "fclass": "hotel", "name": "Ristorante Bellavista Cavigliano" }, "geometry": { "type": "Point", "coordinates": [ 8.7163397, 46.1838859 ] } },
{ "type": "Feature", "properties": { "osm_id": "11078677505", "code": 2401, "fclass": "hotel", "name": "Baslertor" }, "geometry": { "type": "Point", "coordinates": [ 8.3022003, 47.0509107 ] } },
{ "type": "Feature", "properties": { "osm_id": "11081118371", "code": 2401, "fclass": "hotel", "name": "Don Pepe" }, "geometry": { "type": "Point", "coordinates": [ 7.4143962, 47.4274451 ] } },
{ "type": "Feature", "properties": { "osm_id": "11081917956", "code": 2401, "fclass": "hotel", "name": "Seminar- und Ferienhotel Idyll" }, "geometry": { "type": "Point", "coordinates": [ 9.4542304, 47.3528236 ] } },
{ "type": "Feature", "properties": { "osm_id": "11083783105", "code": 2401, "fclass": "hotel", "name": "Swissever" }, "geometry": { "type": "Point", "coordinates": [ 8.4473922, 47.191631 ] } },
{ "type": "Feature", "properties": { "osm_id": "11085394874", "code": 2401, "fclass": "hotel", "name": "Vista Lakefront Boutique Hotel" }, "geometry": { "type": "Point", "coordinates": [ 8.7689301, 46.1540436 ] } },
{ "type": "Feature", "properties": { "osm_id": "11090978774", "code": 2401, "fclass": "hotel", "name": "Gadmer Lodge" }, "geometry": { "type": "Point", "coordinates": [ 8.3528717, 46.7377271 ] } },
{ "type": "Feature", "properties": { "osm_id": "11091580729", "code": 2401, "fclass": "hotel", "name": "Hôtel de la Gare" }, "geometry": { "type": "Point", "coordinates": [ 6.8379885, 46.5424997 ] } },
{ "type": "Feature", "properties": { "osm_id": "11093588685", "code": 2401, "fclass": "hotel", "name": "Gasthaus Kummenalp" }, "geometry": { "type": "Point", "coordinates": [ 7.7412684, 46.4042904 ] } },
{ "type": "Feature", "properties": { "osm_id": "11116456305", "code": 2401, "fclass": "hotel", "name": "Adina" }, "geometry": { "type": "Point", "coordinates": [ 6.1032258, 46.2201025 ] } },
{ "type": "Feature", "properties": { "osm_id": "11145400668", "code": 2401, "fclass": "hotel", "name": null }, "geometry": { "type": "Point", "coordinates": [ 8.4029716, 46.9948133 ] } },
{ "type": "Feature", "properties": { "osm_id": "11146150551", "code": 2401, "fclass": "hotel", "name": "Hotel Alte Post" }, "geometry": { "type": "Point", "coordinates": [ 8.041317, 46.6247406 ] } },
{ "type": "Feature", "properties": { "osm_id": "11149861140", "code": 2401, "fclass": "hotel", "name": "Hôtel de Verbier" }, "geometry": { "type": "Point", "coordinates": [ 7.2288799, 46.0958487 ] } },
{ "type": "Feature", "properties": { "osm_id": "11183717636", "code": 2401, "fclass": "hotel", "name": "Pilatus Kulm" }, "geometry": { "type": "Point", "coordinates": [ 8.2536045, 46.9795096 ] } },
{ "type": "Feature", "properties": { "osm_id": "11183877299", "code": 2401, "fclass": "hotel", "name": "Pilatus Bellevue" }, "geometry": { "type": "Point", "coordinates": [ 8.2556112, 46.9794553 ] } },
{ "type": "Feature", "properties": { "osm_id": "11196273437", "code": 2401, "fclass": "hotel", "name": "Focus Hotel" }, "geometry": { "type": "Point", "coordinates": [ 8.0963576, 47.1740593 ] } },
{ "type": "Feature", "properties": { "osm_id": "11222255337", "code": 2401, "fclass": "hotel", "name": "Hôtel de la truite" }, "geometry": { "type": "Point", "coordinates": [ 6.3254556, 46.6683611 ] } },
{ "type": "Feature", "properties": { "osm_id": "11237661384", "code": 2401, "fclass": "hotel", "name": "Ibis Budget" }, "geometry": { "type": "Point", "coordinates": [ 6.5618348, 46.5482237 ] } },
{ "type": "Feature", "properties": { "osm_id": "11246291026", "code": 2401, "fclass": "hotel", "name": "Le Paysan Horloger" }, "geometry": { "type": "Point", "coordinates": [ 6.9230151, 47.1939687 ] } },
{ "type": "Feature", "properties": { "osm_id": "11258526626", "code": 2401, "fclass": "hotel", "name": "Welschen" }, "geometry": { "type": "Point", "coordinates": [ 7.7522389, 46.0224943 ] } },
{ "type": "Feature", "properties": { "osm_id": "11262830538", "code": 2401, "fclass": "hotel", "name": "Hôtel de Ville" }, "geometry": { "type": "Point", "coordinates": [ 6.2302386, 46.6073887 ] } },
{ "type": "Feature", "properties": { "osm_id": "11262832469", "code": 2401, "fclass": "hotel", "name": "Gasthaus zur Sonne" }, "geometry": { "type": "Point", "coordinates": [ 7.5979885, 47.4666444 ] } },
{ "type": "Feature", "properties": { "osm_id": "11262874903", "code": 2401, "fclass": "hotel", "name": "Röschenzerhof" }, "geometry": { "type": "Point", "coordinates": [ 7.4752835, 47.4253265 ] } },
{ "type": "Feature", "properties": { "osm_id": "11273945801", "code": 2401, "fclass": "hotel", "name": "Hotel Stadthof" }, "geometry": { "type": "Point", "coordinates": [ 7.5886135, 47.554928 ] } },
{ "type": "Feature", "properties": { "osm_id": "11274643146", "code": 2401, "fclass": "hotel", "name": "Tailormade BAB" }, "geometry": { "type": "Point", "coordinates": [ 8.5416603, 47.5049425 ] } },
{ "type": "Feature", "properties": { "osm_id": "11281094669", "code": 2401, "fclass": "hotel", "name": "Moulin-du-Lac" }, "geometry": { "type": "Point", "coordinates": [ 6.5754665, 46.9657435 ] } },
{ "type": "Feature", "properties": { "osm_id": "11288163697", "code": 2401, "fclass": "hotel", "name": "B&B Langenberg" }, "geometry": { "type": "Point", "coordinates": [ 8.5289714, 47.2925952 ] } },
{ "type": "Feature", "properties": { "osm_id": "11293223453", "code": 2401, "fclass": "hotel", "name": "Hotel Garni Rondinella" }, "geometry": { "type": "Point", "coordinates": [ 8.8005817, 46.1708941 ] } },
{ "type": "Feature", "properties": { "osm_id": "11295491669", "code": 2401, "fclass": "hotel", "name": "Rêves Gourmands, Hôtellerie & Gastronomie" }, "geometry": { "type": "Point", "coordinates": [ 7.0441105, 46.135138 ] } },
{ "type": "Feature", "properties": { "osm_id": "11375053570", "code": 2401, "fclass": "hotel", "name": "Binario 934" }, "geometry": { "type": "Point", "coordinates": [ 8.8019904, 46.1722527 ] } },
{ "type": "Feature", "properties": { "osm_id": "11392673639", "code": 2401, "fclass": "hotel", "name": "citizenM" }, "geometry": { "type": "Point", "coordinates": [ 6.1476041, 46.2025964 ] } },
{ "type": "Feature", "properties": { "osm_id": "11415368665", "code": 2401, "fclass": "hotel", "name": "Courtyard" }, "geometry": { "type": "Point", "coordinates": [ 7.2497075, 47.1362555 ] } },
{ "type": "Feature", "properties": { "osm_id": "11469946170", "code": 2401, "fclass": "hotel", "name": "Hotel Alpenrose beim Ballenberg AG" }, "geometry": { "type": "Point", "coordinates": [ 8.0761656, 46.7544305 ] } },
{ "type": "Feature", "properties": { "osm_id": "11470973669", "code": 2401, "fclass": "hotel", "name": "Ibis Genève Centre Lac" }, "geometry": { "type": "Point", "coordinates": [ 6.1463758, 46.2105338 ] } },
{ "type": "Feature", "properties": { "osm_id": "11472524104", "code": 2401, "fclass": "hotel", "name": "Bären" }, "geometry": { "type": "Point", "coordinates": [ 7.8992905, 47.3214421 ] } },
{ "type": "Feature", "properties": { "osm_id": "11480604878", "code": 2401, "fclass": "hotel", "name": "Trauffer" }, "geometry": { "type": "Point", "coordinates": [ 8.0780464, 46.7543295 ] } },
{ "type": "Feature", "properties": { "osm_id": "11522524479", "code": 2401, "fclass": "hotel", "name": "Hotel Delfino" }, "geometry": { "type": "Point", "coordinates": [ 8.942159, 45.9936418 ] } },
{ "type": "Feature", "properties": { "osm_id": "11607407538", "code": 2401, "fclass": "hotel", "name": "Hotel Rondo – Self-Check-in" }, "geometry": { "type": "Point", "coordinates": [ 9.0410915, 47.4611671 ] } },
{ "type": "Feature", "properties": { "osm_id": "11608271879", "code": 2401, "fclass": "hotel", "name": "Caspar" }, "geometry": { "type": "Point", "coordinates": [ 8.3370839, 47.2743876 ] } },
{ "type": "Feature", "properties": { "osm_id": "11662576293", "code": 2401, "fclass": "hotel", "name": "Hôtel de Gruyères" }, "geometry": { "type": "Point", "coordinates": [ 7.0810134, 46.581799 ] } },
{ "type": "Feature", "properties": { "osm_id": "11679003070", "code": 2401, "fclass": "hotel", "name": null }, "geometry": { "type": "Point", "coordinates": [ 7.4769127, 46.3086264 ] } },
{ "type": "Feature", "properties": { "osm_id": "11684007050", "code": 2401, "fclass": "hotel", "name": "La Colombe" }, "geometry": { "type": "Point", "coordinates": [ 8.5141359, 47.165438 ] } },
{ "type": "Feature", "properties": { "osm_id": "11687765226", "code": 2401, "fclass": "hotel", "name": "The Lab Hotel" }, "geometry": { "type": "Point", "coordinates": [ 7.6330087, 46.745521 ] } },
{ "type": "Feature", "properties": { "osm_id": "11687795618", "code": 2401, "fclass": "hotel", "name": "Rocksresort" }, "geometry": { "type": "Point", "coordinates": [ 9.2637997, 46.8197342 ] } },
{ "type": "Feature", "properties": { "osm_id": "11689994032", "code": 2401, "fclass": "hotel", "name": "B&B Schöpfli" }, "geometry": { "type": "Point", "coordinates": [ 8.3354408, 47.2708544 ] } },
{ "type": "Feature", "properties": { "osm_id": "11716629912", "code": 2401, "fclass": "hotel", "name": "Hotel Acla Filli" }, "geometry": { "type": "Point", "coordinates": [ 10.0920299, 46.6997133 ] } },
{ "type": "Feature", "properties": { "osm_id": "11723686734", "code": 2401, "fclass": "hotel", "name": "Chez Jan" }, "geometry": { "type": "Point", "coordinates": [ 6.8574848, 46.2377788 ] } },
{ "type": "Feature", "properties": { "osm_id": "11723776324", "code": 2401, "fclass": "hotel", "name": "Helvetia" }, "geometry": { "type": "Point", "coordinates": [ 6.8605793, 46.2381247 ] } },
{ "type": "Feature", "properties": { "osm_id": "11728079443", "code": 2401, "fclass": "hotel", "name": "Hotel Aare Thun" }, "geometry": { "type": "Point", "coordinates": [ 7.6316742, 46.7571962 ] } },
{ "type": "Feature", "properties": { "osm_id": "11730272455", "code": 2401, "fclass": "hotel", "name": "Hotel Soazza" }, "geometry": { "type": "Point", "coordinates": [ 9.2216711, 46.3653438 ] } },
{ "type": "Feature", "properties": { "osm_id": "11736818138", "code": 2401, "fclass": "hotel", "name": "Hotel Walensee" }, "geometry": { "type": "Point", "coordinates": [ 9.0985301, 47.1355283 ] } },
{ "type": "Feature", "properties": { "osm_id": "11768297562", "code": 2401, "fclass": "hotel", "name": "Gruppenhaus Villa Silvana" }, "geometry": { "type": "Point", "coordinates": [ 10.2836074, 46.7867717 ] } },
{ "type": "Feature", "properties": { "osm_id": "11768654437", "code": 2401, "fclass": "hotel", "name": "Haus am Schlossberg" }, "geometry": { "type": "Point", "coordinates": [ 8.0601454, 47.5611229 ] } },
{ "type": "Feature", "properties": { "osm_id": "11771896067", "code": 2401, "fclass": "hotel", "name": "Hirschen" }, "geometry": { "type": "Point", "coordinates": [ 8.274494, 47.4966387 ] } },
{ "type": "Feature", "properties": { "osm_id": "11777908597", "code": 2401, "fclass": "hotel", "name": "Hotel Rössli" }, "geometry": { "type": "Point", "coordinates": [ 8.5444475, 47.3692673 ] } },
{ "type": "Feature", "properties": { "osm_id": "11780370753", "code": 2401, "fclass": "hotel", "name": "Café de la Poste" }, "geometry": { "type": "Point", "coordinates": [ 7.1849445, 46.1721298 ] } },
{ "type": "Feature", "properties": { "osm_id": "11787514369", "code": 2401, "fclass": "hotel", "name": "Continental" }, "geometry": { "type": "Point", "coordinates": [ 6.6300886, 46.5175268 ] } },
{ "type": "Feature", "properties": { "osm_id": "11799353271", "code": 2401, "fclass": "hotel", "name": "Das Morgen" }, "geometry": { "type": "Point", "coordinates": [ 8.4839629, 47.0086902 ] } },
{ "type": "Feature", "properties": { "osm_id": "11806457676", "code": 2401, "fclass": "hotel", "name": "Aparthotel Adagio" }, "geometry": { "type": "Point", "coordinates": [ 8.5424567, 47.3812254 ] } },
{ "type": "Feature", "properties": { "osm_id": "11812537818", "code": 2401, "fclass": "hotel", "name": "Hotel Beau Séjour Lucerne" }, "geometry": { "type": "Point", "coordinates": [ 8.3228565, 47.0556698 ] } },
{ "type": "Feature", "properties": { "osm_id": "11813380873", "code": 2401, "fclass": "hotel", "name": "Miralago Easy Rooms" }, "geometry": { "type": "Point", "coordinates": [ 8.8048962, 46.1721024 ] } },
{ "type": "Feature", "properties": { "osm_id": "11835487322", "code": 2401, "fclass": "hotel", "name": "Hotel Porto Sofie" }, "geometry": { "type": "Point", "coordinates": [ 9.1349692, 47.6643752 ] } },
{ "type": "Feature", "properties": { "osm_id": "11851410053", "code": 2401, "fclass": "hotel", "name": "Hotel Krebs" }, "geometry": { "type": "Point", "coordinates": [ 7.3980025, 47.1933428 ] } },
{ "type": "Feature", "properties": { "osm_id": "11865655980", "code": 2401, "fclass": "hotel", "name": "Hôtel YParc" }, "geometry": { "type": "Point", "coordinates": [ 6.6406041, 46.7651709 ] } },
{ "type": "Feature", "properties": { "osm_id": "11923121001", "code": 2401, "fclass": "hotel", "name": "Hotel Bahnhof" }, "geometry": { "type": "Point", "coordinates": [ 7.3974875, 47.1886739 ] } },
{ "type": "Feature", "properties": { "osm_id": "11923192926", "code": 2401, "fclass": "hotel", "name": "Hôtel Mont-Lac" }, "geometry": { "type": "Point", "coordinates": [ 7.1206717, 46.0278328 ] } },
{ "type": "Feature", "properties": { "osm_id": "11926608381", "code": 2401, "fclass": "hotel", "name": "Residence Studio Genève centre" }, "geometry": { "type": "Point", "coordinates": [ 6.1468107, 46.2112234 ] } },
{ "type": "Feature", "properties": { "osm_id": "11931406936", "code": 2401, "fclass": "hotel", "name": "Hotel Eremitage" }, "geometry": { "type": "Point", "coordinates": [ 7.6202946, 47.4948804 ] } },
{ "type": "Feature", "properties": { "osm_id": "11962946220", "code": 2401, "fclass": "hotel", "name": "Sportclub Montriond" }, "geometry": { "type": "Point", "coordinates": [ 6.8322515, 46.1829964 ] } },
{ "type": "Feature", "properties": { "osm_id": "11968689224", "code": 2401, "fclass": "hotel", "name": "Bubble Hotel" }, "geometry": { "type": "Point", "coordinates": [ 8.9316597, 45.9512199 ] } },
{ "type": "Feature", "properties": { "osm_id": "11997975669", "code": 2401, "fclass": "hotel", "name": "Mounting" }, "geometry": { "type": "Point", "coordinates": [ 7.7760301, 46.0651037 ] } },
{ "type": "Feature", "properties": { "osm_id": "12002651835", "code": 2401, "fclass": "hotel", "name": "Ruby Claire" }, "geometry": { "type": "Point", "coordinates": [ 6.1468002, 46.2038283 ] } },
{ "type": "Feature", "properties": { "osm_id": "12015427278", "code": 2401, "fclass": "hotel", "name": "Hotel BS16" }, "geometry": { "type": "Point", "coordinates": [ 7.3869317, 47.041969 ] } },
{ "type": "Feature", "properties": { "osm_id": "12022740234", "code": 2401, "fclass": "hotel", "name": "harry’s home" }, "geometry": { "type": "Point", "coordinates": [ 7.4809322, 46.9562417 ] } },
{ "type": "Feature", "properties": { "osm_id": "12022843282", "code": 2401, "fclass": "hotel", "name": "Hotel Eigerblick" }, "geometry": { "type": "Point", "coordinates": [ 8.0233792, 46.628727 ] } },
{ "type": "Feature", "properties": { "osm_id": "12026595372", "code": 2401, "fclass": "hotel", "name": "Hostel Sonnenhof" }, "geometry": { "type": "Point", "coordinates": [ 7.9239808, 46.5959691 ] } },
{ "type": "Feature", "properties": { "osm_id": "12057871369", "code": 2401, "fclass": "hotel", "name": "Hôtel Bellerive" }, "geometry": { "type": "Point", "coordinates": [ 6.6140807, 46.5157832 ] } },
{ "type": "Feature", "properties": { "osm_id": "12058114869", "code": 2401, "fclass": "hotel", "name": "Torhôtel" }, "geometry": { "type": "Point", "coordinates": [ 6.1460955, 46.2082218 ] } },
{ "type": "Feature", "properties": { "osm_id": "12069377335", "code": 2401, "fclass": "hotel", "name": "Sunnehus" }, "geometry": { "type": "Point", "coordinates": [ 9.3287405, 47.2045492 ] } },
{ "type": "Feature", "properties": { "osm_id": "12072254954", "code": 2401, "fclass": "hotel", "name": "Zleep Hotel Zürich-Kloten" }, "geometry": { "type": "Point", "coordinates": [ 8.582782, 47.4494664 ] } },
{ "type": "Feature", "properties": { "osm_id": "12075897937", "code": 2401, "fclass": "hotel", "name": "Le Bélimont Panorama" }, "geometry": { "type": "Point", "coordinates": [ 6.6780987, 46.5202002 ] } },
{ "type": "Feature", "properties": { "osm_id": "12077153571", "code": 2401, "fclass": "hotel", "name": "Adagio Aparthotel" }, "geometry": { "type": "Point", "coordinates": [ 7.5716102, 47.5778267 ] } },
{ "type": "Feature", "properties": { "osm_id": "12088434971", "code": 2401, "fclass": "hotel", "name": "B&B Hotel" }, "geometry": { "type": "Point", "coordinates": [ 7.6093598, 47.5453701 ] } },
{ "type": "Feature", "properties": { "osm_id": "12096420261", "code": 2401, "fclass": "hotel", "name": "Hôtel des Haudères" }, "geometry": { "type": "Point", "coordinates": [ 7.5091645, 46.0818193 ] } },
{ "type": "Feature", "properties": { "osm_id": "12096422911", "code": 2401, "fclass": "hotel", "name": "Alpiness Coliving" }, "geometry": { "type": "Point", "coordinates": [ 7.5096821, 46.0819145 ] } },
{ "type": "Feature", "properties": { "osm_id": "12096848347", "code": 2401, "fclass": "hotel", "name": "Edelweiss" }, "geometry": { "type": "Point", "coordinates": [ 9.628324, 46.5187947 ] } },
{ "type": "Feature", "properties": { "osm_id": "12097183786", "code": 2401, "fclass": "hotel", "name": null }, "geometry": { "type": "Point", "coordinates": [ 9.009574, 46.1722521 ] } },
{ "type": "Feature", "properties": { "osm_id": "12103066649", "code": 2401, "fclass": "hotel", "name": "Astoria" }, "geometry": { "type": "Point", "coordinates": [ 7.9004293, 47.3506678 ] } },
{ "type": "Feature", "properties": { "osm_id": "12120003941", "code": 2401, "fclass": "hotel", "name": "Huus 74" }, "geometry": { "type": "Point", "coordinates": [ 8.1927978, 47.2351609 ] } },
{ "type": "Feature", "properties": { "osm_id": "12128021501", "code": 2401, "fclass": "hotel", "name": "Hotel Nendaz 4 Vallées & Spa" }, "geometry": { "type": "Point", "coordinates": [ 7.2902312, 46.180837 ] } },
{ "type": "Feature", "properties": { "osm_id": "12139284267", "code": 2401, "fclass": "hotel", "name": "Hotel B&B Gampel" }, "geometry": { "type": "Point", "coordinates": [ 7.7440454, 46.3099069 ] } },
{ "type": "Feature", "properties": { "osm_id": "12139987148", "code": 2401, "fclass": "hotel", "name": "Stay Kooook" }, "geometry": { "type": "Point", "coordinates": [ 6.1301604, 46.2132194 ] } },
{ "type": "Feature", "properties": { "osm_id": "12153628205", "code": 2401, "fclass": "hotel", "name": "Villa Kapellmatt" }, "geometry": { "type": "Point", "coordinates": [ 8.4831171, 47.0105412 ] } },
{ "type": "Feature", "properties": { "osm_id": "12162285053", "code": 2401, "fclass": "hotel", "name": "Hotel Hohberg \"Next to BBC Arena\"" }, "geometry": { "type": "Point", "coordinates": [ 8.6469289, 47.7208587 ] } },
{ "type": "Feature", "properties": { "osm_id": "12183624086", "code": 2401, "fclass": "hotel", "name": "Berghotel Obersee" }, "geometry": { "type": "Point", "coordinates": [ 9.0200787, 47.0880042 ] } },
{ "type": "Feature", "properties": { "osm_id": "12188226897", "code": 2401, "fclass": "hotel", "name": "Berghotel Sterna" }, "geometry": { "type": "Point", "coordinates": [ 9.4357315, 46.7955418 ] } },
{ "type": "Feature", "properties": { "osm_id": "12206962311", "code": 2401, "fclass": "hotel", "name": "Pension Matza" }, "geometry": { "type": "Point", "coordinates": [ 7.9898337, 46.3159203 ] } },
{ "type": "Feature", "properties": { "osm_id": "12246280989", "code": 2401, "fclass": "hotel", "name": "Postresidenz am See" }, "geometry": { "type": "Point", "coordinates": [ 9.6794611, 46.7827847 ] } },
{ "type": "Feature", "properties": { "osm_id": "12277285001", "code": 2401, "fclass": "hotel", "name": null }, "geometry": { "type": "Point", "coordinates": [ 9.8236641, 46.7939513 ] } },
{ "type": "Feature", "properties": { "osm_id": "12285033790", "code": 2401, "fclass": "hotel", "name": "Casa Giovanoli" }, "geometry": { "type": "Point", "coordinates": [ 9.4415244, 46.7620501 ] } },
{ "type": "Feature", "properties": { "osm_id": "12285037716", "code": 2401, "fclass": "hotel", "name": "Grand Hotel Surselva" }, "geometry": { "type": "Point", "coordinates": [ 9.2912617, 46.8262983 ] } },
{ "type": "Feature", "properties": { "osm_id": "12364477088", "code": 2401, "fclass": "hotel", "name": "Ava" }, "geometry": { "type": "Point", "coordinates": [ 8.194885, 47.1157249 ] } },
{ "type": "Feature", "properties": { "osm_id": "12385371413", "code": 2401, "fclass": "hotel", "name": "Hotel Beausite" }, "geometry": { "type": "Point", "coordinates": [ 7.5922774, 46.2230168 ] } },
{ "type": "Feature", "properties": { "osm_id": "12424516303", "code": 2401, "fclass": "hotel", "name": "B&B Château de Denens" }, "geometry": { "type": "Point", "coordinates": [ 6.4588078, 46.5176359 ] } },
{ "type": "Feature", "properties": { "osm_id": "12441700632", "code": 2401, "fclass": "hotel", "name": "Ca' Nani" }, "geometry": { "type": "Point", "coordinates": [ 9.0368128, 45.890299 ] } },
{ "type": "Feature", "properties": { "osm_id": "12441705945", "code": 2401, "fclass": "hotel", "name": "Osteria Manciana" }, "geometry": { "type": "Point", "coordinates": [ 9.0387416, 45.9214689 ] } },
{ "type": "Feature", "properties": { "osm_id": "12441718336", "code": 2401, "fclass": "hotel", "name": "Momò Bellavista" }, "geometry": { "type": "Point", "coordinates": [ 9.0044507, 45.9094637 ] } },
{ "type": "Feature", "properties": { "osm_id": "12458609043", "code": 2401, "fclass": "hotel", "name": "Banana City" }, "geometry": { "type": "Point", "coordinates": [ 8.7255179, 47.5040452 ] } },
{ "type": "Feature", "properties": { "osm_id": "12458969668", "code": 2401, "fclass": "hotel", "name": "Lodge Brocco e Posta" }, "geometry": { "type": "Point", "coordinates": [ 9.1918005, 46.4628555 ] } },
{ "type": "Feature", "properties": { "osm_id": "12458969669", "code": 2401, "fclass": "hotel", "name": "Hotel Brocco & Posta" }, "geometry": { "type": "Point", "coordinates": [ 9.1917853, 46.4625234 ] } },
{ "type": "Feature", "properties": { "osm_id": "12459526152", "code": 2401, "fclass": "hotel", "name": "2places" }, "geometry": { "type": "Point", "coordinates": [ 7.6557702, 47.5971737 ] } },
{ "type": "Feature", "properties": { "osm_id": "12461012436", "code": 2401, "fclass": "hotel", "name": "Aparthotel" }, "geometry": { "type": "Point", "coordinates": [ 9.189355, 46.4629912 ] } },
{ "type": "Feature", "properties": { "osm_id": "12474270471", "code": 2401, "fclass": "hotel", "name": null }, "geometry": { "type": "Point", "coordinates": [ 6.7021129, 47.0372367 ] } },
{ "type": "Feature", "properties": { "osm_id": "12540698501", "code": 2401, "fclass": "hotel", "name": "Olympiasieger" }, "geometry": { "type": "Point", "coordinates": [ 7.9176964, 46.6077815 ] } },
{ "type": "Feature", "properties": { "osm_id": "12544092101", "code": 2401, "fclass": "hotel", "name": "Residence Inn" }, "geometry": { "type": "Point", "coordinates": [ 6.121218, 46.2210795 ] } },
{ "type": "Feature", "properties": { "osm_id": "12550938786", "code": 2401, "fclass": "hotel", "name": "Rütli" }, "geometry": { "type": "Point", "coordinates": [ 8.8544282, 47.2600123 ] } },
{ "type": "Feature", "properties": { "osm_id": "12613624044", "code": 2401, "fclass": "hotel", "name": "LE WHITE" }, "geometry": { "type": "Point", "coordinates": [ 6.8753969, 46.1821446 ] } },
{ "type": "Feature", "properties": { "osm_id": "12632964501", "code": 2401, "fclass": "hotel", "name": "Hôtel des Muverans" }, "geometry": { "type": "Point", "coordinates": [ 7.1685655, 46.2019014 ] } },
{ "type": "Feature", "properties": { "osm_id": "12651907378", "code": 2401, "fclass": "hotel", "name": "San Jon" }, "geometry": { "type": "Point", "coordinates": [ 10.3091306, 46.786158 ] } },
{ "type": "Feature", "properties": { "osm_id": "12656932992", "code": 2401, "fclass": "hotel", "name": "Sedartis Forum" }, "geometry": { "type": "Point", "coordinates": [ 8.5655989, 47.2953669 ] } },
{ "type": "Feature", "properties": { "osm_id": "12665428657", "code": 2401, "fclass": "hotel", "name": "Zleep Hotel" }, "geometry": { "type": "Point", "coordinates": [ 6.5730884, 46.5321562 ] } },
{ "type": "Feature", "properties": { "osm_id": "12682009816", "code": 2401, "fclass": "hotel", "name": "Frutt Family Lodge" }, "geometry": { "type": "Point", "coordinates": [ 8.2683573, 46.7730696 ] } },
{ "type": "Feature", "properties": { "osm_id": "12682013016", "code": 2401, "fclass": "hotel", "name": "Frutt Lodge & Spa" }, "geometry": { "type": "Point", "coordinates": [ 8.2702538, 46.774018 ] } },
{ "type": "Feature", "properties": { "osm_id": "12682207861", "code": 2401, "fclass": "hotel", "name": "Frutt Living" }, "geometry": { "type": "Point", "coordinates": [ 8.2673995, 46.7753796 ] } },
{ "type": "Feature", "properties": { "osm_id": "12698723278", "code": 2401, "fclass": "hotel", "name": "Hôtel diplomate" }, "geometry": { "type": "Point", "coordinates": [ 6.1598959, 46.2002523 ] } },
{ "type": "Feature", "properties": { "osm_id": "12704442471", "code": 2401, "fclass": "hotel", "name": "Restaurant und Hotel Weiss Kreuz" }, "geometry": { "type": "Point", "coordinates": [ 9.5761507, 46.9825474 ] } },
{ "type": "Feature", "properties": { "osm_id": "12712986302", "code": 2401, "fclass": "hotel", "name": "Hotel Locanda dei Mulini" }, "geometry": { "type": "Point", "coordinates": [ 8.9843692, 45.8466098 ] } },
{ "type": "Feature", "properties": { "osm_id": "12736246455", "code": 2401, "fclass": "hotel", "name": "ILGE" }, "geometry": { "type": "Point", "coordinates": [ 9.4503214, 47.0235354 ] } },
{ "type": "Feature", "properties": { "osm_id": "12744982867", "code": 2401, "fclass": "hotel", "name": "La Romantica" }, "geometry": { "type": "Point", "coordinates": [ 8.9540215, 45.9533064 ] } },
{ "type": "Feature", "properties": { "osm_id": "12748577941", "code": 2401, "fclass": "hotel", "name": "Hotel City" }, "geometry": { "type": "Point", "coordinates": [ 7.7761885, 46.0673929 ] } },
{ "type": "Feature", "properties": { "osm_id": "12804110173", "code": 2401, "fclass": "hotel", "name": "Drachenburg" }, "geometry": { "type": "Point", "coordinates": [ 9.1348082, 47.664174 ] } },
{ "type": "Feature", "properties": { "osm_id": "12805719360", "code": 2401, "fclass": "hotel", "name": "Hotel Serpiano" }, "geometry": { "type": "Point", "coordinates": [ 8.9284896, 45.912001 ] } },
{ "type": "Feature", "properties": { "osm_id": "12812206489", "code": 2401, "fclass": "hotel", "name": "Ramada La Palma au Lac" }, "geometry": { "type": "Point", "coordinates": [ 8.8051145, 46.1716805 ] } },
{ "type": "Feature", "properties": { "osm_id": "12820341601", "code": 2401, "fclass": "hotel", "name": "Hôtel - Restaurant Le Vieux Chalet" }, "geometry": { "type": "Point", "coordinates": [ 7.140093, 46.6180451 ] } },
{ "type": "Feature", "properties": { "osm_id": "12846554172", "code": 2401, "fclass": "hotel", "name": "Madrisa Lodge" }, "geometry": { "type": "Point", "coordinates": [ 9.8764828, 46.8830702 ] } },
{ "type": "Feature", "properties": { "osm_id": "12871627502", "code": 2401, "fclass": "hotel", "name": "Hôtel de l'Ours" }, "geometry": { "type": "Point", "coordinates": [ 7.3742832, 47.3616289 ] } },
{ "type": "Feature", "properties": { "osm_id": "12873703247", "code": 2401, "fclass": "hotel", "name": "Crusch Alba" }, "geometry": { "type": "Point", "coordinates": [ 10.0914793, 46.6993336 ] } },
{ "type": "Feature", "properties": { "osm_id": "12873703251", "code": 2401, "fclass": "hotel", "name": "Hotel Pizzeria Selva" }, "geometry": { "type": "Point", "coordinates": [ 10.0985568, 46.6965327 ] } },
{ "type": "Feature", "properties": { "osm_id": "12873703252", "code": 2401, "fclass": "hotel", "name": "Hotel Restaurant Spöl" }, "geometry": { "type": "Point", "coordinates": [ 10.0954706, 46.7002573 ] } },
{ "type": "Feature", "properties": { "osm_id": "12873758085", "code": 2401, "fclass": "hotel", "name": "In Lain Hotel Cadonau" }, "geometry": { "type": "Point", "coordinates": [ 10.0329481, 46.6532372 ] } },
{ "type": "Feature", "properties": { "osm_id": "12877774394", "code": 2401, "fclass": "hotel", "name": "Madulain Lodge" }, "geometry": { "type": "Point", "coordinates": [ 9.9357756, 46.5849076 ] } },
{ "type": "Feature", "properties": { "osm_id": "12879159169", "code": 2401, "fclass": "hotel", "name": "b_smart Motel" }, "geometry": { "type": "Point", "coordinates": [ 9.2837455, 47.5445315 ] } },
{ "type": "Feature", "properties": { "osm_id": "12882986380", "code": 2401, "fclass": "hotel", "name": "Rheinwaldstube" }, "geometry": { "type": "Point", "coordinates": [ 9.2432959, 46.5388588 ] } },
{ "type": "Feature", "properties": { "osm_id": "12919507112", "code": 2401, "fclass": "hotel", "name": "B&B Hotel St. Gallen" }, "geometry": { "type": "Point", "coordinates": [ 9.3952203, 47.4358743 ] } },
{ "type": "Feature", "properties": { "osm_id": "12921990887", "code": 2401, "fclass": "hotel", "name": "Hôtellerie de Châtonneyre" }, "geometry": { "type": "Point", "coordinates": [ 6.8339406, 46.4719954 ] } },
{ "type": "Feature", "properties": { "osm_id": "12923506257", "code": 2401, "fclass": "hotel", "name": "Grotto Pergola" }, "geometry": { "type": "Point", "coordinates": [ 8.8762608, 46.3991816 ] } },
{ "type": "Feature", "properties": { "osm_id": "12952726294", "code": 2401, "fclass": "hotel", "name": "SIGA Guesthouse" }, "geometry": { "type": "Point", "coordinates": [ 8.1386799, 47.0805021 ] } },
{ "type": "Feature", "properties": { "osm_id": "12953528813", "code": 2401, "fclass": "hotel", "name": "Le Rivage \"Chez Monmon\"" }, "geometry": { "type": "Point", "coordinates": [ 6.805511, 46.393693 ] } },
{ "type": "Feature", "properties": { "osm_id": "12960593301", "code": 2401, "fclass": "hotel", "name": "Quellenhof" }, "geometry": { "type": "Point", "coordinates": [ 7.6300523, 46.3771598 ] } },
{ "type": "Feature", "properties": { "osm_id": "12963886501", "code": 2401, "fclass": "hotel", "name": "VisionApartments" }, "geometry": { "type": "Point", "coordinates": [ 7.5937326, 47.5473084 ] } },
{ "type": "Feature", "properties": { "osm_id": "12973076054", "code": 2401, "fclass": "hotel", "name": "Swiss Heidi Hotel" }, "geometry": { "type": "Point", "coordinates": [ 9.5264743, 47.0034582 ] } },
{ "type": "Feature", "properties": { "osm_id": "12980469099", "code": 2401, "fclass": "hotel", "name": "Matterhornblick" }, "geometry": { "type": "Point", "coordinates": [ 7.7474084, 46.0192151 ] } },
{ "type": "Feature", "properties": { "osm_id": "12991117054", "code": 2401, "fclass": "hotel", "name": "La Cabanotel" }, "geometry": { "type": "Point", "coordinates": [ 7.5440076, 46.0660819 ] } },
{ "type": "Feature", "properties": { "osm_id": "12994531502", "code": 2401, "fclass": "hotel", "name": "Sanetsch" }, "geometry": { "type": "Point", "coordinates": [ 7.2675494, 46.3859565 ] } },
{ "type": "Feature", "properties": { "osm_id": "12996125889", "code": 2401, "fclass": "hotel", "name": "Locanda della masseria" }, "geometry": { "type": "Point", "coordinates": [ 8.9604346, 46.0250893 ] } },
{ "type": "Feature", "properties": { "osm_id": "12999644705", "code": 2401, "fclass": "hotel", "name": "Annex Crystal" }, "geometry": { "type": "Point", "coordinates": [ 8.0292073, 46.6248979 ] } },
{ "type": "Feature", "properties": { "osm_id": "13003393630", "code": 2401, "fclass": "hotel", "name": "Hôtel du Glacier" }, "geometry": { "type": "Point", "coordinates": [ 7.4819017, 46.0265002 ] } },
{ "type": "Feature", "properties": { "osm_id": "13004323220", "code": 2401, "fclass": "hotel", "name": "Hohe Lust" }, "geometry": { "type": "Point", "coordinates": [ 9.5710826, 47.4602535 ] } },
{ "type": "Feature", "properties": { "osm_id": "13005258263", "code": 2401, "fclass": "hotel", "name": "Kreuz" }, "geometry": { "type": "Point", "coordinates": [ 7.8999503, 46.8538154 ] } },
{ "type": "Feature", "properties": { "osm_id": "13007388932", "code": 2401, "fclass": "hotel", "name": "National" }, "geometry": { "type": "Point", "coordinates": [ 9.0870345, 47.3007338 ] } },
{ "type": "Feature", "properties": { "osm_id": "13038665913", "code": 2401, "fclass": "hotel", "name": "Bergfreund" }, "geometry": { "type": "Point", "coordinates": [ 7.7918997, 46.1342516 ] } },
{ "type": "Feature", "properties": { "osm_id": "13056349304", "code": 2401, "fclass": "hotel", "name": "Hotel Waaghaus" }, "geometry": { "type": "Point", "coordinates": [ 9.1353732, 47.6641866 ] } },
{ "type": "Feature", "properties": { "osm_id": "13059726005", "code": 2401, "fclass": "hotel", "name": "Landgasthof Roderis" }, "geometry": { "type": "Point", "coordinates": [ 7.5948167, 47.4087283 ] } },
{ "type": "Feature", "properties": { "osm_id": "13069310802", "code": 2401, "fclass": "hotel", "name": "Hotel Beau-Rivage" }, "geometry": { "type": "Point", "coordinates": [ 6.9287924, 46.9889875 ] } },
{ "type": "Feature", "properties": { "osm_id": "13070423901", "code": 2401, "fclass": "hotel", "name": "Hotel De La Paix Lugano" }, "geometry": { "type": "Point", "coordinates": [ 8.9431753, 45.9922738 ] } },
{ "type": "Feature", "properties": { "osm_id": "13075035801", "code": 2401, "fclass": "hotel", "name": "Nash Suites" }, "geometry": { "type": "Point", "coordinates": [ 6.1054101, 46.2266753 ] } },
{ "type": "Feature", "properties": { "osm_id": "13075504576", "code": 2401, "fclass": "hotel", "name": "Holiday Inn" }, "geometry": { "type": "Point", "coordinates": [ 7.361964, 46.2285724 ] } },
{ "type": "Feature", "properties": { "osm_id": "13099185801", "code": 2401, "fclass": "hotel", "name": "Aabach Hotel" }, "geometry": { "type": "Point", "coordinates": [ 8.7895475, 47.3312408 ] } },
{ "type": "Feature", "properties": { "osm_id": "13108887501", "code": 2401, "fclass": "hotel", "name": "Easystay" }, "geometry": { "type": "Point", "coordinates": [ 7.9305588, 46.1107245 ] } },
{ "type": "Feature", "properties": { "osm_id": "13112421547", "code": 2401, "fclass": "hotel", "name": "Il Momento" }, "geometry": { "type": "Point", "coordinates": [ 7.4717304, 46.9538943 ] } },
{ "type": "Feature", "properties": { "osm_id": "13115926101", "code": 2401, "fclass": "hotel", "name": "Hood Hotel" }, "geometry": { "type": "Point", "coordinates": [ 6.1683304, 46.2021887 ] } },
{ "type": "Feature", "properties": { "osm_id": "13121489101", "code": 2401, "fclass": "hotel", "name": "Holiday Inn Express & Suites" }, "geometry": { "type": "Point", "coordinates": [ 7.3621575, 46.2285844 ] } },
{ "type": "Feature", "properties": { "osm_id": "13123176829", "code": 2401, "fclass": "hotel", "name": "Schlössli" }, "geometry": { "type": "Point", "coordinates": [ 7.2367721, 47.1174297 ] } },
{ "type": "Feature", "properties": { "osm_id": "13124469794", "code": 2401, "fclass": "hotel", "name": "Hotel Terminus" }, "geometry": { "type": "Point", "coordinates": [ 9.8730602, 46.5341495 ] } },
{ "type": "Feature", "properties": { "osm_id": "13147697057", "code": 2401, "fclass": "hotel", "name": "Hôtel Balzac" }, "geometry": { "type": "Point", "coordinates": [ 6.1502329, 46.2123457 ] } },
{ "type": "Feature", "properties": { "osm_id": "13157766074", "code": 2401, "fclass": "hotel", "name": "Cristal" }, "geometry": { "type": "Point", "coordinates": [ 9.5049993, 47.0085054 ] } },
{ "type": "Feature", "properties": { "osm_id": "13181185076", "code": 2401, "fclass": "hotel", "name": "Hotel Restaurant Felsenburg" }, "geometry": { "type": "Point", "coordinates": [ 7.6674685, 46.5395426 ] } },
{ "type": "Feature", "properties": { "osm_id": "13188454569", "code": 2401, "fclass": "hotel", "name": "Casa del Ponte" }, "geometry": { "type": "Point", "coordinates": [ 8.9154322, 46.1752317 ] } },
{ "type": "Feature", "properties": { "osm_id": "13190843207", "code": 2401, "fclass": "hotel", "name": "Hotel Schwanen" }, "geometry": { "type": "Point", "coordinates": [ 8.8139178, 47.2261685 ] } },
{ "type": "Feature", "properties": { "osm_id": "13190848664", "code": 2401, "fclass": "hotel", "name": "Hotel Hirschen" }, "geometry": { "type": "Point", "coordinates": [ 8.816152, 47.2256206 ] } },
{ "type": "Feature", "properties": { "osm_id": "13200688950", "code": 2401, "fclass": "hotel", "name": "Hôtel Résidence Cityzen" }, "geometry": { "type": "Point", "coordinates": [ 6.147479, 46.2100657 ] } },
{ "type": "Feature", "properties": { "osm_id": "13200721707", "code": 2401, "fclass": "hotel", "name": "Résidence Rossi" }, "geometry": { "type": "Point", "coordinates": [ 6.1460704, 46.2099286 ] } },
{ "type": "Feature", "properties": { "osm_id": "13232369107", "code": 2401, "fclass": "hotel", "name": "Résidence Universitaire Internationale - Carlton" }, "geometry": { "type": "Point", "coordinates": [ 6.1475408, 46.2148105 ] } },
{ "type": "Feature", "properties": { "osm_id": "13235399062", "code": 2401, "fclass": "hotel", "name": "Dorint" }, "geometry": { "type": "Point", "coordinates": [ 8.8863472, 46.1747964 ] } },
{ "type": "Feature", "properties": { "osm_id": "13253493179", "code": 2401, "fclass": "hotel", "name": "Revier Mountain Lodge" }, "geometry": { "type": "Point", "coordinates": [ 7.9287462, 46.1099456 ] } },
{ "type": "Feature", "properties": { "osm_id": "13253660526", "code": 2401, "fclass": "hotel", "name": "Bären" }, "geometry": { "type": "Point", "coordinates": [ 7.8605845, 46.663774 ] } },
{ "type": "Feature", "properties": { "osm_id": "13255500846", "code": 2401, "fclass": "hotel", "name": "Locanda Turisti" }, "geometry": { "type": "Point", "coordinates": [ 8.6073708, 46.339807 ] } },
{ "type": "Feature", "properties": { "osm_id": "13282627114", "code": 2401, "fclass": "hotel", "name": "N's Hotel - Self-Check-in" }, "geometry": { "type": "Point", "coordinates": [ 7.190427, 46.9710124 ] } },
{ "type": "Feature", "properties": { "osm_id": "13294042601", "code": 2401, "fclass": "hotel", "name": "Swiss Luxury Apartments" }, "geometry": { "type": "Point", "coordinates": [ 6.1489054, 46.2094876 ] } },
{ "type": "Feature", "properties": { "osm_id": "13294890035", "code": 2401, "fclass": "hotel", "name": "Alpenhof" }, "geometry": { "type": "Point", "coordinates": [ 9.5358854, 47.4100926 ] } },
{ "type": "Feature", "properties": { "osm_id": "13337746501", "code": 2401, "fclass": "hotel", "name": "Gasthaus zum Goldenen Kreuz" }, "geometry": { "type": "Point", "coordinates": [ 8.5410409, 47.6121054 ] } },
{ "type": "Feature", "properties": { "osm_id": "13347917927", "code": 2401, "fclass": "hotel", "name": "Stadthotel Tribschen" }, "geometry": { "type": "Point", "coordinates": [ 8.3123858, 47.044044 ] } },
{ "type": "Feature", "properties": { "osm_id": "13353084233", "code": 2401, "fclass": "hotel", "name": "Mews House" }, "geometry": { "type": "Point", "coordinates": [ 8.5386407, 47.3690472 ] } },
{ "type": "Feature", "properties": { "osm_id": "13375789648", "code": 2401, "fclass": "hotel", "name": "Primadom Aparthotel" }, "geometry": { "type": "Point", "coordinates": [ 6.1423296, 46.1941569 ] } },
{ "type": "Feature", "properties": { "osm_id": "13375808466", "code": 2401, "fclass": "hotel", "name": "Starling Hotel Residence" }, "geometry": { "type": "Point", "coordinates": [ 6.1381939, 46.1924137 ] } },
{ "type": "Feature", "properties": { "osm_id": "13376419633", "code": 2401, "fclass": "hotel", "name": "Hôtel Comédie" }, "geometry": { "type": "Point", "coordinates": [ 6.1429378, 46.1968234 ] } },
{ "type": "Feature", "properties": { "osm_id": "13378316299", "code": 2401, "fclass": "hotel", "name": "Hôtel de Genève" }, "geometry": { "type": "Point", "coordinates": [ 6.1401483, 46.2064556 ] } },
{ "type": "Feature", "properties": { "osm_id": "13378359915", "code": 2401, "fclass": "hotel", "name": "Hôtel Les Hauts-de-Rive" }, "geometry": { "type": "Point", "coordinates": [ 6.1559145, 46.1982904 ] } },
{ "type": "Feature", "properties": { "osm_id": "13378421738", "code": 2401, "fclass": "hotel", "name": "Intercity Hotel" }, "geometry": { "type": "Point", "coordinates": [ 6.1025608, 46.2202362 ] } },
{ "type": "Feature", "properties": { "osm_id": "13378472281", "code": 2401, "fclass": "hotel", "name": "Appart-hôtel Nonanteneuf" }, "geometry": { "type": "Point", "coordinates": [ 6.1024793, 46.2186239 ] } },
{ "type": "Feature", "properties": { "osm_id": "13381938409", "code": 2401, "fclass": "hotel", "name": "Floatinn" }, "geometry": { "type": "Point", "coordinates": [ 6.1594482, 46.2084033 ] } },
{ "type": "Feature", "properties": { "osm_id": "13383690074", "code": 2401, "fclass": "hotel", "name": "Hôtel Club Côté Dôle" }, "geometry": { "type": "Point", "coordinates": [ 6.0817963, 46.4467374 ] } },
{ "type": "Feature", "properties": { "osm_id": "13386213480", "code": 2401, "fclass": "hotel", "name": "Hôtel Calvy" }, "geometry": { "type": "Point", "coordinates": [ 6.1575838, 46.200505 ] } },
{ "type": "Feature", "properties": { "osm_id": "13388937119", "code": 2401, "fclass": "hotel", "name": "Centrale" }, "geometry": { "type": "Point", "coordinates": [ 10.0578255, 46.3259418 ] } },
{ "type": "Feature", "properties": { "osm_id": "13391154510", "code": 2401, "fclass": "hotel", "name": "Mountain Lodge" }, "geometry": { "type": "Point", "coordinates": [ 7.8391727, 46.1958728 ] } },
{ "type": "Feature", "properties": { "osm_id": "13391799031", "code": 2401, "fclass": "hotel", "name": "Base Geneva" }, "geometry": { "type": "Point", "coordinates": [ 6.1373531, 46.2092257 ] } },
{ "type": "Feature", "properties": { "osm_id": "13392526667", "code": 2401, "fclass": "hotel", "name": "The Hamlet" }, "geometry": { "type": "Point", "coordinates": [ 6.1493382, 46.1994374 ] } },
{ "type": "Feature", "properties": { "osm_id": "13395831207", "code": 2401, "fclass": "hotel", "name": "Hôtel Dizerens" }, "geometry": { "type": "Point", "coordinates": [ 6.1432885, 46.1927675 ] } },
{ "type": "Feature", "properties": { "osm_id": "13395845924", "code": 2401, "fclass": "hotel", "name": "Hôtel-Résidence Cité-Verdaine" }, "geometry": { "type": "Point", "coordinates": [ 6.1507232, 46.2019158 ] } },
{ "type": "Feature", "properties": { "osm_id": "13397317065", "code": 2401, "fclass": "hotel", "name": "Hotel Cristallina" }, "geometry": { "type": "Point", "coordinates": [ 9.7262397, 46.4204614 ] } },
{ "type": "Feature", "properties": { "osm_id": "13398350819", "code": 2401, "fclass": "hotel", "name": "Hotel Landgasthaus Rössli" }, "geometry": { "type": "Point", "coordinates": [ 9.3158555, 47.3646399 ] } },
{ "type": "Feature", "properties": { "osm_id": "13446597446", "code": 2401, "fclass": "hotel", "name": "Legendär" }, "geometry": { "type": "Point", "coordinates": [ 7.749667, 46.0163824 ] } },
{ "type": "Feature", "properties": { "osm_id": "13459979956", "code": 2401, "fclass": "hotel", "name": "Landgasthof Sommerfeld" }, "geometry": { "type": "Point", "coordinates": [ 9.7081316, 46.9406663 ] } },
{ "type": "Feature", "properties": { "osm_id": "13462161137", "code": 2401, "fclass": "hotel", "name": "Hotel Galenstock" }, "geometry": { "type": "Point", "coordinates": [ 8.4800087, 46.5897272 ] } },
{ "type": "Feature", "properties": { "osm_id": "13506337075", "code": 2401, "fclass": "hotel", "name": "Hotel Fonte dei Fiori" }, "geometry": { "type": "Point", "coordinates": [ 8.8720723, 45.9605696 ] } },
{ "type": "Feature", "properties": { "osm_id": "13521117807", "code": 2401, "fclass": "hotel", "name": "Six Senses Crans-Montana" }, "geometry": { "type": "Point", "coordinates": [ 7.4661882, 46.3097722 ] } },
{ "type": "Feature", "properties": { "osm_id": "13526026072", "code": 2401, "fclass": "hotel", "name": "Hotel Camana" }, "geometry": { "type": "Point", "coordinates": [ 9.291482, 46.6692168 ] } },
{ "type": "Feature", "properties": { "osm_id": "13534222684", "code": 2401, "fclass": "hotel", "name": "Zentrum Rämismühle" }, "geometry": { "type": "Point", "coordinates": [ 8.8277556, 47.4404287 ] } },
{ "type": "Feature", "properties": { "osm_id": "13536130637", "code": 2401, "fclass": "hotel", "name": "Edelweiss" }, "geometry": { "type": "Point", "coordinates": [ 9.6063714, 46.8192503 ] } },
{ "type": "Feature", "properties": { "osm_id": "13551181877", "code": 2401, "fclass": "hotel", "name": "Boutique Hôtel Corbetta · Boutique Hôtel 4 étoiles" }, "geometry": { "type": "Point", "coordinates": [ 6.9447563, 46.5229066 ] } },
{ "type": "Feature", "properties": { "osm_id": "13569588601", "code": 2401, "fclass": "hotel", "name": "Hôtel Sunways" }, "geometry": { "type": "Point", "coordinates": [ 7.0997926, 46.0349643 ] } },
{ "type": "Feature", "properties": { "osm_id": "13595354202", "code": 2401, "fclass": "hotel", "name": "Bodehüttli" }, "geometry": { "type": "Point", "coordinates": [ 7.5583544, 46.4807739 ] } },
{ "type": "Feature", "properties": { "osm_id": "13610529425", "code": 2401, "fclass": "hotel", "name": "Tiffany Hotel" }, "geometry": { "type": "Point", "coordinates": [ 6.1392489, 46.2019968 ] } },
{ "type": "Feature", "properties": { "osm_id": "13640314823", "code": 2401, "fclass": "hotel", "name": "Ai Cav Calanca" }, "geometry": { "type": "Point", "coordinates": [ 9.1141731, 46.2988902 ] } },
{ "type": "Feature", "properties": { "osm_id": "13704952702", "code": 2401, "fclass": "hotel", "name": "Alp Art Hotel" }, "geometry": { "type": "Point", "coordinates": [ 6.9478712, 46.2665861 ] } },
{ "type": "Feature", "properties": { "osm_id": "13728128131", "code": 2401, "fclass": "hotel", "name": "Corippo Albergo Diffuso" }, "geometry": { "type": "Point", "coordinates": [ 8.8405688, 46.2357658 ] } },
{ "type": "Feature", "properties": { "osm_id": "13732197551", "code": 2401, "fclass": "hotel", "name": "Il Castagno" }, "geometry": { "type": "Point", "coordinates": [ 8.8923615, 46.047387 ] } },
{ "type": "Feature", "properties": { "osm_id": "13779292861", "code": 2401, "fclass": "hotel", "name": "Jugendherberge Savognin" }, "geometry": { "type": "Point", "coordinates": [ 9.5910105, 46.5975416 ] } },
{ "type": "Feature", "properties": { "osm_id": "13791961482", "code": 2401, "fclass": "hotel", "name": "Ibis Budget" }, "geometry": { "type": "Point", "coordinates": [ 7.1504775, 46.8239632 ] } },
{ "type": "Feature", "properties": { "osm_id": "13799649638", "code": 2401, "fclass": "hotel", "name": "Omnium Sport Hotel" }, "geometry": { "type": "Point", "coordinates": [ 7.4054686, 47.1850864 ] } },
{ "type": "Feature", "properties": { "osm_id": "13829082624", "code": 2401, "fclass": "hotel", "name": "Seminarhotel Bocken" }, "geometry": { "type": "Point", "coordinates": [ 8.6111162, 47.2431198 ] } },
{ "type": "Feature", "properties": { "osm_id": "13841796913", "code": 2401, "fclass": "hotel", "name": "Hotel Silserhof" }, "geometry": { "type": "Point", "coordinates": [ 9.7600751, 46.4314725 ] } },
{ "type": "Feature", "properties": { "osm_id": "13841796914", "code": 2401, "fclass": "hotel", "name": "Hotel Maria" }, "geometry": { "type": "Point", "coordinates": [ 9.7656796, 46.4315178 ] } },
{ "type": "Feature", "properties": { "osm_id": "13841796965", "code": 2401, "fclass": "hotel", "name": "Alvetern" }, "geometry": { "type": "Point", "coordinates": [ 9.7648743, 46.429066 ] } },
{ "type": "Feature", "properties": { "osm_id": "13841796966", "code": 2401, "fclass": "hotel", "name": "Edelweiss" }, "geometry": { "type": "Point", "coordinates": [ 9.7647462, 46.4292805 ] } },
{ "type": "Feature", "properties": { "osm_id": "13841796967", "code": 2401, "fclass": "hotel", "name": "Hotel Post" }, "geometry": { "type": "Point", "coordinates": [ 9.7652759, 46.4296784 ] } },
{ "type": "Feature", "properties": { "osm_id": "13841797034", "code": 2401, "fclass": "hotel", "name": "Hotel Waldhaus" }, "geometry": { "type": "Point", "coordinates": [ 9.7610897, 46.4283404 ] } },
{ "type": "Feature", "properties": { "osm_id": "13841797035", "code": 2401, "fclass": "hotel", "name": "Schweizerhof" }, "geometry": { "type": "Point", "coordinates": [ 9.7627205, 46.4284037 ] } },
{ "type": "Feature", "properties": { "osm_id": "13858671101", "code": 2401, "fclass": "hotel", "name": "Hôtel Hōtā" }, "geometry": { "type": "Point", "coordinates": [ 6.9987041, 47.1513106 ] } },
{ "type": "Feature", "properties": { "osm_id": "13885203753", "code": 2401, "fclass": "hotel", "name": "Bären" }, "geometry": { "type": "Point", "coordinates": [ 7.7404117, 46.9865109 ] } },
{ "type": "Feature", "properties": { "osm_id": "13891069651", "code": 2401, "fclass": "hotel", "name": "Postigliun" }, "geometry": { "type": "Point", "coordinates": [ 9.1116562, 46.7833882 ] } },
{ "type": "Feature", "properties": { "osm_id": "13893738710", "code": 2401, "fclass": "hotel", "name": "Ustria Tödi" }, "geometry": { "type": "Point", "coordinates": [ 9.065949, 46.7668769 ] } },
{ "type": "Feature", "properties": { "osm_id": "13893944045", "code": 2401, "fclass": "hotel", "name": "Aparthotel Beinwil am See" }, "geometry": { "type": "Point", "coordinates": [ 8.2013305, 47.2745665 ] } },
{ "type": "Feature", "properties": { "osm_id": "13894123801", "code": 2401, "fclass": "hotel", "name": "Hôtel de la Rose" }, "geometry": { "type": "Point", "coordinates": [ 7.1612554, 46.80656 ] } },
{ "type": "Feature", "properties": { "osm_id": "13900454972", "code": 2401, "fclass": "hotel", "name": "Hotel Vincenz" }, "geometry": { "type": "Point", "coordinates": [ 9.0621245, 46.7695159 ] } },
{ "type": "Feature", "properties": { "osm_id": "13900734748", "code": 2401, "fclass": "hotel", "name": "@HOME" }, "geometry": { "type": "Point", "coordinates": [ 8.8059148, 46.1741254 ] } },
{ "type": "Feature", "properties": { "osm_id": "13923154702", "code": 2401, "fclass": "hotel", "name": "Hotel Bellevue Venthône" }, "geometry": { "type": "Point", "coordinates": [ 7.529351, 46.3055506 ] } },
{ "type": "Feature", "properties": { "osm_id": "13937825592", "code": 2401, "fclass": "hotel", "name": "Il Fiore" }, "geometry": { "type": "Point", "coordinates": [ 9.4409895, 47.5033669 ] } },
{ "type": "Feature", "properties": { "osm_id": "13939022666", "code": 2401, "fclass": "hotel", "name": "Griesalp Hotels - Hotel Berghaus" }, "geometry": { "type": "Point", "coordinates": [ 7.7616368, 46.5473027 ] } },
{ "type": "Feature", "properties": { "osm_id": "13939022667", "code": 2401, "fclass": "hotel", "name": "Griesalp Hotels - Hotel Rastpintli" }, "geometry": { "type": "Point", "coordinates": [ 7.7622942, 46.5478706 ] } },
{ "type": "Feature", "properties": { "osm_id": "13939022669", "code": 2401, "fclass": "hotel", "name": "Griesalp Hotels - Kurhaus Hohthürli" }, "geometry": { "type": "Point", "coordinates": [ 7.7615393, 46.5475902 ] } },
{ "type": "Feature", "properties": { "osm_id": "13949223501", "code": 2401, "fclass": "hotel", "name": "The Freddie Mercury Hotel" }, "geometry": { "type": "Point", "coordinates": [ 6.9116955, 46.4338236 ] } },
{ "type": "Feature", "properties": { "osm_id": "13949459564", "code": 2401, "fclass": "hotel", "name": "Walserhuus" }, "geometry": { "type": "Point", "coordinates": [ 9.8495218, 46.7206714 ] } },
{ "type": "Feature", "properties": { "osm_id": "13955376172", "code": 2401, "fclass": "hotel", "name": "Hotel Restaurant Schwanen" }, "geometry": { "type": "Point", "coordinates": [ 7.9704925, 47.2426371 ] } },
{ "type": "Feature", "properties": { "osm_id": "13959171152", "code": 2401, "fclass": "hotel", "name": "Sonnenhalde" }, "geometry": { "type": "Point", "coordinates": [ 9.7169785, 46.7093397 ] } },
{ "type": "Feature", "properties": { "osm_id": "13959207155", "code": 2401, "fclass": "hotel", "name": "Hotel Bellevue Wiesen" }, "geometry": { "type": "Point", "coordinates": [ 9.7131115, 46.703094 ] } },
{ "type": "Feature", "properties": { "osm_id": "13962582597", "code": 2401, "fclass": "hotel", "name": "Pension Gambrinus" }, "geometry": { "type": "Point", "coordinates": [ 9.6023503, 47.4515479 ] } },
{ "type": "Feature", "properties": { "osm_id": "13970938501", "code": 2401, "fclass": "hotel", "name": null }, "geometry": { "type": "Point", "coordinates": [ 8.847157, 46.6709988 ] } },
{ "type": "Feature", "properties": { "osm_id": "13987450846", "code": 2401, "fclass": "hotel", "name": "La Senda" }, "geometry": { "type": "Point", "coordinates": [ 9.9501916, 46.5959949 ] } },
{ "type": "Feature", "properties": { "osm_id": "13995180502", "code": 2401, "fclass": "hotel", "name": "Hotel Berghof Amaranth" }, "geometry": { "type": "Point", "coordinates": [ 7.8565963, 46.6647377 ] } },
{ "type": "Feature", "properties": { "osm_id": "14017059147", "code": 2401, "fclass": "hotel", "name": "1802" }, "geometry": { "type": "Point", "coordinates": [ 8.6751318, 47.6852687 ] } },
{ "type": "Feature", "properties": { "osm_id": "14021637188", "code": 2401, "fclass": "hotel", "name": "Zum Alten Schweizer" }, "geometry": { "type": "Point", "coordinates": [ 7.1581491, 47.0953606 ] } }
]
}
