{
  "type": "FeatureCollection",
  "generator": "overpass-turbo",
  "copyright": "The data included in this document is from www.openstreetmap.org. The data is made available under ODbL.",
  "timestamp": "2026-07-20T16:24:04Z",
  "features": [
    {
      "type": "Feature",
      "properties": {
        "@id": "relation/9067909",
        "name": "Heimwehflubbahn",
        "route": "railway",
        "type": "route"
      },
      "geometry": {
        "type": "MultiLineString",
        "coordinates": [
          [
            [
              7.8506895,
              46.6763609
            ],
            [
              7.8507311,
              46.6764591
            ],
            [
              7.8508767,
              46.6767008
            ],
            [
              7.8509572,
              46.6767976
            ],
            [
              7.85093,
              46.6766952
            ],
            [
              7.8507785,
              46.6764428
            ],
            [
              7.8506895,
              46.6763609
            ],
            [
              7.8504004,
              46.6759209
            ],
            [
              7.8503473,
              46.6758566
            ]
          ],
          [
            [
              7.8512435,
              46.677239
            ],
            [
              7.8512031,
              46.6771615
            ],
            [
              7.8509572,
              46.6767976
            ]
          ]
        ]
      },
      "id": "relation/9067909"
    },
    {
      "type": "Feature",
      "properties": {
        "@id": "relation/14551144",
        "from": "Eigergletscher",
        "name": "Eigergletscher ↔ Jungfraujoch",
        "network": "Jungfraubahn",
        "operator": "JB",
        "route": "railway",
        "to": "Jungfraujoch",
        "type": "route",
        "via": "Rotstock;Eigerwand;Eismeer"
      },
      "geometry": {
        "type": "MultiLineString",
        "coordinates": [
          [
            [
              7.9741693,
              46.5750403
            ],
            [
              7.9751928,
              46.5748486
            ],
            [
              7.9751876,
              46.5748327
            ],
            [
              7.9747394,
              46.5749167
            ],
            [
              7.9741627,
              46.5750249
            ],
            [
              7.9741693,
              46.5750403
            ]
          ],
          [
            [
              7.9741629,
              46.5750471
            ],
            [
              7.9747275,
              46.5749413
            ],
            [
              7.9752171,
              46.5748495
            ],
            [
              7.9752904,
              46.5748317
            ],
            [
              7.9753492,
              46.5748116
            ],
            [
              7.9754094,
              46.5747865
            ],
            [
              7.9755129,
              46.5747405
            ],
            [
              7.9755951,
              46.5747091
            ],
            [
              7.975678,
              46.5746815
            ],
            [
              7.9757518,
              46.5746626
            ],
            [
              7.9758348,
              46.5746461
            ],
            [
              7.9759243,
              46.5746326
            ],
            [
              7.9760169,
              46.5746248
            ],
            [
              7.9760955,
              46.5746212
            ],
            [
              7.9761602,
              46.5746216
            ],
            [
              7.9762057,
              46.5746232
            ],
            [
              7.9762653,
              46.5746275
            ],
            [
              7.97637,
              46.5746402
            ],
            [
              7.9764887,
              46.5746652
            ],
            [
              7.9766172,
              46.5747055
            ],
            [
              7.9767749,
              46.5747611
            ],
            [
              7.9769328,
              46.5748263
            ],
            [
              7.9769816,
              46.5748522
            ],
            [
              7.9772192,
              46.5749818
            ],
            [
              7.9773659,
              46.5750499
            ],
            [
              7.9775016,
              46.5750953
            ],
            [
              7.9808328,
              46.5760258
            ],
            [
              7.9842112,
              46.5770673
            ],
            [
              7.9850606,
              46.5772736
            ],
            [
              7.9864358,
              46.5775565
            ],
            [
              7.9936116,
              46.5785857
            ],
            [
              7.996643,
              46.5790272
            ],
            [
              7.9981346,
              46.579347
            ],
            [
              7.9995873,
              46.5797389
            ],
            [
              8.0009439,
              46.5801845
            ],
            [
              8.0022372,
              46.5806583
            ],
            [
              8.0035685,
              46.5811539
            ],
            [
              8.0041845,
              46.5813885
            ],
            [
              8.0045173,
              46.5814942
            ],
            [
              8.0050018,
              46.5815935
            ],
            [
              8.0055952,
              46.5816161
            ],
            [
              8.0061724,
              46.5815688
            ],
            [
              8.0067906,
              46.5814017
            ],
            [
              8.0072653,
              46.5811268
            ],
            [
              8.0076218,
              46.5808234
            ],
            [
              8.007822,
              46.580656
            ],
            [
              8.0080832,
              46.5801734
            ],
            [
              8.0085533,
              46.578965
            ],
            [
              8.0103455,
              46.5738014
            ],
            [
              8.0104601,
              46.5733842
            ],
            [
              8.0104852,
              46.5732014
            ],
            [
              8.0104801,
              46.5729951
            ],
            [
              8.0104516,
              46.5728854
            ],
            [
              8.0104133,
              46.5727891
            ],
            [
              8.0102027,
              46.5723395
            ],
            [
              8.0100155,
              46.5717848
            ],
            [
              8.009649,
              46.5707253
            ],
            [
              8.0093613,
              46.5703293
            ],
            [
              7.9926629,
              46.5552048
            ],
            [
              7.9890362,
              46.5518818
            ],
            [
              7.9882297,
              46.5495495
            ],
            [
              7.9881443,
              46.5493925
            ],
            [
              7.987997,
              46.5492315
            ],
            [
              7.9877522,
              46.5490185
            ],
            [
              7.9860567,
              46.5479446
            ],
            [
              7.9857585,
              46.5476676
            ],
            [
              7.9855673,
              46.5475563
            ],
            [
              7.9852739,
              46.5474837
            ],
            [
              7.9848599,
              46.5474069
            ],
            [
              7.9843753,
              46.5474004
            ],
            [
              7.983767,
              46.5474061
            ],
            [
              7.9836675,
              46.5474156
            ],
            [
              7.9835945,
              46.5474292
            ],
            [
              7.9835227,
              46.5474494
            ],
            [
              7.9833608,
              46.547502
            ],
            [
              7.9832898,
              46.5475168
            ],
            [
              7.9832109,
              46.5475255
            ],
            [
              7.982857,
              46.5475415
            ],
            [
              7.9822196,
              46.5475667
            ]
          ]
        ]
      },
      "id": "relation/14551144"
    },
    {
      "type": "Feature",
      "properties": {
        "@id": "way/155287178",
        "aerialway": "station",
        "building": "transportation",
        "building:levels": "2",
        "ele": "1955",
        "name": "Schreckfeld",
        "network": "Jungfraubahnen",
        "operator": "BGF",
        "public_transport": "station",
        "roof:levels": "0",
        "uic_name": "Schreckfeld (Firstbahn)",
        "uic_ref": "8507351",
        "wheelchair": "limited"
      },
      "geometry": {
        "type": "Polygon",
        "coordinates": [
          [
            [
              8.0648814,
              46.6583142
            ],
            [
              8.065115,
              46.6581829
            ],
            [
              8.0654114,
              46.6584743
            ],
            [
              8.0653578,
              46.658568
            ],
            [
              8.064971,
              46.6586169
            ],
            [
              8.0649233,
              46.6584379
            ],
            [
              8.0650097,
              46.658427
            ],
            [
              8.0648814,
              46.6583142
            ]
          ]
        ]
      },
      "id": "way/155287178"
    },
    {
      "type": "Feature",
      "properties": {
        "@id": "way/230464616",
        "aerialway": "yes",
        "area": "yes",
        "indoor": "yes",
        "name": "Grütschalp",
        "public_transport": "platform",
        "railway": "platform"
      },
      "geometry": {
        "type": "Polygon",
        "coordinates": [
          [
            [
              7.8909277,
              46.5965517
            ],
            [
              7.8909375,
              46.5965195
            ],
            [
              7.891124,
              46.5965433
            ],
            [
              7.8911102,
              46.5965911
            ],
            [
              7.8909222,
              46.5965663
            ],
            [
              7.8909277,
              46.5965517
            ]
          ]
        ]
      },
      "id": "way/230464616"
    },
    {
      "type": "Feature",
      "properties": {
        "@id": "way/230551213",
        "aerialway": "yes",
        "bench": "yes",
        "bin": "yes",
        "indoor": "yes",
        "name": "Lauterbrunnen",
        "public_transport": "platform",
        "railway": "platform",
        "tactile_paving": "no"
      },
      "geometry": {
        "type": "Polygon",
        "coordinates": [
          [
            [
              7.9070946,
              46.5987444
            ],
            [
              7.9071025,
              46.5987153
            ],
            [
              7.9072955,
              46.5987401
            ],
            [
              7.9072877,
              46.5987691
            ],
            [
              7.9070946,
              46.5987444
            ]
          ]
        ]
      },
      "id": "way/230551213"
    },
    {
      "type": "Feature",
      "properties": {
        "@id": "way/816936527",
        "aerialway": "station",
        "building": "yes",
        "building:levels": "1",
        "height": "7",
        "name": "Skyline View Platform",
        "public_transport": "station"
      },
      "geometry": {
        "type": "Polygon",
        "coordinates": [
          [
            [
              7.8346371,
              46.5574398
            ],
            [
              7.8346008,
              46.5574037
            ],
            [
              7.8345934,
              46.5573648
            ],
            [
              7.8346148,
              46.5573277
            ],
            [
              7.8346603,
              46.5573
            ],
            [
              7.8347149,
              46.5572961
            ],
            [
              7.834754,
              46.5573038
            ],
            [
              7.8349016,
              46.5572294
            ],
            [
              7.834998,
              46.5572482
            ],
            [
              7.8350006,
              46.557243
            ],
            [
              7.835013,
              46.5572187
            ],
            [
              7.8349585,
              46.5572076
            ],
            [
              7.8349636,
              46.5571963
            ],
            [
              7.8349678,
              46.5571883
            ],
            [
              7.8349699,
              46.5571842
            ],
            [
              7.835013,
              46.5571937
            ],
            [
              7.8350467,
              46.5571642
            ],
            [
              7.8351169,
              46.5571341
            ],
            [
              7.8351845,
              46.5571244
            ],
            [
              7.8352582,
              46.5571323
            ],
            [
              7.835325,
              46.5571549
            ],
            [
              7.8353696,
              46.5571895
            ],
            [
              7.835408,
              46.5572508
            ],
            [
              7.8354954,
              46.5572677
            ],
            [
              7.8354551,
              46.557356
            ],
            [
              7.8354088,
              46.5573471
            ],
            [
              7.8353781,
              46.5573596
            ],
            [
              7.8353539,
              46.5573703
            ],
            [
              7.8354126,
              46.5573825
            ],
            [
              7.8353931,
              46.557425
            ],
            [
              7.8353289,
              46.5574119
            ],
            [
              7.8353353,
              46.5573961
            ],
            [
              7.8353058,
              46.5573906
            ],
            [
              7.8352885,
              46.5574286
            ],
            [
              7.835149,
              46.5574017
            ],
            [
              7.8351394,
              46.5574284
            ],
            [
              7.8350882,
              46.5574175
            ],
            [
              7.8351042,
              46.5573796
            ],
            [
              7.8351374,
              46.5573909
            ],
            [
              7.8351904,
              46.5573972
            ],
            [
              7.8352437,
              46.5573928
            ],
            [
              7.835293,
              46.5573781
            ],
            [
              7.8353342,
              46.5573543
            ],
            [
              7.8353628,
              46.5573249
            ],
            [
              7.8353807,
              46.5572812
            ],
            [
              7.8353787,
              46.5572469
            ],
            [
              7.8353521,
              46.5571999
            ],
            [
              7.8353085,
              46.5571673
            ],
            [
              7.8352513,
              46.5571468
            ],
            [
              7.8351874,
              46.5571409
            ],
            [
              7.8351319,
              46.5571484
            ],
            [
              7.8350698,
              46.557174
            ],
            [
              7.8350303,
              46.5572089
            ],
            [
              7.8350105,
              46.5572509
            ],
            [
              7.8350124,
              46.5572949
            ],
            [
              7.8350225,
              46.5573177
            ],
            [
              7.8349192,
              46.5572986
            ],
            [
              7.8348113,
              46.5573562
            ],
            [
              7.8348188,
              46.557386
            ],
            [
              7.8347952,
              46.5574265
            ],
            [
              7.8347482,
              46.5574484
            ],
            [
              7.8346905,
              46.5574529
            ],
            [
              7.8346371,
              46.5574398
            ]
          ]
        ]
      },
      "id": "way/816936527"
    },
    {
      "type": "Feature",
      "properties": {
        "@id": "way/1338563085",
        "aerialway": "station",
        "aerialway:access": "both",
        "aerialway:summer:access": "both",
        "ele": "2171",
        "name": "First",
        "network": "Jungfraubahnen",
        "operator": "BGF",
        "public_transport": "station",
        "source": "Bundesamt für Verkehr (BAV), DIDOK 2015",
        "uic_name": "First (Grindelwald)",
        "uic_ref": "8507354",
        "wheelchair": "limited"
      },
      "geometry": {
        "type": "Polygon",
        "coordinates": [
          [
            [
              8.053662,
              46.6599567
            ],
            [
              8.0536242,
              46.6598124
            ],
            [
              8.0539022,
              46.6597781
            ],
            [
              8.0539399,
              46.6599225
            ],
            [
              8.053662,
              46.6599567
            ]
          ]
        ]
      },
      "id": "way/1338563085"
    },
    {
      "type": "Feature",
      "properties": {
        "@id": "way/1342532",
        "highway": "tertiary",
        "lanes": "2",
        "maxspeed": "60",
        "name": "Untere Bönigstrasse",
        "name:etymology:wikidata": "Q65502",
        "ref": "1122",
        "shoulder": "no",
        "surface": "asphalt"
      },
      "geometry": {
        "type": "LineString",
        "coordinates": [
          [
            7.8832212,
            46.6888889
          ],
          [
            7.8830978,
            46.6889096
          ],
          [
            7.8829561,
            46.6889345
          ],
          [
            7.8824947,
            46.689016
          ],
          [
            7.8821338,
            46.6890879
          ],
          [
            7.8817881,
            46.6891657
          ],
          [
            7.8810507,
            46.6893179
          ],
          [
            7.8808001,
            46.6893675
          ],
          [
            7.8805729,
            46.6894043
          ],
          [
            7.8803522,
            46.6894277
          ],
          [
            7.8802751,
            46.6894307
          ],
          [
            7.8801156,
            46.6894304
          ],
          [
            7.8799927,
            46.6894255
          ],
          [
            7.8798686,
            46.6894137
          ],
          [
            7.8798308,
            46.6894101
          ]
        ]
      },
      "id": "way/1342532"
    },
    {
      "type": "Feature",
      "properties": {
        "@id": "way/4539910",
        "destination:forward": "Beatenberg;Habkern;Unterseen",
        "highway": "secondary",
        "lanes": "2",
        "maxspeed": "60",
        "name": "Seestrasse",
        "ref": "221",
        "shoulder": "no",
        "sidewalk:left": "yes",
        "sidewalk:right": "no",
        "surface": "asphalt"
      },
      "geometry": {
        "type": "LineString",
        "coordinates": [
          [
            7.826881,
            46.6806412
          ],
          [
            7.8279442,
            46.6807168
          ],
          [
            7.8282462,
            46.6807283
          ],
          [
            7.8284369,
            46.6807263
          ],
          [
            7.8286556,
            46.680724
          ],
          [
            7.8290352,
            46.6807199
          ],
          [
            7.8291114,
            46.6807191
          ],
          [
            7.8299532,
            46.6807189
          ],
          [
            7.8302014,
            46.6807072
          ],
          [
            7.8304163,
            46.6806865
          ],
          [
            7.8308009,
            46.6806494
          ],
          [
            7.8309486,
            46.6806408
          ],
          [
            7.8310871,
            46.6806376
          ],
          [
            7.8325681,
            46.6806487
          ],
          [
            7.8326406,
            46.6806513
          ],
          [
            7.8329616,
            46.6806663
          ],
          [
            7.833938,
            46.6807357
          ],
          [
            7.8345531,
            46.6807795
          ],
          [
            7.8353092,
            46.6808299
          ],
          [
            7.8358324,
            46.6808648
          ]
        ]
      },
      "id": "way/4539910"
    },
    {
      "type": "Feature",
      "properties": {
        "@id": "way/4539920",
        "bridge": "yes",
        "cycleway:both": "no",
        "highway": "secondary",
        "lanes": "2",
        "layer": "1",
        "lit": "yes",
        "maxspeed": "50",
        "maxweight:signed": "no",
        "name": "Bahnhofstrasse",
        "ref": "221",
        "sidewalk": "both",
        "surface": "asphalt"
      },
      "geometry": {
        "type": "LineString",
        "coordinates": [
          [
            7.8501937,
            46.6844099
          ],
          [
            7.8503856,
            46.6843332
          ]
        ]
      },
      "id": "way/4539920"
    },
    {
      "type": "Feature",
      "properties": {
        "@id": "way/4801429",
        "bridge": "yes",
        "cycleway:both": "lane",
        "cycleway:both:lane": "advisory",
        "highway": "secondary",
        "lane_markings": "yes",
        "layer": "1",
        "maxspeed": "60",
        "name": "Gsteigstrasse",
        "oneway": "yes",
        "ref": "221",
        "surface": "asphalt"
      },
      "geometry": {
        "type": "LineString",
        "coordinates": [
          [
            7.8678184,
            46.6718387
          ],
          [
            7.8676407,
            46.6722244
          ]
        ]
      },
      "id": "way/4801429"
    },
    {
      "type": "Feature",
      "properties": {
        "@id": "way/8066082",
        "cycleway:both": "no",
        "highway": "primary",
        "lanes": "2",
        "lit": "yes",
        "maxspeed": "50",
        "name": "Waldeggstrasse",
        "oneway": "no",
        "parking:both": "no",
        "ref": "6;11",
        "sidewalk": "right",
        "surface": "asphalt"
      },
      "geometry": {
        "type": "LineString",
        "coordinates": [
          [
            7.8566227,
            46.6803525
          ],
          [
            7.8566033,
            46.6803141
          ],
          [
            7.8565441,
            46.6802107
          ],
          [
            7.8564377,
            46.680025
          ],
          [
            7.8563983,
            46.6799499
          ],
          [
            7.8563852,
            46.6799247
          ],
          [
            7.8563444,
            46.6798434
          ],
          [
            7.8562547,
            46.679683
          ],
          [
            7.8562303,
            46.6796531
          ],
          [
            7.8562019,
            46.6796184
          ],
          [
            7.8561754,
            46.6795928
          ],
          [
            7.8561506,
            46.6795673
          ],
          [
            7.8560967,
            46.6795243
          ],
          [
            7.8559286,
            46.6794247
          ]
        ]
      },
      "id": "way/8066082"
    },
    {
      "type": "Feature",
      "properties": {
        "@id": "way/8066085",
        "cycleway:both": "no",
        "highway": "primary",
        "lanes": "2",
        "lit": "yes",
        "maxspeed": "50",
        "name": "Wychelstrasse",
        "oneway": "no",
        "ref": "6;11",
        "sidewalk": "both",
        "surface": "asphalt"
      },
      "geometry": {
        "type": "LineString",
        "coordinates": [
          [
            7.8566227,
            46.6803525
          ],
          [
            7.8566436,
            46.6803478
          ],
          [
            7.8566781,
            46.6803399
          ],
          [
            7.8567117,
            46.68034
          ],
          [
            7.8567428,
            46.6803441
          ],
          [
            7.8567749,
            46.6803513
          ],
          [
            7.8568293,
            46.6803677
          ],
          [
            7.8568767,
            46.6803825
          ],
          [
            7.8569203,
            46.6804011
          ],
          [
            7.8570148,
            46.6804511
          ],
          [
            7.8570921,
            46.6804926
          ],
          [
            7.8572048,
            46.6805514
          ],
          [
            7.8573731,
            46.6806414
          ],
          [
            7.8574964,
            46.6807003
          ],
          [
            7.8577232,
            46.6807868
          ],
          [
            7.8578568,
            46.6808259
          ],
          [
            7.8580886,
            46.6808818
          ],
          [
            7.8588036,
            46.6810527
          ],
          [
            7.8593562,
            46.6811811
          ],
          [
            7.8595709,
            46.6812216
          ],
          [
            7.8598073,
            46.6812608
          ],
          [
            7.8598378,
            46.6812665
          ],
          [
            7.8599722,
            46.6812841
          ],
          [
            7.8601686,
            46.6813065
          ],
          [
            7.860422,
            46.6813256
          ],
          [
            7.8607943,
            46.6813539
          ],
          [
            7.8609262,
            46.6813636
          ],
          [
            7.8610763,
            46.6813764
          ],
          [
            7.8617464,
            46.6814451
          ],
          [
            7.8619873,
            46.6814902
          ],
          [
            7.8620403,
            46.6815002
          ],
          [
            7.8620893,
            46.6815069
          ]
        ]
      },
      "id": "way/8066085"
    },
    {
      "type": "Feature",
      "properties": {
        "@id": "way/8066092",
        "highway": "primary",
        "lanes": "2",
        "lit": "yes",
        "maxspeed": "50",
        "name": "Klosterstrasse",
        "ref": "6;11",
        "sidewalk": "left",
        "surface": "asphalt"
      },
      "geometry": {
        "type": "LineString",
        "coordinates": [
          [
            7.8631229,
            46.6861823
          ],
          [
            7.8630891,
            46.686167
          ],
          [
            7.8630313,
            46.6861294
          ],
          [
            7.8630181,
            46.6861205
          ],
          [
            7.8629353,
            46.6860569
          ],
          [
            7.8628761,
            46.6860122
          ],
          [
            7.862809,
            46.6859585
          ],
          [
            7.8627999,
            46.6859505
          ],
          [
            7.8625969,
            46.6857721
          ],
          [
            7.8625556,
            46.6857358
          ],
          [
            7.8624349,
            46.6856291
          ],
          [
            7.8620847,
            46.6853198
          ],
          [
            7.8617794,
            46.6850529
          ],
          [
            7.8617442,
            46.6850222
          ],
          [
            7.8616739,
            46.684961
          ],
          [
            7.8615928,
            46.6848898
          ],
          [
            7.8615295,
            46.6848208
          ]
        ]
      },
      "id": "way/8066092"
    },
    {
      "type": "Feature",
      "properties": {
        "@id": "way/8066093",
        "cycleway:both": "no",
        "highway": "primary",
        "lane_markings": "yes",
        "lanes": "2",
        "lit": "yes",
        "maxspeed": "50",
        "name": "Hauptstrasse",
        "ref": "6;11",
        "sidewalk": "both",
        "surface": "asphalt"
      },
      "geometry": {
        "type": "LineString",
        "coordinates": [
          [
            7.8620893,
            46.6815069
          ],
          [
            7.8620833,
            46.6816156
          ],
          [
            7.8620272,
            46.6819403
          ]
        ]
      },
      "id": "way/8066093"
    },
    {
      "type": "Feature",
      "properties": {
        "@id": "way/8066245",
        "highway": "tertiary",
        "lane_markings": "no",
        "maxspeed": "80",
        "name": "Dorfstrasse",
        "surface": "asphalt"
      },
      "geometry": {
        "type": "LineString",
        "coordinates": [
          [
            7.8039728,
            46.6643076
          ],
          [
            7.8040879,
            46.6642833
          ],
          [
            7.8044872,
            46.6641659
          ],
          [
            7.8048944,
            46.6641141
          ],
          [
            7.8050881,
            46.6640811
          ]
        ]
      },
      "id": "way/8066245"
    },
    {
      "type": "Feature",
      "properties": {
        "@id": "way/8066252",
        "highway": "tertiary",
        "lane_markings": "yes",
        "lanes": "2",
        "maxspeed": "80",
        "maxweight": "32",
        "name": "Krattigenstrasse",
        "name:etymology:wikidata": "Q65953",
        "ref": "1114",
        "smoothness": "good",
        "surface": "asphalt"
      },
      "geometry": {
        "type": "LineString",
        "coordinates": [
          [
            7.7484014,
            46.6564032
          ],
          [
            7.7486012,
            46.6562813
          ],
          [
            7.7489267,
            46.6561461
          ],
          [
            7.7492385,
            46.6560264
          ],
          [
            7.7495422,
            46.655927
          ],
          [
            7.7498621,
            46.6558221
          ],
          [
            7.750844,
            46.6555241
          ],
          [
            7.7510758,
            46.655464
          ],
          [
            7.7512863,
            46.655429
          ],
          [
            7.7516022,
            46.6554111
          ],
          [
            7.7518228,
            46.6554056
          ],
          [
            7.7520762,
            46.6553941
          ],
          [
            7.7522184,
            46.6553729
          ],
          [
            7.7524484,
            46.6553126
          ],
          [
            7.7526321,
            46.6552366
          ],
          [
            7.7527594,
            46.6551597
          ],
          [
            7.7532564,
            46.6547999
          ],
          [
            7.7534763,
            46.654642
          ],
          [
            7.753593,
            46.6545693
          ],
          [
            7.7537258,
            46.6545081
          ],
          [
            7.7539136,
            46.6544478
          ]
        ]
      },
      "id": "way/8066252"
    },
    {
      "type": "Feature",
      "properties": {
        "@id": "way/8066768",
        "highway": "primary",
        "lanes": "2",
        "lit": "yes",
        "maxspeed": "60",
        "name": "Hauptstrasse",
        "oneway": "no",
        "ref": "6;11",
        "shoulder": "no",
        "sidewalk": "right",
        "sidewalk:right:surface": "asphalt",
        "source:maxspeed": "sign",
        "surface": "asphalt"
      },
      "geometry": {
        "type": "LineString",
        "coordinates": [
          [
            7.8713952,
            46.6946865
          ],
          [
            7.8715024,
            46.6947831
          ],
          [
            7.8716024,
            46.6948525
          ],
          [
            7.8716648,
            46.6948916
          ],
          [
            7.8717565,
            46.6949425
          ],
          [
            7.8719957,
            46.6950784
          ],
          [
            7.8725357,
            46.6953674
          ],
          [
            7.8727267,
            46.6954624
          ],
          [
            7.8729945,
            46.6955583
          ]
        ]
      },
      "id": "way/8066768"
    },
    {
      "type": "Feature",
      "properties": {
        "@id": "way/8121666",
        "highway": "tertiary",
        "maxspeed": "50",
        "name": "Interlakenstrasse",
        "name:etymology:wikidata": "Q68103",
        "ref": "1122",
        "surface": "asphalt"
      },
      "geometry": {
        "type": "LineString",
        "coordinates": [
          [
            7.8906954,
            46.6879571
          ],
          [
            7.8907295,
            46.6879295
          ],
          [
            7.8908273,
            46.6878504
          ],
          [
            7.8908644,
            46.6878226
          ],
          [
            7.8910946,
            46.6876505
          ],
          [
            7.8911478,
            46.6876036
          ],
          [
            7.8914135,
            46.6874012
          ],
          [
            7.8914674,
            46.6873584
          ],
          [
            7.8916136,
            46.6872461
          ],
          [
            7.8921544,
            46.6868358
          ],
          [
            7.892196,
            46.6868063
          ]
        ]
      },
      "id": "way/8121666"
    },
    {
      "type": "Feature",
      "properties": {
        "@id": "way/8169847",
        "highway": "secondary",
        "lane_markings": "yes",
        "maxspeed": "60",
        "name": "Gsteigstrasse",
        "oneway": "yes",
        "ref": "221",
        "surface": "asphalt"
      },
      "geometry": {
        "type": "LineString",
        "coordinates": [
          [
            7.8676407,
            46.6722244
          ],
          [
            7.8675544,
            46.672424
          ],
          [
            7.8674963,
            46.6725635
          ],
          [
            7.8673634,
            46.6727545
          ]
        ]
      },
      "id": "way/8169847"
    },
    {
      "type": "Feature",
      "properties": {
        "@id": "way/16777184",
        "cycleway:both": "no",
        "highway": "tertiary",
        "lane_markings": "no",
        "maxspeed": "50",
        "name": "Scheidgasse",
        "ref": "1109",
        "surface": "asphalt"
      },
      "geometry": {
        "type": "LineString",
        "coordinates": [
          [
            7.8431213,
            46.6885343
          ],
          [
            7.843188,
            46.6884932
          ],
          [
            7.8432137,
            46.6884773
          ],
          [
            7.8432759,
            46.6884319
          ]
        ]
      },
      "id": "way/16777184"
    },
    {
      "type": "Feature",
      "properties": {
        "@id": "way/24055400",
        "cycleway:both": "no",
        "highway": "tertiary",
        "lane_markings": "no",
        "lanes": "2",
        "maxspeed": "60",
        "name": "Gsteigstrasse",
        "oneway": "no",
        "sidewalk": "separate",
        "surface": "asphalt"
      },
      "geometry": {
        "type": "LineString",
        "coordinates": [
          [
            7.868018,
            46.6712276
          ],
          [
            7.8680985,
            46.6710249
          ],
          [
            7.868196,
            46.6707978
          ],
          [
            7.8684582,
            46.6701937
          ],
          [
            7.8686253,
            46.6698511
          ],
          [
            7.8687053,
            46.6697151
          ],
          [
            7.8687572,
            46.6696306
          ],
          [
            7.8688059,
            46.6695578
          ],
          [
            7.8688678,
            46.6694696
          ]
        ]
      },
      "id": "way/24055400"
    },
    {
      "type": "Feature",
      "properties": {
        "@id": "way/24668918",
        "electrified": "no",
        "gauge": "1000",
        "layer": "-1",
        "name": "Thunersee-Beatenberg-Bahn",
        "railway": "funicular",
        "tunnel": "yes"
      },
      "geometry": {
        "type": "LineString",
        "coordinates": [
          [
            7.7601429,
            46.6865918
          ],
          [
            7.7604465,
            46.6867086
          ],
          [
            7.7606607,
            46.6868007
          ],
          [
            7.7608695,
            46.6868919
          ],
          [
            7.7608954,
            46.6869029
          ]
        ]
      },
      "id": "way/24668918"
    },
    {
      "type": "Feature",
      "properties": {
        "@id": "way/24668919",
        "construction_year": "2005",
        "duration": "6:30",
        "electrified": "no",
        "gauge": "1000",
        "layer": "1",
        "name": "Thunersee-Beatenberg-Bahn",
        "railway": "funicular"
      },
      "geometry": {
        "type": "LineString",
        "coordinates": [
          [
            7.7608954,
            46.6869029
          ],
          [
            7.7609658,
            46.6869399
          ],
          [
            7.7611807,
            46.6870641
          ],
          [
            7.7614464,
            46.687232
          ],
          [
            7.7616663,
            46.6873888
          ],
          [
            7.7618239,
            46.6875188
          ],
          [
            7.7621896,
            46.6878337
          ],
          [
            7.7625861,
            46.6881868
          ],
          [
            7.7629246,
            46.6884939
          ],
          [
            7.7635993,
            46.6890859
          ],
          [
            7.7638412,
            46.6893054
          ],
          [
            7.764127,
            46.6895497
          ],
          [
            7.7645568,
            46.689937
          ],
          [
            7.7645673,
            46.6899465
          ],
          [
            7.764598,
            46.6899733
          ],
          [
            7.7649583,
            46.6902872
          ],
          [
            7.7652081,
            46.6905137
          ],
          [
            7.7653204,
            46.6906118
          ]
        ]
      },
      "id": "way/24668919"
    },
    {
      "type": "Feature",
      "properties": {
        "@id": "way/24668921",
        "electrified": "no",
        "gauge": "1000",
        "name": "Thunersee-Beatenberg-Bahn",
        "railway": "funicular",
        "wikidata": "Q2429943",
        "wikipedia": "en:Thunersee–Beatenberg Funicular"
      },
      "geometry": {
        "type": "LineString",
        "coordinates": [
          [
            7.7478784,
            46.6854868
          ],
          [
            7.7534019,
            46.6855196
          ],
          [
            7.7551604,
            46.6855339
          ],
          [
            7.7554026,
            46.6855472
          ],
          [
            7.7556351,
            46.685566
          ],
          [
            7.7558746,
            46.6855916
          ],
          [
            7.7561102,
            46.6856226
          ],
          [
            7.7563395,
            46.6856617
          ],
          [
            7.7566503,
            46.6857263
          ],
          [
            7.757115,
            46.6858392
          ],
          [
            7.7575207,
            46.6859209
          ],
          [
            7.7577065,
            46.6859644
          ],
          [
            7.7579147,
            46.6860223
          ],
          [
            7.7580352,
            46.6860553
          ],
          [
            7.7587216,
            46.6862174
          ],
          [
            7.7597068,
            46.68645
          ],
          [
            7.7600132,
            46.6865454
          ],
          [
            7.7601429,
            46.6865918
          ]
        ]
      },
      "id": "way/24668921"
    },
    {
      "type": "Feature",
      "properties": {
        "@id": "way/24668922",
        "aerialway": "gondola",
        "aerialway:capacity": "600",
        "aerialway:duration": "9.2",
        "aerialway:occupancy": "17",
        "construction": "1996",
        "contact:email": "info@niederhorn.ch",
        "contact:fax": "+41 33 841 14 72",
        "contact:phone": "+41 33 841 08 41",
        "contact:website": "http://www.niederhorn.ch",
        "name": "Luftseilbahn Beatenberg-Niederhorn"
      },
      "geometry": {
        "type": "LineString",
        "coordinates": [
          [
            7.7654777,
            46.6906049
          ],
          [
            7.7655392,
            46.6907396
          ],
          [
            7.7657608,
            46.6911927
          ],
          [
            7.7660647,
            46.6918221
          ],
          [
            7.7673386,
            46.6944458
          ],
          [
            7.7702213,
            46.7003976
          ],
          [
            7.7702805,
            46.7005188
          ],
          [
            7.7703077,
            46.7005744
          ],
          [
            7.7709191,
            46.7018323
          ],
          [
            7.7734364,
            46.7070284
          ],
          [
            7.7746349,
            46.7095009
          ],
          [
            7.7750386,
            46.7103297
          ],
          [
            7.7751477,
            46.7105537
          ]
        ]
      },
      "id": "way/24668922"
    },
    {
      "type": "Feature",
      "properties": {
        "@id": "way/24849731",
        "cycleway:both": "no",
        "highway": "secondary",
        "lanes": "2",
        "lit": "yes",
        "maxspeed": "50",
        "name": "Bahnhofstrasse",
        "ref": "221",
        "sidewalk": "both",
        "surface": "asphalt"
      },
      "geometry": {
        "type": "LineString",
        "coordinates": [
          [
            7.8483249,
            46.6851623
          ],
          [
            7.8483651,
            46.6851485
          ],
          [
            7.848418,
            46.6851249
          ],
          [
            7.848557,
            46.6850631
          ],
          [
            7.848564,
            46.6850599
          ],
          [
            7.8486113,
            46.6850388
          ],
          [
            7.8486586,
            46.6850197
          ],
          [
            7.8488224,
            46.6849535
          ],
          [
            7.8488446,
            46.6849451
          ],
          [
            7.8488558,
            46.6849404
          ],
          [
            7.8489396,
            46.6849074
          ]
        ]
      },
      "id": "way/24849731"
    },
    {
      "type": "Feature",
      "properties": {
        "@id": "way/24849732",
        "cycleway:both": "no",
        "highway": "secondary",
        "lanes": "2",
        "lit": "yes",
        "maxspeed": "50",
        "name": "Bahnhofstrasse",
        "ref": "221",
        "sidewalk": "both",
        "sidewalk:both:surface": "asphalt",
        "surface": "asphalt"
      },
      "geometry": {
        "type": "LineString",
        "coordinates": [
          [
            7.8503856,
            46.6843332
          ],
          [
            7.8504572,
            46.6843045
          ],
          [
            7.8505372,
            46.6842726
          ],
          [
            7.8506644,
            46.6842221
          ]
        ]
      },
      "id": "way/24849732"
    },
    {
      "type": "Feature",
      "properties": {
        "@id": "way/24849733",
        "bridge": "yes",
        "cycleway:both": "no",
        "highway": "secondary",
        "lanes": "2",
        "layer": "1",
        "lit": "yes",
        "maxspeed": "50",
        "maxweight:signed": "no",
        "name": "Bahnhofstrasse",
        "ref": "221",
        "sidewalk": "both",
        "sidewalk:both:surface": "asphalt",
        "surface": "asphalt"
      },
      "geometry": {
        "type": "LineString",
        "coordinates": [
          [
            7.8507194,
            46.6841997
          ],
          [
            7.8511509,
            46.6840272
          ]
        ]
      },
      "id": "way/24849733"
    },
    {
      "type": "Feature",
      "properties": {
        "@id": "way/25010804",
        "aerialway": "cable_car",
        "aerialway:capacity": "600",
        "aerialway:duration": "4",
        "aerialway:occupancy": "100",
        "name": "Stechelberg – Gimmelwald"
      },
      "geometry": {
        "type": "LineString",
        "coordinates": [
          [
            7.9017843,
            46.5551128
          ],
          [
            7.8942554,
            46.5477499
          ],
          [
            7.8935541,
            46.5470585
          ]
        ]
      },
      "id": "way/25010804"
    },
    {
      "type": "Feature",
      "properties": {
        "@id": "way/25010926",
        "aerialway": "cable_car",
        "aerialway:capacity": "600",
        "aerialway:duration": "4.5",
        "aerialway:occupancy": "100",
        "manufacturer": "Garaventa",
        "name": "Birg - Schlithorn"
      },
      "geometry": {
        "type": "LineString",
        "coordinates": [
          [
            7.8572772,
            46.5617604
          ],
          [
            7.8357722,
            46.5574298
          ],
          [
            7.8353781,
            46.5573596
          ]
        ]
      },
      "id": "way/25010926"
    },
    {
      "type": "Feature",
      "properties": {
        "@id": "way/25075912",
        "aerialway": "cable_car",
        "aerialway:capacity": "860",
        "aerialway:duration": "5",
        "aerialway:occupancy": "80",
        "name": "Wengen LWM",
        "wikidata": "Q6699671",
        "wikipedia": "cs:Lanová dráha Wengen–Männlichen"
      },
      "geometry": {
        "type": "LineString",
        "coordinates": [
          [
            7.9214951,
            46.6062521
          ],
          [
            7.937165,
            46.6118203
          ],
          [
            7.9409459,
            46.6131638
          ]
        ]
      },
      "id": "way/25075912"
    },
    {
      "type": "Feature",
      "properties": {
        "@id": "way/25076446",
        "aerialway": "cable_car",
        "aerialway:occupancy": "150",
        "bicycle": "yes",
        "covered": "yes",
        "name": "Mürrenbahn",
        "note": "The cable car is a single cabin, suspended on the poles only on one side. Therefore, the axis of the columns and the axis of the babel do not agree. \nDie Seilbahn ist eine einzelne Kabine, die nur an einer Seite an den Masten aufgehängt ist. Daher stimmen",
        "start_date": "2006-12-15",
        "wikidata": "Q99649",
        "wikipedia": "de:Bergbahn Lauterbrunnen–Mürren"
      },
      "geometry": {
        "type": "LineString",
        "coordinates": [
          [
            7.907198,
            46.5987678
          ],
          [
            7.9064727,
            46.5986734
          ],
          [
            7.9031981,
            46.5982345
          ],
          [
            7.8956282,
            46.5972176
          ],
          [
            7.8915606,
            46.5966692
          ],
          [
            7.8909193,
            46.5965829
          ]
        ]
      },
      "id": "way/25076446"
    },
    {
      "type": "Feature",
      "properties": {
        "@id": "way/25076565",
        "cycleway:both": "no",
        "highway": "tertiary",
        "lane_markings": "no",
        "maxspeed": "30",
        "name": "Dorfstrasse",
        "surface": "asphalt"
      },
      "geometry": {
        "type": "LineString",
        "coordinates": [
          [
            8.0335249,
            46.6242047
          ],
          [
            8.033103,
            46.6240678
          ],
          [
            8.0330485,
            46.6240561
          ],
          [
            8.0329793,
            46.6240491
          ],
          [
            8.032916,
            46.6240488
          ],
          [
            8.0328483,
            46.6240542
          ],
          [
            8.0327828,
            46.6240626
          ],
          [
            8.0325096,
            46.6241418
          ],
          [
            8.03226,
            46.6242234
          ],
          [
            8.0320793,
            46.6242765
          ],
          [
            8.0317785,
            46.6243554
          ],
          [
            8.0315559,
            46.6244075
          ],
          [
            8.0315149,
            46.6244176
          ]
        ]
      },
      "id": "way/25076565"
    },
    {
      "type": "Feature",
      "properties": {
        "@id": "way/25076683",
        "cycleway:both": "no",
        "highway": "tertiary",
        "lanes": "2",
        "lit": "yes",
        "maxspeed": "30",
        "name": "Dorfstrasse",
        "sidewalk": "right",
        "source:maxspeed": "sign",
        "surface": "asphalt"
      },
      "geometry": {
        "type": "LineString",
        "coordinates": [
          [
            8.0335249,
            46.6242047
          ],
          [
            8.0335747,
            46.6242235
          ],
          [
            8.0337363,
            46.6242845
          ],
          [
            8.0339039,
            46.6243424
          ],
          [
            8.0339814,
            46.6243654
          ]
        ]
      },
      "id": "way/25076683"
    },
    {
      "type": "Feature",
      "properties": {
        "@id": "way/25076686",
        "aerialway": "gondola",
        "aerialway:capacity": "1200",
        "aerialway:duration": "21",
        "aerialway:occupancy": "6",
        "bicycle": "yes",
        "name": "Firstbahn",
        "ref": "2440"
      },
      "geometry": {
        "type": "LineString",
        "coordinates": [
          [
            8.0417827,
            46.6250229
          ],
          [
            8.041831,
            46.6253103
          ],
          [
            8.0420181,
            46.626334
          ],
          [
            8.0421765,
            46.6274856
          ],
          [
            8.0423408,
            46.6286804
          ],
          [
            8.0425419,
            46.630142
          ],
          [
            8.0428317,
            46.632249
          ],
          [
            8.0429799,
            46.6333262
          ],
          [
            8.0430942,
            46.634157
          ],
          [
            8.0431671,
            46.6346434
          ],
          [
            8.0440517,
            46.6358898
          ],
          [
            8.0450116,
            46.6372463
          ],
          [
            8.0464181,
            46.6392338
          ],
          [
            8.0471518,
            46.6402706
          ],
          [
            8.0478251,
            46.641222
          ],
          [
            8.0491374,
            46.6430763
          ],
          [
            8.0496402,
            46.6437867
          ],
          [
            8.0507165,
            46.6453075
          ],
          [
            8.05142,
            46.6463015
          ],
          [
            8.0517645,
            46.6467562
          ]
        ]
      },
      "id": "way/25076686"
    },
    {
      "type": "Feature",
      "properties": {
        "@id": "way/25076692",
        "aerialway": "chair_lift",
        "aerialway:bubble": "no",
        "aerialway:capacity": "2000",
        "aerialway:duration": "5.22",
        "aerialway:occupancy": "4",
        "name": "Oberjoch"
      },
      "geometry": {
        "type": "LineString",
        "coordinates": [
          [
            8.05296,
            46.6613774
          ],
          [
            8.052981,
            46.6628488
          ],
          [
            8.0529817,
            46.6630432
          ],
          [
            8.0529856,
            46.6642409
          ],
          [
            8.0529877,
            46.6648926
          ],
          [
            8.0529906,
            46.665773
          ],
          [
            8.052995,
            46.6671207
          ],
          [
            8.052999,
            46.6683504
          ],
          [
            8.0530012,
            46.6690177
          ],
          [
            8.0530048,
            46.6700959
          ],
          [
            8.0530088,
            46.6713241
          ],
          [
            8.0530147,
            46.6731289
          ],
          [
            8.053018,
            46.6741319
          ],
          [
            8.0530041,
            46.6744659
          ]
        ]
      },
      "id": "way/25076692"
    },
    {
      "type": "Feature",
      "properties": {
        "@id": "way/25076711",
        "aerialway": "cable_car",
        "aerialway:access": "both",
        "aerialway:occupancy": "30",
        "aerialway:summer:access": "both",
        "layer": "1",
        "name": "Pfingsteggbahn",
        "phone": "+41338532626",
        "website": "https://www.pfingstegg.ch/"
      },
      "geometry": {
        "type": "LineString",
        "coordinates": [
          [
            8.0470013,
            46.6231216
          ],
          [
            8.055802,
            46.6178105
          ],
          [
            8.05642,
            46.6174375
          ]
        ]
      },
      "id": "way/25076711"
    },
    {
      "type": "Feature",
      "properties": {
        "@id": "way/25649363",
        "highway": "tertiary",
        "maxspeed": "40",
        "name": "Rybigässli",
        "surface": "asphalt"
      },
      "geometry": {
        "type": "LineString",
        "coordinates": [
          [
            8.0461881,
            46.6251754
          ],
          [
            8.0462157,
            46.6251607
          ],
          [
            8.0462447,
            46.6251475
          ],
          [
            8.0462769,
            46.6251382
          ],
          [
            8.0463102,
            46.6251332
          ],
          [
            8.0463603,
            46.6251296
          ],
          [
            8.0464637,
            46.6251268
          ]
        ]
      },
      "id": "way/25649363"
    },
    {
      "type": "Feature",
      "properties": {
        "@id": "way/25676774",
        "cycleway": "lane",
        "foot": "no",
        "highway": "tertiary",
        "lanes": "2",
        "lit": "yes",
        "maxspeed": "50",
        "name": "Alpenstrasse",
        "parking:both": "no",
        "sidewalk": "no",
        "surface": "asphalt",
        "traffic": "intermediate"
      },
      "geometry": {
        "type": "LineString",
        "coordinates": [
          [
            7.8612798,
            46.6846592
          ],
          [
            7.8612466,
            46.6846571
          ],
          [
            7.8611164,
            46.6846487
          ],
          [
            7.8608757,
            46.6846217
          ],
          [
            7.8591804,
            46.6843819
          ],
          [
            7.8586161,
            46.6843014
          ],
          [
            7.8577515,
            46.684178
          ],
          [
            7.8577303,
            46.684173
          ]
        ]
      },
      "id": "way/25676774"
    },
    {
      "type": "Feature",
      "properties": {
        "@id": "way/25676776",
        "highway": "primary",
        "junction": "roundabout",
        "lanes": "1",
        "name": "Sonnenhof",
        "surface": "asphalt"
      },
      "geometry": {
        "type": "LineString",
        "coordinates": [
          [
            7.8614123,
            46.6845731
          ],
          [
            7.8614352,
            46.6845745
          ],
          [
            7.8614575,
            46.6845785
          ],
          [
            7.8614785,
            46.6845851
          ],
          [
            7.8614975,
            46.6845941
          ],
          [
            7.8615139,
            46.6846051
          ],
          [
            7.8615273,
            46.684618
          ],
          [
            7.8615366,
            46.6846312
          ],
          [
            7.8615428,
            46.6846452
          ],
          [
            7.8615456,
            46.6846597
          ],
          [
            7.861545,
            46.6846743
          ],
          [
            7.861541,
            46.6846887
          ]
        ]
      },
      "id": "way/25676776"
    },
    {
      "type": "Feature",
      "properties": {
        "@id": "way/25717024",
        "bridge": "yes",
        "highway": "secondary",
        "layer": "1",
        "maxspeed": "50",
        "name": "Grindelwaldstrasse",
        "ref": "221",
        "surface": "asphalt"
      },
      "geometry": {
        "type": "LineString",
        "coordinates": [
          [
            8.0190276,
            46.6258168
          ],
          [
            8.0188589,
            46.6258422
          ]
        ]
      },
      "id": "way/25717024"
    },
    {
      "type": "Feature",
      "properties": {
        "@id": "way/26172056",
        "highway": "tertiary",
        "lanes": "2",
        "lanes:backward": "1",
        "lanes:forward": "1",
        "maxspeed": "50",
        "name": "Lindenallee",
        "ref": "1122",
        "sidewalk:both": "separate",
        "surface": "asphalt"
      },
      "geometry": {
        "type": "LineString",
        "coordinates": [
          [
            7.8795591,
            46.6893674
          ],
          [
            7.8795191,
            46.689357
          ],
          [
            7.8794434,
            46.689338
          ],
          [
            7.8792555,
            46.6892772
          ],
          [
            7.8789579,
            46.6891776
          ],
          [
            7.8780554,
            46.6888642
          ]
        ]
      },
      "id": "way/26172056"
    },
    {
      "type": "Feature",
      "properties": {
        "@id": "way/26172057",
        "highway": "tertiary",
        "junction": "roundabout",
        "lanes": "1",
        "maxspeed": "50",
        "name": "Landi-Kreisel",
        "ref": "1122",
        "surface": "asphalt"
      },
      "geometry": {
        "type": "LineString",
        "coordinates": [
          [
            7.879737,
            46.689306
          ],
          [
            7.8797568,
            46.6893118
          ],
          [
            7.879775,
            46.6893196
          ],
          [
            7.8797913,
            46.6893292
          ],
          [
            7.8798052,
            46.6893403
          ],
          [
            7.8798165,
            46.6893529
          ],
          [
            7.8798249,
            46.6893664
          ],
          [
            7.8798301,
            46.6893807
          ],
          [
            7.8798321,
            46.6893954
          ],
          [
            7.8798308,
            46.6894101
          ],
          [
            7.8798264,
            46.6894242
          ],
          [
            7.8798189,
            46.6894376
          ],
          [
            7.8798086,
            46.6894502
          ],
          [
            7.8797957,
            46.6894615
          ],
          [
            7.8797805,
            46.6894714
          ],
          [
            7.8797632,
            46.6894796
          ],
          [
            7.8797444,
            46.689486
          ],
          [
            7.8797244,
            46.6894903
          ],
          [
            7.8797037,
            46.6894926
          ],
          [
            7.8796827,
            46.6894926
          ],
          [
            7.8796619,
            46.6894906
          ],
          [
            7.8796397,
            46.6894858
          ],
          [
            7.8796189,
            46.6894786
          ],
          [
            7.8796002,
            46.6894692
          ],
          [
            7.879584,
            46.6894577
          ],
          [
            7.8795708,
            46.6894446
          ],
          [
            7.879561,
            46.6894301
          ],
          [
            7.8795548,
            46.6894147
          ],
          [
            7.8795524,
            46.6893989
          ],
          [
            7.8795539,
            46.6893829
          ],
          [
            7.8795591,
            46.6893674
          ],
          [
            7.8795676,
            46.6893534
          ],
          [
            7.8795792,
            46.6893404
          ],
          [
            7.8795936,
            46.6893289
          ],
          [
            7.8796104,
            46.6893191
          ],
          [
            7.8796294,
            46.6893112
          ],
          [
            7.8796499,
            46.6893055
          ],
          [
            7.8796714,
            46.689302
          ],
          [
            7.8796935,
            46.689301
          ],
          [
            7.8797155,
            46.6893023
          ],
          [
            7.879737,
            46.689306
          ]
        ]
      },
      "id": "way/26172057"
    },
    {
      "type": "Feature",
      "properties": {
        "@id": "way/26172085",
        "highway": "primary",
        "lanes": "1",
        "maxspeed": "50",
        "name": "Lindenallee",
        "oneway": "yes",
        "ref": "6;11",
        "surface": "asphalt"
      },
      "geometry": {
        "type": "LineString",
        "coordinates": [
          [
            7.8749761,
            46.6882018
          ],
          [
            7.8748175,
            46.6881985
          ],
          [
            7.8747185,
            46.6881974
          ],
          [
            7.8746619,
            46.6882078
          ]
        ]
      },
      "id": "way/26172085"
    },
    {
      "type": "Feature",
      "properties": {
        "@id": "way/26464399",
        "cycleway:both": "no",
        "highway": "tertiary",
        "lane_markings": "no",
        "maxspeed": "50",
        "name": "Dorfstrasse",
        "surface": "asphalt"
      },
      "geometry": {
        "type": "LineString",
        "coordinates": [
          [
            8.0303825,
            46.6247167
          ],
          [
            8.0303578,
            46.6247297
          ],
          [
            8.0303212,
            46.6247489
          ],
          [
            8.0303063,
            46.6247568
          ],
          [
            8.0303014,
            46.6247613
          ],
          [
            8.0301209,
            46.624814
          ],
          [
            8.0297638,
            46.6248654
          ],
          [
            8.0296124,
            46.6248883
          ],
          [
            8.0294626,
            46.6249336
          ],
          [
            8.029009,
            46.625172
          ],
          [
            8.0287755,
            46.62529
          ],
          [
            8.0285639,
            46.6253969
          ],
          [
            8.0283953,
            46.6254663
          ],
          [
            8.0281555,
            46.6255072
          ],
          [
            8.0279543,
            46.6254841
          ],
          [
            8.0278875,
            46.6254605
          ],
          [
            8.0277935,
            46.6254272
          ],
          [
            8.0277497,
            46.6254117
          ],
          [
            8.0274623,
            46.6252901
          ],
          [
            8.0272806,
            46.6252338
          ],
          [
            8.0271268,
            46.6252066
          ],
          [
            8.0270661,
            46.6251959
          ],
          [
            8.0269584,
            46.6251819
          ],
          [
            8.026794,
            46.6251731
          ],
          [
            8.0266888,
            46.6251674
          ],
          [
            8.0262309,
            46.62521
          ],
          [
            8.0260628,
            46.6252411
          ],
          [
            8.0258959,
            46.6252665
          ],
          [
            8.0254349,
            46.6253535
          ],
          [
            8.0253436,
            46.6253659
          ],
          [
            8.0250912,
            46.6254149
          ],
          [
            8.0249332,
            46.6254694
          ],
          [
            8.024888,
            46.625485
          ],
          [
            8.0245468,
            46.6257059
          ],
          [
            8.0243272,
            46.6257907
          ],
          [
            8.0240109,
            46.6258486
          ],
          [
            8.0237428,
            46.6259349
          ],
          [
            8.0236392,
            46.6260081
          ],
          [
            8.0234299,
            46.6262263
          ],
          [
            8.0232877,
            46.6263334
          ],
          [
            8.0231547,
            46.626387
          ],
          [
            8.0229891,
            46.6264294
          ],
          [
            8.0228566,
            46.6264472
          ],
          [
            8.0227508,
            46.6264494
          ],
          [
            8.0227196,
            46.6264501
          ],
          [
            8.0226311,
            46.6264409
          ],
          [
            8.0224674,
            46.6263899
          ],
          [
            8.022154,
            46.6262758
          ],
          [
            8.021608,
            46.6260769
          ],
          [
            8.0208518,
            46.6258015
          ],
          [
            8.020744,
            46.6257662
          ],
          [
            8.0206723,
            46.6257454
          ],
          [
            8.0206188,
            46.6257333
          ],
          [
            8.0205522,
            46.6257219
          ],
          [
            8.0204827,
            46.6257146
          ],
          [
            8.0203971,
            46.6257103
          ],
          [
            8.0202941,
            46.6257132
          ],
          [
            8.020236,
            46.625719
          ],
          [
            8.0201699,
            46.6257294
          ],
          [
            8.0201021,
            46.625748
          ],
          [
            8.0200255,
            46.6257763
          ]
        ]
      },
      "id": "way/26464399"
    },
    {
      "type": "Feature",
      "properties": {
        "@id": "way/27239664",
        "highway": "tertiary",
        "maxspeed": "40",
        "name": "Grabenstrasse",
        "source": "survey",
        "surface": "asphalt"
      },
      "geometry": {
        "type": "LineString",
        "coordinates": [
          [
            8.0472467,
            46.6216907
          ],
          [
            8.0472271,
            46.6217042
          ],
          [
            8.0471788,
            46.6217241
          ],
          [
            8.0471179,
            46.6217423
          ],
          [
            8.0470242,
            46.6217442
          ],
          [
            8.0466161,
            46.621754
          ],
          [
            8.0465289,
            46.6217547
          ],
          [
            8.0464404,
            46.621755
          ],
          [
            8.0463362,
            46.6217467
          ],
          [
            8.0462563,
            46.6217388
          ],
          [
            8.0461681,
            46.621722
          ],
          [
            8.0460382,
            46.6216932
          ],
          [
            8.0459684,
            46.6216789
          ],
          [
            8.0458867,
            46.621668
          ],
          [
            8.0458132,
            46.6216624
          ],
          [
            8.0457343,
            46.6216636
          ],
          [
            8.0456557,
            46.621668
          ],
          [
            8.0455967,
            46.6216763
          ],
          [
            8.0455454,
            46.6216895
          ]
        ]
      },
      "id": "way/27239664"
    },
    {
      "type": "Feature",
      "properties": {
        "@id": "way/27252038",
        "bridge": "yes",
        "highway": "tertiary",
        "layer": "1",
        "maxspeed": "50",
        "name": "Interlakenstrasse",
        "name:etymology:wikidata": "Q68103",
        "ref": "1122"
      },
      "geometry": {
        "type": "LineString",
        "coordinates": [
          [
            7.8906954,
            46.6879571
          ],
          [
            7.8905196,
            46.6880912
          ],
          [
            7.8904967,
            46.6881086
          ]
        ]
      },
      "id": "way/27252038"
    },
    {
      "type": "Feature",
      "properties": {
        "@id": "way/27252039",
        "highway": "tertiary",
        "lanes": "2",
        "maxspeed": "60",
        "name": "Untere Bönigstrasse",
        "name:etymology:wikidata": "Q65502",
        "ref": "1122",
        "surface": "asphalt"
      },
      "geometry": {
        "type": "LineString",
        "coordinates": [
          [
            7.8832212,
            46.6888889
          ],
          [
            7.8833732,
            46.6888728
          ],
          [
            7.8837149,
            46.6888403
          ],
          [
            7.8839174,
            46.6888246
          ],
          [
            7.8845009,
            46.6887834
          ],
          [
            7.8847078,
            46.6887675
          ],
          [
            7.8850607,
            46.688738
          ],
          [
            7.8851312,
            46.6887321
          ],
          [
            7.88517,
            46.6887288
          ],
          [
            7.886061,
            46.6886534
          ],
          [
            7.8865006,
            46.6886109
          ]
        ]
      },
      "id": "way/27252039"
    },
    {
      "type": "Feature",
      "properties": {
        "@id": "way/27252043",
        "cycleway:both": "no",
        "highway": "tertiary",
        "horse": "no",
        "lanes": "2",
        "maxspeed": "50",
        "name": "Hauptstrasse",
        "oneway": "no",
        "ref": "1122",
        "surface": "asphalt"
      },
      "geometry": {
        "type": "LineString",
        "coordinates": [
          [
            7.8972172,
            46.6877049
          ],
          [
            7.8970049,
            46.6876178
          ],
          [
            7.8965637,
            46.6873902
          ],
          [
            7.896156,
            46.6871446
          ],
          [
            7.8958496,
            46.6869618
          ],
          [
            7.8955693,
            46.6867416
          ],
          [
            7.8955258,
            46.6867112
          ],
          [
            7.8953655,
            46.6866107
          ],
          [
            7.895179,
            46.6864699
          ],
          [
            7.8950278,
            46.6863704
          ],
          [
            7.8949751,
            46.6863375
          ],
          [
            7.8946503,
            46.6861966
          ],
          [
            7.8946203,
            46.6861836
          ],
          [
            7.8945658,
            46.6861662
          ],
          [
            7.8943633,
            46.6860983
          ],
          [
            7.8942831,
            46.6860741
          ],
          [
            7.8940446,
            46.6860081
          ],
          [
            7.8939191,
            46.6859852
          ]
        ]
      },
      "id": "way/27252043"
    },
    {
      "type": "Feature",
      "properties": {
        "@id": "way/27252044",
        "highway": "tertiary",
        "name": "Oberlandstrasse",
        "ref": "1122",
        "surface": "asphalt"
      },
      "geometry": {
        "type": "LineString",
        "coordinates": [
          [
            7.8974623,
            46.68744
          ],
          [
            7.8976283,
            46.6873048
          ],
          [
            7.89778,
            46.6872003
          ],
          [
            7.89799,
            46.6871047
          ],
          [
            7.8982637,
            46.6870146
          ],
          [
            7.8985349,
            46.6869459
          ],
          [
            7.8986347,
            46.686921
          ],
          [
            7.8988002,
            46.6868903
          ],
          [
            7.8997148,
            46.6867518
          ],
          [
            7.9001383,
            46.68667
          ],
          [
            7.9005904,
            46.6865443
          ],
          [
            7.9007793,
            46.6864741
          ],
          [
            7.9010288,
            46.6863722
          ],
          [
            7.9013142,
            46.6862418
          ]
        ]
      },
      "id": "way/27252044"
    },
    {
      "type": "Feature",
      "properties": {
        "@id": "way/27255186",
        "aerialway": "gondola",
        "aerialway:capacity": "1800",
        "aerialway:duration": "8.7",
        "aerialway:occupancy": "10",
        "name": "Männlichenbahn",
        "source": "survey",
        "start_date": "2019-12-14",
        "wikidata": "Q681140",
        "wikipedia": "cs:Lanová dráha Grindelwald–Männlichen"
      },
      "geometry": {
        "type": "LineString",
        "coordinates": [
          [
            8.0185502,
            46.6247007
          ],
          [
            8.0182982,
            46.6246806
          ],
          [
            8.01813,
            46.6246671
          ],
          [
            8.0156058,
            46.624465
          ],
          [
            8.0128291,
            46.6242256
          ],
          [
            8.0096874,
            46.6239603
          ],
          [
            8.0068991,
            46.6237181
          ],
          [
            8.0033201,
            46.6234175
          ],
          [
            8.0006385,
            46.6231673
          ],
          [
            7.9988235,
            46.6230235
          ],
          [
            7.995839,
            46.6227573
          ],
          [
            7.9932551,
            46.6225439
          ],
          [
            7.9913149,
            46.622364
          ],
          [
            7.9886794,
            46.6221416
          ],
          [
            7.9858705,
            46.6219041
          ],
          [
            7.9831954,
            46.6216704
          ],
          [
            7.9796686,
            46.6213738
          ],
          [
            7.9795927,
            46.6213673
          ],
          [
            7.9792395,
            46.6213368
          ]
        ]
      },
      "id": "way/27255186"
    },
    {
      "type": "Feature",
      "properties": {
        "@id": "way/27365628",
        "aerialway": "chair_lift",
        "aerialway:bubble": "yes",
        "aerialway:capacity": "2400",
        "aerialway:duration": "6",
        "aerialway:occupancy": "6",
        "name": "Wixi"
      },
      "geometry": {
        "type": "LineString",
        "coordinates": [
          [
            7.9498236,
            46.5727687
          ],
          [
            7.9495729,
            46.5740008
          ],
          [
            7.949304,
            46.5753217
          ],
          [
            7.9490592,
            46.5765243
          ],
          [
            7.9488118,
            46.5777401
          ],
          [
            7.948572,
            46.578918
          ],
          [
            7.9483408,
            46.580054
          ],
          [
            7.9481474,
            46.581004
          ],
          [
            7.9479096,
            46.5821724
          ],
          [
            7.9476466,
            46.5834643
          ],
          [
            7.9473861,
            46.5847441
          ],
          [
            7.9471765,
            46.5857739
          ],
          [
            7.9470836,
            46.5862301
          ],
          [
            7.9469988,
            46.5866466
          ]
        ]
      },
      "id": "way/27365628"
    },
    {
      "type": "Feature",
      "properties": {
        "@id": "way/27365636",
        "aerialway": "chair_lift",
        "aerialway:bubble": "no",
        "aerialway:capacity": "1800",
        "aerialway:duration": "4",
        "aerialway:occupancy": "4",
        "name": "Lauberhorn",
        "source": "survey"
      },
      "geometry": {
        "type": "LineString",
        "coordinates": [
          [
            7.9598918,
            46.5861699
          ],
          [
            7.9594933,
            46.586334
          ],
          [
            7.9591558,
            46.5864729
          ],
          [
            7.9585093,
            46.586739
          ],
          [
            7.9571819,
            46.5872854
          ],
          [
            7.9561871,
            46.587695
          ],
          [
            7.9555099,
            46.5879737
          ],
          [
            7.9542052,
            46.5885108
          ],
          [
            7.952377,
            46.5892633
          ],
          [
            7.9504851,
            46.5900418
          ],
          [
            7.9490077,
            46.5906329
          ],
          [
            7.9486724,
            46.5907734
          ]
        ]
      },
      "id": "way/27365636"
    },
    {
      "type": "Feature",
      "properties": {
        "@id": "way/27365638",
        "aerialway": "chair_lift",
        "aerialway:bubble": "no",
        "aerialway:capacity": "1800",
        "aerialway:duration": "4",
        "aerialway:occupancy": "4",
        "name": "Arven"
      },
      "geometry": {
        "type": "LineString",
        "coordinates": [
          [
            7.9731532,
            46.5896529
          ],
          [
            7.9721418,
            46.589412
          ],
          [
            7.9707605,
            46.5890831
          ],
          [
            7.9687765,
            46.5886106
          ],
          [
            7.9673692,
            46.5882755
          ],
          [
            7.9662029,
            46.5879977
          ],
          [
            7.9648623,
            46.5876785
          ],
          [
            7.9639329,
            46.5874571
          ],
          [
            7.962564,
            46.5871311
          ],
          [
            7.9615518,
            46.5869107
          ],
          [
            7.9611794,
            46.5868306
          ]
        ]
      },
      "id": "way/27365638"
    },
    {
      "type": "Feature",
      "properties": {
        "@id": "way/27781755",
        "bridge": "yes",
        "electrified": "no",
        "layer": "1",
        "name": "Harderbahn",
        "railway": "funicular"
      },
      "geometry": {
        "type": "LineString",
        "coordinates": [
          [
            7.8653904,
            46.6912071
          ],
          [
            7.8652214,
            46.6927456
          ],
          [
            7.865216,
            46.692811
          ],
          [
            7.8652076,
            46.6929009
          ],
          [
            7.8651982,
            46.6929567
          ],
          [
            7.865185,
            46.6930226
          ],
          [
            7.86516,
            46.6931299
          ],
          [
            7.8651574,
            46.6931383
          ]
        ]
      },
      "id": "way/27781755"
    },
    {
      "type": "Feature",
      "properties": {
        "@id": "way/30080579",
        "aerialway": "chair_lift",
        "aerialway:bubble": "yes",
        "aerialway:capacity": "1800",
        "aerialway:duration": "6.5",
        "aerialway:occupancy": "4",
        "name": "Sesselbahn Männlichen",
        "operator": "GGM",
        "usage": "tourism"
      },
      "geometry": {
        "type": "LineString",
        "coordinates": [
          [
            7.9644802,
            46.6181422
          ],
          [
            7.9642032,
            46.6180823
          ],
          [
            7.9637235,
            46.6179785
          ],
          [
            7.9622294,
            46.617652
          ],
          [
            7.9593665,
            46.6170379
          ],
          [
            7.9581285,
            46.6167724
          ],
          [
            7.9562397,
            46.6163673
          ],
          [
            7.9540927,
            46.6159068
          ],
          [
            7.9520018,
            46.6154583
          ],
          [
            7.9504244,
            46.6151199
          ],
          [
            7.9486485,
            46.614739
          ],
          [
            7.9468158,
            46.6143459
          ],
          [
            7.9461565,
            46.6142045
          ],
          [
            7.9453691,
            46.6140355
          ],
          [
            7.9439964,
            46.6137411
          ],
          [
            7.9433996,
            46.6136131
          ],
          [
            7.9429251,
            46.6135113
          ],
          [
            7.9425226,
            46.613425
          ],
          [
            7.9420597,
            46.6133257
          ]
        ]
      },
      "id": "way/30080579"
    },
    {
      "type": "Feature",
      "properties": {
        "@id": "way/30080631",
        "aerialway": "chair_lift",
        "aerialway:bubble": "yes",
        "aerialway:capacity": "2400",
        "aerialway:duration": "6.9",
        "aerialway:occupancy": "4",
        "name": "Läger",
        "operator": "GGM",
        "usage": "tourism"
      },
      "geometry": {
        "type": "LineString",
        "coordinates": [
          [
            7.9667044,
            46.6171476
          ],
          [
            7.9664582,
            46.6170201
          ],
          [
            7.9658703,
            46.6167157
          ],
          [
            7.9649239,
            46.6162221
          ],
          [
            7.9635337,
            46.6154939
          ],
          [
            7.9620954,
            46.6147437
          ],
          [
            7.9612638,
            46.6143094
          ],
          [
            7.9604857,
            46.6139072
          ],
          [
            7.9590152,
            46.6131485
          ],
          [
            7.9575996,
            46.6124112
          ],
          [
            7.9559879,
            46.6115693
          ],
          [
            7.9543656,
            46.6107181
          ],
          [
            7.9538125,
            46.6104299
          ],
          [
            7.9523107,
            46.6096429
          ],
          [
            7.9509173,
            46.6089146
          ],
          [
            7.9493082,
            46.608084
          ],
          [
            7.9475233,
            46.6071454
          ],
          [
            7.9459231,
            46.6063142
          ],
          [
            7.9458456,
            46.6062741
          ],
          [
            7.9455028,
            46.6060998
          ]
        ]
      },
      "id": "way/30080631"
    },
    {
      "type": "Feature",
      "properties": {
        "@id": "way/30080639",
        "aerialway": "chair_lift",
        "aerialway:bubble": "yes",
        "aerialway:capacity": "1800",
        "aerialway:duration": "2.5",
        "aerialway:occupancy": "4",
        "name": "Gummi"
      },
      "geometry": {
        "type": "LineString",
        "coordinates": [
          [
            7.9602744,
            46.6047721
          ],
          [
            7.9601717,
            46.6042774
          ],
          [
            7.9598487,
            46.6027206
          ],
          [
            7.9596617,
            46.6018196
          ],
          [
            7.9594127,
            46.6006197
          ],
          [
            7.9591419,
            46.5993145
          ],
          [
            7.959082,
            46.5990257
          ]
        ]
      },
      "id": "way/30080639"
    },
    {
      "type": "Feature",
      "properties": {
        "@id": "way/30080668",
        "aerialway": "chair_lift",
        "aerialway:bubble": "yes",
        "aerialway:capacity": "2000",
        "aerialway:duration": "6.3",
        "aerialway:occupancy": "6",
        "name": "Honegg"
      },
      "geometry": {
        "type": "LineString",
        "coordinates": [
          [
            7.9739785,
            46.5902703
          ],
          [
            7.9732784,
            46.5905654
          ],
          [
            7.9715722,
            46.5912847
          ],
          [
            7.9703733,
            46.5917902
          ],
          [
            7.9693865,
            46.5922061
          ],
          [
            7.9675713,
            46.5929714
          ],
          [
            7.9657045,
            46.5937583
          ],
          [
            7.9639072,
            46.594516
          ],
          [
            7.9622658,
            46.5952079
          ],
          [
            7.9613253,
            46.5956044
          ],
          [
            7.9598464,
            46.5962278
          ],
          [
            7.9580696,
            46.5969768
          ],
          [
            7.9555617,
            46.5980339
          ],
          [
            7.955222,
            46.5981771
          ]
        ]
      },
      "id": "way/30080668"
    },
    {
      "type": "Feature",
      "properties": {
        "@id": "way/30080764",
        "aerialway": "chair_lift",
        "aerialway:capacity": "1200",
        "aerialway:duration": "2",
        "aerialway:occupancy": "4",
        "name": "Innerwengen",
        "seasonal": "winter"
      },
      "geometry": {
        "type": "LineString",
        "coordinates": [
          [
            7.9236917,
            46.5941813
          ],
          [
            7.9246395,
            46.5940704
          ],
          [
            7.9267049,
            46.5938288
          ],
          [
            7.9278372,
            46.5936964
          ],
          [
            7.9299917,
            46.5934444
          ],
          [
            7.9305656,
            46.5933772
          ],
          [
            7.9312189,
            46.5933008
          ]
        ]
      },
      "id": "way/30080764"
    },
    {
      "type": "Feature",
      "properties": {
        "@id": "way/31342258",
        "aerialway": "chair_lift",
        "aerialway:bubble": "yes",
        "aerialway:capacity": "2400",
        "aerialway:duration": "6",
        "aerialway:occupancy": "4",
        "name": "Schilt"
      },
      "geometry": {
        "type": "LineString",
        "coordinates": [
          [
            8.0668089,
            46.6601685
          ],
          [
            8.0665612,
            46.6613907
          ],
          [
            8.0663803,
            46.6622838
          ],
          [
            8.0662347,
            46.6630021
          ],
          [
            8.0660891,
            46.6637204
          ],
          [
            8.0658522,
            46.6648898
          ],
          [
            8.0655467,
            46.6663972
          ],
          [
            8.0652587,
            46.6678185
          ],
          [
            8.064948,
            46.6693514
          ],
          [
            8.0648133,
            46.670016
          ],
          [
            8.064536,
            46.6713844
          ],
          [
            8.0643035,
            46.6725444
          ],
          [
            8.0640671,
            46.6737208
          ],
          [
            8.063952,
            46.6742657
          ]
        ]
      },
      "id": "way/31342258"
    },
    {
      "type": "Feature",
      "properties": {
        "@id": "way/31342261",
        "aerialway": "t-bar",
        "aerialway:capacity": "1200",
        "aerialway:duration": "6",
        "aerialway:occupancy": "2",
        "name": "Hohwald"
      },
      "geometry": {
        "type": "LineString",
        "coordinates": [
          [
            8.0800782,
            46.6552914
          ],
          [
            8.0815297,
            46.6653095
          ]
        ]
      },
      "id": "way/31342261"
    },
    {
      "type": "Feature",
      "properties": {
        "@id": "way/31342426",
        "aerialway": "chair_lift",
        "aerialway:bubble": "yes",
        "aerialway:capacity": "2000",
        "aerialway:duration": "3.55",
        "aerialway:occupancy": "4",
        "name": "Grindel"
      },
      "geometry": {
        "type": "LineString",
        "coordinates": [
          [
            8.0737121,
            46.6549084
          ],
          [
            8.0734992,
            46.6550384
          ],
          [
            8.071972,
            46.6560456
          ],
          [
            8.0704584,
            46.6570524
          ],
          [
            8.0691515,
            46.6579217
          ],
          [
            8.067718,
            46.6588752
          ],
          [
            8.0663925,
            46.6597568
          ],
          [
            8.0649604,
            46.6607094
          ],
          [
            8.0643643,
            46.661082
          ],
          [
            8.0640387,
            46.6612722
          ]
        ]
      },
      "id": "way/31342426"
    },
    {
      "type": "Feature",
      "properties": {
        "@id": "way/33682706",
        "highway": "primary",
        "lanes": "2",
        "maxspeed": "50",
        "name": "Därligenstrasse",
        "name:etymology:wikidata": "Q65065",
        "oneway": "no",
        "ref": "6;11",
        "surface": "asphalt"
      },
      "geometry": {
        "type": "LineString",
        "coordinates": [
          [
            7.8512971,
            46.6773623
          ],
          [
            7.851244,
            46.6773407
          ],
          [
            7.8511417,
            46.6772925
          ],
          [
            7.8510001,
            46.6772301
          ],
          [
            7.8509848,
            46.6772242
          ],
          [
            7.8508546,
            46.6771739
          ],
          [
            7.8506819,
            46.6771139
          ],
          [
            7.8505823,
            46.6770801
          ],
          [
            7.8503999,
            46.6770164
          ],
          [
            7.8502753,
            46.6769664
          ],
          [
            7.8500852,
            46.6768817
          ],
          [
            7.8495515,
            46.6765938
          ]
        ]
      },
      "id": "way/33682706"
    },
    {
      "type": "Feature",
      "properties": {
        "@id": "way/33683396",
        "highway": "secondary",
        "lane_markings": "yes",
        "lanes": "2",
        "lit": "yes",
        "maxspeed": "50",
        "name": "Hauptstrasse",
        "oneway": "no",
        "ref": "221",
        "sidewalk": "both",
        "surface": "asphalt"
      },
      "geometry": {
        "type": "LineString",
        "coordinates": [
          [
            7.8620893,
            46.6815069
          ],
          [
            7.8621395,
            46.6815129
          ],
          [
            7.8621711,
            46.6815148
          ],
          [
            7.8622192,
            46.6815111
          ],
          [
            7.8622817,
            46.6815007
          ],
          [
            7.8623716,
            46.6814817
          ],
          [
            7.8624636,
            46.6814679
          ],
          [
            7.8626358,
            46.6814483
          ],
          [
            7.8627947,
            46.6814256
          ],
          [
            7.8629009,
            46.6814013
          ],
          [
            7.8629944,
            46.6813716
          ],
          [
            7.8630817,
            46.681344
          ],
          [
            7.8632328,
            46.6812746
          ],
          [
            7.8634064,
            46.6811794
          ],
          [
            7.8635002,
            46.6811178
          ],
          [
            7.8635787,
            46.6810608
          ],
          [
            7.8636662,
            46.6809873
          ],
          [
            7.8637974,
            46.6808623
          ],
          [
            7.8639557,
            46.6807006
          ],
          [
            7.8640378,
            46.6806042
          ],
          [
            7.8640734,
            46.6805579
          ]
        ]
      },
      "id": "way/33683396"
    },
    {
      "type": "Feature",
      "properties": {
        "@id": "way/33684816",
        "highway": "tertiary",
        "maxspeed": "50",
        "name": "Wagnerenstrasse",
        "surface": "asphalt"
      },
      "geometry": {
        "type": "LineString",
        "coordinates": [
          [
            7.8565818,
            46.6699634
          ],
          [
            7.856378,
            46.6700775
          ],
          [
            7.8559721,
            46.6702631
          ],
          [
            7.8556109,
            46.6704014
          ],
          [
            7.8553612,
            46.6705541
          ],
          [
            7.8552744,
            46.6706414
          ],
          [
            7.8552193,
            46.6707474
          ],
          [
            7.8552031,
            46.6708168
          ],
          [
            7.855203,
            46.6709169
          ],
          [
            7.8552333,
            46.6710561
          ],
          [
            7.8552836,
            46.6712718
          ],
          [
            7.8553079,
            46.6713535
          ]
        ]
      },
      "id": "way/33684816"
    },
    {
      "type": "Feature",
      "properties": {
        "@id": "way/34007518",
        "cycleway:both": "no",
        "highway": "tertiary",
        "maxspeed": "40",
        "name": "Obere Gletscherstrasse",
        "surface": "asphalt"
      },
      "geometry": {
        "type": "LineString",
        "coordinates": [
          [
            8.0710672,
            46.6321827
          ],
          [
            8.0707922,
            46.632036
          ],
          [
            8.0707476,
            46.6320204
          ],
          [
            8.0706808,
            46.6319987
          ],
          [
            8.0706097,
            46.6319835
          ],
          [
            8.0705456,
            46.6319771
          ],
          [
            8.0704713,
            46.6319764
          ],
          [
            8.0704007,
            46.6319861
          ],
          [
            8.0703371,
            46.632003
          ],
          [
            8.0702675,
            46.6320316
          ],
          [
            8.0702061,
            46.6320764
          ],
          [
            8.0701767,
            46.6321029
          ],
          [
            8.0701506,
            46.6321367
          ],
          [
            8.0701239,
            46.6321898
          ],
          [
            8.0701014,
            46.6322452
          ],
          [
            8.0700928,
            46.6323049
          ],
          [
            8.0700896,
            46.6323592
          ],
          [
            8.0701031,
            46.6324299
          ],
          [
            8.0701325,
            46.6326448
          ],
          [
            8.0701273,
            46.6327671
          ],
          [
            8.0701163,
            46.6328321
          ],
          [
            8.0700842,
            46.6328946
          ],
          [
            8.0700454,
            46.632964
          ],
          [
            8.0699908,
            46.6330138
          ],
          [
            8.0699527,
            46.6330366
          ],
          [
            8.0699003,
            46.6330545
          ],
          [
            8.0698314,
            46.6330637
          ],
          [
            8.0697636,
            46.633063
          ],
          [
            8.0696991,
            46.633053
          ],
          [
            8.0696301,
            46.6330305
          ],
          [
            8.0695705,
            46.6330032
          ],
          [
            8.069524,
            46.6329793
          ]
        ]
      },
      "id": "way/34007518"
    },
    {
      "type": "Feature",
      "properties": {
        "@id": "way/34104182",
        "highway": "tertiary",
        "lanes": "2",
        "name": "Oberlandstrasse",
        "surface": "asphalt"
      },
      "geometry": {
        "type": "LineString",
        "coordinates": [
          [
            7.9013142,
            46.6862418
          ],
          [
            7.901403,
            46.6861863
          ],
          [
            7.9016446,
            46.6860353
          ],
          [
            7.9018394,
            46.6859134
          ],
          [
            7.9021127,
            46.6857713
          ],
          [
            7.9022577,
            46.6857301
          ],
          [
            7.9023685,
            46.6857151
          ],
          [
            7.9024804,
            46.6857096
          ],
          [
            7.9026072,
            46.6857174
          ],
          [
            7.9027296,
            46.6857338
          ],
          [
            7.9029659,
            46.6857892
          ],
          [
            7.9034737,
            46.6859284
          ]
        ]
      },
      "id": "way/34104182"
    },
    {
      "type": "Feature",
      "properties": {
        "@id": "way/34172991",
        "highway": "tertiary",
        "lanes": "2",
        "maxspeed": "50",
        "name": "Obereigasse",
        "oneway": "no",
        "sidewalk": "right",
        "surface": "asphalt"
      },
      "geometry": {
        "type": "LineString",
        "coordinates": [
          [
            7.8698433,
            46.6634157
          ],
          [
            7.8697977,
            46.663397
          ],
          [
            7.8697506,
            46.6633801
          ],
          [
            7.8696938,
            46.6633639
          ],
          [
            7.8695838,
            46.6633317
          ],
          [
            7.8695309,
            46.6633142
          ],
          [
            7.8693776,
            46.6632661
          ],
          [
            7.8692453,
            46.66321
          ],
          [
            7.8691528,
            46.6631568
          ],
          [
            7.8690739,
            46.6630996
          ],
          [
            7.8689766,
            46.663014
          ],
          [
            7.8686004,
            46.6626454
          ],
          [
            7.8684894,
            46.6625337
          ],
          [
            7.8683887,
            46.6624088
          ],
          [
            7.868321,
            46.6623124
          ],
          [
            7.8682307,
            46.6622176
          ],
          [
            7.868128,
            46.6621453
          ],
          [
            7.8679546,
            46.6620191
          ],
          [
            7.8677755,
            46.6618537
          ],
          [
            7.8676256,
            46.6617071
          ],
          [
            7.8673371,
            46.6614286
          ],
          [
            7.8671589,
            46.6612545
          ],
          [
            7.8670452,
            46.6611428
          ],
          [
            7.8669947,
            46.6610946
          ],
          [
            7.8668488,
            46.6609709
          ],
          [
            7.8667375,
            46.6608994
          ],
          [
            7.8666213,
            46.660851
          ],
          [
            7.8664988,
            46.6608146
          ],
          [
            7.8661107,
            46.6607221
          ],
          [
            7.8659559,
            46.6606896
          ],
          [
            7.865816,
            46.6606732
          ],
          [
            7.8657087,
            46.6606739
          ],
          [
            7.8655186,
            46.660685
          ],
          [
            7.8652363,
            46.6607085
          ],
          [
            7.8650383,
            46.6607141
          ],
          [
            7.864922,
            46.6607125
          ],
          [
            7.8647224,
            46.6606992
          ],
          [
            7.8645969,
            46.6606858
          ],
          [
            7.8644045,
            46.6606545
          ],
          [
            7.8642245,
            46.6606165
          ],
          [
            7.8640863,
            46.6605786
          ],
          [
            7.8639639,
            46.6605398
          ],
          [
            7.8638308,
            46.6604919
          ],
          [
            7.8637506,
            46.6604592
          ],
          [
            7.8636905,
            46.6604257
          ],
          [
            7.8636598,
            46.6603938
          ],
          [
            7.8636483,
            46.6603707
          ]
        ]
      },
      "id": "way/34172991"
    },
    {
      "type": "Feature",
      "properties": {
        "@id": "way/34172992",
        "bridge": "yes",
        "cycleway:both": "no",
        "highway": "tertiary",
        "lanes": "2",
        "layer": "1",
        "maxspeed": "50",
        "name": "Grenchenstrasse",
        "oneway": "no",
        "surface": "asphalt"
      },
      "geometry": {
        "type": "LineString",
        "coordinates": [
          [
            7.8638704,
            46.6598647
          ],
          [
            7.8639565,
            46.6597155
          ]
        ]
      },
      "id": "way/34172992"
    },
    {
      "type": "Feature",
      "properties": {
        "@id": "way/34723020",
        "highway": "tertiary",
        "lanes": "1",
        "maxspeed": "30",
        "name": "Rugenstrasse",
        "oneway": "no",
        "sidewalk": "no",
        "surface": "asphalt"
      },
      "geometry": {
        "type": "LineString",
        "coordinates": [
          [
            7.8601024,
            46.6674474
          ],
          [
            7.8601096,
            46.6673881
          ],
          [
            7.8601423,
            46.6673313
          ],
          [
            7.8602754,
            46.6671412
          ],
          [
            7.8605745,
            46.666721
          ],
          [
            7.8606762,
            46.6665412
          ],
          [
            7.8607225,
            46.6664488
          ],
          [
            7.8607591,
            46.6663555
          ],
          [
            7.8608003,
            46.6661966
          ],
          [
            7.8608311,
            46.6660365
          ],
          [
            7.8608491,
            46.6658139
          ],
          [
            7.8608565,
            46.665438
          ],
          [
            7.860865,
            46.6653595
          ],
          [
            7.8608926,
            46.66528
          ],
          [
            7.860979,
            46.6651335
          ],
          [
            7.8610273,
            46.6650406
          ],
          [
            7.861067,
            46.664931
          ],
          [
            7.8611275,
            46.6647418
          ],
          [
            7.8611387,
            46.6646714
          ],
          [
            7.8611335,
            46.6646187
          ],
          [
            7.8611085,
            46.6645672
          ],
          [
            7.8610383,
            46.664465
          ],
          [
            7.8608772,
            46.6642593
          ],
          [
            7.8608112,
            46.6641598
          ],
          [
            7.8607935,
            46.6641235
          ],
          [
            7.8607894,
            46.6640841
          ],
          [
            7.8608019,
            46.6640291
          ],
          [
            7.8608179,
            46.6639569
          ]
        ]
      },
      "id": "way/34723020"
    },
    {
      "type": "Feature",
      "properties": {
        "@id": "way/34723021",
        "highway": "tertiary",
        "lanes": "1",
        "maxspeed": "30",
        "name": "Lehngasse",
        "sidewalk": "no",
        "surface": "asphalt"
      },
      "geometry": {
        "type": "LineString",
        "coordinates": [
          [
            7.8608179,
            46.6639569
          ],
          [
            7.8608452,
            46.6638736
          ],
          [
            7.860878,
            46.6637719
          ],
          [
            7.8609096,
            46.6636665
          ],
          [
            7.860931,
            46.6635878
          ],
          [
            7.8609598,
            46.6635032
          ],
          [
            7.8609972,
            46.6634309
          ],
          [
            7.861039,
            46.6633697
          ],
          [
            7.8610966,
            46.6633058
          ],
          [
            7.861214,
            46.6631723
          ],
          [
            7.8614311,
            46.662898
          ],
          [
            7.8615177,
            46.6627897
          ],
          [
            7.8615932,
            46.6626997
          ],
          [
            7.8619033,
            46.6623591
          ],
          [
            7.8621735,
            46.6619986
          ],
          [
            7.8623881,
            46.6617132
          ],
          [
            7.8624649,
            46.6616112
          ],
          [
            7.8625551,
            46.6614912
          ],
          [
            7.8628609,
            46.6612416
          ],
          [
            7.8630787,
            46.6610619
          ],
          [
            7.8631257,
            46.6610213
          ],
          [
            7.8631645,
            46.6609799
          ],
          [
            7.863298,
            46.6607911
          ],
          [
            7.8633681,
            46.6606922
          ],
          [
            7.8633956,
            46.6606475
          ],
          [
            7.863511,
            46.6604731
          ],
          [
            7.8635495,
            46.6604134
          ],
          [
            7.8635824,
            46.6603835
          ],
          [
            7.8636483,
            46.6603707
          ]
        ]
      },
      "id": "way/34723021"
    },
    {
      "type": "Feature",
      "properties": {
        "@id": "way/34723029",
        "aerialway": "cable_car",
        "aerialway:occupancy": "8",
        "name": "Luftseilbahn Isenfluh-Sulwald",
        "website": "https://www.isenfluh.ch/"
      },
      "geometry": {
        "type": "LineString",
        "coordinates": [
          [
            7.8951256,
            46.6203914
          ],
          [
            7.891815,
            46.6218076
          ],
          [
            7.8898495,
            46.6226484
          ],
          [
            7.8892954,
            46.6228854
          ],
          [
            7.8881172,
            46.6233964
          ]
        ]
      },
      "id": "way/34723029"
    },
    {
      "type": "Feature",
      "properties": {
        "@id": "way/35077552",
        "bridge": "yes",
        "highway": "tertiary",
        "layer": "1",
        "maxspeed": "50",
        "name": "Wagnerenstrasse",
        "surface": "asphalt"
      },
      "geometry": {
        "type": "LineString",
        "coordinates": [
          [
            7.8553541,
            46.6714883
          ],
          [
            7.8555057,
            46.6719321
          ]
        ]
      },
      "id": "way/35077552"
    },
    {
      "type": "Feature",
      "properties": {
        "@id": "way/35079964",
        "cycleway:right": "lane",
        "highway": "secondary",
        "lanes": "2",
        "maxspeed": "50",
        "name": "Seestrasse",
        "ref": "221",
        "source:maxspeed": "sign",
        "surface": "asphalt"
      },
      "geometry": {
        "type": "LineString",
        "coordinates": [
          [
            7.816408,
            46.6802477
          ],
          [
            7.8163967,
            46.6802543
          ],
          [
            7.8163664,
            46.6802723
          ]
        ]
      },
      "id": "way/35079964"
    },
    {
      "type": "Feature",
      "properties": {
        "@id": "way/35079965",
        "highway": "secondary",
        "lane_markings": "yes",
        "lanes": "2",
        "maxspeed": "50",
        "name": "Seestrasse",
        "ref": "221",
        "source:maxspeed": "sign",
        "surface": "asphalt"
      },
      "geometry": {
        "type": "LineString",
        "coordinates": [
          [
            7.8158047,
            46.6806789
          ],
          [
            7.8157892,
            46.680694
          ],
          [
            7.8157327,
            46.6807532
          ],
          [
            7.8156679,
            46.6808308
          ],
          [
            7.8156574,
            46.6808447
          ],
          [
            7.8155019,
            46.6810499
          ],
          [
            7.815399,
            46.6811831
          ],
          [
            7.8153703,
            46.6812222
          ]
        ]
      },
      "id": "way/35079965"
    },
    {
      "type": "Feature",
      "properties": {
        "@id": "way/35079968",
        "bridge": "yes",
        "cycleway:both": "no",
        "highway": "tertiary",
        "layer": "1",
        "maxspeed": "80",
        "maxweight": "28",
        "name": "Beatenbergstrasse",
        "ref": "1109"
      },
      "geometry": {
        "type": "LineString",
        "coordinates": [
          [
            7.8378663,
            46.6970437
          ],
          [
            7.8378842,
            46.6968107
          ]
        ]
      },
      "id": "way/35079968"
    },
    {
      "type": "Feature",
      "properties": {
        "@id": "way/35398116",
        "electrified": "no",
        "layer": "-1",
        "name": "Harderbahn",
        "railway": "funicular",
        "tunnel": "yes"
      },
      "geometry": {
        "type": "LineString",
        "coordinates": [
          [
            7.8650814,
            46.6933876
          ],
          [
            7.8650441,
            46.6934714
          ],
          [
            7.8650183,
            46.6935241
          ],
          [
            7.8649713,
            46.6936129
          ],
          [
            7.8649283,
            46.6936866
          ],
          [
            7.8648864,
            46.6937533
          ],
          [
            7.8648616,
            46.6937883
          ],
          [
            7.8648309,
            46.6938331
          ],
          [
            7.8647911,
            46.6938887
          ],
          [
            7.8647488,
            46.6939439
          ],
          [
            7.8647173,
            46.6939828
          ],
          [
            7.8646728,
            46.6940358
          ],
          [
            7.8646266,
            46.6940864
          ],
          [
            7.8645879,
            46.6941269
          ],
          [
            7.8645283,
            46.6941873
          ],
          [
            7.864496,
            46.6942179
          ],
          [
            7.8644542,
            46.6942561
          ],
          [
            7.8644025,
            46.6943002
          ],
          [
            7.8642677,
            46.6944116
          ],
          [
            7.8638667,
            46.6947426
          ]
        ]
      },
      "id": "way/35398116"
    },
    {
      "type": "Feature",
      "properties": {
        "@id": "way/35398117",
        "electrified": "no",
        "name": "Harderbahn",
        "railway": "funicular",
        "wikidata": "Q338139",
        "wikipedia": "cs:Harderbahn"
      },
      "geometry": {
        "type": "LineString",
        "coordinates": [
          [
            7.8638667,
            46.6947426
          ],
          [
            7.8633502,
            46.6951695
          ],
          [
            7.8628687,
            46.6955651
          ],
          [
            7.8623289,
            46.6959644
          ],
          [
            7.8622045,
            46.6960559
          ],
          [
            7.8621856,
            46.6960683
          ],
          [
            7.862025,
            46.696175
          ],
          [
            7.8619212,
            46.6962398
          ],
          [
            7.8618363,
            46.6962904
          ],
          [
            7.8617617,
            46.6963335
          ]
        ]
      },
      "id": "way/35398117"
    },
    {
      "type": "Feature",
      "properties": {
        "@id": "way/35398527",
        "electrified": "no",
        "name": "Harderbahn",
        "railway": "funicular"
      },
      "geometry": {
        "type": "LineString",
        "coordinates": [
          [
            7.8651574,
            46.6931383
          ],
          [
            7.8651368,
            46.6932135
          ],
          [
            7.8651118,
            46.6932969
          ],
          [
            7.8650814,
            46.6933876
          ]
        ]
      },
      "id": "way/35398527"
    },
    {
      "type": "Feature",
      "properties": {
        "@id": "way/35551459",
        "cycleway:both": "no",
        "highway": "secondary",
        "lanes": "2",
        "lcn": "yes",
        "lit": "yes",
        "maxspeed": "50",
        "name": "Seestrasse",
        "ref": "221",
        "sidewalk": "both",
        "surface": "asphalt"
      },
      "geometry": {
        "type": "LineString",
        "coordinates": [
          [
            7.8447935,
            46.6833912
          ],
          [
            7.8451329,
            46.6835626
          ],
          [
            7.8452281,
            46.6836107
          ],
          [
            7.8453485,
            46.683676
          ],
          [
            7.8455888,
            46.6838062
          ],
          [
            7.8457048,
            46.6838685
          ],
          [
            7.8459789,
            46.6840158
          ],
          [
            7.8461324,
            46.6840986
          ],
          [
            7.8462421,
            46.6841558
          ],
          [
            7.8465948,
            46.6843408
          ],
          [
            7.8467532,
            46.6844238
          ],
          [
            7.8469177,
            46.6845141
          ],
          [
            7.8469453,
            46.6845293
          ],
          [
            7.8470614,
            46.684593
          ],
          [
            7.847118,
            46.684624
          ],
          [
            7.847184,
            46.684663
          ],
          [
            7.8472187,
            46.6846835
          ],
          [
            7.8472441,
            46.6846984
          ],
          [
            7.847575,
            46.6848941
          ],
          [
            7.8478545,
            46.6850491
          ],
          [
            7.8479373,
            46.6850943
          ],
          [
            7.8479898,
            46.6851229
          ],
          [
            7.8480671,
            46.6851559
          ],
          [
            7.8481168,
            46.685167
          ]
        ]
      },
      "id": "way/35551459"
    },
    {
      "type": "Feature",
      "properties": {
        "@id": "way/35823269",
        "highway": "tertiary",
        "maxspeed": "50",
        "name": "Unspunnenstrasse",
        "source:maxspeed": "sign",
        "surface": "asphalt"
      },
      "geometry": {
        "type": "LineString",
        "coordinates": [
          [
            7.8601024,
            46.6674474
          ],
          [
            7.8599436,
            46.6674558
          ],
          [
            7.8598786,
            46.6674876
          ],
          [
            7.8598247,
            46.6675411
          ],
          [
            7.8597302,
            46.6676512
          ],
          [
            7.8595015,
            46.6680906
          ],
          [
            7.8594468,
            46.6682047
          ],
          [
            7.8593893,
            46.6682724
          ],
          [
            7.8593185,
            46.6683304
          ],
          [
            7.8592441,
            46.6683763
          ],
          [
            7.8591191,
            46.6684329
          ],
          [
            7.8589508,
            46.6685067
          ],
          [
            7.8587664,
            46.6686083
          ],
          [
            7.858669,
            46.6686842
          ],
          [
            7.8584244,
            46.668941
          ],
          [
            7.8582625,
            46.6691629
          ]
        ]
      },
      "id": "way/35823269"
    },
    {
      "type": "Feature",
      "properties": {
        "@id": "way/37801567",
        "highway": "primary",
        "lanes": "2",
        "lit": "yes",
        "maxspeed": "50",
        "name": "Lindenallee",
        "ref": "6;11",
        "sidewalk": "no",
        "surface": "asphalt"
      },
      "geometry": {
        "type": "LineString",
        "coordinates": [
          [
            7.8730065,
            46.6879078
          ],
          [
            7.8727643,
            46.6878743
          ],
          [
            7.87256,
            46.687846
          ],
          [
            7.8716817,
            46.6877129
          ],
          [
            7.8706506,
            46.6875638
          ],
          [
            7.870399,
            46.6875324
          ]
        ]
      },
      "id": "way/37801567"
    },
    {
      "type": "Feature",
      "properties": {
        "@id": "way/37806530",
        "highway": "secondary",
        "maxspeed": "50",
        "maxweight": "34",
        "name": "Staatsstrasse",
        "ref": "221",
        "source:maxspeed": "sign",
        "surface": "asphalt"
      },
      "geometry": {
        "type": "LineString",
        "coordinates": [
          [
            7.7964692,
            46.6869291
          ],
          [
            7.7964512,
            46.6869294
          ],
          [
            7.7963699,
            46.6869375
          ],
          [
            7.7963007,
            46.6869503
          ],
          [
            7.7962617,
            46.6869617
          ],
          [
            7.7961782,
            46.6870002
          ],
          [
            7.7961196,
            46.6870363
          ],
          [
            7.796101,
            46.6870496
          ],
          [
            7.7960779,
            46.6870661
          ],
          [
            7.7960364,
            46.6871067
          ],
          [
            7.7959827,
            46.687169
          ],
          [
            7.7959585,
            46.6871969
          ],
          [
            7.7958885,
            46.6872871
          ],
          [
            7.7958458,
            46.6873356
          ],
          [
            7.7958412,
            46.6873409
          ],
          [
            7.7957808,
            46.6874017
          ],
          [
            7.7957249,
            46.6874451
          ],
          [
            7.7956715,
            46.6874767
          ],
          [
            7.7956233,
            46.6874984
          ],
          [
            7.7955215,
            46.6875329
          ],
          [
            7.7954589,
            46.6875466
          ],
          [
            7.7953487,
            46.6875714
          ],
          [
            7.7951309,
            46.6876053
          ],
          [
            7.7948238,
            46.6876606
          ],
          [
            7.7946219,
            46.6876968
          ],
          [
            7.7946172,
            46.6876972
          ],
          [
            7.7945645,
            46.6877014
          ]
        ]
      },
      "id": "way/37806530"
    },
    {
      "type": "Feature",
      "properties": {
        "@id": "way/37806532",
        "bridge": "yes",
        "highway": "secondary",
        "layer": "1",
        "maxspeed": "50",
        "name": "Staatsstrasse",
        "ref": "221",
        "source:maxspeed": "sign",
        "surface": "asphalt"
      },
      "geometry": {
        "type": "LineString",
        "coordinates": [
          [
            7.7965855,
            46.6869251
          ],
          [
            7.7964692,
            46.6869291
          ]
        ]
      },
      "id": "way/37806532"
    },
    {
      "type": "Feature",
      "properties": {
        "@id": "way/38074378",
        "highway": "tertiary",
        "maxspeed": "CH:rural",
        "name": "Saxetenstrasse",
        "ref": "1123"
      },
      "geometry": {
        "type": "LineString",
        "coordinates": [
          [
            7.8495055,
            46.6483917
          ],
          [
            7.849265,
            46.6482297
          ],
          [
            7.8490608,
            46.6480648
          ],
          [
            7.8486063,
            46.6477927
          ],
          [
            7.8483821,
            46.6476305
          ],
          [
            7.8481679,
            46.6474449
          ],
          [
            7.8477378,
            46.6471637
          ],
          [
            7.8474611,
            46.6469928
          ],
          [
            7.8471768,
            46.6468237
          ],
          [
            7.8465807,
            46.6465529
          ],
          [
            7.846396,
            46.6464238
          ],
          [
            7.8462138,
            46.6462767
          ],
          [
            7.8461297,
            46.6461942
          ],
          [
            7.8459776,
            46.6461434
          ],
          [
            7.8458374,
            46.646131
          ],
          [
            7.8457253,
            46.6460692
          ],
          [
            7.8456954,
            46.6460423
          ],
          [
            7.8455692,
            46.645929
          ],
          [
            7.8454951,
            46.6458218
          ],
          [
            7.845435,
            46.6457668
          ],
          [
            7.8453189,
            46.6457022
          ],
          [
            7.8451019,
            46.6455589
          ],
          [
            7.8449545,
            46.6454878
          ],
          [
            7.8447954,
            46.6453888
          ],
          [
            7.8445361,
            46.6451455
          ],
          [
            7.8442706,
            46.6449018
          ],
          [
            7.8440157,
            46.6447384
          ],
          [
            7.8437638,
            46.6446236
          ],
          [
            7.8435909,
            46.6444534
          ],
          [
            7.8434251,
            46.6441213
          ],
          [
            7.84324,
            46.6438206
          ],
          [
            7.8430616,
            46.6436604
          ],
          [
            7.8426325,
            46.6434296
          ],
          [
            7.8423907,
            46.6432811
          ]
        ]
      },
      "id": "way/38074378"
    },
    {
      "type": "Feature",
      "properties": {
        "@id": "way/38074379",
        "highway": "tertiary",
        "lane_markings": "no",
        "maxspeed": "CH:rural",
        "name": "Saxetenstrasse",
        "ref": "1123",
        "surface": "asphalt"
      },
      "geometry": {
        "type": "LineString",
        "coordinates": [
          [
            7.8423907,
            46.6432811
          ],
          [
            7.8421167,
            46.6430569
          ],
          [
            7.842053,
            46.6429593
          ],
          [
            7.8420408,
            46.6428611
          ],
          [
            7.8420762,
            46.6427215
          ],
          [
            7.8420742,
            46.6425859
          ],
          [
            7.8419702,
            46.6424062
          ],
          [
            7.8414782,
            46.6419663
          ],
          [
            7.8410818,
            46.6416766
          ],
          [
            7.8406726,
            46.6413949
          ],
          [
            7.8405541,
            46.641292
          ],
          [
            7.8405098,
            46.6411926
          ],
          [
            7.8405019,
            46.6410995
          ],
          [
            7.8404447,
            46.6409982
          ],
          [
            7.8403371,
            46.6409535
          ],
          [
            7.8401927,
            46.6409321
          ],
          [
            7.8400823,
            46.6409088
          ],
          [
            7.8399968,
            46.6408526
          ],
          [
            7.8397217,
            46.6405701
          ],
          [
            7.8393999,
            46.640279
          ],
          [
            7.8392433,
            46.6401317
          ],
          [
            7.8391479,
            46.6400282
          ],
          [
            7.8390079,
            46.6398842
          ],
          [
            7.8388931,
            46.6395752
          ],
          [
            7.8387473,
            46.6394423
          ],
          [
            7.8376517,
            46.6385288
          ],
          [
            7.837317,
            46.6382874
          ],
          [
            7.8368534,
            46.6380221
          ],
          [
            7.836591,
            46.6378075
          ],
          [
            7.8358733,
            46.6373554
          ],
          [
            7.8352265,
            46.6371005
          ],
          [
            7.8350724,
            46.6370125
          ],
          [
            7.8349585,
            46.6369001
          ],
          [
            7.8347821,
            46.6365058
          ],
          [
            7.8347529,
            46.6363699
          ],
          [
            7.8347416,
            46.6361381
          ],
          [
            7.8346775,
            46.6359697
          ],
          [
            7.8342099,
            46.6355287
          ],
          [
            7.8340829,
            46.6354146
          ],
          [
            7.8340265,
            46.6353867
          ],
          [
            7.8339592,
            46.6353781
          ],
          [
            7.8339118,
            46.6353806
          ]
        ]
      },
      "id": "way/38074379"
    },
    {
      "type": "Feature",
      "properties": {
        "@id": "way/40667786",
        "cycleway:both": "no",
        "highway": "tertiary",
        "lanes": "2",
        "lit": "yes",
        "maxspeed": "30",
        "name": "Hauptstrasse",
        "oneway": "no",
        "sidewalk": "both",
        "smoothness": "good",
        "surface": "asphalt"
      },
      "geometry": {
        "type": "LineString",
        "coordinates": [
          [
            7.8697332,
            46.6666975
          ],
          [
            7.869644,
            46.6665564
          ],
          [
            7.8694169,
            46.6662131
          ]
        ]
      },
      "id": "way/40667786"
    },
    {
      "type": "Feature",
      "properties": {
        "@id": "way/40674562",
        "cycleway:both": "no",
        "highway": "secondary",
        "lanes": "2",
        "maxspeed": "80",
        "name": "Grenchenstrasse",
        "oneway": "no",
        "ref": "221",
        "surface": "asphalt"
      },
      "geometry": {
        "type": "LineString",
        "coordinates": [
          [
            7.8671099,
            46.655138
          ],
          [
            7.8671298,
            46.6550722
          ],
          [
            7.8671527,
            46.6550087
          ],
          [
            7.8671961,
            46.6549207
          ],
          [
            7.8672823,
            46.6547827
          ],
          [
            7.8675049,
            46.6544484
          ],
          [
            7.86778,
            46.6540363
          ],
          [
            7.8680246,
            46.6536515
          ]
        ]
      },
      "id": "way/40674562"
    },
    {
      "type": "Feature",
      "properties": {
        "@id": "way/40731248",
        "highway": "tertiary",
        "lane_markings": "no",
        "maxspeed": "50",
        "name": "Saxetenstrasse",
        "ref": "1123",
        "sidewalk:left": "no",
        "sidewalk:right": "separate",
        "surface": "asphalt"
      },
      "geometry": {
        "type": "LineString",
        "coordinates": [
          [
            7.8626891,
            46.659723
          ],
          [
            7.8625956,
            46.6597128
          ],
          [
            7.861681,
            46.6596398
          ],
          [
            7.8612887,
            46.6596085
          ],
          [
            7.8608061,
            46.6595956
          ],
          [
            7.8603224,
            46.6596032
          ],
          [
            7.8600844,
            46.6596032
          ],
          [
            7.8598819,
            46.6596169
          ],
          [
            7.8590595,
            46.6597711
          ],
          [
            7.8588511,
            46.6598023
          ]
        ]
      },
      "id": "way/40731248"
    },
    {
      "type": "Feature",
      "properties": {
        "@id": "way/40732271",
        "bridge": "yes",
        "highway": "tertiary",
        "layer": "1",
        "maxspeed": "50",
        "name": "Saxetenstrasse",
        "ref": "1123",
        "surface": "asphalt"
      },
      "geometry": {
        "type": "LineString",
        "coordinates": [
          [
            7.8632663,
            46.6599191
          ],
          [
            7.863238,
            46.6598904
          ],
          [
            7.8630376,
            46.6597787
          ]
        ]
      },
      "id": "way/40732271"
    },
    {
      "type": "Feature",
      "properties": {
        "@id": "way/43564429",
        "bridge": "yes",
        "highway": "tertiary",
        "layer": "1",
        "name": "Saxetenstrasse",
        "ref": "1123"
      },
      "geometry": {
        "type": "LineString",
        "coordinates": [
          [
            7.8339118,
            46.6353806
          ],
          [
            7.8337008,
            46.635484
          ]
        ]
      },
      "id": "way/43564429"
    },
    {
      "type": "Feature",
      "properties": {
        "@id": "way/43564430",
        "highway": "tertiary",
        "lane_markings": "no",
        "name": "Saxetenstrasse",
        "ref": "1123",
        "surface": "asphalt"
      },
      "geometry": {
        "type": "LineString",
        "coordinates": [
          [
            7.8337008,
            46.635484
          ],
          [
            7.8336523,
            46.6355246
          ],
          [
            7.833611,
            46.635605
          ],
          [
            7.8335753,
            46.6357134
          ],
          [
            7.8335716,
            46.6357727
          ],
          [
            7.8335694,
            46.6358937
          ],
          [
            7.8335604,
            46.6359623
          ],
          [
            7.8335444,
            46.6359972
          ],
          [
            7.8335168,
            46.6360239
          ],
          [
            7.8334758,
            46.6360436
          ],
          [
            7.8334357,
            46.6360543
          ],
          [
            7.8332701,
            46.6360508
          ],
          [
            7.83313,
            46.6360521
          ],
          [
            7.8330722,
            46.6360627
          ],
          [
            7.8330364,
            46.6360692
          ]
        ]
      },
      "id": "way/43564430"
    },
    {
      "type": "Feature",
      "properties": {
        "@id": "way/44044068",
        "cycleway:both": "no",
        "highway": "tertiary",
        "lanes": "2",
        "maxspeed": "50",
        "name": "Grenchenstrasse",
        "oneway": "no",
        "surface": "asphalt"
      },
      "geometry": {
        "type": "LineString",
        "coordinates": [
          [
            7.8639565,
            46.6597155
          ],
          [
            7.8639823,
            46.6596728
          ],
          [
            7.8640775,
            46.6595133
          ],
          [
            7.8643856,
            46.6590367
          ],
          [
            7.8649869,
            46.6581659
          ],
          [
            7.8651881,
            46.657875
          ]
        ]
      },
      "id": "way/44044068"
    },
    {
      "type": "Feature",
      "properties": {
        "@id": "way/44385111",
        "cycleway:both": "no",
        "highway": "tertiary",
        "lane_markings": "no",
        "lit": "yes",
        "maxspeed": "50",
        "name": "Scheidgasse",
        "ref": "1109",
        "surface": "asphalt"
      },
      "geometry": {
        "type": "LineString",
        "coordinates": [
          [
            7.8434486,
            46.6882934
          ],
          [
            7.8441487,
            46.6876482
          ],
          [
            7.844251,
            46.6875514
          ],
          [
            7.8444823,
            46.6873321
          ],
          [
            7.844546,
            46.6872737
          ],
          [
            7.8447432,
            46.6870919
          ],
          [
            7.8448215,
            46.6870193
          ]
        ]
      },
      "id": "way/44385111"
    },
    {
      "type": "Feature",
      "properties": {
        "@id": "way/51460433",
        "cycleway:both": "lane",
        "cycleway:both:lane": "advisory",
        "highway": "primary",
        "lane_markings": "no",
        "lanes": "2",
        "lit": "yes",
        "maxspeed": "50",
        "maxweight": "32",
        "name": "Hauptstrasse",
        "ref": "6;11",
        "sidewalk": "right",
        "smoothness": "good",
        "surface": "asphalt"
      },
      "geometry": {
        "type": "LineString",
        "coordinates": [
          [
            7.7723648,
            46.6545399
          ],
          [
            7.7726497,
            46.6545443
          ]
        ]
      },
      "id": "way/51460433"
    },
    {
      "type": "Feature",
      "properties": {
        "@id": "way/52329528",
        "aerialway": "chair_lift",
        "aerialway:bubble": "yes",
        "aerialway:capacity": "1800",
        "aerialway:duration": "6.5",
        "aerialway:occupancy": "6",
        "layer": "2",
        "name": "Eigernordwand"
      },
      "geometry": {
        "type": "LineString",
        "coordinates": [
          [
            7.9743548,
            46.590454
          ],
          [
            7.9743398,
            46.5898324
          ],
          [
            7.9744292,
            46.5882866
          ],
          [
            7.9744776,
            46.5874496
          ],
          [
            7.9746086,
            46.5851842
          ],
          [
            7.974686,
            46.5838468
          ],
          [
            7.9747791,
            46.5822355
          ],
          [
            7.9748761,
            46.580559
          ],
          [
            7.9749138,
            46.579906
          ],
          [
            7.9749527,
            46.5792339
          ],
          [
            7.9750201,
            46.578068
          ],
          [
            7.9750923,
            46.5768192
          ],
          [
            7.9751857,
            46.5754214
          ]
        ]
      },
      "id": "way/52329528"
    },
    {
      "type": "Feature",
      "properties": {
        "@id": "way/56428927",
        "cycleway:both": "no",
        "highway": "secondary",
        "lane_markings": "yes",
        "lanes": "2",
        "maxspeed": "80",
        "name": "Grindelwaldstrasse",
        "ref": "221",
        "surface": "asphalt"
      },
      "geometry": {
        "type": "LineString",
        "coordinates": [
          [
            7.999621,
            46.6330591
          ],
          [
            7.9993627,
            46.6331211
          ],
          [
            7.9991584,
            46.6331602
          ],
          [
            7.9988842,
            46.6331979
          ],
          [
            7.998694,
            46.6332274
          ],
          [
            7.9984698,
            46.633277
          ],
          [
            7.9983046,
            46.6333236
          ],
          [
            7.9980997,
            46.6333962
          ],
          [
            7.9979776,
            46.6334473
          ],
          [
            7.9978224,
            46.6335241
          ],
          [
            7.9977061,
            46.6335914
          ],
          [
            7.996812,
            46.6341617
          ],
          [
            7.9966803,
            46.6342347
          ],
          [
            7.9964134,
            46.6343617
          ],
          [
            7.9961546,
            46.6344691
          ],
          [
            7.995817,
            46.6346056
          ],
          [
            7.9953677,
            46.6347953
          ],
          [
            7.9946293,
            46.6351003
          ],
          [
            7.9943651,
            46.6352067
          ],
          [
            7.9940809,
            46.6353121
          ],
          [
            7.9938835,
            46.635377
          ],
          [
            7.9935978,
            46.6354647
          ],
          [
            7.9932404,
            46.6355576
          ],
          [
            7.9928929,
            46.6356321
          ],
          [
            7.9924976,
            46.635697
          ],
          [
            7.9921529,
            46.6357441
          ],
          [
            7.9903822,
            46.6359098
          ],
          [
            7.9900799,
            46.6359445
          ],
          [
            7.9890901,
            46.6360762
          ],
          [
            7.9882425,
            46.6361761
          ],
          [
            7.9876756,
            46.6362218
          ],
          [
            7.9872295,
            46.6362501
          ],
          [
            7.9861549,
            46.6362961
          ],
          [
            7.9855009,
            46.6363264
          ],
          [
            7.9848377,
            46.6363556
          ],
          [
            7.9846557,
            46.6363606
          ],
          [
            7.9844595,
            46.6363632
          ],
          [
            7.9843128,
            46.6363619
          ],
          [
            7.983758,
            46.6363396
          ],
          [
            7.9835014,
            46.636328
          ],
          [
            7.9822177,
            46.6362706
          ],
          [
            7.9812573,
            46.6362275
          ],
          [
            7.9804482,
            46.6361896
          ],
          [
            7.97974,
            46.636156
          ]
        ]
      },
      "id": "way/56428927"
    },
    {
      "type": "Feature",
      "properties": {
        "@id": "way/58644885",
        "highway": "tertiary",
        "maxspeed": "40",
        "name": "Grabenstrasse",
        "source": "survey",
        "surface": "asphalt"
      },
      "geometry": {
        "type": "LineString",
        "coordinates": [
          [
            8.0453066,
            46.6219545
          ],
          [
            8.0453187,
            46.6219952
          ],
          [
            8.0453405,
            46.622036
          ],
          [
            8.0453686,
            46.6220781
          ],
          [
            8.0454874,
            46.622198
          ],
          [
            8.0458262,
            46.6225216
          ],
          [
            8.0460066,
            46.6227013
          ],
          [
            8.0461975,
            46.6228778
          ],
          [
            8.0462626,
            46.6229429
          ],
          [
            8.0463248,
            46.6230354
          ],
          [
            8.0463619,
            46.6231146
          ]
        ]
      },
      "id": "way/58644885"
    },
    {
      "type": "Feature",
      "properties": {
        "@id": "way/59998317",
        "highway": "secondary",
        "maxspeed": "CH:rural",
        "maxweight": "34",
        "name": "Staatsstrasse",
        "ref": "221",
        "surface": "asphalt"
      },
      "geometry": {
        "type": "LineString",
        "coordinates": [
          [
            7.7800838,
            46.6836527
          ],
          [
            7.7792892,
            46.683467
          ],
          [
            7.7788613,
            46.6833936
          ],
          [
            7.7783341,
            46.6833223
          ],
          [
            7.7776996,
            46.6832451
          ],
          [
            7.7774131,
            46.6832063
          ],
          [
            7.7769015,
            46.6831107
          ],
          [
            7.7767523,
            46.6830904
          ],
          [
            7.7766294,
            46.6830802
          ],
          [
            7.7762956,
            46.683056
          ]
        ]
      },
      "id": "way/59998317"
    },
    {
      "type": "Feature",
      "properties": {
        "@id": "way/59998320",
        "bridge": "yes",
        "cycleway:both": "no",
        "highway": "secondary",
        "lanes": "2",
        "layer": "1",
        "maxspeed": "50",
        "maxweight": "34",
        "name": "Staatsstrasse",
        "ref": "221",
        "smoothness": "excellent",
        "surface": "asphalt"
      },
      "geometry": {
        "type": "LineString",
        "coordinates": [
          [
            7.782081,
            46.6836101
          ],
          [
            7.7818824,
            46.6836401
          ]
        ]
      },
      "id": "way/59998320"
    },
    {
      "type": "Feature",
      "properties": {
        "@id": "way/61885803",
        "cycleway:both": "no",
        "highway": "tertiary",
        "name": "Schmockenstrasse",
        "ref": "1109"
      },
      "geometry": {
        "type": "LineString",
        "coordinates": [
          [
            7.7609254,
            46.6915534
          ],
          [
            7.76092,
            46.6915282
          ],
          [
            7.7609212,
            46.6915021
          ],
          [
            7.7609289,
            46.6914814
          ],
          [
            7.7609588,
            46.6914588
          ],
          [
            7.7610555,
            46.6914414
          ],
          [
            7.7611743,
            46.6914276
          ],
          [
            7.7612213,
            46.6914149
          ],
          [
            7.7614007,
            46.6913459
          ],
          [
            7.7614431,
            46.6913306
          ],
          [
            7.7614938,
            46.6913112
          ],
          [
            7.761507,
            46.6913061
          ],
          [
            7.7616166,
            46.6912698
          ],
          [
            7.7616858,
            46.6912526
          ],
          [
            7.7622015,
            46.6911485
          ],
          [
            7.7622995,
            46.6911339
          ],
          [
            7.7623146,
            46.6911328
          ],
          [
            7.7626484,
            46.6911158
          ],
          [
            7.7627686,
            46.6911029
          ],
          [
            7.7628457,
            46.6910873
          ],
          [
            7.762914,
            46.6910687
          ],
          [
            7.7632907,
            46.6909646
          ],
          [
            7.763356,
            46.6909492
          ],
          [
            7.7634892,
            46.690929
          ],
          [
            7.7635702,
            46.690924
          ],
          [
            7.7637308,
            46.6909141
          ]
        ]
      },
      "id": "way/61885803"
    },
    {
      "type": "Feature",
      "properties": {
        "@id": "way/66290486",
        "highway": "tertiary",
        "lanes": "1",
        "maxspeed": "50",
        "name": "Interlakenstrasse",
        "name:etymology:wikidata": "Q68103",
        "ref": "1122",
        "surface": "asphalt"
      },
      "geometry": {
        "type": "LineString",
        "coordinates": [
          [
            7.8889524,
            46.688361
          ],
          [
            7.8890267,
            46.6883331
          ],
          [
            7.8891498,
            46.6883072
          ],
          [
            7.8892996,
            46.6882929
          ],
          [
            7.8894215,
            46.6882802
          ],
          [
            7.8895109,
            46.6882778
          ],
          [
            7.8896486,
            46.6882859
          ]
        ]
      },
      "id": "way/66290486"
    },
    {
      "type": "Feature",
      "properties": {
        "@id": "way/69666146",
        "bridge": "yes",
        "cycleway:both": "no",
        "highway": "tertiary",
        "layer": "1",
        "maxspeed": "30",
        "name": "Obere Gletscherstrasse",
        "surface": "asphalt"
      },
      "geometry": {
        "type": "LineString",
        "coordinates": [
          [
            8.0528135,
            46.6310165
          ],
          [
            8.052782,
            46.6308216
          ]
        ]
      },
      "id": "way/69666146"
    },
    {
      "type": "Feature",
      "properties": {
        "@id": "way/69666173",
        "cycleway:both": "no",
        "highway": "tertiary",
        "maxspeed": "30",
        "name": "Obere Gletscherstrasse",
        "surface": "asphalt"
      },
      "geometry": {
        "type": "LineString",
        "coordinates": [
          [
            8.052782,
            46.6308216
          ],
          [
            8.0527824,
            46.6307963
          ],
          [
            8.0527879,
            46.630771
          ],
          [
            8.0528034,
            46.630744
          ]
        ]
      },
      "id": "way/69666173"
    },
    {
      "type": "Feature",
      "properties": {
        "@id": "way/76227131",
        "highway": "tertiary",
        "lanes": "1",
        "maxspeed": "50",
        "name": "Lindenallee",
        "oneway": "yes",
        "ref": "1122",
        "surface": "asphalt"
      },
      "geometry": {
        "type": "LineString",
        "coordinates": [
          [
            7.8770154,
            46.6884959
          ],
          [
            7.877152,
            46.688555
          ],
          [
            7.8772481,
            46.6886036
          ]
        ]
      },
      "id": "way/76227131"
    },
    {
      "type": "Feature",
      "properties": {
        "@id": "way/76227133",
        "highway": "tertiary",
        "lanes": "1",
        "maxspeed": "50",
        "name": "Lindenallee",
        "oneway": "yes",
        "ref": "1122",
        "surface": "asphalt"
      },
      "geometry": {
        "type": "LineString",
        "coordinates": [
          [
            7.8772481,
            46.6886036
          ],
          [
            7.877134,
            46.6885914
          ],
          [
            7.8770678,
            46.6885856
          ],
          [
            7.8770328,
            46.6885825
          ],
          [
            7.876992,
            46.6885772
          ]
        ]
      },
      "id": "way/76227133"
    },
    {
      "type": "Feature",
      "properties": {
        "@id": "way/76229544",
        "highway": "secondary",
        "lanes": "2",
        "lit": "no",
        "maxspeed": "60",
        "name": "Seestrasse",
        "oneway": "no",
        "ref": "221",
        "sidewalk:left": "no",
        "sidewalk:right": "yes",
        "source:maxspeed": "sign",
        "surface": "asphalt"
      },
      "geometry": {
        "type": "LineString",
        "coordinates": [
          [
            7.8224194,
            46.6800815
          ],
          [
            7.822269,
            46.6800623
          ],
          [
            7.8222415,
            46.6800584
          ],
          [
            7.8220505,
            46.6800314
          ],
          [
            7.8217785,
            46.6799877
          ],
          [
            7.8216455,
            46.6799644
          ],
          [
            7.8213874,
            46.6799158
          ],
          [
            7.8203432,
            46.6797169
          ],
          [
            7.820267,
            46.6797012
          ],
          [
            7.8197552,
            46.6795974
          ]
        ]
      },
      "id": "way/76229544"
    },
    {
      "type": "Feature",
      "properties": {
        "@id": "way/79429953",
        "highway": "primary",
        "lanes": "2",
        "lit": "yes",
        "maxspeed": "50",
        "name": "Klosterstrasse",
        "ref": "6;11",
        "sidewalk": "left",
        "surface": "asphalt"
      },
      "geometry": {
        "type": "LineString",
        "coordinates": [
          [
            7.8615295,
            46.6848208
          ],
          [
            7.8614883,
            46.6847649
          ],
          [
            7.861474,
            46.6847455
          ]
        ]
      },
      "id": "way/79429953"
    },
    {
      "type": "Feature",
      "properties": {
        "@id": "way/79498482",
        "cycleway:both": "no",
        "highway": "primary",
        "lanes": "2",
        "lit": "yes",
        "maxspeed": "50",
        "name": "Hauptstrasse",
        "oneway": "no",
        "ref": "6;11",
        "sidewalk": "both",
        "sidewalk:both:surface": "asphalt",
        "source:maxspeed": "sign",
        "surface": "asphalt"
      },
      "geometry": {
        "type": "LineString",
        "coordinates": [
          [
            7.8762596,
            46.69614
          ],
          [
            7.876378,
            46.6962659
          ],
          [
            7.8766293,
            46.6965853
          ],
          [
            7.8768946,
            46.6969001
          ],
          [
            7.8770315,
            46.6970299
          ],
          [
            7.8772032,
            46.6971419
          ],
          [
            7.8773049,
            46.6971978
          ],
          [
            7.8774151,
            46.6972538
          ],
          [
            7.877607,
            46.6973258
          ],
          [
            7.8779702,
            46.697425
          ],
          [
            7.8784113,
            46.6975365
          ],
          [
            7.8788935,
            46.697655
          ],
          [
            7.8796216,
            46.6978142
          ]
        ]
      },
      "id": "way/79498482"
    },
    {
      "type": "Feature",
      "properties": {
        "@id": "way/79498484",
        "cycleway:both": "no",
        "highway": "primary",
        "lanes": "2",
        "maxspeed": "50",
        "name": "Hauptstrasse",
        "oneway": "no",
        "ref": "6;11",
        "source:maxspeed": "sign",
        "surface": "asphalt"
      },
      "geometry": {
        "type": "LineString",
        "coordinates": [
          [
            7.8866902,
            46.6994545
          ],
          [
            7.8867148,
            46.699459
          ],
          [
            7.8872854,
            46.6995803
          ],
          [
            7.8880006,
            46.6997288
          ],
          [
            7.8885429,
            46.699843
          ],
          [
            7.8890742,
            46.6999535
          ],
          [
            7.8893607,
            46.7000129
          ],
          [
            7.8895342,
            46.7000477
          ],
          [
            7.8899398,
            46.7001257
          ],
          [
            7.890076,
            46.7001498
          ]
        ]
      },
      "id": "way/79498484"
    },
    {
      "type": "Feature",
      "properties": {
        "@id": "way/79498492",
        "highway": "primary",
        "lanes": "2",
        "maxspeed": "60",
        "name": "Hauptstrasse",
        "oneway": "no",
        "ref": "6;11",
        "source:maxspeed": "sign",
        "surface": "asphalt"
      },
      "geometry": {
        "type": "LineString",
        "coordinates": [
          [
            7.8796216,
            46.6978142
          ],
          [
            7.8798378,
            46.6978622
          ],
          [
            7.8802019,
            46.6979399
          ],
          [
            7.8806023,
            46.6980315
          ],
          [
            7.8807944,
            46.6980756
          ],
          [
            7.8811213,
            46.6981497
          ],
          [
            7.8814858,
            46.6982379
          ],
          [
            7.8821984,
            46.6984137
          ],
          [
            7.8822986,
            46.6984407
          ],
          [
            7.8832312,
            46.698682
          ],
          [
            7.8833542,
            46.6987155
          ],
          [
            7.8836435,
            46.6987911
          ],
          [
            7.8838957,
            46.6988558
          ],
          [
            7.8841543,
            46.6989161
          ],
          [
            7.8842661,
            46.6989437
          ],
          [
            7.8847043,
            46.6990382
          ],
          [
            7.8850806,
            46.6991174
          ],
          [
            7.8855215,
            46.6992121
          ],
          [
            7.8855869,
            46.6992262
          ],
          [
            7.8858659,
            46.699281
          ],
          [
            7.8859946,
            46.69931
          ],
          [
            7.886666,
            46.6994499
          ],
          [
            7.8866902,
            46.6994545
          ]
        ]
      },
      "id": "way/79498492"
    },
    {
      "type": "Feature",
      "properties": {
        "@id": "way/79503672",
        "highway": "tertiary",
        "name": "Unspunnenstrasse",
        "surface": "asphalt"
      },
      "geometry": {
        "type": "LineString",
        "coordinates": [
          [
            7.8582625,
            46.6691629
          ],
          [
            7.8582246,
            46.6692621
          ],
          [
            7.8581644,
            46.6694854
          ],
          [
            7.858025,
            46.6695563
          ],
          [
            7.8577647,
            46.6696303
          ],
          [
            7.8576041,
            46.6696785
          ],
          [
            7.8574919,
            46.6696897
          ],
          [
            7.8573791,
            46.6696865
          ],
          [
            7.857031,
            46.6696292
          ],
          [
            7.8569546,
            46.6696289
          ],
          [
            7.8568939,
            46.6696406
          ],
          [
            7.856744,
            46.6697223
          ]
        ]
      },
      "id": "way/79503672"
    },
    {
      "type": "Feature",
      "properties": {
        "@id": "way/125926380",
        "cycleway:both": "no",
        "highway": "tertiary",
        "lane_markings": "no",
        "maxspeed": "30",
        "name": "Dorfstrasse",
        "surface": "asphalt"
      },
      "geometry": {
        "type": "LineString",
        "coordinates": [
          [
            8.0461881,
            46.6251754
          ],
          [
            8.0461533,
            46.6251497
          ],
          [
            8.0461066,
            46.6251239
          ],
          [
            8.0460547,
            46.6251063
          ],
          [
            8.045989,
            46.6250886
          ],
          [
            8.0456295,
            46.6250208
          ],
          [
            8.0455414,
            46.6250003
          ],
          [
            8.0454498,
            46.6249704
          ],
          [
            8.0453786,
            46.6249384
          ],
          [
            8.0453118,
            46.6249001
          ],
          [
            8.0451834,
            46.6248042
          ],
          [
            8.0451206,
            46.6247625
          ],
          [
            8.0450383,
            46.6247194
          ],
          [
            8.0449446,
            46.6246795
          ],
          [
            8.0448574,
            46.6246487
          ],
          [
            8.0445015,
            46.624548
          ],
          [
            8.0443127,
            46.6245006
          ],
          [
            8.0442231,
            46.6244822
          ],
          [
            8.0441413,
            46.6244695
          ],
          [
            8.0440579,
            46.624465
          ],
          [
            8.0439766,
            46.6244668
          ],
          [
            8.043668,
            46.6245057
          ]
        ]
      },
      "id": "way/125926380"
    },
    {
      "type": "Feature",
      "properties": {
        "@id": "way/127204440",
        "aerialway": "goods",
        "name": "Materialbähnli"
      },
      "geometry": {
        "type": "LineString",
        "coordinates": [
          [
            7.893247,
            46.5228425
          ],
          [
            7.9024133,
            46.5260418
          ]
        ]
      },
      "id": "way/127204440"
    },
    {
      "type": "Feature",
      "properties": {
        "@id": "way/128546413",
        "bridge": "yes",
        "cycleway:right": "lane",
        "highway": "secondary",
        "layer": "1",
        "maxspeed": "50",
        "name": "Seestrasse",
        "ref": "221",
        "source:maxspeed": "sign",
        "surface": "asphalt"
      },
      "geometry": {
        "type": "LineString",
        "coordinates": [
          [
            7.816408,
            46.6802477
          ],
          [
            7.8166002,
            46.680136
          ]
        ]
      },
      "id": "way/128546413"
    },
    {
      "type": "Feature",
      "properties": {
        "@id": "way/131308870",
        "cycleway:right": "no",
        "highway": "primary",
        "junction": "roundabout",
        "lanes": "1",
        "lit": "yes",
        "maxspeed": "50",
        "name": "Klosterstrasse",
        "surface": "asphalt"
      },
      "geometry": {
        "type": "LineString",
        "coordinates": [
          [
            7.8631229,
            46.6861823
          ],
          [
            7.8631274,
            46.6861763
          ],
          [
            7.8631406,
            46.6861632
          ],
          [
            7.8631569,
            46.686152
          ],
          [
            7.8631758,
            46.6861427
          ],
          [
            7.8631967,
            46.6861359
          ],
          [
            7.8632191,
            46.6861317
          ],
          [
            7.8632422,
            46.6861302
          ],
          [
            7.8632654,
            46.6861315
          ],
          [
            7.8632879,
            46.6861356
          ],
          [
            7.863309,
            46.6861422
          ],
          [
            7.8633281,
            46.6861513
          ],
          [
            7.8633447,
            46.6861625
          ],
          [
            7.863368,
            46.68619
          ],
          [
            7.8633741,
            46.6862053
          ],
          [
            7.8633762,
            46.6862213
          ],
          [
            7.8633741,
            46.6862381
          ],
          [
            7.8633683,
            46.6862527
          ],
          [
            7.8633585,
            46.6862671
          ],
          [
            7.8633452,
            46.6862802
          ],
          [
            7.8633287,
            46.6862915
          ],
          [
            7.8633097,
            46.6863007
          ],
          [
            7.8632887,
            46.6863074
          ],
          [
            7.8632662,
            46.6863115
          ],
          [
            7.8632431,
            46.6863129
          ],
          [
            7.8632373,
            46.6863128
          ],
          [
            7.86322,
            46.6863116
          ],
          [
            7.8631976,
            46.6863074
          ],
          [
            7.8631766,
            46.6863007
          ],
          [
            7.8631576,
            46.6862916
          ],
          [
            7.8631412,
            46.6862804
          ],
          [
            7.8631279,
            46.6862674
          ],
          [
            7.863118,
            46.686253
          ],
          [
            7.863112,
            46.6862377
          ],
          [
            7.8631099,
            46.6862219
          ],
          [
            7.8631119,
            46.686206
          ],
          [
            7.8631178,
            46.6861907
          ],
          [
            7.8631229,
            46.6861823
          ]
        ]
      },
      "id": "way/131308870"
    },
    {
      "type": "Feature",
      "properties": {
        "@id": "way/132141161",
        "cycleway:both": "no",
        "highway": "secondary",
        "lanes": "2",
        "layer": "1",
        "maxspeed": "50",
        "name": "Grindelwaldstrasse",
        "ref": "221",
        "surface": "asphalt"
      },
      "geometry": {
        "type": "LineString",
        "coordinates": [
          [
            8.0188589,
            46.6258422
          ],
          [
            8.0188179,
            46.6258484
          ],
          [
            8.0187434,
            46.6258605
          ],
          [
            8.0175749,
            46.6260405
          ],
          [
            8.0172952,
            46.6260799
          ],
          [
            8.0170165,
            46.6261137
          ],
          [
            8.0169531,
            46.6261196
          ],
          [
            8.0169069,
            46.6261237
          ],
          [
            8.0168608,
            46.626126
          ],
          [
            8.0164684,
            46.6261455
          ],
          [
            8.0159357,
            46.626172
          ],
          [
            8.0153351,
            46.6262019
          ],
          [
            8.0151077,
            46.626218
          ],
          [
            8.0147928,
            46.6262815
          ],
          [
            8.0143049,
            46.6264291
          ],
          [
            8.014273,
            46.6264431
          ],
          [
            8.0139898,
            46.6265384
          ],
          [
            8.0137697,
            46.6265877
          ],
          [
            8.0136237,
            46.6266092
          ],
          [
            8.013173,
            46.6266325
          ],
          [
            8.0121359,
            46.6266434
          ],
          [
            8.01179,
            46.626647
          ],
          [
            8.0115363,
            46.6266714
          ],
          [
            8.0113997,
            46.626692
          ],
          [
            8.0112599,
            46.6267281
          ],
          [
            8.0109808,
            46.6268449
          ],
          [
            8.0107952,
            46.6269625
          ],
          [
            8.0103278,
            46.6273061
          ],
          [
            8.0100874,
            46.6274765
          ],
          [
            8.0096673,
            46.6276721
          ],
          [
            8.0094483,
            46.6277911
          ],
          [
            8.0092926,
            46.6279079
          ],
          [
            8.0091607,
            46.6280447
          ],
          [
            8.0090304,
            46.6282375
          ],
          [
            8.0089446,
            46.628354
          ],
          [
            8.008862,
            46.6284464
          ],
          [
            8.0087716,
            46.6285285
          ],
          [
            8.0086831,
            46.6285967
          ],
          [
            8.0086259,
            46.6286364
          ],
          [
            8.0085282,
            46.6286872
          ],
          [
            8.0084376,
            46.6287292
          ],
          [
            8.0082965,
            46.6287912
          ],
          [
            8.0081369,
            46.6288443
          ],
          [
            8.0079704,
            46.6288849
          ],
          [
            8.0078126,
            46.6289114
          ],
          [
            8.0076606,
            46.6289259
          ],
          [
            8.0075386,
            46.6289315
          ],
          [
            8.007321,
            46.6289392
          ],
          [
            8.0069128,
            46.6289519
          ],
          [
            8.006598,
            46.628962
          ],
          [
            8.006453,
            46.6289674
          ],
          [
            8.0063708,
            46.628976
          ],
          [
            8.0062954,
            46.6289893
          ],
          [
            8.0061683,
            46.62902
          ],
          [
            8.0060511,
            46.6290599
          ],
          [
            8.0059378,
            46.6291037
          ],
          [
            8.0058569,
            46.6291509
          ],
          [
            8.0057798,
            46.6292015
          ],
          [
            8.0057019,
            46.6292628
          ],
          [
            8.00565,
            46.6293138
          ],
          [
            8.0056188,
            46.6293464
          ],
          [
            8.005573,
            46.6294122
          ],
          [
            8.005309,
            46.6298848
          ],
          [
            8.0052626,
            46.6299679
          ],
          [
            8.005188,
            46.6300728
          ],
          [
            8.0051118,
            46.6301525
          ],
          [
            8.0050614,
            46.6301983
          ],
          [
            8.0050045,
            46.6302441
          ]
        ]
      },
      "id": "way/132141161"
    },
    {
      "type": "Feature",
      "properties": {
        "@id": "way/141167942",
        "aerialway": "t-bar",
        "aerialway:capacity": "1040",
        "aerialway:duration": "7",
        "aerialway:occupancy": "2",
        "name": "Tschuggen"
      },
      "geometry": {
        "type": "LineString",
        "coordinates": [
          [
            7.9759999,
            46.6074147
          ],
          [
            7.9582135,
            46.6075093
          ],
          [
            7.9571646,
            46.6075149
          ]
        ]
      },
      "id": "way/141167942"
    },
    {
      "type": "Feature",
      "properties": {
        "@id": "way/147247153",
        "cycleway:both": "lane",
        "cycleway:both:lane": "advisory",
        "highway": "primary",
        "lanes": "2",
        "lit": "yes",
        "maxspeed": "50",
        "maxweight": "32",
        "name": "Hauptstrasse",
        "ref": "6;11",
        "sidewalk": "right",
        "smoothness": "good",
        "surface": "asphalt"
      },
      "geometry": {
        "type": "LineString",
        "coordinates": [
          [
            7.7770185,
            46.6556323
          ],
          [
            7.777229,
            46.6557276
          ],
          [
            7.7775459,
            46.655857
          ],
          [
            7.7777694,
            46.6559397
          ],
          [
            7.777901,
            46.6559833
          ],
          [
            7.7780593,
            46.6560305
          ],
          [
            7.7781979,
            46.6560694
          ],
          [
            7.7784926,
            46.6561412
          ],
          [
            7.7787459,
            46.6561915
          ],
          [
            7.7795703,
            46.6563391
          ],
          [
            7.7796105,
            46.6563459
          ],
          [
            7.7798915,
            46.6563941
          ]
        ]
      },
      "id": "way/147247153"
    },
    {
      "type": "Feature",
      "properties": {
        "@id": "way/148473251",
        "highway": "tertiary",
        "lanes": "2",
        "lit": "yes",
        "maxspeed": "50",
        "name": "Waldeggstrasse",
        "parking:both": "no",
        "sidewalk": "both",
        "surface": "asphalt"
      },
      "geometry": {
        "type": "LineString",
        "coordinates": [
          [
            7.8574442,
            46.6839102
          ],
          [
            7.8574092,
            46.6838671
          ]
        ]
      },
      "id": "way/148473251"
    },
    {
      "type": "Feature",
      "properties": {
        "@id": "way/150258430",
        "aerialway": "chair_lift",
        "aerialway:bubble": "yes",
        "aerialway:capacity": "1200",
        "aerialway:duration": "3.5",
        "aerialway:occupancy": "4",
        "name": "Riggli"
      },
      "geometry": {
        "type": "LineString",
        "coordinates": [
          [
            7.8634169,
            46.5692233
          ],
          [
            7.8632574,
            46.5690425
          ],
          [
            7.863163,
            46.5689355
          ],
          [
            7.8624161,
            46.568089
          ],
          [
            7.8619559,
            46.5675674
          ],
          [
            7.8610692,
            46.5665624
          ],
          [
            7.8606532,
            46.5660909
          ],
          [
            7.859611,
            46.5649096
          ],
          [
            7.8585035,
            46.5636542
          ],
          [
            7.8572828,
            46.5622706
          ],
          [
            7.8571812,
            46.5621554
          ],
          [
            7.8569626,
            46.5619076
          ]
        ]
      },
      "id": "way/150258430"
    },
    {
      "type": "Feature",
      "properties": {
        "@id": "way/150259405",
        "aerialway": "chair_lift",
        "aerialway:capacity": "1000",
        "aerialway:duration": "4",
        "aerialway:occupancy": "2",
        "name": "Muttleren"
      },
      "geometry": {
        "type": "LineString",
        "coordinates": [
          [
            7.8689333,
            46.5669333
          ],
          [
            7.8688907,
            46.5669756
          ],
          [
            7.868483,
            46.5673796
          ],
          [
            7.8672899,
            46.5685621
          ],
          [
            7.8664936,
            46.5693514
          ],
          [
            7.8656916,
            46.5701462
          ],
          [
            7.8651722,
            46.5706609
          ],
          [
            7.8650821,
            46.5707503
          ],
          [
            7.8649084,
            46.5709224
          ],
          [
            7.8648642,
            46.5709662
          ]
        ]
      },
      "id": "way/150259405"
    },
    {
      "type": "Feature",
      "properties": {
        "@id": "way/150259832",
        "aerialway": "chair_lift",
        "aerialway:capacity": "1000",
        "aerialway:duration": "7.2",
        "aerialway:occupancy": "2",
        "name": "Kandahar"
      },
      "geometry": {
        "type": "LineString",
        "coordinates": [
          [
            7.8771069,
            46.5689203
          ],
          [
            7.8757485,
            46.569153
          ],
          [
            7.87439,
            46.5693857
          ],
          [
            7.8739663,
            46.5694583
          ],
          [
            7.8735939,
            46.5695221
          ],
          [
            7.8730414,
            46.5696167
          ],
          [
            7.8719471,
            46.5698042
          ],
          [
            7.8707075,
            46.5700166
          ],
          [
            7.8694946,
            46.5702243
          ],
          [
            7.8675923,
            46.5705502
          ],
          [
            7.8667274,
            46.5706983
          ],
          [
            7.8655479,
            46.5709004
          ],
          [
            7.865001,
            46.5709941
          ],
          [
            7.8649236,
            46.5710081
          ]
        ]
      },
      "id": "way/150259832"
    },
    {
      "type": "Feature",
      "properties": {
        "@id": "way/150266054",
        "aerialway": "t-bar",
        "aerialway:duration": "6.5",
        "name": "Gimmeln"
      },
      "geometry": {
        "type": "LineString",
        "coordinates": [
          [
            7.8811391,
            46.5505262
          ],
          [
            7.8800367,
            46.5513236
          ],
          [
            7.8795447,
            46.5516795
          ],
          [
            7.8786356,
            46.5523371
          ],
          [
            7.8779651,
            46.5528222
          ],
          [
            7.8765838,
            46.5538213
          ],
          [
            7.8757634,
            46.5544148
          ],
          [
            7.875121,
            46.5548794
          ],
          [
            7.8746271,
            46.5552367
          ],
          [
            7.8737233,
            46.5558903
          ],
          [
            7.8729409,
            46.5564563
          ],
          [
            7.872239,
            46.556964
          ],
          [
            7.8716687,
            46.5573765
          ]
        ]
      },
      "id": "way/150266054"
    },
    {
      "type": "Feature",
      "properties": {
        "@id": "way/150268087",
        "electrified": "no",
        "name": "Allmendhubelbahn",
        "operator": "Schilthornbahn AG",
        "railway": "funicular",
        "start_date": "1999-09-18",
        "usage": "tourism"
      },
      "geometry": {
        "type": "LineString",
        "coordinates": [
          [
            7.8904771,
            46.5626513
          ],
          [
            7.8906764,
            46.5624827
          ],
          [
            7.8906791,
            46.5624804
          ],
          [
            7.8909139,
            46.56225
          ]
        ]
      },
      "id": "way/150268087"
    },
    {
      "type": "Feature",
      "properties": {
        "@id": "way/150268609",
        "aerialway": "platter",
        "aerialway:capacity": "700",
        "aerialway:duration": "2",
        "aerialway:occupancy": "1",
        "name": "Allmendhubel"
      },
      "geometry": {
        "type": "LineString",
        "coordinates": [
          [
            7.8904738,
            46.5644245
          ],
          [
            7.8901403,
            46.5643934
          ],
          [
            7.8897137,
            46.5643536
          ],
          [
            7.8886574,
            46.5642551
          ],
          [
            7.8878694,
            46.5641816
          ],
          [
            7.8873259,
            46.5641309
          ]
        ]
      },
      "id": "way/150268609"
    },
    {
      "type": "Feature",
      "properties": {
        "@id": "way/150268906",
        "aerialway": "chair_lift",
        "aerialway:capacity": "1000",
        "aerialway:duration": "3.46",
        "aerialway:occupancy": "2",
        "name": "Maulerhubel"
      },
      "geometry": {
        "type": "LineString",
        "coordinates": [
          [
            7.8893114,
            46.5662694
          ],
          [
            7.8892818,
            46.5663496
          ],
          [
            7.8891841,
            46.566619
          ],
          [
            7.8886605,
            46.5680287
          ],
          [
            7.8883044,
            46.569002
          ],
          [
            7.8880738,
            46.5697137
          ],
          [
            7.8877719,
            46.5704784
          ],
          [
            7.8877338,
            46.5705611
          ]
        ]
      },
      "id": "way/150268906"
    },
    {
      "type": "Feature",
      "properties": {
        "@id": "way/150270143",
        "aerialway": "chair_lift",
        "aerialway:bubble": "yes",
        "aerialway:capacity": "1600",
        "aerialway:duration": "5",
        "aerialway:occupancy": "4",
        "name": "Winteregg"
      },
      "geometry": {
        "type": "LineString",
        "coordinates": [
          [
            7.8957272,
            46.5815
          ],
          [
            7.8956647,
            46.5814161
          ],
          [
            7.8949586,
            46.5804662
          ],
          [
            7.8938827,
            46.5790192
          ],
          [
            7.8930765,
            46.5779346
          ],
          [
            7.8924048,
            46.5770311
          ],
          [
            7.8917575,
            46.5761604
          ],
          [
            7.8914788,
            46.5757855
          ],
          [
            7.8907348,
            46.5747848
          ],
          [
            7.8906303,
            46.5746442
          ],
          [
            7.8898332,
            46.5735719
          ],
          [
            7.8887463,
            46.5721097
          ],
          [
            7.8879717,
            46.5710676
          ],
          [
            7.8878361,
            46.5708852
          ],
          [
            7.8877671,
            46.5707924
          ]
        ]
      },
      "id": "way/150270143"
    },
    {
      "type": "Feature",
      "properties": {
        "@id": "way/152196648",
        "cycleway:both": "no",
        "highway": "tertiary",
        "lanes": "2",
        "lit": "yes",
        "maxspeed": "50",
        "name": "Scheidgasse",
        "ref": "1109",
        "sidewalk": "left",
        "surface": "asphalt"
      },
      "geometry": {
        "type": "LineString",
        "coordinates": [
          [
            7.8448215,
            46.6870193
          ],
          [
            7.8448768,
            46.6869679
          ],
          [
            7.8453454,
            46.6865338
          ],
          [
            7.8453557,
            46.6865245
          ]
        ]
      },
      "id": "way/152196648"
    },
    {
      "type": "Feature",
      "properties": {
        "@id": "way/152196650",
        "highway": "secondary",
        "lane_markings": "yes",
        "lanes": "2",
        "lit": "yes",
        "maxspeed": "50",
        "name": "Gsteigstrasse",
        "oneway": "no",
        "ref": "221",
        "surface": "asphalt"
      },
      "geometry": {
        "type": "LineString",
        "coordinates": [
          [
            7.8653978,
            46.676745
          ],
          [
            7.8652037,
            46.6770517
          ],
          [
            7.8649629,
            46.6774315
          ],
          [
            7.8648523,
            46.6775687
          ]
        ]
      },
      "id": "way/152196650"
    },
    {
      "type": "Feature",
      "properties": {
        "@id": "way/152196652",
        "highway": "primary",
        "junction": "roundabout",
        "lanes": "1",
        "name": "Kreisel Lindenallee",
        "surface": "asphalt"
      },
      "geometry": {
        "type": "LineString",
        "coordinates": [
          [
            7.8696431,
            46.6873851
          ],
          [
            7.8696408,
            46.687401
          ],
          [
            7.8696346,
            46.6874164
          ],
          [
            7.8696248,
            46.6874309
          ],
          [
            7.8696115,
            46.687444
          ]
        ]
      },
      "id": "way/152196652"
    },
    {
      "type": "Feature",
      "properties": {
        "@id": "way/152196657",
        "highway": "primary",
        "junction": "roundabout",
        "lanes": "1",
        "maxspeed": "50",
        "name": "Aldi-Kreisel",
        "ref": "6;11",
        "surface": "asphalt"
      },
      "geometry": {
        "type": "LineString",
        "coordinates": [
          [
            7.8767453,
            46.6884845
          ],
          [
            7.876756,
            46.6884695
          ],
          [
            7.8767703,
            46.6884559
          ],
          [
            7.8767878,
            46.6884442
          ],
          [
            7.876808,
            46.6884348
          ],
          [
            7.8768302,
            46.6884278
          ],
          [
            7.8768538,
            46.6884236
          ]
        ]
      },
      "id": "way/152196657"
    },
    {
      "type": "Feature",
      "properties": {
        "@id": "way/152196660",
        "cycleway:both": "no",
        "highway": "tertiary",
        "lanes": "2",
        "lit": "yes",
        "maxspeed": "50",
        "name": "Scheidgasse",
        "ref": "1109",
        "surface": "asphalt"
      },
      "geometry": {
        "type": "LineString",
        "coordinates": [
          [
            7.8453557,
            46.6865245
          ],
          [
            7.8455065,
            46.6863866
          ],
          [
            7.8455741,
            46.6863315
          ],
          [
            7.8456391,
            46.6862872
          ],
          [
            7.845754,
            46.6862204
          ],
          [
            7.8458396,
            46.6861741
          ],
          [
            7.8460154,
            46.6860898
          ],
          [
            7.8461297,
            46.6860333
          ],
          [
            7.8462176,
            46.6859902
          ],
          [
            7.8462692,
            46.6859656
          ],
          [
            7.8464804,
            46.685865
          ],
          [
            7.8471149,
            46.6855884
          ],
          [
            7.8472812,
            46.6855228
          ],
          [
            7.8472921,
            46.6855185
          ],
          [
            7.8473332,
            46.6855033
          ],
          [
            7.8475497,
            46.6854227
          ],
          [
            7.847893,
            46.685295
          ],
          [
            7.8479846,
            46.6852499
          ],
          [
            7.8480181,
            46.6852334
          ],
          [
            7.8481168,
            46.685167
          ]
        ]
      },
      "id": "way/152196660"
    },
    {
      "type": "Feature",
      "properties": {
        "@id": "way/152440136",
        "highway": "tertiary",
        "lanes": "2",
        "maxspeed": "50",
        "name": "Obereigasse",
        "oneway": "no",
        "surface": "asphalt"
      },
      "geometry": {
        "type": "LineString",
        "coordinates": [
          [
            7.8636483,
            46.6603707
          ],
          [
            7.8636423,
            46.6603166
          ],
          [
            7.8636524,
            46.6602649
          ],
          [
            7.8637269,
            46.6601099
          ],
          [
            7.8638273,
            46.6599414
          ]
        ]
      },
      "id": "way/152440136"
    },
    {
      "type": "Feature",
      "properties": {
        "@id": "way/152460858",
        "highway": "tertiary",
        "lanes": "2",
        "lit": "yes",
        "maxspeed": "50",
        "name": "Waldeggstrasse",
        "parking:both": "no",
        "sidewalk": "both",
        "surface": "asphalt"
      },
      "geometry": {
        "type": "LineString",
        "coordinates": [
          [
            7.8574092,
            46.6838671
          ],
          [
            7.8573926,
            46.6838406
          ],
          [
            7.8573722,
            46.6838079
          ],
          [
            7.8573406,
            46.6837572
          ],
          [
            7.8572657,
            46.6836455
          ],
          [
            7.8572311,
            46.6835682
          ],
          [
            7.857203,
            46.683482
          ],
          [
            7.8571969,
            46.6834487
          ],
          [
            7.8571866,
            46.6833912
          ],
          [
            7.8571806,
            46.6832941
          ],
          [
            7.8571805,
            46.6832921
          ],
          [
            7.857179,
            46.6832626
          ],
          [
            7.8571851,
            46.6832023
          ],
          [
            7.8572002,
            46.6830523
          ]
        ]
      },
      "id": "way/152460858"
    },
    {
      "type": "Feature",
      "properties": {
        "@id": "way/152460862",
        "cycleway:both": "no",
        "highway": "primary",
        "lane_markings": "yes",
        "lanes": "2",
        "lit": "yes",
        "maxspeed": "50",
        "name": "Parkstrasse",
        "ref": "6;11",
        "sidewalk": "right",
        "surface": "asphalt"
      },
      "geometry": {
        "type": "LineString",
        "coordinates": [
          [
            7.8620272,
            46.6819403
          ],
          [
            7.8620059,
            46.6820391
          ],
          [
            7.8619481,
            46.6822366
          ],
          [
            7.8618079,
            46.6826341
          ],
          [
            7.8617404,
            46.6828274
          ],
          [
            7.8616583,
            46.6831076
          ],
          [
            7.8615805,
            46.6833734
          ],
          [
            7.8615266,
            46.6835754
          ],
          [
            7.8614633,
            46.6838243
          ],
          [
            7.8614165,
            46.6840196
          ],
          [
            7.8613951,
            46.6841241
          ],
          [
            7.8613784,
            46.6842147
          ],
          [
            7.8613727,
            46.6843404
          ],
          [
            7.861383,
            46.6844616
          ],
          [
            7.8613883,
            46.684482
          ],
          [
            7.8614052,
            46.6845465
          ],
          [
            7.8614123,
            46.6845731
          ]
        ]
      },
      "id": "way/152460862"
    },
    {
      "type": "Feature",
      "properties": {
        "@id": "way/152460882",
        "cycleway:both": "no",
        "highway": "tertiary",
        "lanes": "2",
        "lit": "yes",
        "maxspeed": "30",
        "name": "Hauptstrasse",
        "oneway": "no",
        "sidewalk": "right",
        "surface": "asphalt"
      },
      "geometry": {
        "type": "LineString",
        "coordinates": [
          [
            7.8689877,
            46.6650061
          ],
          [
            7.8690057,
            46.6649622
          ],
          [
            7.8690348,
            46.6648883
          ]
        ]
      },
      "id": "way/152460882"
    },
    {
      "type": "Feature",
      "properties": {
        "@id": "way/152641055",
        "cycleway:both": "no",
        "highway": "tertiary",
        "lane_markings": "no",
        "name": "Schmockenstrasse",
        "ref": "1109",
        "surface": "asphalt"
      },
      "geometry": {
        "type": "LineString",
        "coordinates": [
          [
            7.7637308,
            46.6909141
          ],
          [
            7.7638399,
            46.6909068
          ],
          [
            7.7640147,
            46.6908967
          ],
          [
            7.7642167,
            46.6908892
          ],
          [
            7.7643534,
            46.6908742
          ],
          [
            7.7644453,
            46.6908623
          ],
          [
            7.7649028,
            46.6907863
          ],
          [
            7.7649602,
            46.6907756
          ],
          [
            7.7650003,
            46.6907728
          ],
          [
            7.7650469,
            46.6907742
          ],
          [
            7.7651152,
            46.6907832
          ],
          [
            7.7651775,
            46.6907918
          ]
        ]
      },
      "id": "way/152641055"
    },
    {
      "type": "Feature",
      "properties": {
        "@id": "way/153540341",
        "cycleway:both": "no",
        "highway": "secondary",
        "lanes": "2",
        "lcn": "yes",
        "lit": "yes",
        "maxspeed": "50",
        "name": "Raeuberegge",
        "ref": "221",
        "sidewalk": "both",
        "surface": "asphalt"
      },
      "geometry": {
        "type": "LineString",
        "coordinates": [
          [
            7.8481168,
            46.685167
          ],
          [
            7.8481509,
            46.6851745
          ],
          [
            7.8481941,
            46.6851788
          ],
          [
            7.8482337,
            46.6851772
          ],
          [
            7.8482842,
            46.6851713
          ],
          [
            7.8483249,
            46.6851623
          ]
        ]
      },
      "id": "way/153540341"
    },
    {
      "type": "Feature",
      "properties": {
        "@id": "way/154475630",
        "aerialway": "chair_lift",
        "aerialway:capacity": "1013",
        "aerialway:duration": "1.77",
        "aerialway:occupancy": "2",
        "name": "Allmendhubel"
      },
      "geometry": {
        "type": "LineString",
        "coordinates": [
          [
            7.8889149,
            46.5662755
          ],
          [
            7.8887377,
            46.5660647
          ],
          [
            7.8877329,
            46.5648695
          ],
          [
            7.8873187,
            46.5643766
          ],
          [
            7.887126,
            46.5641475
          ]
        ]
      },
      "id": "way/154475630"
    },
    {
      "type": "Feature",
      "properties": {
        "@id": "way/154530061",
        "aerialway": "gondola",
        "aerialway:capacity": "1800",
        "aerialway:occupancy": "10",
        "name": "Männlichenbahn",
        "source": "survey"
      },
      "geometry": {
        "type": "LineString",
        "coordinates": [
          [
            7.9792395,
            46.6213368
          ],
          [
            7.9789207,
            46.6212736
          ]
        ]
      },
      "id": "way/154530061"
    },
    {
      "type": "Feature",
      "properties": {
        "@id": "way/155878755",
        "highway": "tertiary",
        "lit": "yes",
        "maxspeed": "40",
        "name": "Spirenwaldstrasse",
        "ref": "1109"
      },
      "geometry": {
        "type": "LineString",
        "coordinates": [
          [
            7.7941943,
            46.697737
          ],
          [
            7.7942887,
            46.6978574
          ],
          [
            7.7945146,
            46.6981193
          ],
          [
            7.7945205,
            46.6981262
          ],
          [
            7.7945325,
            46.6981391
          ],
          [
            7.7946141,
            46.6982045
          ],
          [
            7.7946889,
            46.6982646
          ],
          [
            7.794966,
            46.6984553
          ],
          [
            7.7952285,
            46.6986101
          ],
          [
            7.7954938,
            46.6987793
          ],
          [
            7.7955282,
            46.6988033
          ],
          [
            7.7959549,
            46.6991116
          ],
          [
            7.796186,
            46.6992611
          ],
          [
            7.7962073,
            46.6992724
          ],
          [
            7.7962481,
            46.6992939
          ],
          [
            7.7964235,
            46.6993854
          ],
          [
            7.7965415,
            46.6994417
          ],
          [
            7.7967897,
            46.6995403
          ],
          [
            7.7968024,
            46.6995452
          ],
          [
            7.796871,
            46.6995691
          ],
          [
            7.7970903,
            46.6996456
          ],
          [
            7.7971602,
            46.69967
          ],
          [
            7.7975545,
            46.6997893
          ],
          [
            7.7977694,
            46.6998543
          ],
          [
            7.7977779,
            46.6998568
          ],
          [
            7.7979017,
            46.6998926
          ],
          [
            7.7979934,
            46.6999148
          ],
          [
            7.7982762,
            46.6999706
          ],
          [
            7.7984058,
            46.7000008
          ],
          [
            7.7985905,
            46.7000497
          ],
          [
            7.7987412,
            46.7000984
          ],
          [
            7.7989161,
            46.7001618
          ],
          [
            7.7989771,
            46.7001826
          ],
          [
            7.7990015,
            46.7001911
          ],
          [
            7.7991091,
            46.7002293
          ],
          [
            7.7991383,
            46.7002395
          ],
          [
            7.7995871,
            46.7003847
          ],
          [
            7.7996021,
            46.7003896
          ],
          [
            7.7996201,
            46.7003954
          ],
          [
            7.8001407,
            46.7005638
          ],
          [
            7.8003374,
            46.7006394
          ],
          [
            7.8004566,
            46.700687
          ],
          [
            7.8007675,
            46.7008333
          ],
          [
            7.8009616,
            46.7009246
          ],
          [
            7.8011629,
            46.7010263
          ],
          [
            7.801171,
            46.7010304
          ],
          [
            7.8011795,
            46.7010347
          ],
          [
            7.8013014,
            46.7010963
          ],
          [
            7.801565,
            46.7012061
          ],
          [
            7.8017891,
            46.7012836
          ],
          [
            7.8020668,
            46.7013556
          ],
          [
            7.8023288,
            46.7014294
          ],
          [
            7.8024061,
            46.7014571
          ],
          [
            7.8024704,
            46.7014875
          ],
          [
            7.8025295,
            46.7015224
          ],
          [
            7.8025768,
            46.7015573
          ],
          [
            7.802703,
            46.7016585
          ],
          [
            7.8028418,
            46.7017703
          ],
          [
            7.8031947,
            46.7020546
          ],
          [
            7.8033124,
            46.7021777
          ],
          [
            7.8033698,
            46.7022411
          ],
          [
            7.803378,
            46.7022487
          ],
          [
            7.8033871,
            46.7022572
          ],
          [
            7.8034383,
            46.7023048
          ]
        ]
      },
      "id": "way/155878755"
    },
    {
      "type": "Feature",
      "properties": {
        "@id": "way/155878757",
        "bridge": "yes",
        "highway": "tertiary",
        "layer": "1",
        "maxspeed": "40",
        "name": "Spirenwaldstrasse",
        "ref": "1109"
      },
      "geometry": {
        "type": "LineString",
        "coordinates": [
          [
            7.7893084,
            46.696008
          ],
          [
            7.7893478,
            46.6960358
          ],
          [
            7.7893989,
            46.6960581
          ],
          [
            7.7894063,
            46.6960599
          ],
          [
            7.7894579,
            46.6960723
          ],
          [
            7.7895207,
            46.6960784
          ]
        ]
      },
      "id": "way/155878757"
    },
    {
      "type": "Feature",
      "properties": {
        "@id": "way/168570866",
        "highway": "tertiary",
        "maxspeed": "50",
        "name": "Wagnerenstrasse",
        "surface": "asphalt"
      },
      "geometry": {
        "type": "LineString",
        "coordinates": [
          [
            7.8555057,
            46.6719321
          ],
          [
            7.8555316,
            46.6720013
          ],
          [
            7.8555784,
            46.6720799
          ],
          [
            7.8557368,
            46.6722406
          ],
          [
            7.8557672,
            46.6723677
          ],
          [
            7.8557612,
            46.6724486
          ]
        ]
      },
      "id": "way/168570866"
    },
    {
      "type": "Feature",
      "properties": {
        "@id": "way/168798100",
        "bridge": "viaduct",
        "cycleway:left": "lane",
        "highway": "primary",
        "lanes": "2",
        "layer": "1",
        "maxspeed": "60",
        "name": "Goldswil-Viadukt",
        "oneway": "no",
        "ref": "6;11",
        "source:maxspeed": "sign",
        "surface": "asphalt"
      },
      "geometry": {
        "type": "LineString",
        "coordinates": [
          [
            7.8735133,
            46.6900853
          ],
          [
            7.8733092,
            46.6902985
          ],
          [
            7.8730825,
            46.690562
          ],
          [
            7.8729777,
            46.6906956
          ],
          [
            7.8727553,
            46.6910095
          ],
          [
            7.8726276,
            46.6912159
          ],
          [
            7.8724974,
            46.6914449
          ],
          [
            7.8724086,
            46.6916216
          ],
          [
            7.8722878,
            46.6918793
          ],
          [
            7.8713321,
            46.6940826
          ],
          [
            7.8713001,
            46.6941686
          ],
          [
            7.8712621,
            46.6943167
          ],
          [
            7.8712572,
            46.6943581
          ],
          [
            7.8712623,
            46.6944278
          ]
        ]
      },
      "id": "way/168798100"
    },
    {
      "type": "Feature",
      "properties": {
        "@id": "way/170233782",
        "bridge": "yes",
        "cycleway:both": "no",
        "highway": "secondary",
        "lanes": "2",
        "layer": "1",
        "lit": "yes",
        "maxspeed": "50",
        "maxweight:signed": "no",
        "name": "Bahnhofstrasse",
        "ref": "221",
        "sidewalk": "both",
        "surface": "asphalt"
      },
      "geometry": {
        "type": "LineString",
        "coordinates": [
          [
            7.8496031,
            46.6846466
          ],
          [
            7.8496951,
            46.6846093
          ]
        ]
      },
      "id": "way/170233782"
    },
    {
      "type": "Feature",
      "properties": {
        "@id": "way/170233783",
        "highway": "secondary",
        "lanes": "2",
        "lit": "yes",
        "maxspeed": "50",
        "name": "Bahnhofstrasse",
        "ref": "221",
        "surface": "asphalt"
      },
      "geometry": {
        "type": "LineString",
        "coordinates": [
          [
            7.8496951,
            46.6846093
          ],
          [
            7.849706,
            46.6846049
          ],
          [
            7.8497201,
            46.6845992
          ],
          [
            7.8500294,
            46.6844756
          ],
          [
            7.850092,
            46.6844505
          ],
          [
            7.8501484,
            46.684428
          ],
          [
            7.8501662,
            46.684421
          ]
        ]
      },
      "id": "way/170233783"
    },
    {
      "type": "Feature",
      "properties": {
        "@id": "way/170322594",
        "highway": "tertiary",
        "maxspeed": "30",
        "name": "Dorfstrasse",
        "surface": "asphalt"
      },
      "geometry": {
        "type": "LineString",
        "coordinates": [
          [
            7.8072716,
            46.6633324
          ],
          [
            7.8073457,
            46.6633009
          ],
          [
            7.8074147,
            46.6632697
          ],
          [
            7.8075085,
            46.6632247
          ],
          [
            7.8077032,
            46.6631433
          ],
          [
            7.8078541,
            46.6630632
          ],
          [
            7.8080165,
            46.6629567
          ],
          [
            7.8081565,
            46.6628524
          ],
          [
            7.8083863,
            46.6626636
          ],
          [
            7.808434,
            46.6626264
          ],
          [
            7.8086104,
            46.6625086
          ],
          [
            7.8086767,
            46.6624705
          ]
        ]
      },
      "id": "way/170322594"
    },
    {
      "type": "Feature",
      "properties": {
        "@id": "way/170480578",
        "highway": "tertiary",
        "maxspeed": "40",
        "name": "Rybigässli",
        "surface": "asphalt"
      },
      "geometry": {
        "type": "LineString",
        "coordinates": [
          [
            8.0464637,
            46.6251268
          ],
          [
            8.0465524,
            46.6251214
          ],
          [
            8.0466153,
            46.6251115
          ],
          [
            8.0466862,
            46.6250933
          ],
          [
            8.0467747,
            46.625063
          ],
          [
            8.0468393,
            46.62503
          ],
          [
            8.0468933,
            46.6249963
          ],
          [
            8.0469413,
            46.624955
          ],
          [
            8.0469713,
            46.6249147
          ],
          [
            8.0470163,
            46.624827
          ],
          [
            8.0470309,
            46.6247695
          ],
          [
            8.0470349,
            46.6247434
          ],
          [
            8.0470367,
            46.624704
          ],
          [
            8.047038,
            46.6246489
          ],
          [
            8.0470339,
            46.6246038
          ],
          [
            8.0470282,
            46.6245627
          ],
          [
            8.04701,
            46.6244999
          ],
          [
            8.0469873,
            46.624438
          ],
          [
            8.0469436,
            46.624352
          ],
          [
            8.0469054,
            46.6242846
          ],
          [
            8.046864,
            46.6242092
          ],
          [
            8.0468493,
            46.6241825
          ],
          [
            8.0468109,
            46.6241268
          ],
          [
            8.0467655,
            46.6240643
          ],
          [
            8.0466761,
            46.6239635
          ],
          [
            8.0465858,
            46.6238748
          ],
          [
            8.046528,
            46.6237864
          ],
          [
            8.0464965,
            46.6237238
          ],
          [
            8.0464747,
            46.6236611
          ],
          [
            8.0464536,
            46.6235538
          ],
          [
            8.0464479,
            46.6235195
          ],
          [
            8.0464163,
            46.6233122
          ]
        ]
      },
      "id": "way/170480578"
    },
    {
      "type": "Feature",
      "properties": {
        "@id": "way/171270828",
        "highway": "tertiary",
        "lane_markings": "no",
        "maxspeed": "50",
        "name": "Schmockenstrasse",
        "ref": "1109",
        "surface": "asphalt"
      },
      "geometry": {
        "type": "LineString",
        "coordinates": [
          [
            7.7691569,
            46.6898098
          ],
          [
            7.7691756,
            46.6898053
          ],
          [
            7.7692845,
            46.6897886
          ],
          [
            7.7693127,
            46.6897842
          ],
          [
            7.7694107,
            46.6897735
          ],
          [
            7.7694262,
            46.6897718
          ],
          [
            7.7694655,
            46.6897675
          ],
          [
            7.76954,
            46.6897593
          ],
          [
            7.7696433,
            46.6897545
          ],
          [
            7.7698079,
            46.689757
          ],
          [
            7.7698237,
            46.6897576
          ],
          [
            7.7704985,
            46.6897997
          ],
          [
            7.7705729,
            46.6898027
          ],
          [
            7.7706462,
            46.6898056
          ],
          [
            7.770773,
            46.6898061
          ],
          [
            7.7708619,
            46.6898022
          ],
          [
            7.7710461,
            46.6897819
          ],
          [
            7.7711297,
            46.6897691
          ],
          [
            7.7712185,
            46.6897508
          ],
          [
            7.771349,
            46.6897182
          ],
          [
            7.7714378,
            46.6896971
          ],
          [
            7.7715227,
            46.6896825
          ],
          [
            7.7717121,
            46.6896711
          ],
          [
            7.7718324,
            46.6896726
          ],
          [
            7.7722338,
            46.6896889
          ],
          [
            7.7723032,
            46.6896946
          ],
          [
            7.7725674,
            46.6897235
          ],
          [
            7.7726003,
            46.6897282
          ],
          [
            7.7726971,
            46.6897425
          ]
        ]
      },
      "id": "way/171270828"
    },
    {
      "type": "Feature",
      "properties": {
        "@id": "way/171615806",
        "cycleway:both": "no",
        "highway": "tertiary",
        "lanes": "2",
        "lanes:backward": "1",
        "lanes:forward": "1",
        "maxspeed": "50",
        "name": "Lindenallee",
        "ref": "1122",
        "sidewalk:both": "separate",
        "surface": "asphalt"
      },
      "geometry": {
        "type": "LineString",
        "coordinates": [
          [
            7.8780554,
            46.6888642
          ],
          [
            7.8777152,
            46.6887461
          ],
          [
            7.8775775,
            46.6887016
          ],
          [
            7.8773673,
            46.6886392
          ],
          [
            7.8772481,
            46.6886036
          ]
        ]
      },
      "id": "way/171615806"
    },
    {
      "type": "Feature",
      "properties": {
        "@id": "way/171712036",
        "cycleway:both": "no",
        "highway": "tertiary",
        "lanes": "2",
        "maxspeed": "80",
        "maxweight": "28",
        "maxweight:signed": "yes",
        "name": "Beatenbergstrasse",
        "ref": "1109",
        "surface": "asphalt"
      },
      "geometry": {
        "type": "LineString",
        "coordinates": [
          [
            7.8378842,
            46.6968107
          ],
          [
            7.8379094,
            46.6965128
          ],
          [
            7.8379159,
            46.6964199
          ],
          [
            7.8379186,
            46.6963741
          ],
          [
            7.8379412,
            46.696035
          ],
          [
            7.8379387,
            46.6960074
          ],
          [
            7.8379312,
            46.6959226
          ],
          [
            7.8379176,
            46.6958561
          ],
          [
            7.8378976,
            46.6957986
          ],
          [
            7.8378707,
            46.6957334
          ],
          [
            7.8378683,
            46.6957277
          ],
          [
            7.8377902,
            46.6955939
          ],
          [
            7.8374062,
            46.6951131
          ],
          [
            7.8372952,
            46.6949506
          ],
          [
            7.8372761,
            46.6949161
          ],
          [
            7.8372634,
            46.6948932
          ],
          [
            7.8371889,
            46.6947243
          ],
          [
            7.8370775,
            46.6943253
          ],
          [
            7.8370539,
            46.6942474
          ],
          [
            7.8370128,
            46.6941195
          ],
          [
            7.8369905,
            46.6940503
          ],
          [
            7.8369578,
            46.6939335
          ],
          [
            7.8369502,
            46.6939039
          ],
          [
            7.836931,
            46.6937933
          ],
          [
            7.8369278,
            46.6937015
          ],
          [
            7.8369488,
            46.6935386
          ],
          [
            7.8369858,
            46.6934198
          ],
          [
            7.8370118,
            46.6933626
          ],
          [
            7.8370141,
            46.6933576
          ],
          [
            7.8370968,
            46.6932278
          ],
          [
            7.8371248,
            46.6931866
          ]
        ]
      },
      "id": "way/171712036"
    },
    {
      "type": "Feature",
      "properties": {
        "@id": "way/172491841",
        "bridge": "yes",
        "cycleway:both": "no",
        "highway": "tertiary",
        "layer": "1",
        "maxspeed": "30",
        "name": "Obere Gletscherstrasse",
        "surface": "asphalt"
      },
      "geometry": {
        "type": "LineString",
        "coordinates": [
          [
            8.0567198,
            46.631354
          ],
          [
            8.0565874,
            46.63139
          ]
        ]
      },
      "id": "way/172491841"
    },
    {
      "type": "Feature",
      "properties": {
        "@id": "way/172491843",
        "cycleway:both": "no",
        "highway": "tertiary",
        "maxspeed": "30",
        "name": "Obere Gletscherstrasse",
        "surface": "asphalt"
      },
      "geometry": {
        "type": "LineString",
        "coordinates": [
          [
            8.0565874,
            46.63139
          ],
          [
            8.0565282,
            46.6314038
          ],
          [
            8.056479,
            46.6314084
          ],
          [
            8.0564245,
            46.63141
          ],
          [
            8.0563555,
            46.6314047
          ],
          [
            8.0563185,
            46.6314
          ],
          [
            8.0562815,
            46.6313917
          ],
          [
            8.0562192,
            46.6313757
          ],
          [
            8.0561539,
            46.6313582
          ],
          [
            8.0560409,
            46.6313215
          ],
          [
            8.0559451,
            46.6312911
          ],
          [
            8.0558665,
            46.6312702
          ],
          [
            8.0557885,
            46.6312539
          ],
          [
            8.0557181,
            46.6312437
          ],
          [
            8.0555891,
            46.6312281
          ],
          [
            8.0554041,
            46.6312058
          ],
          [
            8.0552164,
            46.6311834
          ],
          [
            8.0549837,
            46.6311534
          ],
          [
            8.0548717,
            46.6311342
          ],
          [
            8.0547732,
            46.631116
          ]
        ]
      },
      "id": "way/172491843"
    },
    {
      "type": "Feature",
      "properties": {
        "@id": "way/176440028",
        "cycleway:both": "no",
        "highway": "tertiary",
        "lanes": "2",
        "maxspeed": "50",
        "name": "Beatenbergstrasse",
        "ref": "1109",
        "surface": "asphalt"
      },
      "geometry": {
        "type": "LineString",
        "coordinates": [
          [
            7.8421863,
            46.6889298
          ],
          [
            7.8423069,
            46.6888826
          ],
          [
            7.8428042,
            46.6886811
          ],
          [
            7.8428315,
            46.6886699
          ],
          [
            7.8428503,
            46.6886621
          ],
          [
            7.8429963,
            46.6885995
          ],
          [
            7.8430428,
            46.6885752
          ],
          [
            7.8431213,
            46.6885343
          ]
        ]
      },
      "id": "way/176440028"
    },
    {
      "type": "Feature",
      "properties": {
        "@id": "way/176440058",
        "highway": "secondary",
        "maxspeed": "50",
        "name": "Seestrasse",
        "ref": "221",
        "source:maxspeed": "sign",
        "surface": "asphalt"
      },
      "geometry": {
        "type": "LineString",
        "coordinates": [
          [
            7.8130642,
            46.6822592
          ],
          [
            7.81302,
            46.6822565
          ],
          [
            7.8128231,
            46.6822444
          ],
          [
            7.8127604,
            46.6822437
          ],
          [
            7.8126166,
            46.6822496
          ],
          [
            7.8126083,
            46.6822504
          ],
          [
            7.8125278,
            46.6822588
          ],
          [
            7.8124508,
            46.6822672
          ],
          [
            7.8123633,
            46.6822819
          ],
          [
            7.8117603,
            46.6824098
          ],
          [
            7.81128,
            46.6825103
          ],
          [
            7.8111625,
            46.6825323
          ],
          [
            7.8110993,
            46.6825414
          ],
          [
            7.8110541,
            46.6825479
          ],
          [
            7.8109679,
            46.6825572
          ],
          [
            7.8109259,
            46.68256
          ],
          [
            7.810802,
            46.6825649
          ],
          [
            7.8107092,
            46.6825635
          ],
          [
            7.8106516,
            46.6825627
          ],
          [
            7.8103456,
            46.682543
          ],
          [
            7.8099114,
            46.6825076
          ],
          [
            7.8095374,
            46.682471
          ],
          [
            7.8094471,
            46.6824587
          ],
          [
            7.8091749,
            46.6824065
          ],
          [
            7.8090728,
            46.6823933
          ],
          [
            7.8088963,
            46.6823804
          ],
          [
            7.8087029,
            46.6823873
          ],
          [
            7.8083916,
            46.6824115
          ],
          [
            7.8077988,
            46.6824577
          ],
          [
            7.8076565,
            46.6824789
          ],
          [
            7.8075312,
            46.6825081
          ],
          [
            7.8074079,
            46.6825481
          ],
          [
            7.8073826,
            46.6825571
          ],
          [
            7.8072913,
            46.6825943
          ],
          [
            7.8072477,
            46.6826105
          ],
          [
            7.8071857,
            46.6826315
          ],
          [
            7.8070918,
            46.6826579
          ],
          [
            7.806956,
            46.6826836
          ],
          [
            7.8068554,
            46.682692
          ],
          [
            7.8067548,
            46.6826932
          ],
          [
            7.8065855,
            46.6826836
          ],
          [
            7.806488,
            46.6826779
          ],
          [
            7.8063848,
            46.6826791
          ],
          [
            7.806296,
            46.6826911
          ],
          [
            7.8062503,
            46.6827011
          ],
          [
            7.8061564,
            46.6827347
          ],
          [
            7.8061108,
            46.68276
          ],
          [
            7.8060562,
            46.682798
          ],
          [
            7.8060159,
            46.6828368
          ],
          [
            7.8059965,
            46.6828639
          ],
          [
            7.8059657,
            46.682944
          ],
          [
            7.8059287,
            46.6830791
          ],
          [
            7.8058748,
            46.6832295
          ]
        ]
      },
      "id": "way/176440058"
    },
    {
      "type": "Feature",
      "properties": {
        "@id": "way/176440059",
        "cycleway:right": "lane",
        "highway": "secondary",
        "lanes": "2",
        "lit": "no",
        "maxspeed": "50",
        "name": "Seestrasse",
        "ref": "221",
        "sidewalk:left": "no",
        "sidewalk:right": "yes",
        "smoothness": "excellent",
        "source:maxspeed": "sign",
        "surface": "asphalt"
      },
      "geometry": {
        "type": "LineString",
        "coordinates": [
          [
            7.8183208,
            46.6794337
          ],
          [
            7.8182511,
            46.6794422
          ],
          [
            7.8181657,
            46.6794565
          ],
          [
            7.8181177,
            46.6794678
          ],
          [
            7.8180646,
            46.6794804
          ],
          [
            7.8179708,
            46.6795058
          ],
          [
            7.8178619,
            46.6795426
          ],
          [
            7.8177335,
            46.6795893
          ],
          [
            7.8176623,
            46.6796184
          ],
          [
            7.8176324,
            46.6796306
          ]
        ]
      },
      "id": "way/176440059"
    },
    {
      "type": "Feature",
      "properties": {
        "@id": "way/176440066",
        "highway": "primary",
        "lanes": "2",
        "maxspeed": "50",
        "name": "Waldeggstrasse",
        "oneway": "no",
        "ref": "6;11",
        "sidewalk": "right",
        "surface": "asphalt"
      },
      "geometry": {
        "type": "LineString",
        "coordinates": [
          [
            7.851512,
            46.6774392
          ],
          [
            7.8514537,
            46.6774165
          ],
          [
            7.8514079,
            46.6774012
          ],
          [
            7.8513253,
            46.6773737
          ],
          [
            7.8512971,
            46.6773623
          ]
        ]
      },
      "id": "way/176440066"
    },
    {
      "type": "Feature",
      "properties": {
        "@id": "way/183460980",
        "cutting": "yes",
        "cycleway:both": "lane",
        "foot": "no",
        "highway": "primary",
        "lanes": "2",
        "maxheight": "4",
        "maxspeed": "50",
        "name": "Lindenallee",
        "ref": "6;11",
        "surface": "asphalt"
      },
      "geometry": {
        "type": "LineString",
        "coordinates": [
          [
            7.8741008,
            46.6880619
          ],
          [
            7.8739635,
            46.6880455
          ],
          [
            7.873823,
            46.6880235
          ],
          [
            7.8736961,
            46.6880045
          ],
          [
            7.8735323,
            46.6879799
          ],
          [
            7.8730065,
            46.6879078
          ]
        ]
      },
      "id": "way/183460980"
    },
    {
      "type": "Feature",
      "properties": {
        "@id": "way/183547667",
        "highway": "tertiary",
        "name": "Saxetenstrasse"
      },
      "geometry": {
        "type": "LineString",
        "coordinates": [
          [
            7.8330364,
            46.6360692
          ],
          [
            7.8319172,
            46.6363518
          ],
          [
            7.8316593,
            46.6363822
          ],
          [
            7.8313147,
            46.6363815
          ],
          [
            7.8311639,
            46.6363736
          ]
        ]
      },
      "id": "way/183547667"
    },
    {
      "type": "Feature",
      "properties": {
        "@id": "way/185858814",
        "cycleway:both": "no",
        "highway": "tertiary",
        "lanes": "2",
        "maxspeed": "80",
        "name": "Beatenbergstrasse",
        "ref": "1109",
        "surface": "asphalt"
      },
      "geometry": {
        "type": "LineString",
        "coordinates": [
          [
            7.8371248,
            46.6931866
          ],
          [
            7.8372735,
            46.6929731
          ]
        ]
      },
      "id": "way/185858814"
    },
    {
      "type": "Feature",
      "properties": {
        "@id": "way/185858853",
        "cycleway:both": "no",
        "highway": "tertiary",
        "lanes": "2",
        "name": "Habkernstrasse",
        "ref": "1110",
        "surface": "asphalt"
      },
      "geometry": {
        "type": "LineString",
        "coordinates": [
          [
            7.8371248,
            46.6931866
          ],
          [
            7.8371668,
            46.6932211
          ],
          [
            7.8372213,
            46.693266
          ],
          [
            7.837249,
            46.6932974
          ],
          [
            7.8372596,
            46.6933208
          ],
          [
            7.8372625,
            46.6933558
          ],
          [
            7.8372576,
            46.6933972
          ],
          [
            7.8372474,
            46.6934323
          ],
          [
            7.8371767,
            46.6935999
          ],
          [
            7.8371396,
            46.6937143
          ],
          [
            7.8371325,
            46.6938142
          ],
          [
            7.8371355,
            46.6938573
          ],
          [
            7.8371449,
            46.6939014
          ],
          [
            7.8371704,
            46.6939795
          ]
        ]
      },
      "id": "way/185858853"
    },
    {
      "type": "Feature",
      "properties": {
        "@id": "way/201235026",
        "bridge": "yes",
        "cycleway:both": "no",
        "highway": "tertiary",
        "lanes": "2",
        "maxspeed": "80",
        "maxweight": "28",
        "maxweight:signed": "no",
        "name": "Beatenbergstrasse",
        "ref": "1109",
        "surface": "asphalt"
      },
      "geometry": {
        "type": "LineString",
        "coordinates": [
          [
            7.8291861,
            46.6968832
          ],
          [
            7.8293882,
            46.6969795
          ]
        ]
      },
      "id": "way/201235026"
    },
    {
      "type": "Feature",
      "properties": {
        "@id": "way/201235027",
        "cycleway:both": "no",
        "highway": "tertiary",
        "maxspeed": "80",
        "maxweight": "28",
        "name": "Beatenbergstrasse",
        "ref": "1109",
        "tunnel": "yes"
      },
      "geometry": {
        "type": "LineString",
        "coordinates": [
          [
            7.8225267,
            46.6906901
          ],
          [
            7.822802,
            46.6908898
          ]
        ]
      },
      "id": "way/201235027"
    },
    {
      "type": "Feature",
      "properties": {
        "@id": "way/201235028",
        "bridge": "yes",
        "cycleway:both": "no",
        "highway": "tertiary",
        "lanes": "2",
        "maxspeed": "80",
        "maxweight": "28",
        "name": "Beatenbergstrasse",
        "ref": "1109",
        "surface": "asphalt"
      },
      "geometry": {
        "type": "LineString",
        "coordinates": [
          [
            7.8257665,
            46.6931421
          ],
          [
            7.8259403,
            46.6932837
          ],
          [
            7.8260385,
            46.6933711
          ],
          [
            7.8260625,
            46.6933925
          ]
        ]
      },
      "id": "way/201235028"
    },
    {
      "type": "Feature",
      "properties": {
        "@id": "way/201235029",
        "bridge": "yes",
        "cycleway:both": "no",
        "highway": "tertiary",
        "lanes": "2",
        "maxspeed": "80",
        "maxweight": "28",
        "maxweight:signed": "no",
        "name": "Beatenbergstrasse",
        "ref": "1109",
        "surface": "asphalt"
      },
      "geometry": {
        "type": "LineString",
        "coordinates": [
          [
            7.8298557,
            46.6972625
          ],
          [
            7.8298723,
            46.6972787
          ],
          [
            7.829879,
            46.6972872
          ],
          [
            7.8299056,
            46.6973208
          ]
        ]
      },
      "id": "way/201235029"
    },
    {
      "type": "Feature",
      "properties": {
        "@id": "way/201235031",
        "bridge": "yes",
        "highway": "tertiary",
        "maxspeed": "80",
        "name": "Beatenbergstrasse",
        "ref": "1109",
        "surface": "asphalt"
      },
      "geometry": {
        "type": "LineString",
        "coordinates": [
          [
            7.8281682,
            46.6940295
          ],
          [
            7.8280955,
            46.6939245
          ]
        ]
      },
      "id": "way/201235031"
    },
    {
      "type": "Feature",
      "properties": {
        "@id": "way/201235033",
        "bridge": "yes",
        "cycleway:both": "no",
        "highway": "tertiary",
        "lanes": "2",
        "maxspeed": "80",
        "maxweight": "28",
        "name": "Beatenbergstrasse",
        "ref": "1109",
        "surface": "asphalt"
      },
      "geometry": {
        "type": "LineString",
        "coordinates": [
          [
            7.8288152,
            46.6961916
          ],
          [
            7.8287781,
            46.6961144
          ]
        ]
      },
      "id": "way/201235033"
    },
    {
      "type": "Feature",
      "properties": {
        "@id": "way/201235034",
        "bridge": "yes",
        "cycleway:both": "no",
        "highway": "tertiary",
        "lanes": "2",
        "maxspeed": "80",
        "maxweight": "28",
        "name": "Beatenbergstrasse",
        "ref": "1109",
        "surface": "asphalt"
      },
      "geometry": {
        "type": "LineString",
        "coordinates": [
          [
            7.8241969,
            46.6919583
          ],
          [
            7.824483,
            46.6922104
          ]
        ]
      },
      "id": "way/201235034"
    },
    {
      "type": "Feature",
      "properties": {
        "@id": "way/201235036",
        "bridge": "yes",
        "cycleway:both": "no",
        "highway": "tertiary",
        "lanes": "2",
        "maxspeed": "80",
        "maxweight": "28",
        "name": "Beatenbergstrasse",
        "ref": "1109",
        "surface": "asphalt"
      },
      "geometry": {
        "type": "LineString",
        "coordinates": [
          [
            7.8268968,
            46.6940797
          ],
          [
            7.827047,
            46.6941952
          ],
          [
            7.8271239,
            46.6942494
          ],
          [
            7.8272718,
            46.6943672
          ],
          [
            7.8274259,
            46.6944914
          ]
        ]
      },
      "id": "way/201235036"
    },
    {
      "type": "Feature",
      "properties": {
        "@id": "way/201235040",
        "cycleway:both": "no",
        "highway": "tertiary",
        "lanes": "2",
        "maxspeed": "80",
        "maxweight": "28",
        "name": "Beatenbergstrasse",
        "ref": "1109",
        "surface": "asphalt"
      },
      "geometry": {
        "type": "LineString",
        "coordinates": [
          [
            7.8260625,
            46.6933925
          ],
          [
            7.8261225,
            46.6934459
          ],
          [
            7.8264968,
            46.6937644
          ],
          [
            7.826792,
            46.6939991
          ],
          [
            7.8268968,
            46.6940797
          ]
        ]
      },
      "id": "way/201235040"
    },
    {
      "type": "Feature",
      "properties": {
        "@id": "way/201235041",
        "cycleway:both": "no",
        "highway": "tertiary",
        "lanes": "2",
        "maxspeed": "80",
        "maxweight": "28",
        "name": "Beatenbergstrasse",
        "ref": "1109",
        "surface": "asphalt"
      },
      "geometry": {
        "type": "LineString",
        "coordinates": [
          [
            7.8281065,
            46.6955034
          ],
          [
            7.828109,
            46.6955297
          ],
          [
            7.8281106,
            46.6959264
          ],
          [
            7.8281258,
            46.6960464
          ],
          [
            7.82815,
            46.6961314
          ],
          [
            7.828169,
            46.696171
          ]
        ]
      },
      "id": "way/201235041"
    },
    {
      "type": "Feature",
      "properties": {
        "@id": "way/201235042",
        "cycleway:both": "no",
        "highway": "tertiary",
        "lanes": "2",
        "maxspeed": "80",
        "maxweight": "28",
        "name": "Beatenbergstrasse",
        "ref": "1109",
        "surface": "asphalt"
      },
      "geometry": {
        "type": "LineString",
        "coordinates": [
          [
            7.8274259,
            46.6944914
          ],
          [
            7.8276301,
            46.6946561
          ],
          [
            7.8277558,
            46.6947717
          ],
          [
            7.8278448,
            46.6948694
          ],
          [
            7.8279461,
            46.6950167
          ]
        ]
      },
      "id": "way/201235042"
    },
    {
      "type": "Feature",
      "properties": {
        "@id": "way/201235043",
        "bridge": "yes",
        "cycleway:both": "no",
        "highway": "tertiary",
        "lanes": "2",
        "maxspeed": "80",
        "maxweight": "28",
        "name": "Beatenbergstrasse",
        "ref": "1109",
        "surface": "asphalt"
      },
      "geometry": {
        "type": "LineString",
        "coordinates": [
          [
            7.8279461,
            46.6950167
          ],
          [
            7.8280075,
            46.6951392
          ],
          [
            7.8280488,
            46.6952421
          ],
          [
            7.8280829,
            46.6953544
          ],
          [
            7.8281065,
            46.6955034
          ]
        ]
      },
      "id": "way/201235043"
    },
    {
      "type": "Feature",
      "properties": {
        "@id": "way/201235044",
        "cycleway:both": "no",
        "highway": "tertiary",
        "lanes": "2",
        "maxspeed": "80",
        "maxweight": "28",
        "name": "Beatenbergstrasse",
        "ref": "1109",
        "surface": "asphalt"
      },
      "geometry": {
        "type": "LineString",
        "coordinates": [
          [
            7.829795,
            46.6970707
          ],
          [
            7.829621,
            46.6969688
          ],
          [
            7.8295211,
            46.6969008
          ],
          [
            7.8293424,
            46.6967682
          ],
          [
            7.8292029,
            46.6966482
          ],
          [
            7.8290502,
            46.6964994
          ],
          [
            7.828917,
            46.6963442
          ],
          [
            7.8288563,
            46.6962616
          ],
          [
            7.8288152,
            46.6961916
          ]
        ]
      },
      "id": "way/201235044"
    },
    {
      "type": "Feature",
      "properties": {
        "@id": "way/201235045",
        "cycleway:both": "no",
        "highway": "tertiary",
        "lane_markings": "no",
        "maxspeed": "80",
        "maxweight": "28",
        "name": "Beatenbergstrasse",
        "ref": "1109",
        "surface": "asphalt"
      },
      "geometry": {
        "type": "LineString",
        "coordinates": [
          [
            7.824483,
            46.6922104
          ],
          [
            7.8245696,
            46.6922867
          ],
          [
            7.8246761,
            46.6923691
          ],
          [
            7.8248161,
            46.6924711
          ],
          [
            7.8252797,
            46.6927732
          ],
          [
            7.8254446,
            46.6928882
          ],
          [
            7.8255793,
            46.6929894
          ],
          [
            7.8257665,
            46.6931421
          ]
        ]
      },
      "id": "way/201235045"
    },
    {
      "type": "Feature",
      "properties": {
        "@id": "way/201235046",
        "cycleway:both": "no",
        "highway": "tertiary",
        "lanes": "2",
        "maxspeed": "80",
        "maxweight": "28",
        "name": "Beatenbergstrasse",
        "ref": "1109",
        "surface": "asphalt"
      },
      "geometry": {
        "type": "LineString",
        "coordinates": [
          [
            7.8283113,
            46.6963684
          ],
          [
            7.8283612,
            46.6964109
          ],
          [
            7.8284479,
            46.6964758
          ],
          [
            7.8285819,
            46.6965581
          ],
          [
            7.8286595,
            46.6966029
          ],
          [
            7.8288359,
            46.696703
          ],
          [
            7.82908,
            46.6968321
          ],
          [
            7.8291861,
            46.6968832
          ]
        ]
      },
      "id": "way/201235046"
    },
    {
      "type": "Feature",
      "properties": {
        "@id": "way/201235049",
        "highway": "tertiary",
        "lanes": "2",
        "maxspeed": "80",
        "maxweight": "28",
        "name": "Beatenbergstrasse",
        "ref": "1109",
        "surface": "asphalt"
      },
      "geometry": {
        "type": "LineString",
        "coordinates": [
          [
            7.822802,
            46.6908898
          ],
          [
            7.8232319,
            46.6911904
          ],
          [
            7.8234603,
            46.6913544
          ],
          [
            7.8236035,
            46.6914583
          ],
          [
            7.8237639,
            46.6915832
          ],
          [
            7.8239171,
            46.6917118
          ],
          [
            7.8241969,
            46.6919583
          ]
        ]
      },
      "id": "way/201235049"
    },
    {
      "type": "Feature",
      "properties": {
        "@id": "way/201235050",
        "cycleway:both": "no",
        "highway": "tertiary",
        "lanes": "2",
        "maxspeed": "80",
        "maxweight": "28",
        "name": "Beatenbergstrasse",
        "ref": "1109",
        "surface": "asphalt"
      },
      "geometry": {
        "type": "LineString",
        "coordinates": [
          [
            7.8293882,
            46.6969795
          ],
          [
            7.8295661,
            46.6970639
          ],
          [
            7.8297309,
            46.697156
          ],
          [
            7.8297992,
            46.6972075
          ],
          [
            7.8298557,
            46.6972625
          ]
        ]
      },
      "id": "way/201235050"
    },
    {
      "type": "Feature",
      "properties": {
        "@id": "way/201235052",
        "cycleway:both": "no",
        "highway": "tertiary",
        "lanes": "2",
        "maxspeed": "80",
        "maxweight": "28",
        "name": "Beatenbergstrasse",
        "ref": "1109",
        "surface": "asphalt"
      },
      "geometry": {
        "type": "LineString",
        "coordinates": [
          [
            7.8299056,
            46.6973208
          ],
          [
            7.8299384,
            46.6973624
          ],
          [
            7.83006,
            46.6975165
          ],
          [
            7.830112,
            46.6975653
          ],
          [
            7.8301468,
            46.6975893
          ],
          [
            7.8302009,
            46.697614
          ],
          [
            7.8302622,
            46.697628
          ],
          [
            7.8303295,
            46.6976307
          ],
          [
            7.8303638,
            46.697627
          ],
          [
            7.8303726,
            46.6976247
          ],
          [
            7.8303984,
            46.6976179
          ],
          [
            7.8304205,
            46.6976065
          ]
        ]
      },
      "id": "way/201235052"
    },
    {
      "type": "Feature",
      "properties": {
        "@id": "way/201235053",
        "cycleway:both": "no",
        "highway": "tertiary",
        "lanes": "2",
        "maxspeed": "80",
        "maxweight": "28",
        "name": "Beatenbergstrasse",
        "ref": "1109",
        "surface": "asphalt"
      },
      "geometry": {
        "type": "LineString",
        "coordinates": [
          [
            7.8287781,
            46.6961144
          ],
          [
            7.8287554,
            46.6960542
          ],
          [
            7.828723,
            46.6959068
          ],
          [
            7.8287013,
            46.6954913
          ],
          [
            7.8286737,
            46.6952449
          ],
          [
            7.8286094,
            46.6948484
          ],
          [
            7.828573,
            46.6946929
          ],
          [
            7.8285369,
            46.6945797
          ],
          [
            7.8284825,
            46.6944665
          ],
          [
            7.8284005,
            46.6943363
          ],
          [
            7.8282329,
            46.6941183
          ],
          [
            7.8281682,
            46.6940295
          ]
        ]
      },
      "id": "way/201235053"
    },
    {
      "type": "Feature",
      "properties": {
        "@id": "way/201235054",
        "bridge": "yes",
        "cycleway:both": "no",
        "highway": "tertiary",
        "lanes": "2",
        "maxspeed": "80",
        "maxweight": "28",
        "maxweight:signed": "no",
        "name": "Beatenbergstrasse",
        "ref": "1109",
        "surface": "asphalt"
      },
      "geometry": {
        "type": "LineString",
        "coordinates": [
          [
            7.8304205,
            46.6976065
          ],
          [
            7.8304427,
            46.6975925
          ],
          [
            7.8304758,
            46.6975582
          ],
          [
            7.8304892,
            46.6975231
          ],
          [
            7.8304824,
            46.6974826
          ],
          [
            7.8304724,
            46.6974615
          ],
          [
            7.8304586,
            46.6974395
          ],
          [
            7.8304125,
            46.697392
          ],
          [
            7.8303835,
            46.6973705
          ],
          [
            7.8302923,
            46.6973178
          ],
          [
            7.8300417,
            46.697199
          ],
          [
            7.8298777,
            46.6971159
          ],
          [
            7.829795,
            46.6970707
          ]
        ]
      },
      "id": "way/201235054"
    },
    {
      "type": "Feature",
      "properties": {
        "@id": "way/208096169",
        "electrified": "no",
        "layer": "-1",
        "name": "Allmendhubelbahn",
        "operator": "Schilthornbahn AG",
        "railway": "funicular",
        "tunnel": "yes",
        "usage": "tourism"
      },
      "geometry": {
        "type": "LineString",
        "coordinates": [
          [
            7.8890492,
            46.5638747
          ],
          [
            7.8899022,
            46.5631201
          ],
          [
            7.8904771,
            46.5626513
          ]
        ]
      },
      "id": "way/208096169"
    },
    {
      "type": "Feature",
      "properties": {
        "@id": "way/208096176",
        "aerialway": "chair_lift",
        "aerialway:duration": "5.5",
        "aerialway:occupancy": "4",
        "name": "Schiltgrat"
      },
      "geometry": {
        "type": "LineString",
        "coordinates": [
          [
            7.8905065,
            46.5565212
          ],
          [
            7.8901669,
            46.5565399
          ],
          [
            7.88997,
            46.5565508
          ],
          [
            7.8883901,
            46.556638
          ],
          [
            7.8864483,
            46.5567451
          ],
          [
            7.8843348,
            46.5568617
          ],
          [
            7.8828373,
            46.5569443
          ],
          [
            7.881757,
            46.5570039
          ],
          [
            7.8810328,
            46.5570438
          ],
          [
            7.8796251,
            46.5571215
          ],
          [
            7.8766447,
            46.5572859
          ],
          [
            7.8748849,
            46.557383
          ],
          [
            7.8724342,
            46.5575182
          ],
          [
            7.8720405,
            46.5575399
          ]
        ]
      },
      "id": "way/208096176"
    },
    {
      "type": "Feature",
      "properties": {
        "@id": "way/208633819",
        "access": "yes",
        "cycleway:both": "no",
        "highway": "tertiary",
        "lanes": "2",
        "name": "Habkernstrasse",
        "ref": "1110",
        "surface": "asphalt"
      },
      "geometry": {
        "type": "LineString",
        "coordinates": [
          [
            7.8371704,
            46.6939795
          ],
          [
            7.8372678,
            46.6941654
          ],
          [
            7.8375028,
            46.6945559
          ],
          [
            7.8378867,
            46.6950888
          ],
          [
            7.8381903,
            46.695493
          ],
          [
            7.8383422,
            46.6957104
          ],
          [
            7.8384404,
            46.6958605
          ],
          [
            7.8385252,
            46.695983
          ],
          [
            7.8385877,
            46.6960564
          ],
          [
            7.8387127,
            46.6961759
          ],
          [
            7.8388556,
            46.6963076
          ],
          [
            7.8389538,
            46.6964055
          ],
          [
            7.8389888,
            46.6964505
          ],
          [
            7.8390163,
            46.6964913
          ],
          [
            7.8390476,
            46.6965469
          ],
          [
            7.8390782,
            46.6966103
          ],
          [
            7.8391199,
            46.6966982
          ],
          [
            7.8391524,
            46.6967559
          ],
          [
            7.8391855,
            46.6967996
          ],
          [
            7.8392156,
            46.696831
          ],
          [
            7.8392555,
            46.6968636
          ],
          [
            7.8393691,
            46.69692
          ],
          [
            7.8394363,
            46.6969569
          ],
          [
            7.8394877,
            46.6969891
          ],
          [
            7.8395297,
            46.6970204
          ],
          [
            7.8395642,
            46.6970497
          ],
          [
            7.8395984,
            46.6970874
          ],
          [
            7.8396259,
            46.6971277
          ],
          [
            7.8397076,
            46.6972665
          ],
          [
            7.8397453,
            46.6973194
          ],
          [
            7.8397754,
            46.6973532
          ],
          [
            7.8398207,
            46.6973953
          ],
          [
            7.8398721,
            46.6974365
          ],
          [
            7.8400209,
            46.6975416
          ],
          [
            7.8401355,
            46.6976253
          ],
          [
            7.840192,
            46.6976722
          ],
          [
            7.8402263,
            46.697708
          ],
          [
            7.8402576,
            46.697747
          ],
          [
            7.8402837,
            46.6977877
          ],
          [
            7.8403052,
            46.6978264
          ],
          [
            7.8404991,
            46.6982201
          ],
          [
            7.8405406,
            46.6982916
          ],
          [
            7.8405762,
            46.6983461
          ],
          [
            7.8406137,
            46.698396
          ],
          [
            7.8406543,
            46.6984429
          ],
          [
            7.8407216,
            46.6985129
          ],
          [
            7.8407889,
            46.6985797
          ],
          [
            7.8409898,
            46.6987726
          ],
          [
            7.8410496,
            46.6988313
          ],
          [
            7.8413385,
            46.6991113
          ],
          [
            7.8414508,
            46.699219
          ],
          [
            7.8415174,
            46.6992786
          ],
          [
            7.8415738,
            46.6993222
          ],
          [
            7.84163,
            46.6993605
          ],
          [
            7.8416733,
            46.6993851
          ],
          [
            7.8417379,
            46.6994149
          ],
          [
            7.8421062,
            46.6995786
          ],
          [
            7.8421619,
            46.6996073
          ],
          [
            7.8422297,
            46.6996511
          ],
          [
            7.8422688,
            46.699686
          ],
          [
            7.8423135,
            46.6997276
          ],
          [
            7.8423562,
            46.6997705
          ],
          [
            7.8423904,
            46.6998139
          ],
          [
            7.84242,
            46.6998597
          ],
          [
            7.8424282,
            46.6998777
          ],
          [
            7.8424802,
            46.7000376
          ],
          [
            7.8425066,
            46.7000945
          ],
          [
            7.8425407,
            46.7001515
          ],
          [
            7.8425748,
            46.7001996
          ],
          [
            7.8426115,
            46.7002463
          ]
        ]
      },
      "id": "way/208633819"
    },
    {
      "type": "Feature",
      "properties": {
        "@id": "way/208942852",
        "destination:forward": "Interlaken West",
        "highway": "primary",
        "lanes": "2",
        "maxspeed": "70",
        "name": "Därligenstrasse",
        "name:etymology:wikidata": "Q65065",
        "oneway": "no",
        "ref": "6;11",
        "surface": "asphalt"
      },
      "geometry": {
        "type": "LineString",
        "coordinates": [
          [
            7.8410501,
            46.6706141
          ],
          [
            7.8411189,
            46.6706608
          ],
          [
            7.8413318,
            46.6708183
          ],
          [
            7.8415816,
            46.6710216
          ],
          [
            7.8417987,
            46.6712143
          ],
          [
            7.8427245,
            46.672089
          ],
          [
            7.8434907,
            46.672752
          ],
          [
            7.8435894,
            46.6728438
          ],
          [
            7.8437881,
            46.6730154
          ],
          [
            7.8442509,
            46.6733888
          ],
          [
            7.8443367,
            46.6734512
          ],
          [
            7.8444638,
            46.6735437
          ],
          [
            7.8446974,
            46.6736859
          ],
          [
            7.8451248,
            46.6739343
          ],
          [
            7.8451805,
            46.6739667
          ],
          [
            7.8457387,
            46.6743326
          ],
          [
            7.846054,
            46.674551
          ],
          [
            7.8462579,
            46.6747061
          ],
          [
            7.8462793,
            46.6747228
          ]
        ]
      },
      "id": "way/208942852"
    },
    {
      "type": "Feature",
      "properties": {
        "@id": "way/208944874",
        "highway": "primary",
        "lanes": "2",
        "lit": "yes",
        "maxspeed": "50",
        "name": "Waldeggstrasse",
        "oneway": "no",
        "ref": "6;11",
        "sidewalk": "right",
        "surface": "asphalt"
      },
      "geometry": {
        "type": "LineString",
        "coordinates": [
          [
            7.8559286,
            46.6794247
          ],
          [
            7.8557459,
            46.67932
          ],
          [
            7.8556673,
            46.6792749
          ],
          [
            7.8554835,
            46.6791695
          ],
          [
            7.8553822,
            46.679114
          ],
          [
            7.85533,
            46.6790855
          ],
          [
            7.8550636,
            46.6789534
          ],
          [
            7.8550256,
            46.6789345
          ],
          [
            7.8547807,
            46.6788219
          ],
          [
            7.8545796,
            46.6787302
          ],
          [
            7.8543595,
            46.6786491
          ],
          [
            7.8538943,
            46.6784952
          ],
          [
            7.8535574,
            46.6783741
          ],
          [
            7.8534796,
            46.6783428
          ],
          [
            7.8527579,
            46.6780516
          ],
          [
            7.8527381,
            46.6780436
          ],
          [
            7.8522677,
            46.6778512
          ],
          [
            7.8521794,
            46.6778112
          ],
          [
            7.8520706,
            46.6777561
          ],
          [
            7.851916,
            46.6776634
          ],
          [
            7.8516878,
            46.6775185
          ],
          [
            7.8516687,
            46.6775065
          ],
          [
            7.8515704,
            46.6774619
          ],
          [
            7.851512,
            46.6774392
          ]
        ]
      },
      "id": "way/208944874"
    },
    {
      "type": "Feature",
      "properties": {
        "@id": "way/213203218",
        "highway": "primary",
        "lanes": "1",
        "lit": "yes",
        "maxspeed": "50",
        "name": "Lindenallee",
        "oneway": "yes",
        "ref": "6;11",
        "surface": "asphalt"
      },
      "geometry": {
        "type": "LineString",
        "coordinates": [
          [
            7.8686445,
            46.6872117
          ],
          [
            7.8688124,
            46.6872248
          ],
          [
            7.868951,
            46.6872442
          ],
          [
            7.8692781,
            46.6873001
          ],
          [
            7.8693582,
            46.6873138
          ],
          [
            7.8694009,
            46.687321
          ]
        ]
      },
      "id": "way/213203218"
    },
    {
      "type": "Feature",
      "properties": {
        "@id": "way/213203219",
        "highway": "primary",
        "lanes": "1",
        "maxspeed": "50",
        "name": "Lindenallee",
        "oneway": "yes",
        "ref": "6;11",
        "sidewalk": "right",
        "surface": "asphalt"
      },
      "geometry": {
        "type": "LineString",
        "coordinates": [
          [
            7.8633281,
            46.6861513
          ],
          [
            7.8634406,
            46.6861603
          ],
          [
            7.8635951,
            46.6861903
          ],
          [
            7.8636698,
            46.6862107
          ],
          [
            7.8638174,
            46.6862635
          ]
        ]
      },
      "id": "way/213203219"
    },
    {
      "type": "Feature",
      "properties": {
        "@id": "way/213203220",
        "highway": "primary",
        "lanes": "1",
        "lit": "yes",
        "maxspeed": "50",
        "name": "Lindenallee",
        "oneway": "yes",
        "ref": "6;11",
        "surface": "asphalt"
      },
      "geometry": {
        "type": "LineString",
        "coordinates": [
          [
            7.8693666,
            46.6873798
          ],
          [
            7.8692565,
            46.6873556
          ],
          [
            7.8689393,
            46.6872862
          ],
          [
            7.8688036,
            46.6872566
          ],
          [
            7.8686445,
            46.6872117
          ]
        ]
      },
      "id": "way/213203220"
    },
    {
      "type": "Feature",
      "properties": {
        "@id": "way/213203222",
        "highway": "primary",
        "lanes": "3",
        "lanes:backward": "1",
        "lanes:forward": "2",
        "lit": "yes",
        "maxspeed": "50",
        "name": "Lindenallee",
        "ref": "6;11",
        "surface": "asphalt",
        "turn:lanes:forward": "left|through;right"
      },
      "geometry": {
        "type": "LineString",
        "coordinates": [
          [
            7.8686445,
            46.6872117
          ],
          [
            7.8681345,
            46.6871233
          ],
          [
            7.8678977,
            46.6870792
          ],
          [
            7.8677243,
            46.6870467
          ]
        ]
      },
      "id": "way/213203222"
    },
    {
      "type": "Feature",
      "properties": {
        "@id": "way/214275988",
        "cycleway:right": "no",
        "highway": "primary",
        "lanes": "1",
        "lit": "yes",
        "maxspeed": "50",
        "name": "Lindenallee",
        "oneway": "yes",
        "ref": "6;11",
        "sidewalk": "right",
        "surface": "asphalt"
      },
      "geometry": {
        "type": "LineString",
        "coordinates": [
          [
            7.8696431,
            46.6873851
          ],
          [
            7.8697637,
            46.6874068
          ],
          [
            7.8699456,
            46.687469
          ]
        ]
      },
      "id": "way/214275988"
    },
    {
      "type": "Feature",
      "properties": {
        "@id": "way/214275989",
        "highway": "primary",
        "lanes": "1",
        "lit": "yes",
        "maxspeed": "50",
        "name": "Lindenallee",
        "oneway": "yes",
        "ref": "6;11",
        "surface": "asphalt"
      },
      "geometry": {
        "type": "LineString",
        "coordinates": [
          [
            7.8699456,
            46.687469
          ],
          [
            7.8697455,
            46.6874621
          ],
          [
            7.8696471,
            46.6874488
          ],
          [
            7.8696115,
            46.687444
          ]
        ]
      },
      "id": "way/214275989"
    },
    {
      "type": "Feature",
      "properties": {
        "@id": "way/220233733",
        "bridge": "yes",
        "highway": "tertiary",
        "lanes": "2",
        "maxspeed": "80",
        "maxweight": "28",
        "name": "Beatenbergstrasse",
        "ref": "1109",
        "surface": "asphalt"
      },
      "geometry": {
        "type": "LineString",
        "coordinates": [
          [
            7.828169,
            46.696171
          ],
          [
            7.8281925,
            46.6962198
          ],
          [
            7.8282407,
            46.6962921
          ],
          [
            7.8283033,
            46.6963616
          ],
          [
            7.8283113,
            46.6963684
          ]
        ]
      },
      "id": "way/220233733"
    },
    {
      "type": "Feature",
      "properties": {
        "@id": "way/220698842",
        "cycleway:both": "no",
        "highway": "tertiary",
        "lanes": "2",
        "maxspeed": "50",
        "name": "Beatenbergstrasse",
        "ref": "1109",
        "surface": "asphalt"
      },
      "geometry": {
        "type": "LineString",
        "coordinates": [
          [
            7.8100264,
            46.7019195
          ],
          [
            7.8100509,
            46.7018929
          ],
          [
            7.8100686,
            46.7018741
          ],
          [
            7.8105097,
            46.7014411
          ],
          [
            7.8105504,
            46.7014012
          ],
          [
            7.8106829,
            46.7012613
          ],
          [
            7.8107827,
            46.7011446
          ],
          [
            7.8108137,
            46.7011084
          ],
          [
            7.8108372,
            46.70108
          ],
          [
            7.8109059,
            46.7009898
          ],
          [
            7.8109732,
            46.7008897
          ],
          [
            7.811061,
            46.7007302
          ],
          [
            7.8111177,
            46.7006032
          ],
          [
            7.8111461,
            46.70051
          ],
          [
            7.8111572,
            46.7004735
          ],
          [
            7.8111726,
            46.7004231
          ],
          [
            7.8111865,
            46.7003327
          ],
          [
            7.8111927,
            46.7002926
          ],
          [
            7.8111932,
            46.7002874
          ],
          [
            7.8111999,
            46.7002098
          ],
          [
            7.8111988,
            46.7000434
          ],
          [
            7.8111886,
            46.699973
          ],
          [
            7.8111675,
            46.6998645
          ]
        ]
      },
      "id": "way/220698842"
    },
    {
      "type": "Feature",
      "properties": {
        "@id": "way/226931819",
        "highway": "tertiary",
        "maxspeed": "50",
        "name": "Saxetenstrasse",
        "ref": "1123",
        "surface": "asphalt"
      },
      "geometry": {
        "type": "LineString",
        "coordinates": [
          [
            7.8638273,
            46.6599414
          ],
          [
            7.8637252,
            46.6599139
          ],
          [
            7.8636389,
            46.6599084
          ],
          [
            7.8632663,
            46.6599191
          ]
        ]
      },
      "id": "way/226931819"
    },
    {
      "type": "Feature",
      "properties": {
        "@id": "way/229714279",
        "highway": "tertiary",
        "lanes": "2",
        "maxspeed": "30",
        "name": "Dorfstrasse",
        "surface": "asphalt"
      },
      "geometry": {
        "type": "LineString",
        "coordinates": [
          [
            7.8086767,
            46.6624705
          ],
          [
            7.8087497,
            46.6624462
          ],
          [
            7.8088261,
            46.6624205
          ],
          [
            7.8091527,
            46.6623164
          ],
          [
            7.8093714,
            46.6622415
          ],
          [
            7.8096881,
            46.6621374
          ],
          [
            7.8097919,
            46.6621033
          ],
          [
            7.8099924,
            46.6620374
          ],
          [
            7.8102836,
            46.6619358
          ],
          [
            7.8103715,
            46.6619004
          ],
          [
            7.8106339,
            46.6617873
          ],
          [
            7.8107954,
            46.6617147
          ]
        ]
      },
      "id": "way/229714279"
    },
    {
      "type": "Feature",
      "properties": {
        "@id": "way/230128587",
        "highway": "tertiary",
        "lanes": "2",
        "maxspeed": "50",
        "name": "Obereigasse",
        "oneway": "no",
        "surface": "asphalt"
      },
      "geometry": {
        "type": "LineString",
        "coordinates": [
          [
            7.8638273,
            46.6599414
          ],
          [
            7.8638659,
            46.6598737
          ],
          [
            7.8638704,
            46.6598647
          ]
        ]
      },
      "id": "way/230128587"
    },
    {
      "type": "Feature",
      "properties": {
        "@id": "way/230196899",
        "highway": "secondary",
        "maxspeed": "60",
        "maxweight": "34",
        "name": "Staatsstrasse",
        "ref": "221",
        "source:maxspeed": "sign",
        "surface": "asphalt",
        "tunnel": "yes"
      },
      "geometry": {
        "type": "LineString",
        "coordinates": [
          [
            7.7838162,
            46.6839617
          ],
          [
            7.7837218,
            46.683917
          ],
          [
            7.7834622,
            46.6837963
          ],
          [
            7.7833391,
            46.6837463
          ]
        ]
      },
      "id": "way/230196899"
    },
    {
      "type": "Feature",
      "properties": {
        "@id": "way/230196900",
        "highway": "secondary",
        "maxspeed": "80",
        "maxweight": "34",
        "name": "Staatsstrasse",
        "ref": "221",
        "source:maxspeed": "CH:rural",
        "surface": "asphalt",
        "tunnel": "yes"
      },
      "geometry": {
        "type": "LineString",
        "coordinates": [
          [
            7.785579,
            46.6840895
          ],
          [
            7.7854956,
            46.6841203
          ],
          [
            7.785209,
            46.6842705
          ],
          [
            7.7850982,
            46.6843203
          ]
        ]
      },
      "id": "way/230196900"
    },
    {
      "type": "Feature",
      "properties": {
        "@id": "way/230196901",
        "highway": "secondary",
        "maxspeed": "CH:rural",
        "maxweight": "34",
        "name": "Staatsstrasse",
        "ref": "221",
        "surface": "asphalt"
      },
      "geometry": {
        "type": "LineString",
        "coordinates": [
          [
            7.7600585,
            46.6818925
          ],
          [
            7.7598662,
            46.6818186
          ],
          [
            7.7594666,
            46.6816605
          ],
          [
            7.7593937,
            46.6816278
          ],
          [
            7.7592559,
            46.6815642
          ]
        ]
      },
      "id": "way/230196901"
    },
    {
      "type": "Feature",
      "properties": {
        "@id": "way/230196902",
        "highway": "secondary",
        "maxspeed": "CH:rural",
        "maxweight": "34",
        "name": "Staatsstrasse",
        "ref": "221",
        "surface": "asphalt",
        "tunnel": "yes"
      },
      "geometry": {
        "type": "LineString",
        "coordinates": [
          [
            7.7592559,
            46.6815642
          ],
          [
            7.7591752,
            46.6815205
          ],
          [
            7.7589707,
            46.6814098
          ],
          [
            7.7583086,
            46.6810608
          ]
        ]
      },
      "id": "way/230196902"
    },
    {
      "type": "Feature",
      "properties": {
        "@id": "way/230196903",
        "highway": "secondary",
        "maxspeed": "CH:rural",
        "maxweight": "34",
        "name": "Staatsstrasse",
        "ref": "221",
        "surface": "asphalt",
        "tunnel": "yes"
      },
      "geometry": {
        "type": "LineString",
        "coordinates": [
          [
            7.7603589,
            46.6820313
          ],
          [
            7.7602222,
            46.6819595
          ],
          [
            7.7601446,
            46.6819278
          ],
          [
            7.7600585,
            46.6818925
          ]
        ]
      },
      "id": "way/230196903"
    },
    {
      "type": "Feature",
      "properties": {
        "@id": "way/230196905",
        "ele": "618",
        "highway": "secondary",
        "maxspeed": "80",
        "maxweight": "34",
        "name": "Staatsstrasse",
        "ref": "221",
        "source:maxspeed": "CH:rural",
        "surface": "asphalt",
        "tunnel": "yes"
      },
      "geometry": {
        "type": "LineString",
        "coordinates": [
          [
            7.7867943,
            46.6842423
          ],
          [
            7.7866726,
            46.6842148
          ],
          [
            7.7861019,
            46.6840924
          ],
          [
            7.7858529,
            46.6840601
          ],
          [
            7.7858324,
            46.6840581
          ]
        ]
      },
      "id": "way/230196905"
    },
    {
      "type": "Feature",
      "properties": {
        "@id": "way/230196906",
        "highway": "secondary",
        "maxspeed": "80",
        "maxweight": "34",
        "name": "Staatsstrasse",
        "ref": "221",
        "source:maxspeed": "CH:rural",
        "surface": "asphalt"
      },
      "geometry": {
        "type": "LineString",
        "coordinates": [
          [
            7.7858324,
            46.6840581
          ],
          [
            7.7858176,
            46.6840577
          ],
          [
            7.7857697,
            46.6840565
          ],
          [
            7.7857187,
            46.6840603
          ],
          [
            7.7856769,
            46.6840658
          ],
          [
            7.7856352,
            46.6840749
          ],
          [
            7.785579,
            46.6840895
          ]
        ]
      },
      "id": "way/230196906"
    },
    {
      "type": "Feature",
      "properties": {
        "@id": "way/230196908",
        "highway": "secondary",
        "lanes": "2",
        "maxspeed": "CH:rural",
        "maxweight": "34",
        "name": "Staatsstrasse",
        "ref": "221",
        "smoothness": "good",
        "surface": "asphalt"
      },
      "geometry": {
        "type": "LineString",
        "coordinates": [
          [
            7.7583086,
            46.6810608
          ],
          [
            7.7582591,
            46.6810351
          ],
          [
            7.758141,
            46.6809554
          ],
          [
            7.7580373,
            46.6808747
          ],
          [
            7.7579664,
            46.6808308
          ],
          [
            7.757897,
            46.680804
          ],
          [
            7.757825,
            46.6807854
          ],
          [
            7.7577518,
            46.6807811
          ],
          [
            7.757693,
            46.6807866
          ],
          [
            7.7576017,
            46.6808139
          ],
          [
            7.7575587,
            46.6808347
          ],
          [
            7.7574715,
            46.6808961
          ],
          [
            7.757374,
            46.680989
          ],
          [
            7.757331,
            46.6810206
          ],
          [
            7.7572815,
            46.6810513
          ],
          [
            7.7572255,
            46.6810731
          ],
          [
            7.7570766,
            46.6811041
          ],
          [
            7.756634,
            46.6811854
          ],
          [
            7.7564694,
            46.6811957
          ],
          [
            7.7562772,
            46.6811882
          ],
          [
            7.7560511,
            46.6811852
          ],
          [
            7.7558617,
            46.6812019
          ],
          [
            7.7557598,
            46.6812157
          ],
          [
            7.755577,
            46.6812486
          ],
          [
            7.7552271,
            46.6813197
          ],
          [
            7.7550653,
            46.6813571
          ],
          [
            7.7548852,
            46.6814052
          ],
          [
            7.7547286,
            46.6814578
          ],
          [
            7.7546008,
            46.6815077
          ],
          [
            7.7543884,
            46.6816063
          ],
          [
            7.7542318,
            46.6816625
          ],
          [
            7.7539395,
            46.6817461
          ],
          [
            7.7536172,
            46.6818306
          ],
          [
            7.7532203,
            46.6819117
          ],
          [
            7.7528908,
            46.6819143
          ],
          [
            7.7526709,
            46.6818923
          ],
          [
            7.7524949,
            46.6818569
          ],
          [
            7.7520883,
            46.6817054
          ],
          [
            7.7519592,
            46.6816875
          ],
          [
            7.7517978,
            46.6816916
          ],
          [
            7.7516417,
            46.6817224
          ],
          [
            7.7509338,
            46.6820184
          ],
          [
            7.7503449,
            46.6821363
          ],
          [
            7.7500198,
            46.6822356
          ],
          [
            7.7498199,
            46.6823505
          ],
          [
            7.749226,
            46.6828613
          ],
          [
            7.7489583,
            46.6829682
          ],
          [
            7.7487881,
            46.683024
          ],
          [
            7.7485377,
            46.683074
          ],
          [
            7.7477176,
            46.6831931
          ],
          [
            7.7475633,
            46.6832374
          ],
          [
            7.7474157,
            46.6833161
          ],
          [
            7.7473313,
            46.6835875
          ],
          [
            7.7472106,
            46.6838509
          ],
          [
            7.7469504,
            46.6842725
          ],
          [
            7.7469082,
            46.6843749
          ],
          [
            7.7468975,
            46.6844747
          ],
          [
            7.7469412,
            46.6845796
          ],
          [
            7.7470817,
            46.6846729
          ],
          [
            7.7473928,
            46.6848114
          ]
        ]
      },
      "id": "way/230196908"
    },
    {
      "type": "Feature",
      "properties": {
        "@id": "way/230196909",
        "highway": "secondary",
        "maxspeed": "80",
        "maxweight": "34",
        "name": "Staatsstrasse",
        "ref": "221",
        "source:maxspeed": "CH:rural",
        "surface": "asphalt"
      },
      "geometry": {
        "type": "LineString",
        "coordinates": [
          [
            7.7850982,
            46.6843203
          ],
          [
            7.7850526,
            46.68433
          ],
          [
            7.7850081,
            46.6843395
          ],
          [
            7.7849563,
            46.6843465
          ],
          [
            7.7849337,
            46.6843496
          ],
          [
            7.7848527,
            46.6843535
          ],
          [
            7.7848101,
            46.6843521
          ],
          [
            7.7847768,
            46.684351
          ],
          [
            7.7845832,
            46.6843237
          ],
          [
            7.7844274,
            46.6842855
          ],
          [
            7.7843529,
            46.6842619
          ],
          [
            7.7843148,
            46.6842498
          ],
          [
            7.7842623,
            46.6842288
          ],
          [
            7.7842414,
            46.6842204
          ],
          [
            7.784122,
            46.6841596
          ],
          [
            7.7838269,
            46.6839685
          ],
          [
            7.7838162,
            46.6839617
          ]
        ]
      },
      "id": "way/230196909"
    },
    {
      "type": "Feature",
      "properties": {
        "@id": "way/230196910",
        "highway": "secondary",
        "maxspeed": "50",
        "maxweight": "34",
        "name": "Staatsstrasse",
        "ref": "221",
        "source:maxspeed": "sign",
        "surface": "asphalt"
      },
      "geometry": {
        "type": "LineString",
        "coordinates": [
          [
            7.7833391,
            46.6837463
          ],
          [
            7.7832303,
            46.6837035
          ],
          [
            7.7831635,
            46.6836803
          ],
          [
            7.7830692,
            46.6836572
          ],
          [
            7.7830129,
            46.683645
          ],
          [
            7.7829689,
            46.6836371
          ],
          [
            7.7828516,
            46.6836187
          ],
          [
            7.7827956,
            46.6836103
          ],
          [
            7.7825691,
            46.6835786
          ],
          [
            7.7825143,
            46.6835725
          ],
          [
            7.7824656,
            46.68357
          ],
          [
            7.782412,
            46.6835711
          ],
          [
            7.7823495,
            46.6835733
          ],
          [
            7.7822833,
            46.68358
          ],
          [
            7.7822273,
            46.6835861
          ],
          [
            7.782081,
            46.6836101
          ]
        ]
      },
      "id": "way/230196910"
    },
    {
      "type": "Feature",
      "properties": {
        "@id": "way/230502953",
        "electrified": "no",
        "gauge": "1000",
        "name": "Thunersee-Beatenberg-Bahn",
        "railway": "funicular"
      },
      "geometry": {
        "type": "LineString",
        "coordinates": [
          [
            7.757115,
            46.6858392
          ],
          [
            7.7573794,
            46.6859123
          ],
          [
            7.7577224,
            46.6859986
          ],
          [
            7.7580352,
            46.6860553
          ]
        ]
      },
      "id": "way/230502953"
    },
    {
      "type": "Feature",
      "properties": {
        "@id": "way/230567296",
        "aerialway": "cable_car",
        "aerialway:bicycle": "yes",
        "aerialway:capacity": "600",
        "aerialway:duration": "4",
        "aerialway:occupancy": "100",
        "name": "Gimmelwald – Mürren"
      },
      "geometry": {
        "type": "LineString",
        "coordinates": [
          [
            7.8934143,
            46.5471647
          ],
          [
            7.8927689,
            46.5504158
          ],
          [
            7.8918256,
            46.5551677
          ],
          [
            7.8913383,
            46.5576223
          ]
        ]
      },
      "id": "way/230567296"
    },
    {
      "type": "Feature",
      "properties": {
        "@id": "way/230567297",
        "aerialway": "cable_car",
        "aerialway:capacity": "600",
        "aerialway:duration": "6.5",
        "aerialway:occupancy": "80",
        "name": "Mürren - Birg",
        "wikidata": "Q11986956",
        "wikipedia": "cs:Schilthornbahn"
      },
      "geometry": {
        "type": "LineString",
        "coordinates": [
          [
            7.8910625,
            46.5577585
          ],
          [
            7.8848294,
            46.5585312
          ],
          [
            7.880728,
            46.5590396
          ],
          [
            7.858376,
            46.5618104
          ],
          [
            7.8579039,
            46.561869
          ]
        ]
      },
      "id": "way/230567297"
    },
    {
      "type": "Feature",
      "properties": {
        "@id": "way/231748115",
        "cycleway:both": "no",
        "highway": "tertiary",
        "maxspeed": "30",
        "name": "Obere Gletscherstrasse",
        "surface": "asphalt"
      },
      "geometry": {
        "type": "LineString",
        "coordinates": [
          [
            8.0547732,
            46.631116
          ],
          [
            8.054698,
            46.6310866
          ],
          [
            8.0546541,
            46.6310675
          ],
          [
            8.0546114,
            46.6310423
          ],
          [
            8.0545746,
            46.6310177
          ],
          [
            8.0542951,
            46.630769
          ],
          [
            8.0542445,
            46.6307392
          ],
          [
            8.0541941,
            46.6307206
          ],
          [
            8.0541399,
            46.6307102
          ],
          [
            8.0540829,
            46.6307056
          ],
          [
            8.0540206,
            46.6307115
          ],
          [
            8.0539732,
            46.6307278
          ],
          [
            8.0539252,
            46.6307552
          ],
          [
            8.0538898,
            46.6307891
          ],
          [
            8.0537168,
            46.6310178
          ],
          [
            8.0536527,
            46.631085
          ],
          [
            8.0535773,
            46.6311339
          ],
          [
            8.0534514,
            46.631198
          ],
          [
            8.0531406,
            46.6313535
          ],
          [
            8.0530972,
            46.6313667
          ],
          [
            8.0530428,
            46.6313693
          ],
          [
            8.0529919,
            46.6313625
          ],
          [
            8.0529504,
            46.6313474
          ],
          [
            8.05292,
            46.6313266
          ],
          [
            8.0528973,
            46.6313002
          ],
          [
            8.0528407,
            46.6311366
          ],
          [
            8.0528135,
            46.6310165
          ]
        ]
      },
      "id": "way/231748115"
    },
    {
      "type": "Feature",
      "properties": {
        "@id": "way/241041958",
        "aerialway": "t-bar",
        "aerialway:capacity": "700",
        "aerialway:occupancy": "2",
        "name": "Bumps"
      },
      "geometry": {
        "type": "LineString",
        "coordinates": [
          [
            7.9261522,
            46.582179
          ],
          [
            7.9316557,
            46.5794607
          ],
          [
            7.9323636,
            46.5791111
          ]
        ]
      },
      "id": "way/241041958"
    },
    {
      "type": "Feature",
      "properties": {
        "@id": "way/241178770",
        "cycleway:both": "no",
        "highway": "tertiary",
        "lanes": "2",
        "maxspeed": "50",
        "name": "Gsteigstrasse",
        "oneway": "no",
        "sidewalk": "separate",
        "surface": "asphalt"
      },
      "geometry": {
        "type": "LineString",
        "coordinates": [
          [
            7.8694122,
            46.668883
          ],
          [
            7.8694205,
            46.6688491
          ],
          [
            7.8694331,
            46.6687778
          ],
          [
            7.8694577,
            46.6687005
          ],
          [
            7.8694688,
            46.668672
          ],
          [
            7.8695414,
            46.6685293
          ],
          [
            7.8695656,
            46.6684868
          ],
          [
            7.8697514,
            46.6680995
          ],
          [
            7.8698261,
            46.6679365
          ],
          [
            7.8699607,
            46.6676427
          ],
          [
            7.8699904,
            46.6675733
          ],
          [
            7.8700089,
            46.6675154
          ],
          [
            7.8700256,
            46.6674495
          ],
          [
            7.8700338,
            46.6673674
          ],
          [
            7.8700312,
            46.6673013
          ],
          [
            7.8700184,
            46.6672349
          ],
          [
            7.869997,
            46.6671627
          ]
        ]
      },
      "id": "way/241178770"
    },
    {
      "type": "Feature",
      "properties": {
        "@id": "way/241178771",
        "highway": "secondary",
        "lane_markings": "yes",
        "lanes": "3",
        "lanes:backward": "2",
        "lanes:forward": "1",
        "maxspeed": "50",
        "name": "Gsteigstrasse",
        "oneway": "no",
        "ref": "221",
        "surface": "asphalt",
        "turn:lanes:backward": "left|through"
      },
      "geometry": {
        "type": "LineString",
        "coordinates": [
          [
            7.8672682,
            46.6729779
          ],
          [
            7.8671727,
            46.6731922
          ]
        ]
      },
      "id": "way/241178771"
    },
    {
      "type": "Feature",
      "properties": {
        "@id": "way/244038134",
        "cycleway:both": "no",
        "highway": "secondary",
        "lanes": "2",
        "lit": "yes",
        "maxspeed": "50",
        "name": "Bahnhofstrasse",
        "ref": "221",
        "sidewalk": "both",
        "surface": "asphalt"
      },
      "geometry": {
        "type": "LineString",
        "coordinates": [
          [
            7.8489396,
            46.6849074
          ],
          [
            7.8492498,
            46.6847855
          ],
          [
            7.8495832,
            46.6846544
          ],
          [
            7.8496031,
            46.6846466
          ]
        ]
      },
      "id": "way/244038134"
    },
    {
      "type": "Feature",
      "properties": {
        "@id": "way/244042698",
        "highway": "secondary",
        "maxspeed": "60",
        "name": "Staatsstrasse",
        "ref": "221",
        "source:maxspeed": "CH:rural",
        "surface": "asphalt"
      },
      "geometry": {
        "type": "LineString",
        "coordinates": [
          [
            7.8021791,
            46.6842476
          ],
          [
            7.8021351,
            46.6842899
          ],
          [
            7.8020728,
            46.6843566
          ],
          [
            7.8019356,
            46.6845252
          ],
          [
            7.8019263,
            46.684537
          ],
          [
            7.8017311,
            46.6848219
          ],
          [
            7.8017102,
            46.6848525
          ],
          [
            7.8016454,
            46.6849391
          ],
          [
            7.8015337,
            46.6850528
          ],
          [
            7.80147,
            46.6851052
          ],
          [
            7.801367,
            46.6851769
          ],
          [
            7.8013347,
            46.6851974
          ],
          [
            7.8012227,
            46.6852616
          ],
          [
            7.8009896,
            46.6853829
          ],
          [
            7.8008946,
            46.6854461
          ],
          [
            7.8007906,
            46.6855427
          ],
          [
            7.8007323,
            46.6856104
          ],
          [
            7.8006414,
            46.6857042
          ],
          [
            7.8005959,
            46.6857439
          ],
          [
            7.80054,
            46.6857846
          ],
          [
            7.8004254,
            46.6858479
          ],
          [
            7.8003263,
            46.6858869
          ],
          [
            7.8002323,
            46.6859133
          ],
          [
            7.8001043,
            46.6859439
          ],
          [
            7.8000183,
            46.6859644
          ],
          [
            7.799824,
            46.6860307
          ],
          [
            7.7998073,
            46.686038
          ],
          [
            7.7997302,
            46.686075
          ],
          [
            7.7996768,
            46.6861121
          ],
          [
            7.7996171,
            46.6861689
          ],
          [
            7.7995211,
            46.6862871
          ],
          [
            7.799499,
            46.6863087
          ],
          [
            7.7994704,
            46.6863304
          ],
          [
            7.799391,
            46.6863774
          ],
          [
            7.7992697,
            46.6864219
          ],
          [
            7.7989828,
            46.6865119
          ]
        ]
      },
      "id": "way/244042698"
    },
    {
      "type": "Feature",
      "properties": {
        "@id": "way/244042701",
        "cycleway:right": "lane",
        "highway": "secondary",
        "maxspeed": "50",
        "name": "Seestrasse",
        "ref": "221",
        "surface": "asphalt"
      },
      "geometry": {
        "type": "LineString",
        "coordinates": [
          [
            7.816641,
            46.6801117
          ],
          [
            7.8166002,
            46.680136
          ]
        ]
      },
      "id": "way/244042701"
    },
    {
      "type": "Feature",
      "properties": {
        "@id": "way/244042702",
        "highway": "secondary",
        "maxspeed": "60",
        "name": "Seestrasse",
        "ref": "221",
        "source:maxspeed": "CH:rural",
        "surface": "asphalt"
      },
      "geometry": {
        "type": "LineString",
        "coordinates": [
          [
            7.8043673,
            46.6835483
          ],
          [
            7.8042747,
            46.6835845
          ],
          [
            7.8042018,
            46.6836198
          ],
          [
            7.8040703,
            46.6836998
          ],
          [
            7.8040573,
            46.6837076
          ],
          [
            7.8039465,
            46.6837601
          ],
          [
            7.8038722,
            46.6837846
          ],
          [
            7.8037782,
            46.6838047
          ],
          [
            7.8037064,
            46.683813
          ],
          [
            7.8035835,
            46.683817
          ],
          [
            7.8035077,
            46.6838137
          ],
          [
            7.8034672,
            46.6838102
          ],
          [
            7.8033603,
            46.683801
          ],
          [
            7.8033154,
            46.6837972
          ],
          [
            7.8031546,
            46.6837923
          ],
          [
            7.8029822,
            46.6838082
          ],
          [
            7.8028073,
            46.6838465
          ],
          [
            7.8026507,
            46.6838902
          ],
          [
            7.8025438,
            46.6839355
          ],
          [
            7.8024905,
            46.6839662
          ],
          [
            7.8023942,
            46.6840376
          ],
          [
            7.802352,
            46.6840778
          ],
          [
            7.8021791,
            46.6842476
          ]
        ]
      },
      "id": "way/244042702"
    },
    {
      "type": "Feature",
      "properties": {
        "@id": "way/247651832",
        "highway": "secondary",
        "maxspeed": "80",
        "name": "Grindelwaldstrasse",
        "ref": "221",
        "surface": "asphalt"
      },
      "geometry": {
        "type": "LineString",
        "coordinates": [
          [
            7.9758029,
            46.6357065
          ],
          [
            7.9756984,
            46.6357135
          ],
          [
            7.9756098,
            46.6357288
          ]
        ]
      },
      "id": "way/247651832"
    },
    {
      "type": "Feature",
      "properties": {
        "@id": "way/247651833",
        "cycleway:both": "no",
        "highway": "secondary",
        "lanes": "2",
        "maxspeed": "80",
        "name": "Grindelwaldstrasse",
        "ref": "221",
        "smoothness": "good",
        "surface": "asphalt"
      },
      "geometry": {
        "type": "LineString",
        "coordinates": [
          [
            7.9756098,
            46.6357288
          ],
          [
            7.9755592,
            46.6357383
          ],
          [
            7.9751914,
            46.6358197
          ],
          [
            7.9749271,
            46.6358487
          ],
          [
            7.9746341,
            46.6358398
          ],
          [
            7.9742224,
            46.6357917
          ],
          [
            7.9740729,
            46.6357847
          ],
          [
            7.9739359,
            46.6358003
          ],
          [
            7.9738041,
            46.6358451
          ],
          [
            7.9735686,
            46.6359595
          ],
          [
            7.9734184,
            46.6360205
          ],
          [
            7.9732245,
            46.6360624
          ],
          [
            7.9729779,
            46.6360695
          ],
          [
            7.9722529,
            46.6360635
          ],
          [
            7.9721395,
            46.6360744
          ],
          [
            7.9720553,
            46.6360884
          ],
          [
            7.9719647,
            46.6361113
          ],
          [
            7.9718932,
            46.6361402
          ],
          [
            7.9718128,
            46.6361785
          ],
          [
            7.9717503,
            46.6362181
          ],
          [
            7.9716875,
            46.636266
          ],
          [
            7.9716418,
            46.6363072
          ],
          [
            7.9714925,
            46.6364659
          ],
          [
            7.971458,
            46.6364972
          ],
          [
            7.9714072,
            46.6365313
          ],
          [
            7.971342,
            46.6365673
          ],
          [
            7.9712707,
            46.6365973
          ],
          [
            7.9711928,
            46.6366246
          ],
          [
            7.9711108,
            46.6366446
          ],
          [
            7.9710084,
            46.6366579
          ],
          [
            7.9709128,
            46.636664
          ],
          [
            7.9708187,
            46.6366653
          ],
          [
            7.970733,
            46.6366622
          ],
          [
            7.9706509,
            46.6366528
          ]
        ]
      },
      "id": "way/247651833"
    },
    {
      "type": "Feature",
      "properties": {
        "@id": "way/247651834",
        "highway": "secondary",
        "maxspeed": "80",
        "name": "Grindelwaldstrasse",
        "ref": "221",
        "surface": "asphalt"
      },
      "geometry": {
        "type": "LineString",
        "coordinates": [
          [
            7.97974,
            46.636156
          ],
          [
            7.9794801,
            46.6361362
          ],
          [
            7.978927,
            46.6360741
          ],
          [
            7.9775906,
            46.6359128
          ],
          [
            7.9769103,
            46.6358304
          ],
          [
            7.9761668,
            46.6357365
          ],
          [
            7.9760432,
            46.6357201
          ],
          [
            7.9759203,
            46.6357089
          ],
          [
            7.9758029,
            46.6357065
          ]
        ]
      },
      "id": "way/247651834"
    },
    {
      "type": "Feature",
      "properties": {
        "@id": "way/247995491",
        "highway": "primary",
        "lanes": "2",
        "maxspeed": "50",
        "name": "Lindenallee",
        "ref": "6;11",
        "surface": "asphalt"
      },
      "geometry": {
        "type": "LineString",
        "coordinates": [
          [
            7.870399,
            46.6875324
          ],
          [
            7.8699456,
            46.687469
          ]
        ]
      },
      "id": "way/247995491"
    },
    {
      "type": "Feature",
      "properties": {
        "@id": "way/247995492",
        "highway": "primary",
        "lanes": "2",
        "lit": "yes",
        "maxspeed": "50",
        "name": "Lindenallee",
        "ref": "6;11",
        "sidewalk": "both",
        "surface": "asphalt"
      },
      "geometry": {
        "type": "LineString",
        "coordinates": [
          [
            7.8677243,
            46.6870467
          ],
          [
            7.8675506,
            46.6870089
          ],
          [
            7.8672474,
            46.6869458
          ],
          [
            7.8670308,
            46.6869007
          ],
          [
            7.8669071,
            46.6868764
          ],
          [
            7.8661157,
            46.6867215
          ],
          [
            7.8657387,
            46.6866457
          ],
          [
            7.8656973,
            46.6866375
          ],
          [
            7.8641033,
            46.6863269
          ],
          [
            7.8640792,
            46.6863222
          ],
          [
            7.8640628,
            46.686319
          ],
          [
            7.8640434,
            46.6863146
          ],
          [
            7.8640185,
            46.6863089
          ],
          [
            7.8639968,
            46.686304
          ],
          [
            7.8638174,
            46.6862635
          ]
        ]
      },
      "id": "way/247995492"
    },
    {
      "type": "Feature",
      "properties": {
        "@id": "way/251306913",
        "cycleway": "lane",
        "highway": "tertiary",
        "lanes": "2",
        "lit": "yes",
        "maxspeed": "50",
        "name": "Alpenstrasse",
        "parking:both": "no",
        "sidewalk": "both",
        "smoothness": "excellent",
        "surface": "asphalt",
        "traffic": "intermediate"
      },
      "geometry": {
        "type": "LineString",
        "coordinates": [
          [
            7.8575625,
            46.6840618
          ],
          [
            7.8575543,
            46.6840429
          ],
          [
            7.8575481,
            46.6840296
          ],
          [
            7.857541,
            46.684017
          ],
          [
            7.8575285,
            46.6840003
          ],
          [
            7.8574442,
            46.6839102
          ]
        ]
      },
      "id": "way/251306913"
    },
    {
      "type": "Feature",
      "properties": {
        "@id": "way/251306914",
        "cycleway": "lane",
        "highway": "tertiary",
        "lanes": "2",
        "lit": "yes",
        "maxspeed": "50",
        "name": "Alpenstrasse",
        "parking:both": "no",
        "sidewalk": "both",
        "smoothness": "excellent",
        "surface": "asphalt",
        "traffic": "intermediate"
      },
      "geometry": {
        "type": "LineString",
        "coordinates": [
          [
            7.8577303,
            46.684173
          ],
          [
            7.8576847,
            46.6841598
          ],
          [
            7.8576486,
            46.6841454
          ],
          [
            7.857621,
            46.6841319
          ],
          [
            7.8576082,
            46.6841236
          ],
          [
            7.8575982,
            46.6841157
          ],
          [
            7.8575875,
            46.6841047
          ],
          [
            7.8575772,
            46.6840891
          ],
          [
            7.8575625,
            46.6840618
          ]
        ]
      },
      "id": "way/251306914"
    },
    {
      "type": "Feature",
      "properties": {
        "@id": "way/251805329",
        "highway": "secondary",
        "lanes": "2",
        "maxspeed": "50",
        "name": "Seestrasse",
        "ref": "221",
        "sidewalk:left": "yes",
        "sidewalk:right": "no",
        "surface": "asphalt"
      },
      "geometry": {
        "type": "LineString",
        "coordinates": [
          [
            7.8408945,
            46.6818104
          ],
          [
            7.8409246,
            46.6818231
          ],
          [
            7.8409775,
            46.6818439
          ],
          [
            7.8410732,
            46.6818806
          ],
          [
            7.8411484,
            46.6819044
          ],
          [
            7.8414384,
            46.6819752
          ],
          [
            7.8417075,
            46.682059
          ],
          [
            7.8421125,
            46.6821771
          ],
          [
            7.8421769,
            46.6821964
          ]
        ]
      },
      "id": "way/251805329"
    },
    {
      "type": "Feature",
      "properties": {
        "@id": "way/251805330",
        "cycleway:both": "no",
        "highway": "secondary",
        "lanes": "2",
        "lit": "yes",
        "maxspeed": "50",
        "name": "Seestrasse",
        "ref": "221",
        "sidewalk": "left",
        "surface": "asphalt"
      },
      "geometry": {
        "type": "LineString",
        "coordinates": [
          [
            7.8428049,
            46.6824055
          ],
          [
            7.8429194,
            46.6824547
          ],
          [
            7.8430278,
            46.6825013
          ],
          [
            7.8431446,
            46.682561
          ],
          [
            7.8431587,
            46.6825682
          ],
          [
            7.8433703,
            46.6826764
          ],
          [
            7.8435417,
            46.6827625
          ],
          [
            7.8437455,
            46.6828648
          ],
          [
            7.8438279,
            46.6829065
          ],
          [
            7.84387,
            46.6829278
          ],
          [
            7.8444758,
            46.6832342
          ],
          [
            7.8447935,
            46.6833912
          ]
        ]
      },
      "id": "way/251805330"
    },
    {
      "type": "Feature",
      "properties": {
        "@id": "way/251860916",
        "cycleway:both": "no",
        "highway": "tertiary",
        "lane_markings": "no",
        "maxspeed": "30",
        "name": "Dorfstrasse",
        "sidewalk": "both",
        "surface": "asphalt"
      },
      "geometry": {
        "type": "LineString",
        "coordinates": [
          [
            8.0343097,
            46.6243972
          ],
          [
            8.0342127,
            46.6243948
          ],
          [
            8.0341175,
            46.6243873
          ],
          [
            8.0340535,
            46.6243793
          ],
          [
            8.0339814,
            46.6243654
          ]
        ]
      },
      "id": "way/251860916"
    },
    {
      "type": "Feature",
      "properties": {
        "@id": "way/252050551",
        "cycleway:both": "no",
        "highway": "tertiary",
        "lane_markings": "no",
        "maxspeed": "30",
        "name": "Dorfstrasse",
        "surface": "asphalt"
      },
      "geometry": {
        "type": "LineString",
        "coordinates": [
          [
            8.0430193,
            46.6243382
          ],
          [
            8.0429225,
            46.6243079
          ],
          [
            8.0427511,
            46.6242687
          ],
          [
            8.0425946,
            46.6242362
          ],
          [
            8.0425101,
            46.624225
          ],
          [
            8.0424028,
            46.6242167
          ],
          [
            8.0420806,
            46.6242002
          ],
          [
            8.0419524,
            46.6241981
          ],
          [
            8.0418419,
            46.6241958
          ]
        ]
      },
      "id": "way/252050551"
    },
    {
      "type": "Feature",
      "properties": {
        "@id": "way/254635051",
        "aerialway": "t-bar",
        "aerialway:capacity": "1200",
        "aerialway:duration": "5",
        "aerialway:occupancy": "2",
        "name": "Bärgelegg"
      },
      "geometry": {
        "type": "LineString",
        "coordinates": [
          [
            8.0741618,
            46.6547161
          ],
          [
            8.0733755,
            46.6629941
          ]
        ]
      },
      "id": "way/254635051"
    },
    {
      "type": "Feature",
      "properties": {
        "@id": "way/257810676",
        "highway": "secondary",
        "lanes": "2",
        "maxspeed": "50",
        "name": "Seestrasse",
        "ref": "221",
        "sidewalk:left": "separate",
        "sidewalk:right": "no",
        "surface": "asphalt"
      },
      "geometry": {
        "type": "LineString",
        "coordinates": [
          [
            7.8358324,
            46.6808648
          ],
          [
            7.8361369,
            46.6808851
          ],
          [
            7.8363093,
            46.6808966
          ],
          [
            7.8366075,
            46.6809145
          ],
          [
            7.8374182,
            46.6809665
          ],
          [
            7.8377844,
            46.6809976
          ],
          [
            7.8379034,
            46.6810053
          ]
        ]
      },
      "id": "way/257810676"
    },
    {
      "type": "Feature",
      "properties": {
        "@id": "way/259799114",
        "highway": "secondary",
        "lane_markings": "yes",
        "lanes": "2",
        "lit": "yes",
        "maxspeed": "50",
        "name": "Hauptstrasse",
        "oneway": "no",
        "ref": "221",
        "sidewalk": "right",
        "surface": "asphalt"
      },
      "geometry": {
        "type": "LineString",
        "coordinates": [
          [
            7.8648678,
            46.6785172
          ],
          [
            7.8648165,
            46.6783763
          ],
          [
            7.8647679,
            46.678243
          ]
        ]
      },
      "id": "way/259799114"
    },
    {
      "type": "Feature",
      "properties": {
        "@id": "way/259799115",
        "highway": "secondary",
        "lane_markings": "yes",
        "lanes": "2",
        "lit": "yes",
        "maxspeed": "50",
        "name": "Hauptstrasse",
        "oneway": "no",
        "ref": "221",
        "sidewalk": "both",
        "surface": "asphalt"
      },
      "geometry": {
        "type": "LineString",
        "coordinates": [
          [
            7.8647679,
            46.678243
          ],
          [
            7.8647118,
            46.6780794
          ],
          [
            7.8646983,
            46.6780099
          ],
          [
            7.8646939,
            46.6779367
          ],
          [
            7.8647006,
            46.6778609
          ],
          [
            7.8647168,
            46.6778006
          ]
        ]
      },
      "id": "way/259799115"
    },
    {
      "type": "Feature",
      "properties": {
        "@id": "way/262978923",
        "cycleway:both": "no",
        "highway": "tertiary",
        "lane_markings": "no",
        "maxspeed": "30",
        "name": "Dorfstrasse",
        "sidewalk": "both",
        "surface": "asphalt"
      },
      "geometry": {
        "type": "LineString",
        "coordinates": [
          [
            8.0348908,
            46.624276
          ],
          [
            8.0348451,
            46.6242981
          ],
          [
            8.034782,
            46.624325
          ],
          [
            8.0347182,
            46.6243443
          ],
          [
            8.034618,
            46.6243644
          ],
          [
            8.0344935,
            46.6243823
          ],
          [
            8.0343584,
            46.6243955
          ],
          [
            8.0343097,
            46.6243972
          ]
        ]
      },
      "id": "way/262978923"
    },
    {
      "type": "Feature",
      "properties": {
        "@id": "way/263981630",
        "cycleway:both": "no",
        "highway": "tertiary",
        "lanes": "2",
        "lit": "yes",
        "maxspeed": "50",
        "name": "Waldeggstrasse",
        "parking:both": "no",
        "sidewalk": "both",
        "surface": "asphalt"
      },
      "geometry": {
        "type": "LineString",
        "coordinates": [
          [
            7.8572002,
            46.6830523
          ],
          [
            7.8572232,
            46.6828702
          ],
          [
            7.8572273,
            46.682825
          ],
          [
            7.85723,
            46.6828025
          ],
          [
            7.8572307,
            46.6827315
          ],
          [
            7.8572278,
            46.6826617
          ],
          [
            7.8572211,
            46.6826138
          ],
          [
            7.8571985,
            46.6825449
          ],
          [
            7.8571565,
            46.6824169
          ],
          [
            7.8571436,
            46.6823784
          ],
          [
            7.8570701,
            46.6821943
          ],
          [
            7.8570558,
            46.6821492
          ],
          [
            7.8570289,
            46.6820643
          ],
          [
            7.8570198,
            46.6820328
          ],
          [
            7.8570126,
            46.682003
          ],
          [
            7.8569948,
            46.6819038
          ],
          [
            7.8569843,
            46.6818248
          ],
          [
            7.8569775,
            46.6817843
          ],
          [
            7.856974,
            46.6817592
          ],
          [
            7.8569108,
            46.6812364
          ],
          [
            7.8568932,
            46.6811143
          ],
          [
            7.8568834,
            46.6810462
          ],
          [
            7.8568724,
            46.6809974
          ],
          [
            7.8568571,
            46.6809368
          ],
          [
            7.8568028,
            46.6807578
          ],
          [
            7.8567681,
            46.680658
          ],
          [
            7.8567109,
            46.6805296
          ],
          [
            7.8566227,
            46.6803525
          ]
        ]
      },
      "id": "way/263981630"
    },
    {
      "type": "Feature",
      "properties": {
        "@id": "way/270442616",
        "bridge": "yes",
        "highway": "secondary",
        "layer": "1",
        "maxspeed": "CH:rural",
        "maxweight": "34",
        "name": "Staatsstrasse",
        "ref": "221",
        "surface": "asphalt"
      },
      "geometry": {
        "type": "LineString",
        "coordinates": [
          [
            7.7762956,
            46.683056
          ],
          [
            7.7761255,
            46.6830369
          ]
        ]
      },
      "id": "way/270442616"
    },
    {
      "type": "Feature",
      "properties": {
        "@id": "way/270442617",
        "highway": "secondary",
        "maxspeed": "60",
        "maxweight": "34",
        "name": "Staatsstrasse",
        "ref": "221",
        "source:maxspeed": "CH:rural",
        "surface": "asphalt"
      },
      "geometry": {
        "type": "LineString",
        "coordinates": [
          [
            7.7930925,
            46.687057
          ],
          [
            7.7929377,
            46.6870129
          ],
          [
            7.7927307,
            46.6869434
          ],
          [
            7.7926246,
            46.6869024
          ],
          [
            7.7918039,
            46.686546
          ],
          [
            7.7915104,
            46.6864344
          ],
          [
            7.7910558,
            46.6862766
          ],
          [
            7.7909509,
            46.6862374
          ],
          [
            7.7907556,
            46.6861552
          ],
          [
            7.790559,
            46.6860623
          ],
          [
            7.7904449,
            46.6860131
          ],
          [
            7.7902457,
            46.685931
          ],
          [
            7.7899246,
            46.6858069
          ],
          [
            7.7898212,
            46.6857812
          ],
          [
            7.7893291,
            46.6856927
          ],
          [
            7.7891086,
            46.6856401
          ],
          [
            7.7890542,
            46.685627
          ],
          [
            7.7890197,
            46.6856198
          ]
        ]
      },
      "id": "way/270442617"
    },
    {
      "type": "Feature",
      "properties": {
        "@id": "way/270442618",
        "bridge": "yes",
        "highway": "secondary",
        "layer": "1",
        "maxspeed": "50",
        "maxweight": "34",
        "name": "Staatsstrasse",
        "ref": "221",
        "source:maxspeed": "sign",
        "surface": "asphalt"
      },
      "geometry": {
        "type": "LineString",
        "coordinates": [
          [
            7.7945645,
            46.6877014
          ],
          [
            7.7943879,
            46.687684
          ]
        ]
      },
      "id": "way/270442618"
    },
    {
      "type": "Feature",
      "properties": {
        "@id": "way/270442619",
        "highway": "secondary",
        "maxspeed": "CH:rural",
        "maxweight": "34",
        "name": "Staatsstrasse",
        "ref": "221",
        "surface": "asphalt"
      },
      "geometry": {
        "type": "LineString",
        "coordinates": [
          [
            7.7761255,
            46.6830369
          ],
          [
            7.7760408,
            46.6830224
          ],
          [
            7.7759492,
            46.6830011
          ],
          [
            7.7759183,
            46.6829922
          ],
          [
            7.7758104,
            46.682961
          ],
          [
            7.7755118,
            46.6828602
          ],
          [
            7.7754149,
            46.6828317
          ],
          [
            7.775301,
            46.6828042
          ],
          [
            7.7751623,
            46.6827785
          ],
          [
            7.7750236,
            46.6827618
          ],
          [
            7.7749137,
            46.6827522
          ],
          [
            7.7747974,
            46.682749
          ],
          [
            7.7747309,
            46.6827497
          ],
          [
            7.7745791,
            46.6827514
          ],
          [
            7.7737,
            46.6827705
          ],
          [
            7.7725992,
            46.6827959
          ],
          [
            7.7723181,
            46.6827967
          ],
          [
            7.7721952,
            46.6827863
          ],
          [
            7.7720133,
            46.6827544
          ],
          [
            7.7714805,
            46.6826121
          ],
          [
            7.7713915,
            46.682597
          ],
          [
            7.7713104,
            46.6825883
          ],
          [
            7.7711967,
            46.6825832
          ],
          [
            7.7711743,
            46.6825837
          ],
          [
            7.7711091,
            46.6825853
          ],
          [
            7.7710046,
            46.6825964
          ],
          [
            7.7707983,
            46.6826401
          ],
          [
            7.7706756,
            46.682663
          ],
          [
            7.7705946,
            46.6826731
          ],
          [
            7.7705005,
            46.682677
          ],
          [
            7.7700483,
            46.6826747
          ],
          [
            7.7699555,
            46.6826786
          ],
          [
            7.7698919,
            46.6826858
          ],
          [
            7.7698575,
            46.6826897
          ],
          [
            7.7697827,
            46.6827025
          ],
          [
            7.7697505,
            46.682708
          ],
          [
            7.7694331,
            46.6827422
          ],
          [
            7.7693378,
            46.682764
          ],
          [
            7.7692165,
            46.6828058
          ],
          [
            7.7691369,
            46.6828276
          ],
          [
            7.7690729,
            46.6828395
          ],
          [
            7.7690154,
            46.682845
          ],
          [
            7.7689631,
            46.6828452
          ],
          [
            7.7688755,
            46.6828373
          ],
          [
            7.7686113,
            46.6828039
          ],
          [
            7.7682881,
            46.6827581
          ],
          [
            7.7681377,
            46.6827333
          ],
          [
            7.7679977,
            46.6827202
          ],
          [
            7.7677912,
            46.682719
          ],
          [
            7.7671587,
            46.6827352
          ],
          [
            7.7669967,
            46.6827447
          ],
          [
            7.7666793,
            46.6827906
          ],
          [
            7.7660971,
            46.6829155
          ],
          [
            7.7658622,
            46.6829755
          ],
          [
            7.7656232,
            46.6830185
          ],
          [
            7.7654731,
            46.6830387
          ],
          [
            7.7652301,
            46.6830601
          ],
          [
            7.7646511,
            46.6830734
          ],
          [
            7.7645048,
            46.6830874
          ],
          [
            7.7643064,
            46.6831284
          ],
          [
            7.7641432,
            46.6831684
          ],
          [
            7.764057,
            46.6831849
          ],
          [
            7.7640009,
            46.6831904
          ],
          [
            7.7638976,
            46.6831925
          ],
          [
            7.7638414,
            46.6831837
          ],
          [
            7.7637981,
            46.6831703
          ],
          [
            7.7637405,
            46.6831471
          ],
          [
            7.7634993,
            46.6830317
          ],
          [
            7.7633814,
            46.6829853
          ],
          [
            7.7630276,
            46.6828343
          ],
          [
            7.7629581,
            46.6828093
          ],
          [
            7.7628547,
            46.6827844
          ],
          [
            7.7627919,
            46.6827747
          ],
          [
            7.7625487,
            46.682752
          ],
          [
            7.76244,
            46.6827262
          ],
          [
            7.7620942,
            46.6825923
          ],
          [
            7.7619711,
            46.6825575
          ],
          [
            7.7617263,
            46.6825015
          ],
          [
            7.7615601,
            46.6824597
          ],
          [
            7.7614841,
            46.6824375
          ],
          [
            7.7614252,
            46.6824142
          ],
          [
            7.7612534,
            46.6823284
          ],
          [
            7.7611015,
            46.6822775
          ],
          [
            7.7608781,
            46.6822286
          ],
          [
            7.7608358,
            46.6822198
          ],
          [
            7.7607337,
            46.682194
          ],
          [
            7.7606381,
            46.6821583
          ],
          [
            7.7604652,
            46.6820811
          ],
          [
            7.7603589,
            46.6820313
          ]
        ]
      },
      "id": "way/270442619"
    },
    {
      "type": "Feature",
      "properties": {
        "@id": "way/272902780",
        "bridge": "yes",
        "cycleway:both": "no",
        "highway": "tertiary",
        "lane_markings": "no",
        "layer": "1",
        "maxspeed": "50",
        "name": "Schmockenstrasse",
        "ref": "1109",
        "surface": "asphalt"
      },
      "geometry": {
        "type": "LineString",
        "coordinates": [
          [
            7.7763452,
            46.6896935
          ],
          [
            7.7764263,
            46.6896956
          ],
          [
            7.7764681,
            46.6896967
          ]
        ]
      },
      "id": "way/272902780"
    },
    {
      "type": "Feature",
      "properties": {
        "@id": "way/272902783",
        "highway": "tertiary",
        "lane_markings": "no",
        "lit": "yes",
        "maxspeed": "40",
        "name": "Schmockenstrasse",
        "ref": "1109",
        "surface": "asphalt"
      },
      "geometry": {
        "type": "LineString",
        "coordinates": [
          [
            7.7871384,
            46.6932254
          ],
          [
            7.7871546,
            46.6932899
          ],
          [
            7.7871732,
            46.6933411
          ],
          [
            7.7871971,
            46.6933986
          ],
          [
            7.7872039,
            46.6934123
          ],
          [
            7.7872196,
            46.6934426
          ],
          [
            7.7872421,
            46.6934893
          ],
          [
            7.7872785,
            46.6935448
          ],
          [
            7.7873451,
            46.6936464
          ],
          [
            7.7874085,
            46.6937353
          ],
          [
            7.787465,
            46.6937927
          ],
          [
            7.7875637,
            46.6938805
          ],
          [
            7.7876898,
            46.6939845
          ],
          [
            7.7878753,
            46.6941593
          ],
          [
            7.7882256,
            46.6945442
          ],
          [
            7.7883046,
            46.6946438
          ],
          [
            7.7883258,
            46.6946788
          ],
          [
            7.7883604,
            46.6947686
          ],
          [
            7.7883654,
            46.6947873
          ],
          [
            7.7883938,
            46.6948837
          ],
          [
            7.7884163,
            46.6949304
          ],
          [
            7.7884572,
            46.6949914
          ],
          [
            7.7885229,
            46.6950389
          ],
          [
            7.7885531,
            46.6950532
          ],
          [
            7.7886029,
            46.6950711
          ],
          [
            7.7886998,
            46.6950914
          ],
          [
            7.7888411,
            46.6951189
          ],
          [
            7.7889537,
            46.6951455
          ],
          [
            7.7889904,
            46.6951607
          ],
          [
            7.7890443,
            46.6951947
          ],
          [
            7.7891231,
            46.6952593
          ],
          [
            7.7891666,
            46.6953149
          ],
          [
            7.7892078,
            46.6954146
          ],
          [
            7.7892319,
            46.6955009
          ],
          [
            7.7892415,
            46.6955764
          ],
          [
            7.7892458,
            46.6956205
          ],
          [
            7.7892446,
            46.6958526
          ],
          [
            7.7892529,
            46.69592
          ],
          [
            7.7892768,
            46.6959685
          ],
          [
            7.7892902,
            46.6959852
          ],
          [
            7.7893084,
            46.696008
          ]
        ]
      },
      "id": "way/272902783"
    },
    {
      "type": "Feature",
      "properties": {
        "@id": "way/288709911",
        "aerialway": "gondola",
        "aerialway:capacity": "1800",
        "aerialway:duration": "10.3",
        "aerialway:occupancy": "10",
        "name": "Männlichenbahn",
        "source": "survey"
      },
      "geometry": {
        "type": "LineString",
        "coordinates": [
          [
            7.9789207,
            46.6212736
          ],
          [
            7.9786412,
            46.621194
          ],
          [
            7.9785566,
            46.6211699
          ],
          [
            7.9779879,
            46.621008
          ],
          [
            7.9758352,
            46.6204216
          ],
          [
            7.9728318,
            46.6195712
          ],
          [
            7.9701487,
            46.6188165
          ],
          [
            7.9667361,
            46.6178597
          ],
          [
            7.9640284,
            46.6170954
          ],
          [
            7.9615669,
            46.616411
          ],
          [
            7.9589622,
            46.6156713
          ],
          [
            7.9563166,
            46.6149319
          ],
          [
            7.952904,
            46.6139765
          ],
          [
            7.9508533,
            46.6134006
          ],
          [
            7.9484225,
            46.6127302
          ],
          [
            7.9450136,
            46.6117889
          ],
          [
            7.9434769,
            46.6113619
          ],
          [
            7.9432508,
            46.6112968
          ],
          [
            7.942866,
            46.6111804
          ]
        ]
      },
      "id": "way/288709911"
    },
    {
      "type": "Feature",
      "properties": {
        "@id": "way/288801309",
        "cycleway:both": "no",
        "highway": "tertiary",
        "lanes": "1",
        "maxspeed": "30",
        "name": "Dorfstrasse",
        "sidewalk": "both",
        "surface": "asphalt"
      },
      "geometry": {
        "type": "LineString",
        "coordinates": [
          [
            8.0405698,
            46.6236621
          ],
          [
            8.0404567,
            46.6236289
          ],
          [
            8.0403153,
            46.6235981
          ],
          [
            8.0401821,
            46.6235776
          ],
          [
            8.040068,
            46.6235584
          ],
          [
            8.0399781,
            46.6235435
          ],
          [
            8.0388808,
            46.6233737
          ],
          [
            8.0387182,
            46.6233506
          ],
          [
            8.0385503,
            46.623335
          ],
          [
            8.0383689,
            46.6233207
          ],
          [
            8.0382476,
            46.6233168
          ],
          [
            8.0381212,
            46.6233127
          ],
          [
            8.0379947,
            46.623314
          ],
          [
            8.0379082,
            46.6233201
          ],
          [
            8.0378048,
            46.6233336
          ],
          [
            8.0377149,
            46.6233495
          ],
          [
            8.0375888,
            46.6233803
          ],
          [
            8.0372767,
            46.6234687
          ],
          [
            8.0367549,
            46.6236175
          ],
          [
            8.0367048,
            46.6236317
          ],
          [
            8.0363499,
            46.6237326
          ],
          [
            8.0362665,
            46.6237563
          ]
        ]
      },
      "id": "way/288801309"
    },
    {
      "type": "Feature",
      "properties": {
        "@id": "way/288810091",
        "highway": "secondary",
        "lane_markings": "yes",
        "lanes": "3",
        "lanes:backward": "2",
        "lanes:forward": "1",
        "maxspeed": "60",
        "name": "Gsteigstrasse",
        "oneway": "no",
        "ref": "221",
        "surface": "asphalt",
        "turn:lanes:backward": "left|through"
      },
      "geometry": {
        "type": "LineString",
        "coordinates": [
          [
            7.8673249,
            46.6728508
          ],
          [
            7.8672682,
            46.6729779
          ]
        ]
      },
      "id": "way/288810091"
    },
    {
      "type": "Feature",
      "properties": {
        "@id": "way/288810092",
        "highway": "primary",
        "junction": "roundabout",
        "lane_markings": "no",
        "lanes": "1",
        "maxspeed": "50",
        "name": "Lindenallee",
        "ref": "6;11",
        "surface": "concrete"
      },
      "geometry": {
        "type": "LineString",
        "coordinates": [
          [
            7.8746619,
            46.6882078
          ],
          [
            7.8746447,
            46.6882179
          ],
          [
            7.8746238,
            46.6882266
          ]
        ]
      },
      "id": "way/288810092"
    },
    {
      "type": "Feature",
      "properties": {
        "@id": "way/312126778",
        "aerialway": "zip_line",
        "alt_name": "First Flyer",
        "fee": "yes",
        "maxspeed": "84",
        "maxweight": "125 kg",
        "min_age": "6",
        "minweight": "35 kg",
        "name": "First Flieger",
        "opening_hours": "Mo-Su, PH 10:30-16:30",
        "operator": "Firstbahn AG",
        "phone": "+41 33 828 7233",
        "website": "https://www.jungfrau.ch/de-ch/grindelwaldfirst/first-flieger/"
      },
      "geometry": {
        "type": "LineString",
        "coordinates": [
          [
            8.0551372,
            46.6592539
          ],
          [
            8.0645552,
            46.6583809
          ]
        ]
      },
      "id": "way/312126778"
    },
    {
      "type": "Feature",
      "properties": {
        "@id": "way/318457172",
        "cycleway:both": "no",
        "highway": "tertiary",
        "maxspeed": "30",
        "name": "Obere Gletscherstrasse",
        "surface": "asphalt"
      },
      "geometry": {
        "type": "LineString",
        "coordinates": [
          [
            8.0528034,
            46.630744
          ],
          [
            8.0528273,
            46.6307007
          ],
          [
            8.0528728,
            46.6306377
          ]
        ]
      },
      "id": "way/318457172"
    },
    {
      "type": "Feature",
      "properties": {
        "@id": "way/318457173",
        "cycleway:both": "no",
        "highway": "tertiary",
        "lane_markings": "no",
        "maxspeed": "30",
        "name": "Obere Gletscherstrasse",
        "sidewalk": "left",
        "smoothness": "excellent",
        "surface": "asphalt"
      },
      "geometry": {
        "type": "LineString",
        "coordinates": [
          [
            8.0528728,
            46.6306377
          ],
          [
            8.0529044,
            46.6305875
          ],
          [
            8.0529216,
            46.6305482
          ],
          [
            8.0529235,
            46.6305116
          ],
          [
            8.0529154,
            46.6304772
          ],
          [
            8.0528984,
            46.6304402
          ],
          [
            8.0528665,
            46.6304055
          ],
          [
            8.0528386,
            46.6303786
          ],
          [
            8.0527848,
            46.6303507
          ],
          [
            8.0527328,
            46.6303346
          ],
          [
            8.0526748,
            46.6303255
          ],
          [
            8.0525985,
            46.6303197
          ],
          [
            8.0524562,
            46.6303189
          ],
          [
            8.0523613,
            46.6303128
          ],
          [
            8.0522795,
            46.6303015
          ],
          [
            8.0522116,
            46.6302876
          ],
          [
            8.0518971,
            46.6301867
          ],
          [
            8.0518017,
            46.6301573
          ],
          [
            8.0517388,
            46.6301443
          ],
          [
            8.0516632,
            46.6301375
          ],
          [
            8.0515879,
            46.6301368
          ],
          [
            8.0515207,
            46.6301404
          ],
          [
            8.0514575,
            46.6301474
          ],
          [
            8.0513845,
            46.6301624
          ],
          [
            8.0513185,
            46.6301824
          ],
          [
            8.0509343,
            46.6303515
          ],
          [
            8.0508844,
            46.6303714
          ],
          [
            8.0508409,
            46.6303803
          ],
          [
            8.0507947,
            46.6303795
          ],
          [
            8.0507534,
            46.6303733
          ],
          [
            8.0507085,
            46.6303585
          ],
          [
            8.0506785,
            46.6303429
          ],
          [
            8.0506523,
            46.630315
          ],
          [
            8.0506312,
            46.6302709
          ],
          [
            8.0506217,
            46.6302245
          ],
          [
            8.0506176,
            46.6301689
          ],
          [
            8.0506256,
            46.630113
          ],
          [
            8.0506416,
            46.6300494
          ],
          [
            8.0506682,
            46.6299917
          ],
          [
            8.050708,
            46.6299327
          ],
          [
            8.0507499,
            46.6298837
          ],
          [
            8.0507961,
            46.6298436
          ],
          [
            8.05086,
            46.6298043
          ],
          [
            8.0509499,
            46.629765
          ],
          [
            8.051035,
            46.6297401
          ],
          [
            8.0513893,
            46.6296794
          ],
          [
            8.0514428,
            46.6296621
          ],
          [
            8.05149,
            46.629635
          ],
          [
            8.0515073,
            46.6296091
          ],
          [
            8.0515154,
            46.6295833
          ],
          [
            8.0515168,
            46.6295573
          ],
          [
            8.0515061,
            46.6295318
          ],
          [
            8.0514822,
            46.6295087
          ],
          [
            8.0514457,
            46.6294891
          ],
          [
            8.0514023,
            46.6294722
          ],
          [
            8.0512316,
            46.6294212
          ],
          [
            8.0510939,
            46.629386
          ],
          [
            8.0510174,
            46.6293722
          ],
          [
            8.0509491,
            46.6293628
          ],
          [
            8.0508603,
            46.6293581
          ],
          [
            8.0507846,
            46.629358
          ],
          [
            8.0506979,
            46.6293628
          ],
          [
            8.0505533,
            46.6293875
          ],
          [
            8.0504833,
            46.6293966
          ],
          [
            8.0504238,
            46.6294012
          ],
          [
            8.0503546,
            46.6293999
          ],
          [
            8.0502993,
            46.6293944
          ],
          [
            8.0502475,
            46.6293778
          ],
          [
            8.049923,
            46.6292071
          ],
          [
            8.049813,
            46.6291421
          ],
          [
            8.0497083,
            46.629073
          ],
          [
            8.0495759,
            46.628995
          ],
          [
            8.0493417,
            46.6288595
          ],
          [
            8.0492738,
            46.6288192
          ],
          [
            8.0492263,
            46.6287914
          ],
          [
            8.0491851,
            46.6287567
          ],
          [
            8.0491547,
            46.6287301
          ],
          [
            8.0491358,
            46.6287026
          ],
          [
            8.0491188,
            46.6286689
          ],
          [
            8.0491107,
            46.6286302
          ],
          [
            8.0491213,
            46.6284667
          ],
          [
            8.0491188,
            46.6284299
          ],
          [
            8.0491058,
            46.6283963
          ],
          [
            8.04909,
            46.6283677
          ],
          [
            8.0490672,
            46.6283411
          ],
          [
            8.0490298,
            46.6283112
          ],
          [
            8.0489437,
            46.6282677
          ],
          [
            8.0488351,
            46.6282226
          ],
          [
            8.0487625,
            46.6281844
          ],
          [
            8.04868,
            46.6281328
          ],
          [
            8.048615,
            46.6280831
          ],
          [
            8.0485651,
            46.6280346
          ],
          [
            8.0485085,
            46.6279732
          ],
          [
            8.0484448,
            46.6278754
          ]
        ]
      },
      "id": "way/318457173"
    },
    {
      "type": "Feature",
      "properties": {
        "@id": "way/318572333",
        "highway": "tertiary",
        "maxspeed": "40",
        "name": "Grabenstrasse",
        "source": "survey"
      },
      "geometry": {
        "type": "LineString",
        "coordinates": [
          [
            8.0463619,
            46.6231146
          ],
          [
            8.0463765,
            46.6231475
          ],
          [
            8.0463928,
            46.6232139
          ],
          [
            8.0463993,
            46.6232403
          ],
          [
            8.0464069,
            46.6232724
          ],
          [
            8.0464163,
            46.6233122
          ]
        ]
      },
      "id": "way/318572333"
    },
    {
      "type": "Feature",
      "properties": {
        "@id": "way/318645627",
        "cycleway:both": "no",
        "highway": "tertiary",
        "maxspeed": "30",
        "name": "Obere Gletscherstrasse",
        "surface": "asphalt"
      },
      "geometry": {
        "type": "LineString",
        "coordinates": [
          [
            8.0484448,
            46.6278754
          ],
          [
            8.048416,
            46.6278192
          ],
          [
            8.0483962,
            46.6277591
          ],
          [
            8.048382,
            46.6276968
          ],
          [
            8.0483772,
            46.6276483
          ],
          [
            8.0483744,
            46.6276096
          ],
          [
            8.0483852,
            46.6273377
          ],
          [
            8.0483653,
            46.6271887
          ],
          [
            8.0483308,
            46.6271054
          ],
          [
            8.0483233,
            46.6270872
          ],
          [
            8.0481977,
            46.6266521
          ],
          [
            8.0481693,
            46.6265598
          ],
          [
            8.0481176,
            46.6263682
          ],
          [
            8.0480437,
            46.6261356
          ],
          [
            8.048022,
            46.6260816
          ],
          [
            8.0479932,
            46.6260275
          ],
          [
            8.0479614,
            46.6259844
          ],
          [
            8.0479209,
            46.625947
          ],
          [
            8.0478736,
            46.6259111
          ],
          [
            8.0478215,
            46.6258802
          ],
          [
            8.0477582,
            46.6258517
          ],
          [
            8.0476899,
            46.6258283
          ],
          [
            8.0476071,
            46.6258112
          ],
          [
            8.0475017,
            46.6257984
          ],
          [
            8.0473801,
            46.6257907
          ],
          [
            8.0470496,
            46.6257766
          ],
          [
            8.0469793,
            46.6257712
          ],
          [
            8.0468945,
            46.625759
          ],
          [
            8.0468132,
            46.6257392
          ],
          [
            8.046747,
            46.6257138
          ],
          [
            8.0467052,
            46.6256915
          ],
          [
            8.0466576,
            46.6256599
          ],
          [
            8.0465188,
            46.6255192
          ],
          [
            8.0461881,
            46.6251754
          ]
        ]
      },
      "id": "way/318645627"
    },
    {
      "type": "Feature",
      "properties": {
        "@id": "way/318736197",
        "highway": "secondary",
        "maxspeed": "50",
        "name": "Grindelwaldstrasse",
        "ref": "221",
        "surface": "asphalt"
      },
      "geometry": {
        "type": "LineString",
        "coordinates": [
          [
            8.0035925,
            46.6309034
          ],
          [
            8.0034967,
            46.6309406
          ],
          [
            8.0033366,
            46.631011
          ],
          [
            8.0032442,
            46.6310568
          ],
          [
            8.0031201,
            46.6311355
          ],
          [
            8.0030408,
            46.6312021
          ],
          [
            8.0029525,
            46.6312942
          ],
          [
            8.0028734,
            46.6313994
          ],
          [
            8.0027471,
            46.631586
          ],
          [
            8.002586,
            46.6318201
          ],
          [
            8.0024812,
            46.6319616
          ],
          [
            8.0023785,
            46.6320791
          ],
          [
            8.0022834,
            46.6321653
          ],
          [
            8.0021919,
            46.6322412
          ],
          [
            8.0020476,
            46.6323376
          ],
          [
            8.0019479,
            46.6323924
          ],
          [
            8.0018482,
            46.6324402
          ],
          [
            8.0017716,
            46.6324767
          ],
          [
            8.0016542,
            46.6325211
          ],
          [
            8.0015368,
            46.6325621
          ],
          [
            8.0013761,
            46.6326087
          ]
        ]
      },
      "id": "way/318736197"
    },
    {
      "type": "Feature",
      "properties": {
        "@id": "way/332935161",
        "aerialway": "t-bar",
        "name": "Bodmi 2"
      },
      "geometry": {
        "type": "LineString",
        "coordinates": [
          [
            8.0386409,
            46.6267476
          ],
          [
            8.0398654,
            46.6287211
          ]
        ]
      },
      "id": "way/332935161"
    },
    {
      "type": "Feature",
      "properties": {
        "@id": "way/332935162",
        "aerialway": "t-bar",
        "name": "Bodmi 1"
      },
      "geometry": {
        "type": "LineString",
        "coordinates": [
          [
            8.0386055,
            46.6267597
          ],
          [
            8.03983,
            46.628726
          ]
        ]
      },
      "id": "way/332935162"
    },
    {
      "type": "Feature",
      "properties": {
        "@id": "way/340321071",
        "cycleway": "no",
        "highway": "tertiary",
        "lanes": "2",
        "maxspeed": "80",
        "name": "Dorfstrasse",
        "surface": "asphalt"
      },
      "geometry": {
        "type": "LineString",
        "coordinates": [
          [
            7.8213665,
            46.6607168
          ],
          [
            7.8214633,
            46.6608139
          ],
          [
            7.8215074,
            46.6608709
          ],
          [
            7.8215228,
            46.6609028
          ],
          [
            7.8215619,
            46.6609915
          ],
          [
            7.8215825,
            46.6610303
          ],
          [
            7.8216154,
            46.661056
          ],
          [
            7.8216497,
            46.6610765
          ],
          [
            7.8216868,
            46.6610901
          ],
          [
            7.8217309,
            46.6610983
          ],
          [
            7.8217774,
            46.6610994
          ],
          [
            7.8218131,
            46.6610916
          ]
        ]
      },
      "id": "way/340321071"
    },
    {
      "type": "Feature",
      "properties": {
        "@id": "way/345752294",
        "cycleway:both": "no",
        "highway": "tertiary",
        "lane_markings": "no",
        "name": "Schmockenstrasse",
        "ref": "1109",
        "surface": "asphalt"
      },
      "geometry": {
        "type": "LineString",
        "coordinates": [
          [
            7.7656257,
            46.6906836
          ],
          [
            7.7656473,
            46.690677
          ],
          [
            7.7656943,
            46.6906627
          ],
          [
            7.7657704,
            46.6906458
          ]
        ]
      },
      "id": "way/345752294"
    },
    {
      "type": "Feature",
      "properties": {
        "@id": "way/345752295",
        "cycleway:both": "no",
        "highway": "tertiary",
        "lane_markings": "no",
        "name": "Schmockenstrasse",
        "ref": "1109",
        "surface": "asphalt"
      },
      "geometry": {
        "type": "LineString",
        "coordinates": [
          [
            7.7651775,
            46.6907918
          ],
          [
            7.7652997,
            46.6908043
          ],
          [
            7.765341,
            46.6908012
          ],
          [
            7.7653839,
            46.6907938
          ],
          [
            7.7654512,
            46.6907662
          ],
          [
            7.7654805,
            46.6907542
          ],
          [
            7.7655156,
            46.6907334
          ],
          [
            7.7655677,
            46.6907063
          ],
          [
            7.7655827,
            46.6907003
          ],
          [
            7.7656257,
            46.6906836
          ]
        ]
      },
      "id": "way/345752295"
    },
    {
      "type": "Feature",
      "properties": {
        "@id": "way/345764186",
        "cycleway:both": "no",
        "highway": "tertiary",
        "lanes": "2",
        "maxspeed": "80",
        "maxweight": "28",
        "name": "Beatenbergstrasse",
        "ref": "1109",
        "surface": "asphalt"
      },
      "geometry": {
        "type": "LineString",
        "coordinates": [
          [
            7.8351853,
            46.6969977
          ],
          [
            7.8351686,
            46.6969883
          ],
          [
            7.8348886,
            46.6967734
          ],
          [
            7.8347005,
            46.696622
          ],
          [
            7.8346004,
            46.6965225
          ],
          [
            7.8344304,
            46.6963396
          ],
          [
            7.8343607,
            46.696285
          ],
          [
            7.8343148,
            46.69626
          ],
          [
            7.8342636,
            46.6962386
          ],
          [
            7.8340043,
            46.6961792
          ],
          [
            7.8339558,
            46.696165
          ],
          [
            7.8339191,
            46.696148
          ],
          [
            7.8338875,
            46.6961193
          ],
          [
            7.8338624,
            46.6960771
          ],
          [
            7.8338464,
            46.6960412
          ],
          [
            7.8338101,
            46.6959082
          ],
          [
            7.8337995,
            46.6958821
          ],
          [
            7.833785,
            46.6958624
          ],
          [
            7.8337574,
            46.6958436
          ],
          [
            7.8337233,
            46.6958284
          ],
          [
            7.8334037,
            46.6957495
          ],
          [
            7.8333644,
            46.695737
          ],
          [
            7.8333342,
            46.6957227
          ],
          [
            7.8333092,
            46.6957012
          ],
          [
            7.8332881,
            46.6956743
          ],
          [
            7.8332589,
            46.6956186
          ],
          [
            7.8332282,
            46.6955369
          ],
          [
            7.833207,
            46.6954965
          ],
          [
            7.8331807,
            46.6954669
          ],
          [
            7.8331163,
            46.6954221
          ],
          [
            7.8328881,
            46.6953303
          ],
          [
            7.8328002,
            46.6952883
          ],
          [
            7.8327652,
            46.6952689
          ],
          [
            7.8326409,
            46.6951999
          ],
          [
            7.8320126,
            46.6948511
          ],
          [
            7.8319286,
            46.6948082
          ],
          [
            7.8316767,
            46.6946912
          ],
          [
            7.8315875,
            46.6946493
          ],
          [
            7.8315788,
            46.6946442
          ],
          [
            7.8315253,
            46.6946126
          ],
          [
            7.8313915,
            46.6945292
          ],
          [
            7.831359,
            46.6945052
          ],
          [
            7.8313388,
            46.6944924
          ],
          [
            7.8313032,
            46.6944699
          ],
          [
            7.8312374,
            46.6944197
          ],
          [
            7.8311237,
            46.6943225
          ],
          [
            7.8309705,
            46.6941645
          ],
          [
            7.8308681,
            46.6940589
          ],
          [
            7.830656,
            46.6938321
          ],
          [
            7.830496,
            46.6936707
          ],
          [
            7.8304048,
            46.6935852
          ],
          [
            7.8303492,
            46.6935331
          ],
          [
            7.8302112,
            46.6934274
          ],
          [
            7.8301985,
            46.6934189
          ],
          [
            7.8297619,
            46.6931277
          ],
          [
            7.8294125,
            46.692899
          ],
          [
            7.8290749,
            46.6926847
          ],
          [
            7.8288852,
            46.6925729
          ],
          [
            7.8287691,
            46.6925094
          ],
          [
            7.8282593,
            46.6922561
          ],
          [
            7.8280841,
            46.6921614
          ],
          [
            7.8278786,
            46.6920303
          ],
          [
            7.8277399,
            46.6919233
          ],
          [
            7.8276656,
            46.6918606
          ],
          [
            7.8274484,
            46.6916495
          ],
          [
            7.8271682,
            46.6913674
          ],
          [
            7.8270586,
            46.6912571
          ],
          [
            7.826971,
            46.6911689
          ],
          [
            7.8268873,
            46.6910774
          ],
          [
            7.8267126,
            46.6908648
          ],
          [
            7.8265412,
            46.6906304
          ],
          [
            7.8264518,
            46.6905046
          ],
          [
            7.8263978,
            46.6904427
          ],
          [
            7.8263741,
            46.6904216
          ],
          [
            7.8263071,
            46.69038
          ],
          [
            7.8262652,
            46.6903635
          ],
          [
            7.8262023,
            46.6903511
          ],
          [
            7.8261487,
            46.6903513
          ],
          [
            7.826092,
            46.6903632
          ],
          [
            7.8260386,
            46.6903899
          ],
          [
            7.8260029,
            46.6904292
          ],
          [
            7.8259862,
            46.6904774
          ],
          [
            7.825985,
            46.6904913
          ],
          [
            7.8259871,
            46.6905034
          ],
          [
            7.8259905,
            46.6905205
          ],
          [
            7.8259971,
            46.6905394
          ],
          [
            7.8260045,
            46.6905574
          ],
          [
            7.8260131,
            46.6905749
          ],
          [
            7.8260415,
            46.6906139
          ],
          [
            7.8262715,
            46.69083
          ]
        ]
      },
      "id": "way/345764186"
    },
    {
      "type": "Feature",
      "properties": {
        "@id": "way/345764190",
        "highway": "tertiary",
        "lanes": "2",
        "maxspeed": "80",
        "name": "Beatenbergstrasse",
        "ref": "1109",
        "surface": "asphalt"
      },
      "geometry": {
        "type": "LineString",
        "coordinates": [
          [
            7.8372735,
            46.6929731
          ],
          [
            7.8375548,
            46.6925677
          ],
          [
            7.8376545,
            46.6924405
          ],
          [
            7.837779,
            46.6922997
          ],
          [
            7.8378374,
            46.6922411
          ],
          [
            7.8379312,
            46.6921576
          ],
          [
            7.8379776,
            46.6921155
          ],
          [
            7.8379872,
            46.6921078
          ],
          [
            7.8381492,
            46.6919818
          ],
          [
            7.8385889,
            46.6916888
          ],
          [
            7.8387016,
            46.6916099
          ],
          [
            7.8387741,
            46.6915592
          ],
          [
            7.8387957,
            46.6915441
          ],
          [
            7.8388557,
            46.6914976
          ],
          [
            7.838966,
            46.6914122
          ],
          [
            7.8390933,
            46.6913047
          ],
          [
            7.8391634,
            46.6912397
          ],
          [
            7.8392846,
            46.6911092
          ],
          [
            7.8393385,
            46.6910511
          ],
          [
            7.8394111,
            46.6909645
          ],
          [
            7.8395191,
            46.690829
          ],
          [
            7.8399136,
            46.6903339
          ],
          [
            7.8400238,
            46.6902049
          ],
          [
            7.8401496,
            46.6900668
          ],
          [
            7.8402598,
            46.6899666
          ]
        ]
      },
      "id": "way/345764190"
    },
    {
      "type": "Feature",
      "properties": {
        "@id": "way/345766666",
        "highway": "secondary",
        "lanes": "2",
        "lit": "yes",
        "maxspeed": "50",
        "name": "Bahnhofstrasse",
        "ref": "221",
        "surface": "asphalt"
      },
      "geometry": {
        "type": "LineString",
        "coordinates": [
          [
            7.8501662,
            46.684421
          ],
          [
            7.8501937,
            46.6844099
          ]
        ]
      },
      "id": "way/345766666"
    },
    {
      "type": "Feature",
      "properties": {
        "@id": "way/353051158",
        "highway": "tertiary",
        "name": "Unspunnenstrasse",
        "surface": "asphalt"
      },
      "geometry": {
        "type": "LineString",
        "coordinates": [
          [
            7.856744,
            46.6697223
          ],
          [
            7.8567133,
            46.6697663
          ],
          [
            7.8566609,
            46.6698911
          ],
          [
            7.8566311,
            46.6699239
          ],
          [
            7.8565818,
            46.6699634
          ]
        ]
      },
      "id": "way/353051158"
    },
    {
      "type": "Feature",
      "properties": {
        "@id": "way/353051159",
        "highway": "tertiary",
        "lane_markings": "no",
        "maxspeed": "50",
        "name": "Wagnerenstrasse",
        "surface": "asphalt"
      },
      "geometry": {
        "type": "LineString",
        "coordinates": [
          [
            7.8557612,
            46.6724486
          ],
          [
            7.8557166,
            46.672519
          ],
          [
            7.8556202,
            46.6725984
          ],
          [
            7.8554508,
            46.6727235
          ],
          [
            7.8553,
            46.6728237
          ],
          [
            7.8552016,
            46.672889
          ],
          [
            7.8551164,
            46.6729665
          ],
          [
            7.8550542,
            46.6730965
          ],
          [
            7.8550279,
            46.6732027
          ],
          [
            7.8550189,
            46.6732389
          ],
          [
            7.8550405,
            46.6733858
          ],
          [
            7.8551792,
            46.6737096
          ],
          [
            7.8552286,
            46.6738582
          ],
          [
            7.8552364,
            46.6739807
          ],
          [
            7.8551578,
            46.6742807
          ],
          [
            7.8550961,
            46.674373
          ],
          [
            7.8542632,
            46.6752211
          ],
          [
            7.854209,
            46.6752828
          ]
        ]
      },
      "id": "way/353051159"
    },
    {
      "type": "Feature",
      "properties": {
        "@id": "way/353051160",
        "highway": "tertiary",
        "lane_markings": "no",
        "maxspeed": "50",
        "name": "Wagnerenstrasse",
        "surface": "asphalt"
      },
      "geometry": {
        "type": "LineString",
        "coordinates": [
          [
            7.854209,
            46.6752828
          ],
          [
            7.8541758,
            46.6753433
          ],
          [
            7.8541694,
            46.6753884
          ],
          [
            7.8541738,
            46.6754721
          ],
          [
            7.8541963,
            46.6755793
          ],
          [
            7.8542576,
            46.6756651
          ],
          [
            7.8543289,
            46.6757295
          ],
          [
            7.8544064,
            46.6758016
          ],
          [
            7.8544327,
            46.6758701
          ],
          [
            7.8544365,
            46.6759293
          ],
          [
            7.8544144,
            46.6760015
          ],
          [
            7.8543662,
            46.6760633
          ],
          [
            7.8543077,
            46.6761154
          ],
          [
            7.8542369,
            46.6761468
          ],
          [
            7.8541562,
            46.6761668
          ],
          [
            7.8539973,
            46.6761821
          ],
          [
            7.8538462,
            46.6761757
          ],
          [
            7.8537577,
            46.676163
          ],
          [
            7.8536756,
            46.6761432
          ],
          [
            7.8535268,
            46.6761053
          ],
          [
            7.8532659,
            46.6760976
          ],
          [
            7.8529699,
            46.6761275
          ],
          [
            7.8527744,
            46.6761903
          ],
          [
            7.8526713,
            46.6763197
          ],
          [
            7.8523417,
            46.676852
          ],
          [
            7.8523266,
            46.6768763
          ],
          [
            7.8522959,
            46.6769155
          ],
          [
            7.8522665,
            46.6769574
          ],
          [
            7.8522268,
            46.6769918
          ],
          [
            7.8520943,
            46.6770984
          ],
          [
            7.8520176,
            46.6771472
          ],
          [
            7.851601,
            46.6773682
          ],
          [
            7.8515568,
            46.6773963
          ],
          [
            7.851512,
            46.6774392
          ]
        ]
      },
      "id": "way/353051160"
    },
    {
      "type": "Feature",
      "properties": {
        "@id": "way/353051161",
        "highway": "tertiary",
        "maxspeed": "50",
        "name": "Wagnerenstrasse",
        "surface": "asphalt"
      },
      "geometry": {
        "type": "LineString",
        "coordinates": [
          [
            7.8553079,
            46.6713535
          ],
          [
            7.8553541,
            46.6714883
          ]
        ]
      },
      "id": "way/353051161"
    },
    {
      "type": "Feature",
      "properties": {
        "@id": "way/353055997",
        "highway": "tertiary",
        "maxspeed": "CH:rural",
        "name": "Saxetenstrasse",
        "ref": "1123",
        "surface": "asphalt"
      },
      "geometry": {
        "type": "LineString",
        "coordinates": [
          [
            7.8573216,
            46.659737
          ],
          [
            7.8568759,
            46.6597128
          ],
          [
            7.8565933,
            46.6596974
          ],
          [
            7.8563808,
            46.6596655
          ],
          [
            7.8562358,
            46.6596298
          ],
          [
            7.8559881,
            46.6595282
          ]
        ]
      },
      "id": "way/353055997"
    },
    {
      "type": "Feature",
      "properties": {
        "@id": "way/353055999",
        "highway": "tertiary",
        "maxspeed": "CH:rural",
        "name": "Saxetenstrasse",
        "ref": "1123"
      },
      "geometry": {
        "type": "LineString",
        "coordinates": [
          [
            7.8588511,
            46.6598023
          ],
          [
            7.8586116,
            46.6598145
          ],
          [
            7.8584629,
            46.6598157
          ],
          [
            7.8577732,
            46.6597506
          ],
          [
            7.8573216,
            46.659737
          ]
        ]
      },
      "id": "way/353055999"
    },
    {
      "type": "Feature",
      "properties": {
        "@id": "way/362735721",
        "access": "private",
        "aerialway": "cable_car",
        "aerialway:duration": "8",
        "aerialway:occupancy": "2",
        "name": "Privatseilbahn Sundlauenen - Schmalenhals - Schwendi",
        "website": "https://seilbahn.blatter.be/"
      },
      "geometry": {
        "type": "LineString",
        "coordinates": [
          [
            7.7960299,
            46.6911485
          ],
          [
            7.7959786,
            46.6907562
          ],
          [
            7.7959298,
            46.6903826
          ],
          [
            7.7958586,
            46.6898383
          ],
          [
            7.7956603,
            46.6883209
          ],
          [
            7.7955701,
            46.6876309
          ]
        ]
      },
      "id": "way/362735721"
    },
    {
      "type": "Feature",
      "properties": {
        "@id": "way/364001349",
        "cycleway": "lane",
        "highway": "primary",
        "lanes": "2",
        "maxspeed": "50",
        "maxweight": "32",
        "name": "Hauptstrasse",
        "oneway": "no",
        "ref": "6;11",
        "surface": "asphalt"
      },
      "geometry": {
        "type": "LineString",
        "coordinates": [
          [
            7.7856752,
            46.6573382
          ],
          [
            7.7855364,
            46.6573017
          ]
        ]
      },
      "id": "way/364001349"
    },
    {
      "type": "Feature",
      "properties": {
        "@id": "way/364545587",
        "highway": "primary",
        "lanes": "2",
        "maxspeed": "70",
        "name": "Därligenstrasse",
        "name:etymology:wikidata": "Q65065",
        "oneway": "no",
        "ref": "6;11",
        "surface": "asphalt"
      },
      "geometry": {
        "type": "LineString",
        "coordinates": [
          [
            7.8495515,
            46.6765938
          ],
          [
            7.8491127,
            46.6763571
          ],
          [
            7.8488137,
            46.6762134
          ],
          [
            7.8486865,
            46.6761571
          ],
          [
            7.8482801,
            46.6759904
          ],
          [
            7.8480571,
            46.6758904
          ],
          [
            7.8479246,
            46.6758243
          ],
          [
            7.8476451,
            46.6756697
          ],
          [
            7.8473956,
            46.675515
          ],
          [
            7.84715,
            46.6753521
          ],
          [
            7.8467164,
            46.6750506
          ],
          [
            7.8463497,
            46.6747775
          ],
          [
            7.8462793,
            46.6747228
          ]
        ]
      },
      "id": "way/364545587"
    },
    {
      "type": "Feature",
      "properties": {
        "@id": "way/364545722",
        "highway": "primary",
        "lanes": "1",
        "maxspeed": "70",
        "name": "Därligenstrasse",
        "oneway": "yes",
        "ref": "6;11",
        "surface": "asphalt"
      },
      "geometry": {
        "type": "LineString",
        "coordinates": [
          [
            7.8410501,
            46.6706141
          ],
          [
            7.8409065,
            46.6705397
          ],
          [
            7.8408342,
            46.6704964
          ],
          [
            7.840668,
            46.6704076
          ],
          [
            7.840592,
            46.670368
          ],
          [
            7.8405679,
            46.6703603
          ],
          [
            7.8405424,
            46.6703553
          ],
          [
            7.8405136,
            46.6703532
          ]
        ]
      },
      "id": "way/364545722"
    },
    {
      "type": "Feature",
      "properties": {
        "@id": "way/364545723",
        "destination": "Interlaken-West",
        "highway": "primary",
        "lanes": "1",
        "maxspeed": "70",
        "name": "Därligenstrasse",
        "oneway": "yes",
        "ref": "6;11",
        "surface": "asphalt"
      },
      "geometry": {
        "type": "LineString",
        "coordinates": [
          [
            7.8406105,
            46.6702299
          ],
          [
            7.8407231,
            46.6703621
          ],
          [
            7.8408679,
            46.6704757
          ],
          [
            7.8409359,
            46.6705219
          ],
          [
            7.8410501,
            46.6706141
          ]
        ]
      },
      "id": "way/364545723"
    },
    {
      "type": "Feature",
      "properties": {
        "@id": "way/364546570",
        "cycleway:both": "lane",
        "highway": "secondary",
        "lanes": "3",
        "lanes:backward": "1",
        "lanes:forward": "2",
        "maxspeed": "80",
        "name": "Staatsstrasse",
        "oneway": "no",
        "ref": "221",
        "surface": "asphalt",
        "turn:lanes:backward": "through",
        "turn:lanes:forward": "left|through"
      },
      "geometry": {
        "type": "LineString",
        "coordinates": [
          [
            7.8684001,
            46.6531509
          ],
          [
            7.8687046,
            46.6527777
          ],
          [
            7.8688388,
            46.6525981
          ]
        ]
      },
      "id": "way/364546570"
    },
    {
      "type": "Feature",
      "properties": {
        "@id": "way/372108309",
        "aerialway": "platter",
        "aerialway:duration": "2",
        "name": "Wengiboden"
      },
      "geometry": {
        "type": "LineString",
        "coordinates": [
          [
            7.9235469,
            46.6070313
          ],
          [
            7.9250785,
            46.6075722
          ]
        ]
      },
      "id": "way/372108309"
    },
    {
      "type": "Feature",
      "properties": {
        "@id": "way/372108310",
        "aerialway": "platter",
        "name": "Figeller"
      },
      "geometry": {
        "type": "LineString",
        "coordinates": [
          [
            7.9230845,
            46.606238
          ],
          [
            7.9238963,
            46.605789
          ]
        ]
      },
      "id": "way/372108310"
    },
    {
      "type": "Feature",
      "properties": {
        "@id": "way/434735029",
        "cycleway": "no",
        "highway": "tertiary",
        "lanes": "2",
        "maxspeed": "80",
        "name": "Dorfstrasse",
        "surface": "asphalt"
      },
      "geometry": {
        "type": "LineString",
        "coordinates": [
          [
            7.8160733,
            46.6594059
          ],
          [
            7.8164404,
            46.6594316
          ],
          [
            7.8166295,
            46.6594536
          ],
          [
            7.8174811,
            46.6596222
          ],
          [
            7.818077,
            46.6597468
          ],
          [
            7.8185622,
            46.6598452
          ],
          [
            7.8186828,
            46.6598628
          ],
          [
            7.8187994,
            46.6598746
          ],
          [
            7.8189705,
            46.6598844
          ]
        ]
      },
      "id": "way/434735029"
    },
    {
      "type": "Feature",
      "properties": {
        "@id": "way/434737005",
        "highway": "tertiary",
        "lanes": "2",
        "maxspeed": "50",
        "name": "Beatenbergstrasse",
        "ref": "1109",
        "surface": "asphalt"
      },
      "geometry": {
        "type": "LineString",
        "coordinates": [
          [
            7.8402598,
            46.6899666
          ],
          [
            7.8402768,
            46.6899512
          ],
          [
            7.8402975,
            46.6899343
          ],
          [
            7.8403418,
            46.6898979
          ],
          [
            7.8405329,
            46.6897542
          ],
          [
            7.8406448,
            46.6896819
          ],
          [
            7.8407827,
            46.689597
          ],
          [
            7.8410457,
            46.6894538
          ],
          [
            7.8411117,
            46.6894195
          ],
          [
            7.8412814,
            46.6893315
          ],
          [
            7.8415029,
            46.6892273
          ],
          [
            7.8417843,
            46.6890985
          ],
          [
            7.8419897,
            46.6890123
          ],
          [
            7.8421863,
            46.6889298
          ]
        ]
      },
      "id": "way/434737005"
    },
    {
      "type": "Feature",
      "properties": {
        "@id": "way/434738201",
        "cycleway:both": "no",
        "highway": "tertiary",
        "lanes": "2",
        "lit": "no",
        "maxspeed": "80",
        "name": "Beatenbergstrasse",
        "ref": "1109",
        "surface": "asphalt"
      },
      "geometry": {
        "type": "LineString",
        "coordinates": [
          [
            7.8111675,
            46.6998645
          ],
          [
            7.8111407,
            46.6997692
          ],
          [
            7.8111033,
            46.6996641
          ],
          [
            7.8110503,
            46.6995519
          ],
          [
            7.810992,
            46.6994495
          ],
          [
            7.8109286,
            46.6993543
          ],
          [
            7.8106977,
            46.6990492
          ],
          [
            7.8106475,
            46.6989801
          ],
          [
            7.8106104,
            46.6989083
          ],
          [
            7.8105754,
            46.698828
          ],
          [
            7.8105254,
            46.6987134
          ],
          [
            7.8104662,
            46.698595
          ],
          [
            7.8104432,
            46.698549
          ],
          [
            7.8104047,
            46.6984628
          ],
          [
            7.8103635,
            46.6983568
          ],
          [
            7.8102572,
            46.6980739
          ],
          [
            7.8101341,
            46.6977416
          ],
          [
            7.8100779,
            46.6975896
          ],
          [
            7.8100544,
            46.697523
          ],
          [
            7.8099796,
            46.6972911
          ],
          [
            7.8099535,
            46.6971158
          ],
          [
            7.8099629,
            46.6969476
          ],
          [
            7.8099843,
            46.6968378
          ],
          [
            7.8100077,
            46.6967523
          ],
          [
            7.8100188,
            46.6967117
          ],
          [
            7.8100457,
            46.696637
          ],
          [
            7.8100707,
            46.6965872
          ],
          [
            7.8100805,
            46.6965676
          ],
          [
            7.8101142,
            46.6965252
          ],
          [
            7.8101519,
            46.6964891
          ],
          [
            7.8101935,
            46.6964593
          ],
          [
            7.8102574,
            46.6964267
          ],
          [
            7.810346,
            46.6963922
          ],
          [
            7.8108012,
            46.6962333
          ],
          [
            7.8108795,
            46.6962016
          ],
          [
            7.8109368,
            46.6961735
          ],
          [
            7.8109993,
            46.6961391
          ],
          [
            7.8110539,
            46.6960966
          ],
          [
            7.8111331,
            46.6960064
          ],
          [
            7.811164,
            46.6959461
          ],
          [
            7.8111845,
            46.6958785
          ],
          [
            7.8111905,
            46.6958083
          ],
          [
            7.8111833,
            46.6957094
          ],
          [
            7.8111655,
            46.6955835
          ],
          [
            7.8111133,
            46.6953202
          ],
          [
            7.8111031,
            46.6952689
          ],
          [
            7.8110882,
            46.6951826
          ],
          [
            7.8110492,
            46.6950316
          ],
          [
            7.810996,
            46.6948968
          ],
          [
            7.8109615,
            46.6948313
          ],
          [
            7.8109073,
            46.6947415
          ],
          [
            7.8107622,
            46.694544
          ],
          [
            7.8106621,
            46.6944427
          ],
          [
            7.8106043,
            46.694397
          ],
          [
            7.8105439,
            46.6943586
          ],
          [
            7.8104782,
            46.6943237
          ],
          [
            7.8103405,
            46.6942612
          ],
          [
            7.8100665,
            46.6941514
          ],
          [
            7.8097284,
            46.6940221
          ],
          [
            7.8095317,
            46.6939417
          ],
          [
            7.809453,
            46.6939024
          ],
          [
            7.8091813,
            46.6937441
          ],
          [
            7.8088504,
            46.6935365
          ],
          [
            7.8087461,
            46.6934654
          ],
          [
            7.8087191,
            46.693446
          ],
          [
            7.8086586,
            46.6933949
          ],
          [
            7.8086138,
            46.6933501
          ],
          [
            7.8084688,
            46.693168
          ],
          [
            7.8084331,
            46.6931132
          ],
          [
            7.8084065,
            46.6930566
          ],
          [
            7.8083905,
            46.6930036
          ],
          [
            7.8083809,
            46.6929452
          ],
          [
            7.8083807,
            46.6929029
          ],
          [
            7.8083882,
            46.6928561
          ],
          [
            7.8084229,
            46.6927786
          ],
          [
            7.8085108,
            46.6926308
          ],
          [
            7.8085612,
            46.6925407
          ],
          [
            7.8086088,
            46.6924281
          ],
          [
            7.808624,
            46.6923597
          ],
          [
            7.808634,
            46.6922823
          ],
          [
            7.8086309,
            46.6922148
          ],
          [
            7.8086273,
            46.692191
          ],
          [
            7.8085843,
            46.6919001
          ],
          [
            7.808574,
            46.6918532
          ],
          [
            7.8085533,
            46.6917725
          ],
          [
            7.8085309,
            46.6917393
          ],
          [
            7.8085033,
            46.691716
          ],
          [
            7.8084639,
            46.6916909
          ],
          [
            7.8084206,
            46.6916758
          ],
          [
            7.8083775,
            46.6916723
          ],
          [
            7.8083174,
            46.6916761
          ],
          [
            7.8082769,
            46.691687
          ],
          [
            7.8082209,
            46.691716
          ],
          [
            7.8081819,
            46.6917557
          ],
          [
            7.808156,
            46.6917935
          ],
          [
            7.8081392,
            46.6918179
          ],
          [
            7.8080929,
            46.6919188
          ],
          [
            7.8079838,
            46.6922142
          ],
          [
            7.807957,
            46.6923213
          ],
          [
            7.8078996,
            46.6925284
          ],
          [
            7.8078403,
            46.6926438
          ],
          [
            7.807782,
            46.6927303
          ],
          [
            7.8077498,
            46.6927673
          ],
          [
            7.807616,
            46.6929243
          ],
          [
            7.8074667,
            46.6930705
          ],
          [
            7.8074094,
            46.6931102
          ],
          [
            7.8073533,
            46.693132
          ],
          [
            7.8073038,
            46.6931457
          ],
          [
            7.8072528,
            46.693153
          ],
          [
            7.8072018,
            46.6931496
          ],
          [
            7.8071521,
            46.6931389
          ],
          [
            7.8071049,
            46.6931211
          ],
          [
            7.8070668,
            46.6930996
          ],
          [
            7.8070313,
            46.6930737
          ],
          [
            7.8070063,
            46.6930459
          ],
          [
            7.8069878,
            46.6930126
          ],
          [
            7.8069744,
            46.6929713
          ],
          [
            7.8069366,
            46.6927933
          ],
          [
            7.8069412,
            46.6925054
          ],
          [
            7.8069244,
            46.6923472
          ],
          [
            7.8069056,
            46.6922762
          ],
          [
            7.806863,
            46.692163
          ],
          [
            7.8068562,
            46.6921502
          ],
          [
            7.8068048,
            46.6920543
          ],
          [
            7.806688,
            46.6917983
          ],
          [
            7.8066636,
            46.6916724
          ],
          [
            7.8066591,
            46.6915942
          ],
          [
            7.8066627,
            46.6915393
          ],
          [
            7.8066752,
            46.6914637
          ],
          [
            7.806728,
            46.6913412
          ],
          [
            7.8067564,
            46.6912898
          ],
          [
            7.8068536,
            46.6911672
          ],
          [
            7.8068831,
            46.6911357
          ],
          [
            7.8069068,
            46.6911103
          ],
          [
            7.8070095,
            46.6910195
          ],
          [
            7.8070667,
            46.6909704
          ],
          [
            7.8071222,
            46.6909185
          ],
          [
            7.8073705,
            46.6906892
          ],
          [
            7.8074551,
            46.6906111
          ],
          [
            7.8075422,
            46.690538
          ],
          [
            7.8076202,
            46.6904738
          ],
          [
            7.8077009,
            46.6904169
          ],
          [
            7.8078624,
            46.6903291
          ],
          [
            7.8079328,
            46.6903028
          ],
          [
            7.808045,
            46.6902692
          ],
          [
            7.8082251,
            46.6902218
          ],
          [
            7.8083948,
            46.6901862
          ],
          [
            7.8084953,
            46.6901733
          ],
          [
            7.808592,
            46.6901675
          ],
          [
            7.8088626,
            46.6901719
          ],
          [
            7.8089098,
            46.6901736
          ],
          [
            7.8093595,
            46.6901822
          ],
          [
            7.8095098,
            46.6901799
          ],
          [
            7.8096274,
            46.6901732
          ],
          [
            7.8098823,
            46.6901607
          ],
          [
            7.8100469,
            46.6901493
          ],
          [
            7.8103726,
            46.6901207
          ],
          [
            7.8108066,
            46.6900843
          ],
          [
            7.8108823,
            46.6900774
          ],
          [
            7.8109205,
            46.6900741
          ],
          [
            7.8110798,
            46.6900602
          ],
          [
            7.811241,
            46.6900465
          ],
          [
            7.8113443,
            46.6900408
          ],
          [
            7.8114319,
            46.6900405
          ],
          [
            7.8115195,
            46.6900447
          ],
          [
            7.8117693,
            46.6900646
          ],
          [
            7.8118268,
            46.6900653
          ],
          [
            7.811848,
            46.6900631
          ],
          [
            7.8118712,
            46.6900606
          ],
          [
            7.811913,
            46.6900515
          ],
          [
            7.8119482,
            46.6900379
          ],
          [
            7.811986,
            46.6900171
          ],
          [
            7.8120301,
            46.6899693
          ],
          [
            7.8120481,
            46.6899296
          ],
          [
            7.8120836,
            46.6897949
          ],
          [
            7.8120927,
            46.6897603
          ],
          [
            7.8121568,
            46.6895721
          ],
          [
            7.8121981,
            46.6894991
          ],
          [
            7.81225,
            46.6894351
          ],
          [
            7.8122863,
            46.6893972
          ],
          [
            7.8123747,
            46.6893222
          ],
          [
            7.8124026,
            46.6893024
          ],
          [
            7.8124267,
            46.6892852
          ],
          [
            7.8124895,
            46.6892476
          ],
          [
            7.8125478,
            46.6892128
          ],
          [
            7.812858,
            46.6890787
          ],
          [
            7.8128983,
            46.6890561
          ],
          [
            7.81294,
            46.6890289
          ],
          [
            7.8130062,
            46.6889612
          ],
          [
            7.8130575,
            46.6888978
          ],
          [
            7.8130762,
            46.6888747
          ],
          [
            7.8130965,
            46.6888553
          ],
          [
            7.8131216,
            46.6888313
          ],
          [
            7.813171,
            46.6887925
          ],
          [
            7.8132166,
            46.6887708
          ],
          [
            7.813274,
            46.6887535
          ],
          [
            7.8133589,
            46.6887406
          ],
          [
            7.8134582,
            46.688734
          ],
          [
            7.813636,
            46.688728
          ],
          [
            7.8137366,
            46.6887295
          ],
          [
            7.813857,
            46.6887399
          ],
          [
            7.8139368,
            46.6887576
          ],
          [
            7.8140141,
            46.6887807
          ],
          [
            7.8141007,
            46.6888164
          ],
          [
            7.814531,
            46.6890381
          ],
          [
            7.8146502,
            46.6890928
          ],
          [
            7.8147273,
            46.6891222
          ],
          [
            7.8147829,
            46.689139
          ],
          [
            7.8148641,
            46.6891682
          ],
          [
            7.8148941,
            46.689179
          ],
          [
            7.8150486,
            46.6892253
          ],
          [
            7.8152425,
            46.6892768
          ],
          [
            7.8153603,
            46.6892979
          ],
          [
            7.8154119,
            46.689303
          ],
          [
            7.8154642,
            46.6893048
          ],
          [
            7.8155002,
            46.689303
          ],
          [
            7.8155851,
            46.6892937
          ],
          [
            7.81573,
            46.6892617
          ],
          [
            7.815747,
            46.6892571
          ],
          [
            7.8158879,
            46.6892189
          ],
          [
            7.8160992,
            46.6891571
          ],
          [
            7.8162461,
            46.6891185
          ],
          [
            7.816407,
            46.6890785
          ],
          [
            7.8166001,
            46.6890279
          ],
          [
            7.8167456,
            46.6889736
          ],
          [
            7.8169288,
            46.6889006
          ],
          [
            7.8170722,
            46.6888453
          ],
          [
            7.8171147,
            46.6888284
          ]
        ]
      },
      "id": "way/434738201"
    },
    {
      "type": "Feature",
      "properties": {
        "@id": "way/443724204",
        "cycleway:right": "lane",
        "highway": "secondary",
        "lanes": "2",
        "maxspeed": "80",
        "maxweight": "34",
        "name": "Bir Sagi",
        "oneway": "no",
        "ref": "221",
        "surface": "asphalt"
      },
      "geometry": {
        "type": "LineString",
        "coordinates": [
          [
            7.8711329,
            46.6509719
          ],
          [
            7.8712404,
            46.6509024
          ],
          [
            7.8713249,
            46.6508363
          ],
          [
            7.8713761,
            46.6507862
          ],
          [
            7.8714255,
            46.6507236
          ],
          [
            7.8714699,
            46.6506451
          ],
          [
            7.8714984,
            46.6505788
          ],
          [
            7.8715137,
            46.6505022
          ],
          [
            7.8715192,
            46.6504211
          ],
          [
            7.871508,
            46.6501705
          ],
          [
            7.8715049,
            46.6500407
          ],
          [
            7.8715135,
            46.6499593
          ],
          [
            7.8715334,
            46.6498778
          ],
          [
            7.8715647,
            46.6498015
          ],
          [
            7.8716134,
            46.6497251
          ],
          [
            7.8716688,
            46.6496521
          ],
          [
            7.8717408,
            46.649575
          ],
          [
            7.8718513,
            46.6494766
          ],
          [
            7.8722226,
            46.649161
          ],
          [
            7.8723439,
            46.6490478
          ],
          [
            7.8724726,
            46.648914
          ],
          [
            7.8725947,
            46.6487714
          ]
        ]
      },
      "id": "way/443724204"
    },
    {
      "type": "Feature",
      "properties": {
        "@id": "way/448512781",
        "cycleway:both:lane": "advisory",
        "highway": "primary",
        "lane_markings": "no",
        "lanes": "1",
        "lit": "yes",
        "maxspeed": "50",
        "maxweight": "32",
        "name": "Hauptstrasse",
        "ref": "6;11",
        "sidewalk": "left",
        "smoothness": "good",
        "surface": "asphalt"
      },
      "geometry": {
        "type": "LineString",
        "coordinates": [
          [
            7.7723648,
            46.6545399
          ],
          [
            7.7720576,
            46.6545357
          ],
          [
            7.7718539,
            46.6545364
          ],
          [
            7.7716586,
            46.6545406
          ],
          [
            7.7715582,
            46.6545453
          ],
          [
            7.7714477,
            46.6545505
          ],
          [
            7.7712352,
            46.6545669
          ],
          [
            7.7710542,
            46.6545889
          ],
          [
            7.7708143,
            46.6546284
          ],
          [
            7.77062,
            46.6546703
          ],
          [
            7.7704077,
            46.6547246
          ],
          [
            7.7702082,
            46.6547827
          ],
          [
            7.7700137,
            46.6548523
          ],
          [
            7.7698113,
            46.6549238
          ],
          [
            7.7696502,
            46.6549873
          ],
          [
            7.7693476,
            46.6551097
          ],
          [
            7.7690512,
            46.6552252
          ],
          [
            7.7688383,
            46.6553016
          ],
          [
            7.7685781,
            46.6553897
          ],
          [
            7.7683697,
            46.6554508
          ],
          [
            7.7681068,
            46.655516
          ],
          [
            7.7679007,
            46.6555651
          ],
          [
            7.7676886,
            46.6556033
          ],
          [
            7.7674713,
            46.6556354
          ],
          [
            7.76724,
            46.6556627
          ],
          [
            7.766989,
            46.6556799
          ],
          [
            7.7666993,
            46.6556899
          ],
          [
            7.7664715,
            46.6556919
          ],
          [
            7.7662636,
            46.6556861
          ],
          [
            7.7660524,
            46.6556728
          ],
          [
            7.7658002,
            46.6556495
          ],
          [
            7.7655816,
            46.65562
          ],
          [
            7.765383,
            46.6555863
          ],
          [
            7.7652103,
            46.655553
          ],
          [
            7.7650101,
            46.6555053
          ]
        ]
      },
      "id": "way/448512781"
    },
    {
      "type": "Feature",
      "properties": {
        "@id": "way/453693586",
        "aerialway": "magic_carpet",
        "name": "Pinocchiolift"
      },
      "geometry": {
        "type": "LineString",
        "coordinates": [
          [
            7.9638254,
            46.5860451
          ],
          [
            7.9629984,
            46.5856137
          ]
        ]
      },
      "id": "way/453693586"
    },
    {
      "type": "Feature",
      "properties": {
        "@id": "way/500699042",
        "cycleway:both": "no",
        "highway": "secondary",
        "lanes": "2",
        "lanes:backward": "1",
        "lanes:forward": "1",
        "maxspeed": "40",
        "name": "Bahnhofplatz",
        "oneway": "no",
        "ref": "222",
        "source:maxspeed": "sign",
        "surface": "asphalt"
      },
      "geometry": {
        "type": "LineString",
        "coordinates": [
          [
            7.907523,
            46.5989936
          ],
          [
            7.9075418,
            46.5989394
          ],
          [
            7.9075559,
            46.598884
          ]
        ]
      },
      "id": "way/500699042"
    },
    {
      "type": "Feature",
      "properties": {
        "@id": "way/563437451",
        "highway": "secondary",
        "lane_markings": "yes",
        "lanes": "2",
        "maxspeed": "80",
        "name": "Grindelwaldstrasse",
        "ref": "221",
        "surface": "asphalt"
      },
      "geometry": {
        "type": "LineString",
        "coordinates": [
          [
            7.970517,
            46.6366374
          ],
          [
            7.9702267,
            46.636603
          ],
          [
            7.9699284,
            46.6365723
          ],
          [
            7.9698444,
            46.6365671
          ],
          [
            7.9697548,
            46.6365653
          ],
          [
            7.969676,
            46.6365669
          ],
          [
            7.9695649,
            46.6365742
          ],
          [
            7.9694745,
            46.6365888
          ],
          [
            7.9693914,
            46.6366083
          ],
          [
            7.9692986,
            46.6366442
          ],
          [
            7.9692173,
            46.6366782
          ],
          [
            7.9691315,
            46.6367249
          ],
          [
            7.969041,
            46.6367797
          ],
          [
            7.9689719,
            46.636832
          ],
          [
            7.9689036,
            46.6368908
          ],
          [
            7.9688443,
            46.6369504
          ],
          [
            7.9687027,
            46.6371093
          ],
          [
            7.9686637,
            46.6371476
          ],
          [
            7.9686262,
            46.637178
          ],
          [
            7.9685824,
            46.6372084
          ],
          [
            7.9685407,
            46.6372345
          ],
          [
            7.9684932,
            46.6372585
          ],
          [
            7.9684412,
            46.6372812
          ],
          [
            7.9683787,
            46.6373051
          ],
          [
            7.968314,
            46.6373268
          ],
          [
            7.9682483,
            46.6373437
          ],
          [
            7.9682058,
            46.6373541
          ],
          [
            7.9681676,
            46.6373585
          ],
          [
            7.9681311,
            46.6373612
          ],
          [
            7.9681014,
            46.637362
          ],
          [
            7.9680704,
            46.6373601
          ],
          [
            7.9680377,
            46.6373555
          ],
          [
            7.9680107,
            46.6373478
          ],
          [
            7.9679823,
            46.6373363
          ],
          [
            7.9679564,
            46.6373198
          ],
          [
            7.9679383,
            46.6373034
          ],
          [
            7.9679202,
            46.6372842
          ],
          [
            7.967904,
            46.6372584
          ],
          [
            7.967895,
            46.637232
          ],
          [
            7.9678918,
            46.6371978
          ],
          [
            7.9678959,
            46.6371607
          ],
          [
            7.9679065,
            46.6371295
          ],
          [
            7.9679194,
            46.6371022
          ],
          [
            7.9679437,
            46.6370671
          ],
          [
            7.967973,
            46.6370288
          ],
          [
            7.9680152,
            46.6369848
          ],
          [
            7.9680647,
            46.6369437
          ],
          [
            7.9681144,
            46.6369056
          ],
          [
            7.9681789,
            46.6368625
          ],
          [
            7.9683296,
            46.6367646
          ],
          [
            7.9684405,
            46.6366939
          ],
          [
            7.9686145,
            46.636598
          ],
          [
            7.9687607,
            46.6365175
          ],
          [
            7.968846,
            46.6364705
          ],
          [
            7.968911,
            46.6364309
          ],
          [
            7.9689617,
            46.6363961
          ],
          [
            7.9690052,
            46.6363611
          ],
          [
            7.9690532,
            46.6363201
          ],
          [
            7.969079,
            46.6362839
          ],
          [
            7.9691058,
            46.6362406
          ],
          [
            7.9691149,
            46.6362071
          ],
          [
            7.9691166,
            46.6361746
          ],
          [
            7.9691127,
            46.6361413
          ],
          [
            7.969101,
            46.6361155
          ],
          [
            7.9690833,
            46.636082
          ],
          [
            7.9690601,
            46.6360536
          ],
          [
            7.9690339,
            46.6360281
          ],
          [
            7.9690003,
            46.6360053
          ],
          [
            7.968949,
            46.6359812
          ],
          [
            7.9689042,
            46.6359663
          ],
          [
            7.9688542,
            46.6359559
          ],
          [
            7.968802,
            46.6359523
          ],
          [
            7.9687434,
            46.6359534
          ],
          [
            7.9686967,
            46.6359602
          ],
          [
            7.9686463,
            46.635972
          ],
          [
            7.9686025,
            46.6359865
          ],
          [
            7.9685365,
            46.6360123
          ],
          [
            7.9684858,
            46.6360344
          ],
          [
            7.9684001,
            46.636077
          ],
          [
            7.9683462,
            46.6361079
          ],
          [
            7.9682815,
            46.6361456
          ],
          [
            7.9681983,
            46.6362011
          ],
          [
            7.9681286,
            46.6362531
          ],
          [
            7.9680649,
            46.6363087
          ],
          [
            7.9680227,
            46.6363527
          ],
          [
            7.9679643,
            46.6364222
          ],
          [
            7.9678344,
            46.6365989
          ],
          [
            7.9677963,
            46.6366417
          ],
          [
            7.9677611,
            46.636677
          ],
          [
            7.9677136,
            46.6367181
          ],
          [
            7.9676559,
            46.6367558
          ],
          [
            7.9676133,
            46.6367782
          ],
          [
            7.9675005,
            46.6368271
          ],
          [
            7.9673737,
            46.6368781
          ],
          [
            7.9672356,
            46.6369279
          ],
          [
            7.9671016,
            46.6369642
          ],
          [
            7.966972,
            46.6369953
          ],
          [
            7.9668665,
            46.6370154
          ],
          [
            7.9665547,
            46.6370683
          ],
          [
            7.9664119,
            46.6370892
          ],
          [
            7.9659891,
            46.6371443
          ],
          [
            7.9658712,
            46.6371544
          ],
          [
            7.9657907,
            46.6371562
          ],
          [
            7.9656822,
            46.6371513
          ],
          [
            7.9656052,
            46.6371429
          ],
          [
            7.9655409,
            46.6371302
          ],
          [
            7.9654779,
            46.6371141
          ]
        ]
      },
      "id": "way/563437451"
    },
    {
      "type": "Feature",
      "properties": {
        "@id": "way/563437452",
        "bridge": "yes",
        "highway": "secondary",
        "layer": "1",
        "maxspeed": "80",
        "name": "Grindelwaldstrasse",
        "ref": "221",
        "surface": "asphalt"
      },
      "geometry": {
        "type": "LineString",
        "coordinates": [
          [
            7.9706509,
            46.6366528
          ],
          [
            7.970517,
            46.6366374
          ]
        ]
      },
      "id": "way/563437452"
    },
    {
      "type": "Feature",
      "properties": {
        "@id": "way/636601512",
        "highway": "tertiary",
        "maxspeed": "30",
        "name": "Dorfstrasse",
        "surface": "asphalt"
      },
      "geometry": {
        "type": "LineString",
        "coordinates": [
          [
            7.805907,
            46.6638835
          ],
          [
            7.806111,
            46.6637993
          ],
          [
            7.8062781,
            46.6637194
          ],
          [
            7.8063536,
            46.6636732
          ],
          [
            7.8065806,
            46.6635561
          ],
          [
            7.8066918,
            46.6635182
          ],
          [
            7.8068495,
            46.6634738
          ],
          [
            7.8070101,
            46.6634288
          ],
          [
            7.807136,
            46.6633904
          ],
          [
            7.8072716,
            46.6633324
          ]
        ]
      },
      "id": "way/636601512"
    },
    {
      "type": "Feature",
      "properties": {
        "@id": "way/636601513",
        "highway": "tertiary",
        "lanes": "2",
        "maxspeed": "50",
        "name": "Dorfstrasse",
        "oneway": "no",
        "surface": "asphalt"
      },
      "geometry": {
        "type": "LineString",
        "coordinates": [
          [
            7.8120497,
            46.6609616
          ],
          [
            7.8121429,
            46.6609005
          ],
          [
            7.8124203,
            46.6607203
          ],
          [
            7.8126632,
            46.6605737
          ],
          [
            7.8129027,
            46.6604342
          ],
          [
            7.8138097,
            46.6599542
          ],
          [
            7.814209,
            46.6597902
          ],
          [
            7.8144451,
            46.6597072
          ],
          [
            7.8146039,
            46.6596564
          ],
          [
            7.8149563,
            46.6595635
          ],
          [
            7.8154059,
            46.6594773
          ],
          [
            7.8160733,
            46.6594059
          ]
        ]
      },
      "id": "way/636601513"
    },
    {
      "type": "Feature",
      "properties": {
        "@id": "way/652420947",
        "bridge": "yes",
        "cycleway:both": "lane",
        "cycleway:both:lane": "advisory",
        "highway": "primary",
        "lane_markings": "no",
        "lanes": "2",
        "layer": "1",
        "lit": "yes",
        "maxspeed": "50",
        "maxweight": "32",
        "name": "Hauptstrasse",
        "ref": "6;11",
        "sidewalk": "right",
        "smoothness": "good",
        "surface": "asphalt"
      },
      "geometry": {
        "type": "LineString",
        "coordinates": [
          [
            7.7769266,
            46.6555939
          ],
          [
            7.7770185,
            46.6556323
          ]
        ]
      },
      "id": "way/652420947"
    },
    {
      "type": "Feature",
      "properties": {
        "@id": "way/652420962",
        "cycleway:both": "lane",
        "cycleway:both:lane": "advisory",
        "highway": "primary",
        "lane_markings": "no",
        "lanes": "2",
        "lit": "yes",
        "maxspeed": "50",
        "maxweight": "32",
        "name": "Hauptstrasse",
        "ref": "6;11",
        "sidewalk": "right",
        "smoothness": "good",
        "surface": "asphalt"
      },
      "geometry": {
        "type": "LineString",
        "coordinates": [
          [
            7.7750987,
            46.6548831
          ],
          [
            7.7755053,
            46.6550074
          ],
          [
            7.7758473,
            46.6551225
          ],
          [
            7.7760051,
            46.6551834
          ],
          [
            7.776301,
            46.6553115
          ],
          [
            7.7769266,
            46.6555939
          ]
        ]
      },
      "id": "way/652420962"
    },
    {
      "type": "Feature",
      "properties": {
        "@id": "way/652450584",
        "cycleway:both": "lane",
        "highway": "primary",
        "lanes": "2",
        "maxspeed": "50",
        "name": "Hauptstrasse",
        "ref": "6;11",
        "sidewalk:right": "yes"
      },
      "geometry": {
        "type": "LineString",
        "coordinates": [
          [
            7.7798915,
            46.6563941
          ],
          [
            7.7805395,
            46.6565063
          ]
        ]
      },
      "id": "way/652450584"
    },
    {
      "type": "Feature",
      "properties": {
        "@id": "way/652450585",
        "cycleway": "lane",
        "highway": "primary",
        "lanes": "2",
        "maxspeed": "50",
        "name": "Hauptstrasse",
        "ref": "6;11",
        "sidewalk": "right",
        "surface": "asphalt"
      },
      "geometry": {
        "type": "LineString",
        "coordinates": [
          [
            7.782089,
            46.6567729
          ],
          [
            7.7822646,
            46.6568061
          ],
          [
            7.7825828,
            46.6568624
          ],
          [
            7.7827721,
            46.656893
          ],
          [
            7.7829282,
            46.656916
          ],
          [
            7.7833093,
            46.6569721
          ]
        ]
      },
      "id": "way/652450585"
    },
    {
      "type": "Feature",
      "properties": {
        "@id": "way/652450587",
        "cycleway:both": "lane",
        "cycleway:both:lane": "advisory",
        "highway": "primary",
        "lanes": "2",
        "maxspeed": "50",
        "maxweight": "32",
        "name": "Hauptstrasse",
        "ref": "6;11",
        "sidewalk:right": "yes",
        "surface": "asphalt"
      },
      "geometry": {
        "type": "LineString",
        "coordinates": [
          [
            7.7833093,
            46.6569721
          ],
          [
            7.7839766,
            46.6570664
          ]
        ]
      },
      "id": "way/652450587"
    },
    {
      "type": "Feature",
      "properties": {
        "@id": "way/652450588",
        "highway": "primary",
        "lanes": "1",
        "maxspeed": "50",
        "name": "Hauptstrasse",
        "oneway": "yes",
        "ref": "6;11",
        "surface": "asphalt"
      },
      "geometry": {
        "type": "LineString",
        "coordinates": [
          [
            7.7819046,
            46.6567474
          ],
          [
            7.781641,
            46.6567111
          ],
          [
            7.781195,
            46.6566285
          ],
          [
            7.781029,
            46.6565975
          ]
        ]
      },
      "id": "way/652450588"
    },
    {
      "type": "Feature",
      "properties": {
        "@id": "way/675817101",
        "aerialway": "gondola",
        "aerialway:capacity": "1200",
        "aerialway:duration": "3",
        "aerialway:occupancy": "6",
        "bicycle": "yes",
        "name": "Firstbahn",
        "ref": "2440"
      },
      "geometry": {
        "type": "LineString",
        "coordinates": [
          [
            8.0652644,
            46.6584938
          ],
          [
            8.0648646,
            46.6585339
          ],
          [
            8.064287,
            46.6586039
          ],
          [
            8.0618671,
            46.6588969
          ],
          [
            8.0598203,
            46.6591448
          ],
          [
            8.0582358,
            46.6593366
          ],
          [
            8.0574223,
            46.6594394
          ],
          [
            8.0550797,
            46.6597106
          ],
          [
            8.0545646,
            46.6597738
          ],
          [
            8.0538197,
            46.6598581
          ]
        ]
      },
      "id": "way/675817101"
    },
    {
      "type": "Feature",
      "properties": {
        "@id": "way/681240080",
        "highway": "secondary",
        "maxspeed": "50",
        "name": "Seestrasse",
        "ref": "221",
        "source:maxspeed": "sign",
        "surface": "asphalt"
      },
      "geometry": {
        "type": "LineString",
        "coordinates": [
          [
            7.8058748,
            46.6832295
          ],
          [
            7.8058632,
            46.6832565
          ],
          [
            7.8058296,
            46.6833097
          ],
          [
            7.8057609,
            46.6833891
          ],
          [
            7.8057037,
            46.6834342
          ],
          [
            7.805606,
            46.6834858
          ],
          [
            7.8055352,
            46.6835105
          ],
          [
            7.8054129,
            46.6835332
          ],
          [
            7.805392,
            46.6835351
          ],
          [
            7.8053606,
            46.6835379
          ],
          [
            7.8053018,
            46.683539
          ],
          [
            7.8052482,
            46.68354
          ],
          [
            7.805222,
            46.6835397
          ],
          [
            7.8050822,
            46.6835334
          ],
          [
            7.8049341,
            46.6835176
          ],
          [
            7.8047886,
            46.6835041
          ],
          [
            7.8047617,
            46.683502
          ],
          [
            7.8046179,
            46.6835034
          ],
          [
            7.8044902,
            46.683519
          ],
          [
            7.8044664,
            46.6835227
          ],
          [
            7.8043673,
            46.6835483
          ]
        ]
      },
      "id": "way/681240080"
    },
    {
      "type": "Feature",
      "properties": {
        "@id": "way/681240081",
        "highway": "secondary",
        "maxspeed": "50",
        "name": "Staatsstrasse",
        "ref": "221",
        "source:maxspeed": "sign",
        "surface": "asphalt"
      },
      "geometry": {
        "type": "LineString",
        "coordinates": [
          [
            7.7989828,
            46.6865119
          ],
          [
            7.7988746,
            46.6865599
          ],
          [
            7.7986584,
            46.6866865
          ],
          [
            7.7981629,
            46.686868
          ],
          [
            7.7980689,
            46.6868917
          ],
          [
            7.798045,
            46.6868949
          ],
          [
            7.797971,
            46.6869028
          ],
          [
            7.7977476,
            46.6869067
          ],
          [
            7.7975973,
            46.6869095
          ],
          [
            7.7970417,
            46.6869174
          ],
          [
            7.7967768,
            46.6869218
          ],
          [
            7.7967202,
            46.6869228
          ]
        ]
      },
      "id": "way/681240081"
    },
    {
      "type": "Feature",
      "properties": {
        "@id": "way/681240082",
        "highway": "secondary",
        "maxspeed": "50",
        "maxweight": "34",
        "name": "Staatsstrasse",
        "ref": "221",
        "source:maxspeed": "sign",
        "surface": "asphalt"
      },
      "geometry": {
        "type": "LineString",
        "coordinates": [
          [
            7.7943691,
            46.6876798
          ],
          [
            7.7943564,
            46.6876769
          ],
          [
            7.7942961,
            46.687642
          ],
          [
            7.7942606,
            46.6876106
          ],
          [
            7.794208,
            46.6875549
          ],
          [
            7.7941658,
            46.6875102
          ],
          [
            7.7941132,
            46.6874672
          ],
          [
            7.7940463,
            46.6874206
          ],
          [
            7.7939164,
            46.6873508
          ],
          [
            7.7936725,
            46.6872329
          ],
          [
            7.7936058,
            46.6872044
          ],
          [
            7.7935637,
            46.6871864
          ],
          [
            7.7934982,
            46.6871614
          ],
          [
            7.7930925,
            46.687057
          ]
        ]
      },
      "id": "way/681240082"
    },
    {
      "type": "Feature",
      "properties": {
        "@id": "way/681240083",
        "highway": "secondary",
        "maxspeed": "50",
        "maxweight": "34",
        "name": "Staatsstrasse",
        "parking:condition:right": "fee",
        "parking:condition:right:maxstay": "1 day",
        "parking:lane:right": "marked",
        "ref": "221",
        "source:maxspeed": "sign",
        "surface": "asphalt"
      },
      "geometry": {
        "type": "LineString",
        "coordinates": [
          [
            7.7818824,
            46.6836401
          ],
          [
            7.7818581,
            46.6836419
          ],
          [
            7.7818319,
            46.683644
          ],
          [
            7.7817751,
            46.6836477
          ],
          [
            7.7816151,
            46.6836454
          ],
          [
            7.7813793,
            46.6836357
          ],
          [
            7.7812551,
            46.683634
          ],
          [
            7.7811568,
            46.6836333
          ],
          [
            7.7809124,
            46.6836502
          ],
          [
            7.7806905,
            46.6836781
          ],
          [
            7.7805623,
            46.6836889
          ],
          [
            7.7804254,
            46.6836928
          ],
          [
            7.7803192,
            46.6836889
          ],
          [
            7.7801949,
            46.6836725
          ],
          [
            7.7800838,
            46.6836527
          ]
        ]
      },
      "id": "way/681240083"
    },
    {
      "type": "Feature",
      "properties": {
        "@id": "way/682201316",
        "bridge": "yes",
        "cycleway:both": "no",
        "highway": "tertiary",
        "lane_markings": "no",
        "maxspeed": "50",
        "name": "Beatenbergstrasse",
        "ref": "1109",
        "surface": "asphalt"
      },
      "geometry": {
        "type": "LineString",
        "coordinates": [
          [
            7.7679146,
            46.6903154
          ],
          [
            7.7679837,
            46.6902927
          ]
        ]
      },
      "id": "way/682201316"
    },
    {
      "type": "Feature",
      "properties": {
        "@id": "way/682201317",
        "highway": "tertiary",
        "lane_markings": "no",
        "maxspeed": "50",
        "name": "Schmockenstrasse",
        "ref": "1109",
        "surface": "asphalt"
      },
      "geometry": {
        "type": "LineString",
        "coordinates": [
          [
            7.7657704,
            46.6906458
          ],
          [
            7.7658092,
            46.6906372
          ],
          [
            7.7659377,
            46.6906281
          ],
          [
            7.7661541,
            46.6906128
          ],
          [
            7.7664403,
            46.6905832
          ],
          [
            7.7665368,
            46.6905718
          ],
          [
            7.7666493,
            46.6905585
          ],
          [
            7.7668635,
            46.6905325
          ],
          [
            7.7670517,
            46.6905221
          ],
          [
            7.7672164,
            46.6905234
          ],
          [
            7.7672791,
            46.6905169
          ],
          [
            7.767334,
            46.6905069
          ],
          [
            7.7674162,
            46.6904833
          ],
          [
            7.7676262,
            46.6904125
          ],
          [
            7.7677841,
            46.690359
          ],
          [
            7.7679146,
            46.6903154
          ]
        ]
      },
      "id": "way/682201317"
    },
    {
      "type": "Feature",
      "properties": {
        "@id": "way/690994738",
        "bridge": "yes",
        "highway": "secondary",
        "lane_markings": "yes",
        "lanes": "2",
        "layer": "1",
        "maxspeed": "50",
        "maxweight:signed": "no",
        "name": "Seestrasse",
        "ref": "221",
        "source:maxspeed": "sign",
        "surface": "asphalt"
      },
      "geometry": {
        "type": "LineString",
        "coordinates": [
          [
            7.8159395,
            46.6805536
          ],
          [
            7.8158047,
            46.6806789
          ]
        ]
      },
      "id": "way/690994738"
    },
    {
      "type": "Feature",
      "properties": {
        "@id": "way/696445731",
        "cycleway:both": "no",
        "highway": "tertiary",
        "lanes": "2",
        "maxspeed": "80",
        "maxweight": "28",
        "name": "Beatenbergstrasse",
        "ref": "1109",
        "surface": "asphalt"
      },
      "geometry": {
        "type": "LineString",
        "coordinates": [
          [
            7.8182888,
            46.6882174
          ],
          [
            7.818365,
            46.6881852
          ],
          [
            7.8184257,
            46.6881684
          ],
          [
            7.8184655,
            46.6881638
          ],
          [
            7.8185137,
            46.6881639
          ],
          [
            7.8185551,
            46.6881639
          ],
          [
            7.8185819,
            46.6881672
          ],
          [
            7.8186408,
            46.6881776
          ],
          [
            7.8186853,
            46.68819
          ],
          [
            7.8187587,
            46.6882177
          ],
          [
            7.8188558,
            46.6882682
          ],
          [
            7.8189261,
            46.6883111
          ],
          [
            7.8192765,
            46.6885341
          ]
        ]
      },
      "id": "way/696445731"
    },
    {
      "type": "Feature",
      "properties": {
        "@id": "way/714994145",
        "electrified": "no",
        "name": "Harderbahn",
        "railway": "funicular"
      },
      "geometry": {
        "type": "LineString",
        "coordinates": [
          [
            7.8595026,
            46.6971551
          ],
          [
            7.8587143,
            46.6974003
          ],
          [
            7.858484,
            46.6974654
          ],
          [
            7.8583516,
            46.6974988
          ],
          [
            7.8582259,
            46.6975264
          ],
          [
            7.858094,
            46.6975552
          ],
          [
            7.8579098,
            46.6975981
          ]
        ]
      },
      "id": "way/714994145"
    },
    {
      "type": "Feature",
      "properties": {
        "@id": "way/714994146",
        "bridge": "yes",
        "electrified": "no",
        "layer": "1",
        "name": "Harderbahn",
        "railway": "funicular"
      },
      "geometry": {
        "type": "LineString",
        "coordinates": [
          [
            7.8617617,
            46.6963335
          ],
          [
            7.8616371,
            46.6964036
          ],
          [
            7.8615117,
            46.6964626
          ],
          [
            7.8614346,
            46.6964973
          ],
          [
            7.8612626,
            46.6965718
          ],
          [
            7.8611019,
            46.6966369
          ],
          [
            7.8609934,
            46.6966758
          ],
          [
            7.8607325,
            46.6967613
          ],
          [
            7.8595118,
            46.6971522
          ],
          [
            7.8595026,
            46.6971551
          ]
        ]
      },
      "id": "way/714994146"
    },
    {
      "type": "Feature",
      "properties": {
        "@id": "way/714994147",
        "electrified": "no",
        "name": "Harderbahn",
        "railway": "funicular"
      },
      "geometry": {
        "type": "LineString",
        "coordinates": [
          [
            7.8576762,
            46.6976506
          ],
          [
            7.857491,
            46.6976903
          ],
          [
            7.857202,
            46.697754
          ],
          [
            7.8567809,
            46.6978488
          ],
          [
            7.8565329,
            46.6979028
          ],
          [
            7.8563347,
            46.6979452
          ],
          [
            7.8561659,
            46.6979817
          ],
          [
            7.8559158,
            46.6980351
          ],
          [
            7.8556784,
            46.6980864
          ],
          [
            7.8554469,
            46.6981361
          ],
          [
            7.855258,
            46.6981775
          ],
          [
            7.8551125,
            46.698208
          ]
        ]
      },
      "id": "way/714994147"
    },
    {
      "type": "Feature",
      "properties": {
        "@id": "way/714994148",
        "bridge": "yes",
        "electrified": "no",
        "layer": "1",
        "name": "Harderbahn",
        "railway": "funicular"
      },
      "geometry": {
        "type": "LineString",
        "coordinates": [
          [
            7.8579098,
            46.6975981
          ],
          [
            7.8577153,
            46.6976419
          ],
          [
            7.8576762,
            46.6976506
          ]
        ]
      },
      "id": "way/714994148"
    },
    {
      "type": "Feature",
      "properties": {
        "@id": "way/714994149",
        "covered": "yes",
        "electrified": "no",
        "name": "Harderbahn",
        "railway": "funicular"
      },
      "geometry": {
        "type": "LineString",
        "coordinates": [
          [
            7.865411,
            46.6910313
          ],
          [
            7.8653993,
            46.6911314
          ]
        ]
      },
      "id": "way/714994149"
    },
    {
      "type": "Feature",
      "properties": {
        "@id": "way/719005115",
        "cycleway": "lane",
        "cycleway:lane": "advisory",
        "highway": "primary",
        "lanes": "2",
        "maxspeed": "50",
        "maxweight": "32",
        "name": "Hauptstrasse",
        "oneway": "no",
        "ref": "6;11",
        "surface": "asphalt"
      },
      "geometry": {
        "type": "LineString",
        "coordinates": [
          [
            7.7855364,
            46.6573017
          ],
          [
            7.7851845,
            46.6572408
          ],
          [
            7.7849578,
            46.6572025
          ]
        ]
      },
      "id": "way/719005115"
    },
    {
      "type": "Feature",
      "properties": {
        "@id": "way/724742151",
        "bridge": "yes",
        "highway": "primary",
        "lanes": "2",
        "maxspeed": "60",
        "name": "Hauptstrasse",
        "oneway": "no",
        "ref": "6;11",
        "sidewalk": "right",
        "source:maxspeed": "sign",
        "surface": "asphalt"
      },
      "geometry": {
        "type": "LineString",
        "coordinates": [
          [
            7.8713,
            46.6945484
          ],
          [
            7.8713238,
            46.6945963
          ],
          [
            7.8713952,
            46.6946865
          ]
        ]
      },
      "id": "way/724742151"
    },
    {
      "type": "Feature",
      "properties": {
        "@id": "way/729302315",
        "highway": "primary",
        "lanes": "1",
        "maxspeed": "50",
        "name": "Lindenallee",
        "oneway": "yes",
        "ref": "6;11",
        "sidewalk": "right",
        "surface": "asphalt"
      },
      "geometry": {
        "type": "LineString",
        "coordinates": [
          [
            7.8638174,
            46.6862635
          ],
          [
            7.8635829,
            46.6862371
          ],
          [
            7.8635353,
            46.6862319
          ],
          [
            7.8634713,
            46.6862313
          ],
          [
            7.8634116,
            46.6862354
          ],
          [
            7.8633741,
            46.6862381
          ]
        ]
      },
      "id": "way/729302315"
    },
    {
      "type": "Feature",
      "properties": {
        "@id": "way/729802585",
        "bridge": "yes",
        "cycleway:both": "no",
        "highway": "tertiary",
        "layer": "1",
        "maxspeed": "40",
        "name": "Obere Gletscherstrasse",
        "surface": "asphalt"
      },
      "geometry": {
        "type": "LineString",
        "coordinates": [
          [
            8.069524,
            46.6329793
          ],
          [
            8.0693754,
            46.6328949
          ]
        ]
      },
      "id": "way/729802585"
    },
    {
      "type": "Feature",
      "properties": {
        "@id": "way/729802586",
        "cycleway:both": "no",
        "highway": "tertiary",
        "maxspeed": "40",
        "name": "Obere Gletscherstrasse",
        "surface": "asphalt"
      },
      "geometry": {
        "type": "LineString",
        "coordinates": [
          [
            8.0693754,
            46.6328949
          ],
          [
            8.0693399,
            46.6328625
          ],
          [
            8.069314,
            46.6328222
          ],
          [
            8.0692454,
            46.63273
          ],
          [
            8.0691174,
            46.6325836
          ],
          [
            8.0690396,
            46.6324881
          ],
          [
            8.0689719,
            46.632398
          ],
          [
            8.0688699,
            46.6322783
          ],
          [
            8.06872,
            46.6321105
          ],
          [
            8.0686397,
            46.6320426
          ],
          [
            8.0685424,
            46.6319844
          ],
          [
            8.0684243,
            46.6319296
          ],
          [
            8.068286,
            46.6318996
          ],
          [
            8.0681501,
            46.6318828
          ],
          [
            8.0680175,
            46.6318728
          ],
          [
            8.067902,
            46.6318569
          ],
          [
            8.0678229,
            46.6318355
          ],
          [
            8.0676612,
            46.6317614
          ],
          [
            8.0675821,
            46.6317269
          ],
          [
            8.0675123,
            46.6317048
          ],
          [
            8.0674377,
            46.6316925
          ],
          [
            8.0673531,
            46.6316921
          ],
          [
            8.0667404,
            46.6317161
          ],
          [
            8.0666154,
            46.6317144
          ],
          [
            8.0664945,
            46.6317043
          ],
          [
            8.0663617,
            46.631685
          ],
          [
            8.0662658,
            46.6316578
          ],
          [
            8.066184,
            46.6316268
          ],
          [
            8.0661186,
            46.6315947
          ],
          [
            8.066058,
            46.6315449
          ],
          [
            8.0660105,
            46.6314907
          ],
          [
            8.065975,
            46.6314356
          ],
          [
            8.0659508,
            46.6313764
          ],
          [
            8.0659178,
            46.6311827
          ],
          [
            8.0659135,
            46.6311173
          ],
          [
            8.0658878,
            46.6310635
          ],
          [
            8.0658532,
            46.631021
          ],
          [
            8.0658042,
            46.6309889
          ],
          [
            8.0657424,
            46.6309583
          ],
          [
            8.0656641,
            46.630936
          ],
          [
            8.065549,
            46.6309235
          ],
          [
            8.0654847,
            46.6309222
          ],
          [
            8.0646771,
            46.6309035
          ],
          [
            8.0646083,
            46.6308999
          ]
        ]
      },
      "id": "way/729802586"
    },
    {
      "type": "Feature",
      "properties": {
        "@id": "way/739026723",
        "cycleway:right": "no",
        "highway": "secondary",
        "junction": "roundabout",
        "lanes": "1",
        "maxspeed": "60",
        "name": "Gsteigstrasse",
        "oneway": "yes",
        "ref": "221",
        "source": "survey;gps",
        "surface": "asphalt"
      },
      "geometry": {
        "type": "LineString",
        "coordinates": [
          [
            7.8678942,
            46.6717276
          ],
          [
            7.8678499,
            46.6717266
          ],
          [
            7.8678216,
            46.6717213
          ],
          [
            7.8677899,
            46.6717109
          ],
          [
            7.8677503,
            46.6716932
          ]
        ]
      },
      "id": "way/739026723"
    },
    {
      "type": "Feature",
      "properties": {
        "@id": "way/796373045",
        "highway": "secondary",
        "lane_markings": "yes",
        "lanes": "2",
        "lit": "yes",
        "maxspeed": "50",
        "name": "Hauptstrasse",
        "oneway": "no",
        "ref": "221",
        "sidewalk": "both",
        "surface": "asphalt"
      },
      "geometry": {
        "type": "LineString",
        "coordinates": [
          [
            7.8643084,
            46.6801488
          ],
          [
            7.8643621,
            46.680031
          ],
          [
            7.8644311,
            46.6799083
          ],
          [
            7.8644892,
            46.6798091
          ],
          [
            7.864585,
            46.6796619
          ],
          [
            7.8646554,
            46.6795527
          ],
          [
            7.8647398,
            46.6794218
          ],
          [
            7.864819,
            46.6792953
          ],
          [
            7.864864,
            46.6792043
          ],
          [
            7.8648903,
            46.6791341
          ],
          [
            7.8649219,
            46.6790298
          ],
          [
            7.8649362,
            46.6789303
          ],
          [
            7.8649389,
            46.6788403
          ],
          [
            7.8649321,
            46.6787463
          ],
          [
            7.8649148,
            46.6786568
          ],
          [
            7.8648912,
            46.6785837
          ],
          [
            7.8648678,
            46.6785172
          ]
        ]
      },
      "id": "way/796373045"
    },
    {
      "type": "Feature",
      "properties": {
        "@id": "way/796373046",
        "highway": "secondary",
        "lane_markings": "yes",
        "lanes": "2",
        "lit": "yes",
        "maxspeed": "50",
        "name": "Hauptstrasse",
        "oneway": "no",
        "ref": "221",
        "sidewalk": "both",
        "surface": "asphalt"
      },
      "geometry": {
        "type": "LineString",
        "coordinates": [
          [
            7.8641868,
            46.6803997
          ],
          [
            7.864221,
            46.680338
          ]
        ]
      },
      "id": "way/796373046"
    },
    {
      "type": "Feature",
      "properties": {
        "@id": "way/796373047",
        "highway": "secondary",
        "lane_markings": "yes",
        "lanes": "3",
        "lanes:backward": "2",
        "lanes:forward": "1",
        "lit": "yes",
        "maxspeed": "50",
        "name": "Hauptstrasse",
        "oneway": "no",
        "ref": "221",
        "sidewalk": "both",
        "surface": "asphalt",
        "turn:lanes:backward": "left|through;right"
      },
      "geometry": {
        "type": "LineString",
        "coordinates": [
          [
            7.864221,
            46.680338
          ],
          [
            7.8643084,
            46.6801488
          ]
        ]
      },
      "id": "way/796373047"
    },
    {
      "type": "Feature",
      "properties": {
        "@id": "way/796373048",
        "highway": "secondary",
        "lane_markings": "yes",
        "lanes": "3",
        "lanes:backward": "1",
        "lanes:forward": "2",
        "lit": "yes",
        "maxspeed": "50",
        "name": "Gsteigstrasse",
        "oneway": "no",
        "ref": "221",
        "surface": "asphalt",
        "turn:lanes:forward": "left|through"
      },
      "geometry": {
        "type": "LineString",
        "coordinates": [
          [
            7.8648523,
            46.6775687
          ],
          [
            7.8647994,
            46.6776453
          ],
          [
            7.8647473,
            46.6777272
          ],
          [
            7.8647168,
            46.6778006
          ]
        ]
      },
      "id": "way/796373048"
    },
    {
      "type": "Feature",
      "properties": {
        "@id": "way/796373049",
        "highway": "secondary",
        "lane_markings": "yes",
        "lanes": "3",
        "lanes:backward": "1",
        "lanes:forward": "2",
        "lit": "yes",
        "maxspeed": "50",
        "name": "Hauptstrasse",
        "oneway": "no",
        "ref": "221",
        "sidewalk": "both",
        "surface": "asphalt",
        "turn:lanes:forward": "left|through;right"
      },
      "geometry": {
        "type": "LineString",
        "coordinates": [
          [
            7.8640734,
            46.6805579
          ],
          [
            7.8641568,
            46.6804419
          ],
          [
            7.8641868,
            46.6803997
          ]
        ]
      },
      "id": "way/796373049"
    },
    {
      "type": "Feature",
      "properties": {
        "@id": "way/796523408",
        "highway": "secondary",
        "lanes": "3",
        "lanes:backward": "2",
        "lanes:forward": "1",
        "maxspeed": "60",
        "name": "Gsteigstrasse",
        "oneway": "no",
        "ref": "221",
        "surface": "asphalt",
        "turn:lanes:backward": "left|through"
      },
      "geometry": {
        "type": "LineString",
        "coordinates": [
          [
            7.86733,
            46.6728387
          ],
          [
            7.8673249,
            46.6728508
          ]
        ]
      },
      "id": "way/796523408"
    },
    {
      "type": "Feature",
      "properties": {
        "@id": "way/796523409",
        "highway": "secondary",
        "lane_markings": "yes",
        "lanes": "3",
        "lanes:backward": "1",
        "lanes:both_ways": "1",
        "lanes:forward": "1",
        "maxspeed": "50",
        "name": "Gsteigstrasse",
        "oneway": "no",
        "ref": "221",
        "surface": "asphalt"
      },
      "geometry": {
        "type": "LineString",
        "coordinates": [
          [
            7.867146,
            46.6732555
          ],
          [
            7.8670985,
            46.6733585
          ],
          [
            7.8669954,
            46.6735831
          ],
          [
            7.8669237,
            46.6737287
          ],
          [
            7.8669089,
            46.673759
          ],
          [
            7.8668961,
            46.673784
          ]
        ]
      },
      "id": "way/796523409"
    },
    {
      "type": "Feature",
      "properties": {
        "@id": "way/796523410",
        "highway": "secondary",
        "lane_markings": "yes",
        "lanes": "2",
        "maxspeed": "60",
        "name": "Gsteigstrasse",
        "oneway": "no",
        "ref": "221",
        "surface": "asphalt"
      },
      "geometry": {
        "type": "LineString",
        "coordinates": [
          [
            7.8673634,
            46.6727545
          ],
          [
            7.86733,
            46.6728387
          ]
        ]
      },
      "id": "way/796523410"
    },
    {
      "type": "Feature",
      "properties": {
        "@id": "way/796523411",
        "highway": "secondary",
        "lane_markings": "yes",
        "lanes": "2",
        "lit": "yes",
        "maxspeed": "50",
        "name": "Gsteigstrasse",
        "oneway": "no",
        "ref": "221",
        "surface": "asphalt"
      },
      "geometry": {
        "type": "LineString",
        "coordinates": [
          [
            7.8668961,
            46.673784
          ],
          [
            7.866875,
            46.6738282
          ],
          [
            7.8665455,
            46.6745241
          ],
          [
            7.8664043,
            46.6748852
          ],
          [
            7.8662767,
            46.6752142
          ],
          [
            7.866198,
            46.675413
          ],
          [
            7.8661341,
            46.6755527
          ],
          [
            7.8661188,
            46.6755844
          ],
          [
            7.8660807,
            46.6756531
          ],
          [
            7.866058,
            46.6756963
          ],
          [
            7.8660309,
            46.6757467
          ],
          [
            7.8658558,
            46.6760308
          ],
          [
            7.8655664,
            46.676483
          ],
          [
            7.8653978,
            46.676745
          ]
        ]
      },
      "id": "way/796523411"
    },
    {
      "type": "Feature",
      "properties": {
        "@id": "way/796523412",
        "highway": "secondary",
        "lane_markings": "yes",
        "lanes": "2",
        "maxspeed": "50",
        "name": "Gsteigstrasse",
        "oneway": "no",
        "ref": "221",
        "surface": "asphalt"
      },
      "geometry": {
        "type": "LineString",
        "coordinates": [
          [
            7.8671727,
            46.6731922
          ],
          [
            7.8671579,
            46.6732273
          ],
          [
            7.867146,
            46.6732555
          ]
        ]
      },
      "id": "way/796523412"
    },
    {
      "type": "Feature",
      "properties": {
        "@id": "way/798766055",
        "highway": "secondary",
        "maxspeed": "80",
        "maxweight": "34",
        "name": "Staatsstrasse",
        "ref": "221",
        "source:maxspeed": "CH:rural",
        "surface": "asphalt"
      },
      "geometry": {
        "type": "LineString",
        "coordinates": [
          [
            7.7888278,
            46.6855809
          ],
          [
            7.788563,
            46.6855407
          ],
          [
            7.788536,
            46.6855368
          ],
          [
            7.788355,
            46.6855034
          ],
          [
            7.7882441,
            46.6854829
          ],
          [
            7.7881446,
            46.6854607
          ],
          [
            7.7880582,
            46.6854331
          ],
          [
            7.7879507,
            46.6853929
          ],
          [
            7.787859,
            46.6853482
          ],
          [
            7.7877264,
            46.6852632
          ],
          [
            7.7876764,
            46.685221
          ],
          [
            7.7876225,
            46.6851663
          ],
          [
            7.7875394,
            46.6850532
          ],
          [
            7.7874971,
            46.6849814
          ],
          [
            7.7873103,
            46.6845988
          ],
          [
            7.7872694,
            46.6845305
          ],
          [
            7.7872074,
            46.6844497
          ],
          [
            7.787147,
            46.6843996
          ],
          [
            7.7870473,
            46.6843405
          ],
          [
            7.786945,
            46.6842958
          ],
          [
            7.7867943,
            46.6842423
          ]
        ]
      },
      "id": "way/798766055"
    },
    {
      "type": "Feature",
      "properties": {
        "@id": "way/798766056",
        "highway": "secondary",
        "maxspeed": "50",
        "name": "Seestrasse",
        "ref": "221",
        "source:maxspeed": "sign",
        "surface": "asphalt"
      },
      "geometry": {
        "type": "LineString",
        "coordinates": [
          [
            7.8153703,
            46.6812222
          ],
          [
            7.8151563,
            46.6815054
          ],
          [
            7.8149193,
            46.6818093
          ],
          [
            7.8148713,
            46.6818643
          ],
          [
            7.8148297,
            46.6819041
          ],
          [
            7.8147583,
            46.6819673
          ],
          [
            7.8147111,
            46.6820029
          ]
        ]
      },
      "id": "way/798766056"
    },
    {
      "type": "Feature",
      "properties": {
        "@id": "way/798766059",
        "cycleway:right": "lane",
        "highway": "secondary",
        "lanes": "2",
        "maxspeed": "50",
        "name": "Seestrasse",
        "ref": "221",
        "source:maxspeed": "sign",
        "surface": "asphalt"
      },
      "geometry": {
        "type": "LineString",
        "coordinates": [
          [
            7.8163664,
            46.6802723
          ],
          [
            7.8162884,
            46.6803205
          ],
          [
            7.8161292,
            46.6804177
          ]
        ]
      },
      "id": "way/798766059"
    },
    {
      "type": "Feature",
      "properties": {
        "@id": "way/798766063",
        "highway": "secondary",
        "lanes": "2",
        "maxspeed": "80",
        "maxweight": "34",
        "name": "Staatsstrasse",
        "ref": "221",
        "source:maxspeed": "CH:rural",
        "surface": "asphalt"
      },
      "geometry": {
        "type": "LineString",
        "coordinates": [
          [
            7.7890197,
            46.6856198
          ],
          [
            7.7888278,
            46.6855809
          ]
        ]
      },
      "id": "way/798766063"
    },
    {
      "type": "Feature",
      "properties": {
        "@id": "way/799042591",
        "aerialway": "gondola",
        "aerialway:capacity": "2200",
        "aerialway:duration": "15",
        "aerialway:occupancy": "26",
        "name": "Eiger Express",
        "network": "V-Bahn",
        "note": "SchrägeLänge=6483, HöhenDiff=1385, Geschw=8m/s, AnzKabinen=44, Pers/Kabine=26",
        "operator": "JB",
        "source": "survey",
        "start_date": "2020",
        "wikidata": "Q109002866",
        "wikipedia": "en:Eiger Express"
      },
      "geometry": {
        "type": "LineString",
        "coordinates": [
          [
            8.0193659,
            46.6243074
          ],
          [
            8.0186102,
            46.6234749
          ],
          [
            8.0149966,
            46.6195386
          ],
          [
            8.0082489,
            46.6119287
          ],
          [
            8.0027256,
            46.6057257
          ],
          [
            7.9885763,
            46.589833
          ],
          [
            7.9846602,
            46.5851814
          ],
          [
            7.9757404,
            46.5754791
          ]
        ]
      },
      "id": "way/799042591"
    },
    {
      "type": "Feature",
      "properties": {
        "@id": "way/817161870",
        "electrified": "no",
        "name": "Allmendhubelbahn",
        "operator": "Schilthornbahn AG",
        "railway": "funicular",
        "start_date": "1999-09-18",
        "usage": "tourism"
      },
      "geometry": {
        "type": "LineString",
        "coordinates": [
          [
            7.8909748,
            46.5621992
          ],
          [
            7.8912474,
            46.5619879
          ],
          [
            7.8914031,
            46.5618476
          ]
        ]
      },
      "id": "way/817161870"
    },
    {
      "type": "Feature",
      "properties": {
        "@id": "way/817161871",
        "bridge": "yes",
        "electrified": "no",
        "layer": "1",
        "name": "Allmendhubelbahn",
        "operator": "Schilthornbahn AG",
        "railway": "funicular",
        "start_date": "1999-09-18",
        "usage": "tourism"
      },
      "geometry": {
        "type": "LineString",
        "coordinates": [
          [
            7.8909139,
            46.56225
          ],
          [
            7.8909748,
            46.5621992
          ]
        ]
      },
      "id": "way/817161871"
    },
    {
      "type": "Feature",
      "properties": {
        "@id": "way/817161872",
        "electrified": "no",
        "name": "Allmendhubelbahn",
        "operator": "Schilthornbahn AG",
        "railway": "funicular",
        "start_date": "1999-09-18",
        "usage": "tourism",
        "wikidata": "Q248117",
        "wikipedia": "en:Allmendhubelbahn"
      },
      "geometry": {
        "type": "LineString",
        "coordinates": [
          [
            7.89146,
            46.5617982
          ],
          [
            7.8927948,
            46.5606398
          ],
          [
            7.8929467,
            46.560509
          ]
        ]
      },
      "id": "way/817161872"
    },
    {
      "type": "Feature",
      "properties": {
        "@id": "way/817161873",
        "bridge": "yes",
        "electrified": "no",
        "layer": "1",
        "name": "Allmendhubelbahn",
        "operator": "Schilthornbahn AG",
        "railway": "funicular",
        "start_date": "1999-09-18",
        "usage": "tourism"
      },
      "geometry": {
        "type": "LineString",
        "coordinates": [
          [
            7.8914031,
            46.5618476
          ],
          [
            7.89146,
            46.5617982
          ]
        ]
      },
      "id": "way/817161873"
    },
    {
      "type": "Feature",
      "properties": {
        "@id": "way/817283008",
        "cycleway:both": "no",
        "highway": "secondary",
        "maxspeed": "50",
        "name": "Grindelwaldstrasse",
        "ref": "221",
        "surface": "asphalt"
      },
      "geometry": {
        "type": "LineString",
        "coordinates": [
          [
            8.0050045,
            46.6302441
          ],
          [
            8.0049267,
            46.6302921
          ],
          [
            8.0048357,
            46.6303415
          ],
          [
            8.0047467,
            46.6303882
          ],
          [
            8.0045832,
            46.6304725
          ],
          [
            8.0043697,
            46.6305861
          ],
          [
            8.0042414,
            46.6306473
          ],
          [
            8.004056,
            46.6307296
          ],
          [
            8.0035925,
            46.6309034
          ]
        ]
      },
      "id": "way/817283008"
    },
    {
      "type": "Feature",
      "properties": {
        "@id": "way/842174313",
        "cycleway:left": "no",
        "cycleway:right": "lane",
        "highway": "primary",
        "lanes": "1",
        "lit": "yes",
        "maxspeed": "50",
        "maxweight": "32",
        "name": "Hauptstrasse",
        "oneway": "yes",
        "parking:both": "no",
        "parking:both:restriction": "no_parking",
        "ref": "6;11",
        "sidewalk": "right",
        "smoothness": "good",
        "surface": "asphalt"
      },
      "geometry": {
        "type": "LineString",
        "coordinates": [
          [
            7.7639445,
            46.6550711
          ],
          [
            7.7640256,
            46.6551189
          ],
          [
            7.7641445,
            46.6551736
          ],
          [
            7.764183,
            46.6551919
          ],
          [
            7.7642815,
            46.6552379
          ],
          [
            7.7643915,
            46.6552855
          ]
        ]
      },
      "id": "way/842174313"
    },
    {
      "type": "Feature",
      "properties": {
        "@id": "way/842174314",
        "highway": "primary",
        "lanes": "1",
        "lit": "yes",
        "maxspeed": "50",
        "maxweight": "32",
        "name": "Hauptstrasse",
        "oneway": "yes",
        "ref": "6;11",
        "sidewalk": "left",
        "smoothness": "good",
        "surface": "asphalt"
      },
      "geometry": {
        "type": "LineString",
        "coordinates": [
          [
            7.7749423,
            46.6548375
          ],
          [
            7.7747086,
            46.6547847
          ],
          [
            7.7743957,
            46.6547035
          ]
        ]
      },
      "id": "way/842174314"
    },
    {
      "type": "Feature",
      "properties": {
        "@id": "way/842174316",
        "highway": "primary",
        "lanes": "2",
        "lanes:forward": "1",
        "lit": "yes",
        "maxspeed": "50",
        "name": "Hauptstrasse",
        "ref": "6;11",
        "sidewalk": "right",
        "smoothness": "good",
        "surface": "asphalt"
      },
      "geometry": {
        "type": "LineString",
        "coordinates": [
          [
            7.7728932,
            46.6545504
          ],
          [
            7.7730537,
            46.6545536
          ]
        ]
      },
      "id": "way/842174316"
    },
    {
      "type": "Feature",
      "properties": {
        "@id": "way/842174320",
        "highway": "primary",
        "lanes": "2",
        "lanes:backward": "1",
        "lanes:forward": "1",
        "lit": "yes",
        "maxspeed": "50",
        "maxweight": "32",
        "name": "Hauptstrasse",
        "oneway": "yes",
        "ref": "6;11",
        "sidewalk": "both",
        "smoothness": "good",
        "surface": "asphalt"
      },
      "geometry": {
        "type": "LineString",
        "coordinates": [
          [
            7.7743957,
            46.6547035
          ],
          [
            7.7743127,
            46.654686
          ]
        ]
      },
      "id": "way/842174320"
    },
    {
      "type": "Feature",
      "properties": {
        "@id": "way/842174323",
        "highway": "primary",
        "lanes": "1",
        "lanes:backward": "1",
        "lanes:forward": "1",
        "lit": "yes",
        "maxspeed": "50",
        "maxweight": "32",
        "name": "Hauptstrasse",
        "oneway": "yes",
        "placement:forward": "middle_of:1",
        "ref": "6;11",
        "sidewalk": "separate",
        "surface": "asphalt"
      },
      "geometry": {
        "type": "LineString",
        "coordinates": [
          [
            7.7741867,
            46.6546654
          ],
          [
            7.7740656,
            46.6546436
          ],
          [
            7.773923,
            46.654627
          ],
          [
            7.7737619,
            46.6546132
          ],
          [
            7.7737084,
            46.6546081
          ]
        ]
      },
      "id": "way/842174323"
    },
    {
      "type": "Feature",
      "properties": {
        "@id": "way/878870001",
        "cycleway:both": "lane",
        "highway": "primary",
        "lanes": "2",
        "lanes:backward": "1",
        "lanes:forward": "1",
        "maxspeed": "50",
        "name": "Lindenallee",
        "ref": "6;11",
        "sidewalk:right": "separate",
        "surface": "asphalt"
      },
      "geometry": {
        "type": "LineString",
        "coordinates": [
          [
            7.8767453,
            46.6884845
          ],
          [
            7.8767087,
            46.6884739
          ],
          [
            7.8766474,
            46.688456
          ],
          [
            7.8766029,
            46.6884463
          ],
          [
            7.8763672,
            46.6884088
          ],
          [
            7.8762469,
            46.6883901
          ],
          [
            7.876089,
            46.6883656
          ]
        ]
      },
      "id": "way/878870001"
    },
    {
      "type": "Feature",
      "properties": {
        "@id": "way/933896000",
        "bicycle": "no",
        "foot": "no",
        "highway": "secondary",
        "lanes": "2",
        "maxspeed": "60",
        "name": "Umfahrung Wilderswil",
        "ref": "221",
        "smoothness": "excellent",
        "start_date": "2023-08-19",
        "surface": "asphalt"
      },
      "geometry": {
        "type": "LineString",
        "coordinates": [
          [
            7.870584,
            46.6700022
          ],
          [
            7.8706694,
            46.6696574
          ],
          [
            7.8710105,
            46.6685452
          ],
          [
            7.8710427,
            46.6683615
          ],
          [
            7.871052,
            46.6681847
          ],
          [
            7.8710293,
            46.6679304
          ]
        ]
      },
      "id": "way/933896000"
    },
    {
      "type": "Feature",
      "properties": {
        "@id": "way/951739463",
        "highway": "tertiary",
        "lane_markings": "no",
        "lanes": "2",
        "maxspeed": "80",
        "maxweight": "32",
        "name": "Krattigenstrasse",
        "name:etymology:wikidata": "Q65953",
        "ref": "1114",
        "smoothness": "good",
        "surface": "asphalt"
      },
      "geometry": {
        "type": "LineString",
        "coordinates": [
          [
            7.7602854,
            46.6537489
          ],
          [
            7.7605587,
            46.6537836
          ],
          [
            7.7610181,
            46.6538144
          ],
          [
            7.7613674,
            46.6538508
          ],
          [
            7.7617402,
            46.6539042
          ],
          [
            7.7621695,
            46.6539903
          ],
          [
            7.7625315,
            46.6540851
          ]
        ]
      },
      "id": "way/951739463"
    },
    {
      "type": "Feature",
      "properties": {
        "@id": "way/954103928",
        "aerialway": "zip_line",
        "fee": "yes",
        "name": "First Glider"
      },
      "geometry": {
        "type": "LineString",
        "coordinates": [
          [
            8.0551337,
            46.6591004
          ],
          [
            8.0641969,
            46.6580175
          ]
        ]
      },
      "id": "way/954103928"
    },
    {
      "type": "Feature",
      "properties": {
        "@id": "way/962015895",
        "cycleway:both": "no",
        "highway": "tertiary",
        "lane_markings": "no",
        "maxspeed": "30",
        "name": "Dorfstrasse",
        "sidewalk": "left",
        "surface": "asphalt"
      },
      "geometry": {
        "type": "LineString",
        "coordinates": [
          [
            8.0362665,
            46.6237563
          ],
          [
            8.0361017,
            46.6238008
          ],
          [
            8.0360243,
            46.6238168
          ],
          [
            8.0359841,
            46.6238211
          ],
          [
            8.0359225,
            46.6238278
          ],
          [
            8.0358401,
            46.6238313
          ],
          [
            8.0355655,
            46.623826
          ],
          [
            8.0354611,
            46.6238312
          ],
          [
            8.0353948,
            46.62384
          ],
          [
            8.0353509,
            46.6238504
          ],
          [
            8.0352916,
            46.6238693
          ],
          [
            8.0352335,
            46.6238967
          ],
          [
            8.0351828,
            46.6239258
          ],
          [
            8.0351269,
            46.6239716
          ],
          [
            8.0350876,
            46.6240105
          ],
          [
            8.0350547,
            46.6240523
          ],
          [
            8.0350226,
            46.6241127
          ],
          [
            8.0349944,
            46.6241659
          ],
          [
            8.0349733,
            46.6241992
          ],
          [
            8.0349369,
            46.6242384
          ],
          [
            8.0348908,
            46.624276
          ]
        ]
      },
      "id": "way/962015895"
    },
    {
      "type": "Feature",
      "properties": {
        "@id": "way/962015897",
        "cycleway:both": "no",
        "highway": "tertiary",
        "lane_markings": "no",
        "maxspeed": "30",
        "name": "Dorfstrasse",
        "surface": "asphalt"
      },
      "geometry": {
        "type": "LineString",
        "coordinates": [
          [
            8.0418419,
            46.6241958
          ],
          [
            8.0417118,
            46.6241907
          ],
          [
            8.0415981,
            46.6241816
          ],
          [
            8.0414908,
            46.6241599
          ],
          [
            8.0413899,
            46.6241316
          ],
          [
            8.0413131,
            46.6241008
          ],
          [
            8.0412562,
            46.6240701
          ],
          [
            8.0412156,
            46.624043
          ],
          [
            8.0409572,
            46.6238497
          ],
          [
            8.0408878,
            46.6238063
          ],
          [
            8.0407976,
            46.6237556
          ],
          [
            8.0406957,
            46.6237056
          ],
          [
            8.0405698,
            46.6236621
          ]
        ]
      },
      "id": "way/962015897"
    },
    {
      "type": "Feature",
      "properties": {
        "@id": "way/962399224",
        "bridge": "yes",
        "cycleway": "no",
        "highway": "tertiary",
        "lanes": "2",
        "layer": "1",
        "maxspeed": "80",
        "name": "Dorfstrasse",
        "surface": "asphalt"
      },
      "geometry": {
        "type": "LineString",
        "coordinates": [
          [
            7.820748,
            46.6601994
          ],
          [
            7.8208265,
            46.6602502
          ],
          [
            7.8208828,
            46.6602896
          ],
          [
            7.8209362,
            46.6603302
          ],
          [
            7.8209904,
            46.6603743
          ],
          [
            7.8211474,
            46.6605144
          ],
          [
            7.8212687,
            46.6606232
          ]
        ]
      },
      "id": "way/962399224"
    },
    {
      "type": "Feature",
      "properties": {
        "@id": "way/964013372",
        "bicycle": "no",
        "foot": "no",
        "highway": "secondary",
        "lanes": "2",
        "maxspeed": "60",
        "name": "Umfahrung Wilderswil",
        "ref": "221",
        "start_date": "2023-08-19",
        "surface": "asphalt"
      },
      "geometry": {
        "type": "LineString",
        "coordinates": [
          [
            7.8688715,
            46.6601307
          ],
          [
            7.8687855,
            46.6594061
          ],
          [
            7.8687761,
            46.6593264
          ],
          [
            7.8687661,
            46.6591633
          ],
          [
            7.868764,
            46.6590044
          ],
          [
            7.8687744,
            46.6588345
          ],
          [
            7.8688011,
            46.6586352
          ],
          [
            7.8688925,
            46.658134
          ],
          [
            7.8689148,
            46.6579529
          ],
          [
            7.8689193,
            46.6578068
          ],
          [
            7.8689032,
            46.657654
          ],
          [
            7.8688704,
            46.6575149
          ],
          [
            7.8688229,
            46.6573821
          ],
          [
            7.8687576,
            46.6572522
          ],
          [
            7.8686714,
            46.6571053
          ],
          [
            7.8685783,
            46.6569919
          ],
          [
            7.8684644,
            46.6568665
          ],
          [
            7.868198,
            46.6566246
          ]
        ]
      },
      "id": "way/964013372"
    },
    {
      "type": "Feature",
      "properties": {
        "@id": "way/964014085",
        "bicycle": "no",
        "foot": "no",
        "highway": "secondary",
        "horse": "no",
        "lanes": "2",
        "layer": "-1",
        "maxspeed": "60",
        "name": "Umfahrung Wilderswil",
        "ref": "221",
        "start_date": "2023-08-19",
        "surface": "asphalt",
        "tunnel": "yes"
      },
      "geometry": {
        "type": "LineString",
        "coordinates": [
          [
            7.8710293,
            46.6679304
          ],
          [
            7.8710022,
            46.667772
          ],
          [
            7.8709571,
            46.667604
          ],
          [
            7.8703852,
            46.6660713
          ],
          [
            7.8702652,
            46.6657466
          ],
          [
            7.8702108,
            46.6655498
          ],
          [
            7.870185,
            46.6654074
          ],
          [
            7.8701805,
            46.6652485
          ],
          [
            7.8701902,
            46.6650591
          ],
          [
            7.8702344,
            46.66478
          ],
          [
            7.8702872,
            46.6644951
          ],
          [
            7.8703271,
            46.6642156
          ],
          [
            7.8703416,
            46.663977
          ],
          [
            7.8703316,
            46.6637179
          ],
          [
            7.8703086,
            46.6635177
          ],
          [
            7.8702693,
            46.6633278
          ],
          [
            7.8702045,
            46.6631286
          ],
          [
            7.870096,
            46.6628722
          ]
        ]
      },
      "id": "way/964014085"
    },
    {
      "type": "Feature",
      "properties": {
        "@id": "way/964014086",
        "bicycle": "no",
        "foot": "no",
        "highway": "secondary",
        "lanes": "2",
        "name": "Umfahrung Wilderswil",
        "ref": "221",
        "start_date": "2023-08-19",
        "surface": "asphalt"
      },
      "geometry": {
        "type": "LineString",
        "coordinates": [
          [
            7.8674841,
            46.6560339
          ],
          [
            7.8673948,
            46.6559478
          ],
          [
            7.8673196,
            46.6558581
          ],
          [
            7.8672866,
            46.6558314
          ]
        ]
      },
      "id": "way/964014086"
    },
    {
      "type": "Feature",
      "properties": {
        "@id": "way/964014087",
        "bicycle": "no",
        "bridge": "yes",
        "foot": "no",
        "highway": "secondary",
        "lanes": "2",
        "layer": "1",
        "maxspeed": "60",
        "name": "Umfahrung Wilderswil",
        "ref": "221",
        "start_date": "2023-08-19",
        "surface": "asphalt"
      },
      "geometry": {
        "type": "LineString",
        "coordinates": [
          [
            7.868198,
            46.6566246
          ],
          [
            7.8674841,
            46.6560339
          ]
        ]
      },
      "id": "way/964014087"
    },
    {
      "type": "Feature",
      "properties": {
        "@id": "way/964014088",
        "bicycle": "no",
        "foot": "no",
        "highway": "secondary",
        "lanes": "2",
        "maxspeed": "60",
        "name": "Umfahrung Wilderswil",
        "ref": "221",
        "start_date": "2023-08-19",
        "surface": "asphalt"
      },
      "geometry": {
        "type": "LineString",
        "coordinates": [
          [
            7.870096,
            46.6628722
          ],
          [
            7.8700489,
            46.6627816
          ],
          [
            7.8699966,
            46.6626883
          ],
          [
            7.8699461,
            46.6626074
          ],
          [
            7.869893,
            46.6625273
          ],
          [
            7.8698275,
            46.6624366
          ],
          [
            7.8697453,
            46.6623285
          ],
          [
            7.8696934,
            46.6622644
          ],
          [
            7.8695863,
            46.6621324
          ],
          [
            7.8694483,
            46.6619579
          ],
          [
            7.869377,
            46.6618635
          ],
          [
            7.8693162,
            46.6617786
          ],
          [
            7.8692547,
            46.6616842
          ],
          [
            7.8692029,
            46.661595
          ],
          [
            7.8691638,
            46.6615205
          ],
          [
            7.8691296,
            46.6614507
          ],
          [
            7.8690937,
            46.661367
          ],
          [
            7.8690641,
            46.6612886
          ],
          [
            7.8690415,
            46.66122
          ],
          [
            7.8690142,
            46.6611194
          ],
          [
            7.8689887,
            46.6610097
          ],
          [
            7.8689599,
            46.6608267
          ]
        ]
      },
      "id": "way/964014088"
    },
    {
      "type": "Feature",
      "properties": {
        "@id": "way/964014089",
        "bicycle": "no",
        "bridge": "yes",
        "foot": "no",
        "highway": "secondary",
        "lanes": "2",
        "layer": "1",
        "maxspeed": "60",
        "name": "Umfahrung Wilderswil",
        "ref": "221",
        "start_date": "2023-08-19",
        "surface": "asphalt"
      },
      "geometry": {
        "type": "LineString",
        "coordinates": [
          [
            7.8689599,
            46.6608267
          ],
          [
            7.8688715,
            46.6601307
          ]
        ]
      },
      "id": "way/964014089"
    },
    {
      "type": "Feature",
      "properties": {
        "@id": "way/967535381",
        "highway": "tertiary",
        "lanes": "1",
        "lanes:backward": "1",
        "maxspeed": "50",
        "maxweight": "32",
        "name": "Krattigstrasse",
        "oneway": "yes",
        "parking:both": "no",
        "ref": "1114",
        "sidewalk": "right",
        "smoothness": "excellent",
        "surface": "asphalt"
      },
      "geometry": {
        "type": "LineString",
        "coordinates": [
          [
            7.763581,
            46.6544083
          ],
          [
            7.7636106,
            46.6544322
          ],
          [
            7.7636405,
            46.6544643
          ],
          [
            7.7636684,
            46.654496
          ],
          [
            7.7636932,
            46.6545241
          ],
          [
            7.763717,
            46.6545553
          ],
          [
            7.763738,
            46.6545973
          ],
          [
            7.7637779,
            46.6547708
          ],
          [
            7.7638075,
            46.6548689
          ]
        ]
      },
      "id": "way/967535381"
    },
    {
      "type": "Feature",
      "properties": {
        "@id": "way/967535391",
        "highway": "primary",
        "lanes": "1",
        "maxspeed": "60",
        "name": "Hauptstrasse",
        "oneway": "yes",
        "ref": "6;11",
        "sidewalk": "right",
        "surface": "asphalt"
      },
      "geometry": {
        "type": "LineString",
        "coordinates": [
          [
            7.7638075,
            46.6548689
          ],
          [
            7.763848,
            46.6549624
          ],
          [
            7.7638752,
            46.6550029
          ],
          [
            7.7639445,
            46.6550711
          ]
        ]
      },
      "id": "way/967535391"
    },
    {
      "type": "Feature",
      "properties": {
        "@id": "way/967617218",
        "bridge": "yes",
        "cycleway:both": "lane",
        "cycleway:both:lane": "advisory",
        "highway": "primary",
        "lane_markings": "no",
        "lanes": "2",
        "layer": "1",
        "lit": "yes",
        "maxspeed": "50",
        "maxweight": "32",
        "name": "Hauptstrasse",
        "ref": "6;11",
        "sidewalk": "right",
        "smoothness": "good",
        "surface": "asphalt"
      },
      "geometry": {
        "type": "LineString",
        "coordinates": [
          [
            7.7726497,
            46.6545443
          ],
          [
            7.7728932,
            46.6545504
          ]
        ]
      },
      "id": "way/967617218"
    },
    {
      "type": "Feature",
      "properties": {
        "@id": "way/967630675",
        "bridge": "yes",
        "cycleway:left": "lane",
        "highway": "primary",
        "lanes": "2",
        "layer": "1",
        "maxspeed": "50",
        "maxweight": "32",
        "name": "Hauptstrasse",
        "oneway": "no",
        "ref": "6;11",
        "surface": "asphalt"
      },
      "geometry": {
        "type": "LineString",
        "coordinates": [
          [
            7.7849578,
            46.6572025
          ],
          [
            7.7848362,
            46.6571821
          ]
        ]
      },
      "id": "way/967630675"
    },
    {
      "type": "Feature",
      "properties": {
        "@id": "way/967869244",
        "cycleway:both": "lane",
        "cycleway:both:lane": "advisory",
        "highway": "secondary",
        "maxspeed": "60",
        "name": "Gsteigstrasse",
        "oneway": "yes",
        "ref": "221",
        "surface": "asphalt"
      },
      "geometry": {
        "type": "LineString",
        "coordinates": [
          [
            7.8678942,
            46.6717276
          ],
          [
            7.8678711,
            46.671754
          ],
          [
            7.8678509,
            46.6717797
          ],
          [
            7.867833,
            46.6718089
          ],
          [
            7.8678184,
            46.6718387
          ]
        ]
      },
      "id": "way/967869244"
    },
    {
      "type": "Feature",
      "properties": {
        "@id": "way/967869245",
        "bridge": "yes",
        "highway": "secondary",
        "layer": "1",
        "maxspeed": "60",
        "name": "Gsteigstrasse",
        "oneway": "yes",
        "surface": "asphalt"
      },
      "geometry": {
        "type": "LineString",
        "coordinates": [
          [
            7.8675675,
            46.6722085
          ],
          [
            7.8677386,
            46.6718215
          ]
        ]
      },
      "id": "way/967869245"
    },
    {
      "type": "Feature",
      "properties": {
        "@id": "way/967869246",
        "highway": "secondary",
        "maxspeed": "60",
        "name": "Gsteigstrasse",
        "oneway": "yes",
        "surface": "asphalt"
      },
      "geometry": {
        "type": "LineString",
        "coordinates": [
          [
            7.8677386,
            46.6718215
          ],
          [
            7.8677467,
            46.6717927
          ],
          [
            7.867754,
            46.6717638
          ],
          [
            7.8677533,
            46.6717298
          ],
          [
            7.8677503,
            46.6716932
          ]
        ]
      },
      "id": "way/967869246"
    },
    {
      "type": "Feature",
      "properties": {
        "@id": "way/967869247",
        "highway": "secondary",
        "maxspeed": "60",
        "name": "Gsteigstrasse",
        "oneway": "yes",
        "surface": "asphalt"
      },
      "geometry": {
        "type": "LineString",
        "coordinates": [
          [
            7.8673634,
            46.6727545
          ],
          [
            7.8674145,
            46.6725463
          ],
          [
            7.8675675,
            46.6722085
          ]
        ]
      },
      "id": "way/967869247"
    },
    {
      "type": "Feature",
      "properties": {
        "@id": "way/967869248",
        "cycleway:right": "no",
        "highway": "secondary",
        "junction": "roundabout",
        "lanes": "1",
        "maxspeed": "60",
        "name": "Gsteigstrasse",
        "oneway": "yes",
        "ref": "221",
        "source": "survey;gps",
        "surface": "asphalt"
      },
      "geometry": {
        "type": "LineString",
        "coordinates": [
          [
            7.8677503,
            46.6716932
          ],
          [
            7.8677248,
            46.6716737
          ],
          [
            7.8677105,
            46.6716571
          ],
          [
            7.8676962,
            46.6716359
          ],
          [
            7.8676907,
            46.6716147
          ],
          [
            7.8676893,
            46.671585
          ],
          [
            7.8676932,
            46.6715528
          ],
          [
            7.8677061,
            46.6715276
          ],
          [
            7.867726,
            46.6715028
          ],
          [
            7.8677489,
            46.6714795
          ],
          [
            7.8677802,
            46.6714589
          ],
          [
            7.8678162,
            46.6714413
          ],
          [
            7.8678608,
            46.6714292
          ]
        ]
      },
      "id": "way/967869248"
    },
    {
      "type": "Feature",
      "properties": {
        "@id": "way/967869249",
        "cycleway:right": "no",
        "highway": "secondary",
        "junction": "roundabout",
        "lanes": "1",
        "maxspeed": "60",
        "name": "Gsteigstrasse",
        "oneway": "yes",
        "ref": "221",
        "source": "survey;gps",
        "surface": "asphalt"
      },
      "geometry": {
        "type": "LineString",
        "coordinates": [
          [
            7.8680055,
            46.6716884
          ],
          [
            7.8679765,
            46.6717063
          ],
          [
            7.8679563,
            46.6717162
          ],
          [
            7.8679269,
            46.6717243
          ],
          [
            7.8678942,
            46.6717276
          ]
        ]
      },
      "id": "way/967869249"
    },
    {
      "type": "Feature",
      "properties": {
        "@id": "way/967869250",
        "cycleway:right": "no",
        "highway": "secondary",
        "junction": "roundabout",
        "lanes": "1",
        "maxspeed": "60",
        "name": "Gsteigstrasse",
        "oneway": "yes",
        "ref": "221",
        "source": "survey;gps",
        "surface": "asphalt"
      },
      "geometry": {
        "type": "LineString",
        "coordinates": [
          [
            7.868026,
            46.6714633
          ],
          [
            7.8680468,
            46.6714813
          ],
          [
            7.8680648,
            46.6715035
          ]
        ]
      },
      "id": "way/967869250"
    },
    {
      "type": "Feature",
      "properties": {
        "@id": "way/967869251",
        "cycleway:both": "no",
        "highway": "tertiary",
        "lanes": "2",
        "maxspeed": "60",
        "name": "Gsteigstrasse",
        "oneway": "yes",
        "surface": "asphalt"
      },
      "geometry": {
        "type": "LineString",
        "coordinates": [
          [
            7.8678608,
            46.6714292
          ],
          [
            7.8678838,
            46.6714058
          ],
          [
            7.8679149,
            46.6713701
          ],
          [
            7.867948,
            46.6713233
          ],
          [
            7.868018,
            46.6712276
          ]
        ]
      },
      "id": "way/967869251"
    },
    {
      "type": "Feature",
      "properties": {
        "@id": "way/967869252",
        "cycleway:both": "no",
        "highway": "tertiary",
        "lanes": "2",
        "maxspeed": "60",
        "name": "Gsteigstrasse",
        "oneway": "yes",
        "surface": "asphalt"
      },
      "geometry": {
        "type": "LineString",
        "coordinates": [
          [
            7.868018,
            46.6712276
          ],
          [
            7.8680046,
            46.6713242
          ],
          [
            7.8680022,
            46.6713702
          ],
          [
            7.8680026,
            46.6714021
          ],
          [
            7.8680117,
            46.6714303
          ],
          [
            7.868026,
            46.6714633
          ]
        ]
      },
      "id": "way/967869252"
    },
    {
      "type": "Feature",
      "properties": {
        "@id": "way/967869253",
        "cycleway:right": "no",
        "highway": "secondary",
        "junction": "roundabout",
        "lanes": "1",
        "maxspeed": "60",
        "name": "Gsteigstrasse",
        "oneway": "yes",
        "ref": "221",
        "source": "survey;gps",
        "surface": "asphalt"
      },
      "geometry": {
        "type": "LineString",
        "coordinates": [
          [
            7.8678608,
            46.6714292
          ],
          [
            7.8678969,
            46.6714242
          ],
          [
            7.8679306,
            46.6714256
          ],
          [
            7.8679701,
            46.6714348
          ],
          [
            7.8679986,
            46.6714449
          ],
          [
            7.868026,
            46.6714633
          ]
        ]
      },
      "id": "way/967869253"
    },
    {
      "type": "Feature",
      "properties": {
        "@id": "way/967979172",
        "cycleway:right": "lane",
        "cycleway:right:lane": "advisory",
        "destination": "Beatenberg;Habkern;Unterseen;Spital",
        "destination:symbol": "tent_site",
        "highway": "secondary",
        "lanes": "1",
        "maxspeed": "60",
        "name": "Seestrasse",
        "oneway": "yes",
        "ref": "221",
        "surface": "asphalt"
      },
      "geometry": {
        "type": "LineString",
        "coordinates": [
          [
            7.8244654,
            46.6800934
          ],
          [
            7.8244444,
            46.6801377
          ],
          [
            7.824443,
            46.6801681
          ],
          [
            7.8244483,
            46.6802013
          ],
          [
            7.8244654,
            46.6802357
          ],
          [
            7.8244895,
            46.6802676
          ],
          [
            7.8245307,
            46.6803075
          ],
          [
            7.8246703,
            46.6804159
          ]
        ]
      },
      "id": "way/967979172"
    },
    {
      "type": "Feature",
      "properties": {
        "@id": "way/967979173",
        "highway": "secondary",
        "lanes": "1",
        "maxspeed": "60",
        "name": "Seestrasse",
        "oneway": "yes",
        "ref": "221",
        "sidewalk:left": "no",
        "sidewalk:right": "yes",
        "surface": "asphalt"
      },
      "geometry": {
        "type": "LineString",
        "coordinates": [
          [
            7.8246703,
            46.6804159
          ],
          [
            7.824533,
            46.6803601
          ],
          [
            7.8244764,
            46.6803206
          ],
          [
            7.8244286,
            46.6802838
          ],
          [
            7.8243261,
            46.680178
          ],
          [
            7.8243068,
            46.6801586
          ],
          [
            7.8242584,
            46.6801102
          ]
        ]
      },
      "id": "way/967979173"
    },
    {
      "type": "Feature",
      "properties": {
        "@id": "way/967979175",
        "destination": "Gunten;Niederhorn;St.Beatus-Höhlen",
        "destination:symbol": "aerialway;covered_parking;golf_court;tent_site",
        "highway": "secondary",
        "lanes": "1",
        "maxspeed": "60",
        "name": "Seestrasse",
        "oneway": "yes",
        "ref": "221",
        "sidewalk:left": "no",
        "sidewalk:right": "yes",
        "source:maxspeed": "sign",
        "surface": "asphalt"
      },
      "geometry": {
        "type": "LineString",
        "coordinates": [
          [
            7.8242284,
            46.6800858
          ],
          [
            7.8242067,
            46.6800815
          ],
          [
            7.8241617,
            46.6800803
          ],
          [
            7.8241165,
            46.6800809
          ],
          [
            7.824054,
            46.6800846
          ],
          [
            7.8236597,
            46.6801067
          ],
          [
            7.8234247,
            46.6801042
          ]
        ]
      },
      "id": "way/967979175"
    },
    {
      "type": "Feature",
      "properties": {
        "@id": "way/967979176",
        "highway": "secondary",
        "lanes": "1",
        "maxspeed": "60",
        "name": "Seestrasse",
        "oneway": "yes",
        "ref": "221",
        "source:maxspeed": "sign",
        "surface": "asphalt"
      },
      "geometry": {
        "type": "LineString",
        "coordinates": [
          [
            7.8234247,
            46.6801042
          ],
          [
            7.8236529,
            46.6800673
          ],
          [
            7.8240394,
            46.6800289
          ],
          [
            7.8241217,
            46.6800208
          ],
          [
            7.8241622,
            46.6800117
          ],
          [
            7.8242002,
            46.6799981
          ],
          [
            7.8242325,
            46.6799815
          ]
        ]
      },
      "id": "way/967979176"
    },
    {
      "type": "Feature",
      "properties": {
        "@id": "way/968675414",
        "covered": "yes",
        "electrified": "no",
        "name": "Harderbahn",
        "railway": "funicular"
      },
      "geometry": {
        "type": "LineString",
        "coordinates": [
          [
            7.8551125,
            46.698208
          ],
          [
            7.8550013,
            46.6982324
          ]
        ]
      },
      "id": "way/968675414"
    },
    {
      "type": "Feature",
      "properties": {
        "@id": "way/968679366",
        "electrified": "no",
        "name": "Harderbahn",
        "railway": "funicular"
      },
      "geometry": {
        "type": "LineString",
        "coordinates": [
          [
            7.8653993,
            46.6911314
          ],
          [
            7.8653904,
            46.6912071
          ]
        ]
      },
      "id": "way/968679366"
    },
    {
      "type": "Feature",
      "properties": {
        "@id": "way/984370331",
        "cycleway:right": "lane",
        "highway": "primary",
        "lanes": "2",
        "maxspeed": "50",
        "maxweight": "32",
        "name": "Hauptstrasse",
        "ref": "6;11",
        "surface": "asphalt"
      },
      "geometry": {
        "type": "LineString",
        "coordinates": [
          [
            7.7847823,
            46.6571741
          ],
          [
            7.7848362,
            46.6571821
          ]
        ]
      },
      "id": "way/984370331"
    },
    {
      "type": "Feature",
      "properties": {
        "@id": "way/1015986916",
        "highway": "tertiary",
        "lanes": "2",
        "maxspeed": "30",
        "name": "Dorfstrasse",
        "oneway": "no",
        "surface": "asphalt"
      },
      "geometry": {
        "type": "LineString",
        "coordinates": [
          [
            7.8107954,
            46.6617147
          ],
          [
            7.8108966,
            46.6616703
          ],
          [
            7.8109794,
            46.6616306
          ],
          [
            7.8111861,
            46.6615271
          ],
          [
            7.8113925,
            46.6613922
          ],
          [
            7.8119965,
            46.6609964
          ]
        ]
      },
      "id": "way/1015986916"
    },
    {
      "type": "Feature",
      "properties": {
        "@id": "way/1015986917",
        "bridge": "yes",
        "highway": "tertiary",
        "lanes": "2",
        "layer": "1",
        "maxspeed": "50",
        "name": "Dorfstrasse",
        "oneway": "no",
        "surface": "asphalt"
      },
      "geometry": {
        "type": "LineString",
        "coordinates": [
          [
            7.8119965,
            46.6609964
          ],
          [
            7.8120497,
            46.6609616
          ]
        ]
      },
      "id": "way/1015986917"
    },
    {
      "type": "Feature",
      "properties": {
        "@id": "way/1015987953",
        "cycleway": "no",
        "highway": "tertiary",
        "lanes": "2",
        "maxspeed": "80",
        "name": "Dorfstrasse",
        "surface": "asphalt"
      },
      "geometry": {
        "type": "LineString",
        "coordinates": [
          [
            7.8212687,
            46.6606232
          ],
          [
            7.8213665,
            46.6607168
          ]
        ]
      },
      "id": "way/1015987953"
    },
    {
      "type": "Feature",
      "properties": {
        "@id": "way/1017598885",
        "highway": "secondary",
        "lanes": "2",
        "lit": "no",
        "maxspeed": "50",
        "name": "Seestrasse",
        "ref": "221",
        "sidewalk:left": "no",
        "sidewalk:right": "yes",
        "smoothness": "excellent",
        "source:maxspeed": "sign",
        "surface": "asphalt"
      },
      "geometry": {
        "type": "LineString",
        "coordinates": [
          [
            7.8197552,
            46.6795974
          ],
          [
            7.8193066,
            46.6795031
          ]
        ]
      },
      "id": "way/1017598885"
    },
    {
      "type": "Feature",
      "properties": {
        "@id": "way/1017598888",
        "destination:forward": "Beatenberg;Habkern;Unterseen",
        "highway": "secondary",
        "lanes": "2",
        "maxspeed": "60",
        "name": "Seestrasse",
        "ref": "221",
        "sidewalk:left": "yes",
        "sidewalk:right": "no",
        "surface": "asphalt"
      },
      "geometry": {
        "type": "LineString",
        "coordinates": [
          [
            7.8246703,
            46.6804159
          ],
          [
            7.8247348,
            46.6804461
          ],
          [
            7.8248632,
            46.6804951
          ],
          [
            7.82493,
            46.6805156
          ],
          [
            7.8250872,
            46.6805529
          ],
          [
            7.8252978,
            46.6805791
          ],
          [
            7.8255305,
            46.6805918
          ],
          [
            7.8255483,
            46.6805923
          ],
          [
            7.8257863,
            46.6806
          ],
          [
            7.8261489,
            46.6806105
          ],
          [
            7.8261895,
            46.6806117
          ],
          [
            7.8263124,
            46.6806155
          ],
          [
            7.8264352,
            46.6806193
          ],
          [
            7.8266849,
            46.6806293
          ],
          [
            7.826881,
            46.6806412
          ]
        ]
      },
      "id": "way/1017598888"
    },
    {
      "type": "Feature",
      "properties": {
        "@id": "way/1080622242",
        "highway": "tertiary",
        "maxspeed": "50",
        "name": "Dorfstrasse",
        "surface": "asphalt"
      },
      "geometry": {
        "type": "LineString",
        "coordinates": [
          [
            7.8050881,
            46.6640811
          ],
          [
            7.8053963,
            46.6640115
          ],
          [
            7.8056494,
            46.663942
          ],
          [
            7.805907,
            46.6638835
          ]
        ]
      },
      "id": "way/1080622242"
    },
    {
      "type": "Feature",
      "properties": {
        "@id": "way/1081572731",
        "cycleway": "no",
        "highway": "tertiary",
        "lanes": "2",
        "maxspeed": "80",
        "name": "Dorfstrasse",
        "surface": "asphalt"
      },
      "geometry": {
        "type": "LineString",
        "coordinates": [
          [
            7.8190528,
            46.659889
          ],
          [
            7.8194769,
            46.6599128
          ],
          [
            7.8196739,
            46.6599247
          ],
          [
            7.8198042,
            46.6599377
          ],
          [
            7.8199355,
            46.6599573
          ],
          [
            7.8200675,
            46.6599809
          ],
          [
            7.8202042,
            46.6600101
          ],
          [
            7.8203934,
            46.6600595
          ],
          [
            7.8205153,
            46.6600955
          ],
          [
            7.8206163,
            46.6601371
          ],
          [
            7.820748,
            46.6601994
          ]
        ]
      },
      "id": "way/1081572731"
    },
    {
      "type": "Feature",
      "properties": {
        "@id": "way/1081572732",
        "bridge": "yes",
        "cycleway": "no",
        "highway": "tertiary",
        "lanes": "2",
        "layer": "1",
        "maxspeed": "80",
        "name": "Dorfstrasse",
        "surface": "asphalt"
      },
      "geometry": {
        "type": "LineString",
        "coordinates": [
          [
            7.8189705,
            46.6598844
          ],
          [
            7.8190528,
            46.659889
          ]
        ]
      },
      "id": "way/1081572732"
    },
    {
      "type": "Feature",
      "properties": {
        "@id": "way/1081594953",
        "cycleway:both": "no",
        "highway": "tertiary",
        "lanes": "2",
        "lit": "yes",
        "maxspeed": "50",
        "name": "Hauptstrasse",
        "oneway": "no",
        "sidewalk": "right",
        "surface": "asphalt",
        "traffic_calming": "table"
      },
      "geometry": {
        "type": "LineString",
        "coordinates": [
          [
            7.8690987,
            46.6647329
          ],
          [
            7.8691318,
            46.6646699
          ],
          [
            7.8691657,
            46.6646124
          ],
          [
            7.8692433,
            46.664518
          ],
          [
            7.8693431,
            46.6644019
          ]
        ]
      },
      "id": "way/1081594953"
    },
    {
      "type": "Feature",
      "properties": {
        "@id": "way/1081594954",
        "cycleway:both": "no",
        "highway": "tertiary",
        "lanes": "2",
        "lit": "yes",
        "maxspeed": "50",
        "name": "Hauptstrasse",
        "oneway": "no",
        "sidewalk": "right",
        "surface": "asphalt"
      },
      "geometry": {
        "type": "LineString",
        "coordinates": [
          [
            7.8693431,
            46.6644019
          ],
          [
            7.8695705,
            46.6641576
          ],
          [
            7.8697276,
            46.6639902
          ],
          [
            7.8698225,
            46.6638934
          ],
          [
            7.8698869,
            46.6638237
          ],
          [
            7.8699394,
            46.6637603
          ],
          [
            7.8699656,
            46.6637217
          ],
          [
            7.869989,
            46.6636737
          ],
          [
            7.8699979,
            46.6636371
          ],
          [
            7.8699968,
            46.6635973
          ],
          [
            7.8699916,
            46.663566
          ],
          [
            7.8699763,
            46.6635291
          ],
          [
            7.8699555,
            46.6635
          ],
          [
            7.8699334,
            46.6634758
          ],
          [
            7.8699084,
            46.6634572
          ],
          [
            7.8698848,
            46.6634397
          ],
          [
            7.8698433,
            46.6634157
          ]
        ]
      },
      "id": "way/1081594954"
    },
    {
      "type": "Feature",
      "properties": {
        "@id": "way/1081881563",
        "cycleway:both": "no",
        "highway": "tertiary",
        "lanes": "1",
        "maxspeed": "80",
        "name": "Grenchenstrasse",
        "oneway": "yes",
        "smoothness": "good",
        "surface": "asphalt"
      },
      "geometry": {
        "type": "LineString",
        "coordinates": [
          [
            7.8667632,
            46.6556712
          ],
          [
            7.8667881,
            46.6556247
          ],
          [
            7.8668568,
            46.6555891
          ],
          [
            7.8669267,
            46.6555511
          ],
          [
            7.8669695,
            46.6555324
          ]
        ]
      },
      "id": "way/1081881563"
    },
    {
      "type": "Feature",
      "properties": {
        "@id": "way/1081881564",
        "cycleway:both": "no",
        "highway": "tertiary",
        "lanes": "1",
        "maxspeed": "80",
        "name": "Grenchenstrasse",
        "oneway": "yes",
        "smoothness": "good",
        "surface": "asphalt"
      },
      "geometry": {
        "type": "LineString",
        "coordinates": [
          [
            7.8670185,
            46.655638
          ],
          [
            7.8669789,
            46.6556419
          ],
          [
            7.8668973,
            46.6556517
          ],
          [
            7.8668342,
            46.6556651
          ],
          [
            7.8667632,
            46.6556712
          ]
        ]
      },
      "id": "way/1081881564"
    },
    {
      "type": "Feature",
      "properties": {
        "@id": "way/1081881565",
        "bicycle": "no",
        "foot": "no",
        "highway": "secondary",
        "lanes": "1",
        "maxspeed": "60",
        "name": "Umfahrung Wilderswil",
        "oneway": "yes",
        "ref": "221",
        "smoothness": "good",
        "source": "survey 07.2022 and Swiss Image",
        "start_date": "2023-08-19",
        "surface": "asphalt"
      },
      "geometry": {
        "type": "LineString",
        "coordinates": [
          [
            7.8672468,
            46.6556309
          ],
          [
            7.8672468,
            46.6556699
          ],
          [
            7.8672529,
            46.6557109
          ],
          [
            7.8672729,
            46.6557746
          ],
          [
            7.8672866,
            46.6558314
          ]
        ]
      },
      "id": "way/1081881565"
    },
    {
      "type": "Feature",
      "properties": {
        "@id": "way/1081881566",
        "bicycle": "no",
        "foot": "no",
        "highway": "secondary",
        "lanes": "1",
        "maxspeed": "60",
        "name": "Umfahrung Wilderswil",
        "oneway": "yes",
        "ref": "221",
        "smoothness": "good",
        "source": "survey 07.2022 and Swiss Image",
        "start_date": "2023-08-19",
        "surface": "asphalt"
      },
      "geometry": {
        "type": "LineString",
        "coordinates": [
          [
            7.8672866,
            46.6558314
          ],
          [
            7.8672222,
            46.6557893
          ],
          [
            7.8671764,
            46.6557402
          ],
          [
            7.8671338,
            46.6556955
          ],
          [
            7.8671083,
            46.6556662
          ]
        ]
      },
      "id": "way/1081881566"
    },
    {
      "type": "Feature",
      "properties": {
        "@id": "way/1081881567",
        "cycleway:both": "no",
        "highway": "secondary",
        "lanes": "2",
        "maxspeed": "80",
        "name": "Staatsstrasse",
        "oneway": "no",
        "ref": "221",
        "source": "survey 07.2022 and Swiss Image",
        "surface": "asphalt"
      },
      "geometry": {
        "type": "LineString",
        "coordinates": [
          [
            7.8670922,
            46.6552621
          ],
          [
            7.8670984,
            46.6552003
          ],
          [
            7.8671099,
            46.655138
          ]
        ]
      },
      "id": "way/1081881567"
    },
    {
      "type": "Feature",
      "properties": {
        "@id": "way/1081881568",
        "cycleway:both": "no",
        "highway": "secondary",
        "lanes": "1",
        "maxspeed": "80",
        "name": "Grenchenstrasse",
        "oneway": "yes",
        "ref": "221",
        "smoothness": "good",
        "source": "survey 07.2022 and Swiss Image",
        "surface": "asphalt"
      },
      "geometry": {
        "type": "LineString",
        "coordinates": [
          [
            7.867011,
            46.6554791
          ],
          [
            7.8670162,
            46.6554406
          ],
          [
            7.8670394,
            46.6553816
          ],
          [
            7.8670505,
            46.6553258
          ],
          [
            7.8670922,
            46.6552621
          ]
        ]
      },
      "id": "way/1081881568"
    },
    {
      "type": "Feature",
      "properties": {
        "@id": "way/1081881569",
        "cycleway:both": "no",
        "highway": "secondary",
        "lanes": "1",
        "maxspeed": "80",
        "name": "Grenchenstrasse",
        "oneway": "yes",
        "ref": "221",
        "smoothness": "good",
        "source": "survey 07.2022 and Swiss Image",
        "surface": "asphalt"
      },
      "geometry": {
        "type": "LineString",
        "coordinates": [
          [
            7.8670922,
            46.6552621
          ],
          [
            7.8671222,
            46.655337
          ],
          [
            7.8671542,
            46.6554157
          ],
          [
            7.8671904,
            46.6554539
          ]
        ]
      },
      "id": "way/1081881569"
    },
    {
      "type": "Feature",
      "properties": {
        "@id": "way/1081881570",
        "cycleway:both": "no",
        "highway": "tertiary",
        "lanes": "2",
        "maxspeed": "80",
        "name": "Grenchenstrasse",
        "oneway": "no",
        "surface": "asphalt"
      },
      "geometry": {
        "type": "LineString",
        "coordinates": [
          [
            7.8666447,
            46.6557606
          ],
          [
            7.8666613,
            46.6557443
          ],
          [
            7.8666786,
            46.6557277
          ],
          [
            7.8666972,
            46.6557133
          ],
          [
            7.8667164,
            46.6557
          ],
          [
            7.8667378,
            46.6556858
          ],
          [
            7.8667632,
            46.6556712
          ]
        ]
      },
      "id": "way/1081881570"
    },
    {
      "type": "Feature",
      "properties": {
        "@id": "way/1081881571",
        "cycleway:both": "no",
        "highway": "secondary",
        "junction": "roundabout",
        "lanes": "1",
        "maxspeed": "80",
        "name": "Grenchenstrasse",
        "ref": "221",
        "smoothness": "good",
        "source": "survey 07.2022 and Swiss Image",
        "surface": "asphalt"
      },
      "geometry": {
        "type": "LineString",
        "coordinates": [
          [
            7.8671904,
            46.6554539
          ],
          [
            7.8672339,
            46.6554725
          ],
          [
            7.8672666,
            46.6554996
          ],
          [
            7.8672854,
            46.6555324
          ],
          [
            7.8672882,
            46.6555675
          ],
          [
            7.867275,
            46.6556015
          ],
          [
            7.8672468,
            46.6556309
          ],
          [
            7.867207,
            46.6556527
          ],
          [
            7.8671592,
            46.6556649
          ],
          [
            7.8671083,
            46.6556662
          ],
          [
            7.8670757,
            46.6556612
          ],
          [
            7.8670453,
            46.6556516
          ],
          [
            7.8670185,
            46.655638
          ],
          [
            7.8669842,
            46.6556075
          ],
          [
            7.8669672,
            46.6555709
          ],
          [
            7.8669695,
            46.6555324
          ],
          [
            7.8669785,
            46.655513
          ],
          [
            7.8669925,
            46.655495
          ],
          [
            7.867011,
            46.6554791
          ],
          [
            7.8670495,
            46.6554589
          ],
          [
            7.867095,
            46.6554474
          ],
          [
            7.8671434,
            46.6554457
          ],
          [
            7.8671904,
            46.6554539
          ]
        ]
      },
      "id": "way/1081881571"
    },
    {
      "type": "Feature",
      "properties": {
        "@id": "way/1081881572",
        "cycleway:both": "no",
        "highway": "tertiary",
        "lanes": "2",
        "maxspeed": "60",
        "name": "Grenchenstrasse",
        "oneway": "no",
        "surface": "asphalt"
      },
      "geometry": {
        "type": "LineString",
        "coordinates": [
          [
            7.8651881,
            46.657875
          ],
          [
            7.8658587,
            46.6568947
          ],
          [
            7.8660917,
            46.6565516
          ],
          [
            7.8664177,
            46.6560735
          ],
          [
            7.8665444,
            46.6558878
          ],
          [
            7.8666447,
            46.6557606
          ]
        ]
      },
      "id": "way/1081881572"
    },
    {
      "type": "Feature",
      "properties": {
        "@id": "way/1082604863",
        "highway": "secondary",
        "lanes": "2",
        "maxspeed": "80",
        "name": "Grindelwaldstrasse",
        "ref": "221",
        "surface": "asphalt"
      },
      "geometry": {
        "type": "LineString",
        "coordinates": [
          [
            8.0013761,
            46.6326087
          ],
          [
            8.0007436,
            46.6327722
          ],
          [
            7.9997892,
            46.6330157
          ]
        ]
      },
      "id": "way/1082604863"
    },
    {
      "type": "Feature",
      "properties": {
        "@id": "way/1082604864",
        "bridge": "yes",
        "highway": "secondary",
        "layer": "1",
        "maxspeed": "80",
        "name": "Grindelwaldstrasse",
        "ref": "221",
        "surface": "asphalt"
      },
      "geometry": {
        "type": "LineString",
        "coordinates": [
          [
            7.9997892,
            46.6330157
          ],
          [
            7.999621,
            46.6330591
          ]
        ]
      },
      "id": "way/1082604864"
    },
    {
      "type": "Feature",
      "properties": {
        "@id": "way/1086777770",
        "cycleway:both": "no",
        "highway": "tertiary",
        "horse": "no",
        "lanes": "2",
        "maxspeed": "50",
        "name": "Hauptstrasse",
        "oneway": "no",
        "ref": "1122",
        "sidewalk": "both",
        "surface": "asphalt"
      },
      "geometry": {
        "type": "LineString",
        "coordinates": [
          [
            7.8939191,
            46.6859852
          ],
          [
            7.8936915,
            46.6859448
          ],
          [
            7.8935666,
            46.6859185
          ],
          [
            7.8934846,
            46.6859012
          ],
          [
            7.893441,
            46.685892
          ]
        ]
      },
      "id": "way/1086777770"
    },
    {
      "type": "Feature",
      "properties": {
        "@id": "way/1086777773",
        "highway": "tertiary",
        "name": "Oberlandstrasse",
        "ref": "1122",
        "surface": "asphalt"
      },
      "geometry": {
        "type": "LineString",
        "coordinates": [
          [
            7.8972172,
            46.6877049
          ],
          [
            7.8972414,
            46.6876787
          ],
          [
            7.8974623,
            46.68744
          ]
        ]
      },
      "id": "way/1086777773"
    },
    {
      "type": "Feature",
      "properties": {
        "@id": "way/1094066583",
        "cycleway:both": "no",
        "highway": "primary",
        "lanes": "2",
        "maxspeed": "50",
        "name": "Hauptstrasse",
        "oneway": "no",
        "ref": "6;11",
        "sidewalk": "right",
        "source:maxspeed": "sign",
        "surface": "asphalt"
      },
      "geometry": {
        "type": "LineString",
        "coordinates": [
          [
            7.8729945,
            46.6955583
          ],
          [
            7.8731555,
            46.6955946
          ],
          [
            7.873323,
            46.6956142
          ],
          [
            7.8734903,
            46.6956093
          ],
          [
            7.8736584,
            46.6955892
          ],
          [
            7.8738709,
            46.6955365
          ],
          [
            7.8743067,
            46.6954184
          ],
          [
            7.8744556,
            46.6953926
          ],
          [
            7.8746061,
            46.6953828
          ]
        ]
      },
      "id": "way/1094066583"
    },
    {
      "type": "Feature",
      "properties": {
        "@id": "way/1094545261",
        "cycleway:both": "no",
        "highway": "tertiary",
        "lanes": "3",
        "lanes:backward": "1",
        "lanes:forward": "1",
        "maxspeed": "50",
        "name": "Gsteigstrasse",
        "oneway": "no",
        "placement": "transition",
        "sidewalk": "separate",
        "surface": "asphalt"
      },
      "geometry": {
        "type": "LineString",
        "coordinates": [
          [
            7.8691696,
            46.6691629
          ],
          [
            7.8692453,
            46.6691035
          ],
          [
            7.8693008,
            46.6690528
          ],
          [
            7.8693544,
            46.6689868
          ],
          [
            7.8694038,
            46.6689032
          ],
          [
            7.8694122,
            46.668883
          ]
        ]
      },
      "id": "way/1094545261"
    },
    {
      "type": "Feature",
      "properties": {
        "@id": "way/1094545262",
        "cycleway:both": "no",
        "highway": "tertiary",
        "lanes": "2",
        "maxspeed": "50",
        "name": "Gsteigstrasse",
        "oneway": "no",
        "sidewalk": "separate",
        "surface": "asphalt"
      },
      "geometry": {
        "type": "LineString",
        "coordinates": [
          [
            7.8688678,
            46.6694696
          ],
          [
            7.8689334,
            46.6693776
          ],
          [
            7.8690086,
            46.6692891
          ],
          [
            7.8690702,
            46.6692345
          ],
          [
            7.8691172,
            46.6692006
          ],
          [
            7.8691696,
            46.6691629
          ]
        ]
      },
      "id": "way/1094545262"
    },
    {
      "type": "Feature",
      "properties": {
        "@id": "way/1110878353",
        "cycleway:both": "no",
        "highway": "secondary",
        "lanes": "2",
        "lit": "yes",
        "maxspeed": "50",
        "name": "Bahnhofstrasse",
        "ref": "221",
        "sidewalk": "both",
        "sidewalk:both:surface": "asphalt",
        "surface": "asphalt"
      },
      "geometry": {
        "type": "LineString",
        "coordinates": [
          [
            7.8506644,
            46.6842221
          ],
          [
            7.8507194,
            46.6841997
          ]
        ]
      },
      "id": "way/1110878353"
    },
    {
      "type": "Feature",
      "properties": {
        "@id": "way/1166084264",
        "cycleway:both": "no",
        "highway": "secondary",
        "lanes": "2",
        "maxspeed": "80",
        "maxweight": "34",
        "name": "Bir Sagi",
        "oneway": "no",
        "ref": "221",
        "surface": "asphalt"
      },
      "geometry": {
        "type": "LineString",
        "coordinates": [
          [
            7.8688388,
            46.6525981
          ],
          [
            7.8691094,
            46.6522599
          ],
          [
            7.8692314,
            46.6521148
          ],
          [
            7.8693414,
            46.6519959
          ],
          [
            7.8694164,
            46.6519242
          ],
          [
            7.869517,
            46.6518444
          ],
          [
            7.8696465,
            46.6517615
          ],
          [
            7.8698847,
            46.651628
          ],
          [
            7.8709907,
            46.6510471
          ],
          [
            7.8711329,
            46.6509719
          ]
        ]
      },
      "id": "way/1166084264"
    },
    {
      "type": "Feature",
      "properties": {
        "@id": "way/1177942879",
        "highway": "secondary",
        "lanes": "2",
        "maxspeed": "50",
        "name": "Seestrasse",
        "ref": "221",
        "sidewalk:both": "yes",
        "surface": "asphalt"
      },
      "geometry": {
        "type": "LineString",
        "coordinates": [
          [
            7.8421769,
            46.6821964
          ],
          [
            7.8424654,
            46.6822828
          ],
          [
            7.8426777,
            46.6823568
          ],
          [
            7.8428049,
            46.6824055
          ]
        ]
      },
      "id": "way/1177942879"
    },
    {
      "type": "Feature",
      "properties": {
        "@id": "way/1177942880",
        "highway": "secondary",
        "lanes": "2",
        "maxspeed": "50",
        "name": "Seestrasse",
        "ref": "221",
        "sidewalk:both": "yes",
        "surface": "asphalt"
      },
      "geometry": {
        "type": "LineString",
        "coordinates": [
          [
            7.8403397,
            46.6816382
          ],
          [
            7.8405972,
            46.6817073
          ],
          [
            7.8406684,
            46.6817305
          ],
          [
            7.8407279,
            46.6817489
          ],
          [
            7.8407906,
            46.6817716
          ],
          [
            7.8408945,
            46.6818104
          ]
        ]
      },
      "id": "way/1177942880"
    },
    {
      "type": "Feature",
      "properties": {
        "@id": "way/1177942881",
        "highway": "secondary",
        "lanes": "2",
        "maxspeed": "50",
        "name": "Seestrasse",
        "ref": "221",
        "sidewalk:left": "yes",
        "sidewalk:right": "no",
        "surface": "asphalt"
      },
      "geometry": {
        "type": "LineString",
        "coordinates": [
          [
            7.8379034,
            46.6810053
          ],
          [
            7.8382343,
            46.6810275
          ],
          [
            7.8383703,
            46.6810451
          ],
          [
            7.8383859,
            46.6810484
          ],
          [
            7.8385248,
            46.6810778
          ],
          [
            7.8388002,
            46.681157
          ],
          [
            7.8388588,
            46.6811738
          ],
          [
            7.8391707,
            46.6812721
          ],
          [
            7.8397674,
            46.6814612
          ],
          [
            7.8402567,
            46.681616
          ],
          [
            7.8403397,
            46.6816382
          ]
        ]
      },
      "id": "way/1177942881"
    },
    {
      "type": "Feature",
      "properties": {
        "@id": "way/1177942882",
        "cycleway:right": "lane",
        "highway": "secondary",
        "lanes": "2",
        "lit": "no",
        "maxspeed": "50",
        "name": "Seestrasse",
        "ref": "221",
        "sidewalk": "no",
        "smoothness": "excellent",
        "source:maxspeed": "sign",
        "surface": "asphalt"
      },
      "geometry": {
        "type": "LineString",
        "coordinates": [
          [
            7.8176324,
            46.6796306
          ],
          [
            7.8174448,
            46.6797072
          ],
          [
            7.8170885,
            46.6798636
          ],
          [
            7.8170168,
            46.679898
          ],
          [
            7.8168645,
            46.6799799
          ],
          [
            7.8166817,
            46.6800877
          ]
        ]
      },
      "id": "way/1177942882"
    },
    {
      "type": "Feature",
      "properties": {
        "@id": "way/1177942883",
        "cycleway:right": "lane",
        "highway": "secondary",
        "lanes": "2",
        "lit": "no",
        "maxspeed": "50",
        "name": "Seestrasse",
        "ref": "221",
        "sidewalk:both": "yes",
        "smoothness": "excellent",
        "source:maxspeed": "sign",
        "surface": "asphalt"
      },
      "geometry": {
        "type": "LineString",
        "coordinates": [
          [
            7.8188076,
            46.6794347
          ],
          [
            7.8187159,
            46.6794282
          ],
          [
            7.8186606,
            46.6794268
          ],
          [
            7.8186458,
            46.6794264
          ],
          [
            7.8186068,
            46.6794254
          ],
          [
            7.8185356,
            46.679426
          ],
          [
            7.818423,
            46.6794281
          ],
          [
            7.8183208,
            46.6794337
          ]
        ]
      },
      "id": "way/1177942883"
    },
    {
      "type": "Feature",
      "properties": {
        "@id": "way/1177942884",
        "cycleway:right": "lane",
        "highway": "secondary",
        "lanes": "2",
        "lit": "no",
        "maxspeed": "50",
        "name": "Seestrasse",
        "ref": "221",
        "sidewalk:left": "no",
        "sidewalk:right": "yes",
        "smoothness": "excellent",
        "source:maxspeed": "sign",
        "surface": "asphalt"
      },
      "geometry": {
        "type": "LineString",
        "coordinates": [
          [
            7.8193066,
            46.6795031
          ],
          [
            7.8191468,
            46.6794756
          ],
          [
            7.8189487,
            46.6794497
          ],
          [
            7.8189173,
            46.6794455
          ],
          [
            7.8188076,
            46.6794347
          ]
        ]
      },
      "id": "way/1177942884"
    },
    {
      "type": "Feature",
      "properties": {
        "@id": "way/1190644242",
        "aerialway": "zip_line",
        "aerialway:duration": "2.5",
        "description": "fixed metal line",
        "name": "Fly Line",
        "website": "https://pfingstegg.ch/index.php/aktivitaeten/fly-line"
      },
      "geometry": {
        "type": "LineString",
        "coordinates": [
          [
            8.0551259,
            46.6178224
          ],
          [
            8.0553006,
            46.6181813
          ],
          [
            8.0553268,
            46.6182308
          ],
          [
            8.0553895,
            46.6182526
          ],
          [
            8.0554362,
            46.6182224
          ],
          [
            8.0556541,
            46.6179584
          ],
          [
            8.0561077,
            46.6174413
          ]
        ]
      },
      "id": "way/1190644242"
    },
    {
      "type": "Feature",
      "properties": {
        "@id": "way/1196680270",
        "cycleway:both": "no",
        "highway": "tertiary",
        "lanes": "2",
        "maxspeed": "30",
        "name": "Hauptstrasse",
        "oneway": "yes",
        "sidewalk": "both",
        "surface": "asphalt"
      },
      "geometry": {
        "type": "LineString",
        "coordinates": [
          [
            7.8689566,
            46.6654811
          ],
          [
            7.8689201,
            46.6654349
          ],
          [
            7.868902,
            46.6654046
          ],
          [
            7.8688878,
            46.6653747
          ],
          [
            7.8688826,
            46.6653478
          ],
          [
            7.8688782,
            46.6653114
          ],
          [
            7.8688812,
            46.6652607
          ],
          [
            7.8688853,
            46.6652261
          ],
          [
            7.8688921,
            46.6651912
          ]
        ]
      },
      "id": "way/1196680270"
    },
    {
      "type": "Feature",
      "properties": {
        "@id": "way/1199996323",
        "highway": "secondary",
        "lanes": "3",
        "maxspeed": "60",
        "name": "Umfahrung Wilderswil",
        "ref": "221",
        "surface": "asphalt"
      },
      "geometry": {
        "type": "LineString",
        "coordinates": [
          [
            7.8702659,
            46.6707536
          ],
          [
            7.8703488,
            46.6706414
          ],
          [
            7.8704186,
            46.6705077
          ],
          [
            7.8704487,
            46.6704238
          ],
          [
            7.8704814,
            46.6703233
          ],
          [
            7.8705147,
            46.670212
          ],
          [
            7.8705775,
            46.6700237
          ],
          [
            7.870584,
            46.6700022
          ]
        ]
      },
      "id": "way/1199996323"
    },
    {
      "type": "Feature",
      "properties": {
        "@id": "way/1201764861",
        "cycleway:both": "no",
        "highway": "tertiary",
        "lanes": "2",
        "maxspeed": "80",
        "maxweight": "28",
        "name": "Beatenbergstrasse",
        "ref": "1109",
        "surface": "asphalt"
      },
      "geometry": {
        "type": "LineString",
        "coordinates": [
          [
            7.8351853,
            46.6969977
          ],
          [
            7.8352211,
            46.6970178
          ],
          [
            7.8353392,
            46.6970705
          ],
          [
            7.8354571,
            46.6971088
          ],
          [
            7.8356602,
            46.6971647
          ],
          [
            7.8370147,
            46.6976962
          ],
          [
            7.8370776,
            46.6977175
          ],
          [
            7.8371903,
            46.6977459
          ],
          [
            7.8372989,
            46.6977608
          ],
          [
            7.837397,
            46.6977614
          ],
          [
            7.8375015,
            46.6977466
          ],
          [
            7.8375657,
            46.6977247
          ],
          [
            7.8376214,
            46.6977057
          ],
          [
            7.8376501,
            46.6976913
          ],
          [
            7.8377021,
            46.6976551
          ],
          [
            7.8377605,
            46.6975955
          ],
          [
            7.8377799,
            46.6975658
          ],
          [
            7.837784,
            46.6975568
          ],
          [
            7.8378134,
            46.6974937
          ],
          [
            7.8378287,
            46.6974379
          ],
          [
            7.8378554,
            46.6971718
          ],
          [
            7.8378602,
            46.6971151
          ],
          [
            7.8378663,
            46.6970437
          ]
        ]
      },
      "id": "way/1201764861"
    },
    {
      "type": "Feature",
      "properties": {
        "@id": "way/1219387160",
        "highway": "primary",
        "junction": "roundabout",
        "lane_markings": "no",
        "lanes": "1",
        "maxspeed": "50",
        "name": "Lindenallee",
        "ref": "6;11",
        "surface": "concrete"
      },
      "geometry": {
        "type": "LineString",
        "coordinates": [
          [
            7.8745845,
            46.6880289
          ],
          [
            7.8746172,
            46.6880365
          ],
          [
            7.8746478,
            46.6880481
          ],
          [
            7.8746707,
            46.6880616
          ],
          [
            7.8746892,
            46.6880814
          ],
          [
            7.874699,
            46.6880991
          ],
          [
            7.8747074,
            46.6881153
          ]
        ]
      },
      "id": "way/1219387160"
    },
    {
      "type": "Feature",
      "properties": {
        "@id": "way/1219387161",
        "foot": "no",
        "highway": "primary",
        "lanes": "1",
        "maxspeed": "50",
        "name": "Lindenallee",
        "oneway": "yes",
        "surface": "asphalt"
      },
      "geometry": {
        "type": "LineString",
        "coordinates": [
          [
            7.8744045,
            46.6881646
          ],
          [
            7.8743588,
            46.688145
          ],
          [
            7.8743001,
            46.6881259
          ],
          [
            7.8741008,
            46.6880619
          ]
        ]
      },
      "id": "way/1219387161"
    },
    {
      "type": "Feature",
      "properties": {
        "@id": "way/1219387162",
        "foot": "no",
        "highway": "primary",
        "lanes": "1",
        "maxspeed": "50",
        "name": "Lindenallee",
        "oneway": "yes",
        "surface": "asphalt"
      },
      "geometry": {
        "type": "LineString",
        "coordinates": [
          [
            7.8741008,
            46.6880619
          ],
          [
            7.8743234,
            46.6880705
          ],
          [
            7.8743839,
            46.6880706
          ],
          [
            7.8744375,
            46.6880627
          ]
        ]
      },
      "id": "way/1219387162"
    },
    {
      "type": "Feature",
      "properties": {
        "@id": "way/1219387163",
        "highway": "primary",
        "lanes": "1",
        "maxspeed": "50",
        "name": "Lindenallee",
        "oneway": "yes",
        "ref": "6;11",
        "surface": "asphalt"
      },
      "geometry": {
        "type": "LineString",
        "coordinates": [
          [
            7.8747074,
            46.6881153
          ],
          [
            7.8748311,
            46.6881551
          ],
          [
            7.8749761,
            46.6882018
          ]
        ]
      },
      "id": "way/1219387163"
    },
    {
      "type": "Feature",
      "properties": {
        "@id": "way/1221563979",
        "highway": "secondary",
        "lanes": "2",
        "maxspeed": "60",
        "name": "Umfahrung Wilderswil",
        "oneway": "yes",
        "ref": "221",
        "surface": "asphalt"
      },
      "geometry": {
        "type": "LineString",
        "coordinates": [
          [
            7.8689995,
            46.6713732
          ],
          [
            7.8687508,
            46.6714544
          ],
          [
            7.8686074,
            46.6715013
          ],
          [
            7.8685372,
            46.6715221
          ],
          [
            7.8684569,
            46.6715454
          ],
          [
            7.8684091,
            46.6715575
          ],
          [
            7.8683486,
            46.671569
          ],
          [
            7.8682811,
            46.6715808
          ],
          [
            7.8682075,
            46.6715937
          ],
          [
            7.8681584,
            46.6716031
          ],
          [
            7.8681109,
            46.671615
          ],
          [
            7.8680681,
            46.6716264
          ]
        ]
      },
      "id": "way/1221563979"
    },
    {
      "type": "Feature",
      "properties": {
        "@id": "way/1221563980",
        "highway": "secondary",
        "lanes": "2",
        "maxspeed": "60",
        "name": "Umfahrung Wilderswil",
        "ref": "221",
        "surface": "asphalt"
      },
      "geometry": {
        "type": "LineString",
        "coordinates": [
          [
            7.8689995,
            46.6713732
          ],
          [
            7.8694268,
            46.6712444
          ]
        ]
      },
      "id": "way/1221563980"
    },
    {
      "type": "Feature",
      "properties": {
        "@id": "way/1221563981",
        "highway": "secondary",
        "lanes": "2",
        "layer": "-1",
        "maxspeed": "60",
        "name": "Umfahrung Wilderswil",
        "ref": "221",
        "surface": "asphalt",
        "tunnel": "yes"
      },
      "geometry": {
        "type": "LineString",
        "coordinates": [
          [
            7.8694268,
            46.6712444
          ],
          [
            7.8696561,
            46.6711676
          ]
        ]
      },
      "id": "way/1221563981"
    },
    {
      "type": "Feature",
      "properties": {
        "@id": "way/1221563982",
        "cycleway:both": "no",
        "highway": "tertiary",
        "lanes": "2",
        "lit": "yes",
        "maxspeed": "30",
        "name": "Hauptstrasse",
        "oneway": "yes",
        "sidewalk": "right",
        "surface": "asphalt"
      },
      "geometry": {
        "type": "LineString",
        "coordinates": [
          [
            7.8689877,
            46.6650061
          ],
          [
            7.8689736,
            46.6651111
          ],
          [
            7.8689682,
            46.6651461
          ],
          [
            7.8689573,
            46.6651955
          ]
        ]
      },
      "id": "way/1221563982"
    },
    {
      "type": "Feature",
      "properties": {
        "@id": "way/1222007842",
        "highway": "primary",
        "junction": "roundabout",
        "lane_markings": "no",
        "lanes": "1",
        "maxspeed": "50",
        "name": "Lindenallee",
        "ref": "6;11",
        "surface": "concrete"
      },
      "geometry": {
        "type": "LineString",
        "coordinates": [
          [
            7.8747074,
            46.6881153
          ],
          [
            7.8747096,
            46.6881328
          ],
          [
            7.8747053,
            46.6881538
          ],
          [
            7.8746979,
            46.6881697
          ],
          [
            7.8746852,
            46.6881893
          ],
          [
            7.8746619,
            46.6882078
          ]
        ]
      },
      "id": "way/1222007842"
    },
    {
      "type": "Feature",
      "properties": {
        "@id": "way/1222007843",
        "highway": "primary",
        "junction": "roundabout",
        "lane_markings": "no",
        "lanes": "1",
        "maxspeed": "50",
        "name": "Lindenallee",
        "ref": "6;11",
        "surface": "concrete"
      },
      "geometry": {
        "type": "LineString",
        "coordinates": [
          [
            7.8744045,
            46.6881646
          ],
          [
            7.8744002,
            46.6881395
          ],
          [
            7.8744029,
            46.6881117
          ],
          [
            7.8744155,
            46.6880863
          ],
          [
            7.8744375,
            46.6880627
          ]
        ]
      },
      "id": "way/1222007843"
    },
    {
      "type": "Feature",
      "properties": {
        "@id": "way/1222007845",
        "highway": "primary",
        "junction": "roundabout",
        "lane_markings": "no",
        "lanes": "1",
        "maxspeed": "50",
        "name": "Lindenallee",
        "ref": "6;11",
        "surface": "concrete"
      },
      "geometry": {
        "type": "LineString",
        "coordinates": [
          [
            7.8744559,
            46.6882169
          ],
          [
            7.8744363,
            46.6882036
          ],
          [
            7.8744175,
            46.6881862
          ],
          [
            7.8744045,
            46.6881646
          ]
        ]
      },
      "id": "way/1222007845"
    },
    {
      "type": "Feature",
      "properties": {
        "@id": "way/1222007846",
        "highway": "primary",
        "junction": "roundabout",
        "lane_markings": "no",
        "lanes": "1",
        "maxspeed": "50",
        "name": "Lindenallee",
        "ref": "6;11",
        "surface": "concrete"
      },
      "geometry": {
        "type": "LineString",
        "coordinates": [
          [
            7.8746238,
            46.6882266
          ],
          [
            7.8745883,
            46.6882357
          ],
          [
            7.8745625,
            46.6882389
          ],
          [
            7.8745222,
            46.6882373
          ],
          [
            7.8744871,
            46.6882281
          ],
          [
            7.8744559,
            46.6882169
          ]
        ]
      },
      "id": "way/1222007846"
    },
    {
      "type": "Feature",
      "properties": {
        "@id": "way/1230434648",
        "cycleway:both": "no",
        "highway": "tertiary",
        "lanes": "2",
        "lit": "yes",
        "maxspeed": "30",
        "name": "Hauptstrasse",
        "oneway": "yes",
        "sidewalk": "right",
        "surface": "asphalt"
      },
      "geometry": {
        "type": "LineString",
        "coordinates": [
          [
            7.8688921,
            46.6651912
          ],
          [
            7.8689027,
            46.6651565
          ],
          [
            7.8689193,
            46.6651213
          ],
          [
            7.8689488,
            46.6650689
          ],
          [
            7.8689877,
            46.6650061
          ]
        ]
      },
      "id": "way/1230434648"
    },
    {
      "type": "Feature",
      "properties": {
        "@id": "way/1231177694",
        "highway": "tertiary",
        "lit": "yes",
        "maxspeed": "40",
        "name": "Spirenwaldstrasse",
        "ref": "1109"
      },
      "geometry": {
        "type": "LineString",
        "coordinates": [
          [
            7.7895207,
            46.6960784
          ],
          [
            7.7895494,
            46.6960784
          ],
          [
            7.7895925,
            46.6960719
          ],
          [
            7.7896486,
            46.6960565
          ],
          [
            7.7896904,
            46.6960401
          ],
          [
            7.7897529,
            46.6960049
          ],
          [
            7.7900523,
            46.6958069
          ],
          [
            7.7901058,
            46.6957789
          ],
          [
            7.7901762,
            46.6957562
          ],
          [
            7.7902846,
            46.6957397
          ],
          [
            7.790346,
            46.6957386
          ],
          [
            7.7904245,
            46.6957447
          ],
          [
            7.7904572,
            46.6957472
          ],
          [
            7.7905332,
            46.6957614
          ],
          [
            7.7905998,
            46.6957778
          ],
          [
            7.7909033,
            46.6958549
          ],
          [
            7.7909997,
            46.6958807
          ],
          [
            7.7913554,
            46.6959756
          ],
          [
            7.7914357,
            46.6959971
          ],
          [
            7.7915413,
            46.6960256
          ],
          [
            7.7916018,
            46.6960414
          ],
          [
            7.7918835,
            46.6961242
          ],
          [
            7.7919791,
            46.6961581
          ],
          [
            7.7921521,
            46.6962346
          ],
          [
            7.7924947,
            46.6964219
          ],
          [
            7.7926127,
            46.6964836
          ],
          [
            7.7927059,
            46.6965328
          ],
          [
            7.7928344,
            46.6965954
          ],
          [
            7.7929406,
            46.6966445
          ],
          [
            7.7936316,
            46.6969383
          ],
          [
            7.7937221,
            46.696983
          ],
          [
            7.7937786,
            46.6970197
          ],
          [
            7.7938443,
            46.6970762
          ],
          [
            7.7938608,
            46.697095
          ],
          [
            7.7938691,
            46.6971044
          ],
          [
            7.793893,
            46.6971318
          ],
          [
            7.7939275,
            46.6971974
          ],
          [
            7.7939687,
            46.6972998
          ],
          [
            7.7940933,
            46.697563
          ],
          [
            7.7941449,
            46.69766
          ],
          [
            7.7941943,
            46.697737
          ]
        ]
      },
      "id": "way/1231177694"
    },
    {
      "type": "Feature",
      "properties": {
        "@id": "way/1233056605",
        "highway": "tertiary",
        "lane_markings": "no",
        "lit": "yes",
        "maxspeed": "40",
        "name": "Schmockenstrasse",
        "ref": "1109",
        "surface": "asphalt"
      },
      "geometry": {
        "type": "LineString",
        "coordinates": [
          [
            7.7863254,
            46.6922843
          ],
          [
            7.7863337,
            46.6922867
          ],
          [
            7.7864201,
            46.6923152
          ],
          [
            7.7864603,
            46.6923309
          ],
          [
            7.7865023,
            46.6923473
          ],
          [
            7.7865184,
            46.6923545
          ],
          [
            7.7866077,
            46.6924064
          ],
          [
            7.786651,
            46.6924395
          ],
          [
            7.786701,
            46.6924816
          ],
          [
            7.7867483,
            46.6925292
          ],
          [
            7.7867878,
            46.692574
          ],
          [
            7.7868828,
            46.6927015
          ],
          [
            7.786991,
            46.692864
          ],
          [
            7.7870267,
            46.6929277
          ],
          [
            7.7870829,
            46.6930512
          ],
          [
            7.787093,
            46.6930733
          ],
          [
            7.7871384,
            46.6932254
          ]
        ]
      },
      "id": "way/1233056605"
    },
    {
      "type": "Feature",
      "properties": {
        "@id": "way/1233056606",
        "highway": "tertiary",
        "lane_markings": "no",
        "lit": "yes",
        "maxspeed": "40",
        "name": "Schmockenstrasse",
        "ref": "1109",
        "surface": "asphalt"
      },
      "geometry": {
        "type": "LineString",
        "coordinates": [
          [
            7.7764681,
            46.6896967
          ],
          [
            7.7767305,
            46.6897058
          ],
          [
            7.7769218,
            46.6897125
          ],
          [
            7.7771978,
            46.6897387
          ],
          [
            7.7772372,
            46.6897435
          ],
          [
            7.7772944,
            46.6897504
          ],
          [
            7.7774582,
            46.6897703
          ],
          [
            7.7776866,
            46.6898013
          ],
          [
            7.7777125,
            46.6898049
          ],
          [
            7.7783309,
            46.6898891
          ],
          [
            7.7784631,
            46.6899157
          ],
          [
            7.7785743,
            46.6899433
          ],
          [
            7.7787538,
            46.6899985
          ],
          [
            7.7790106,
            46.6900877
          ],
          [
            7.7791651,
            46.6901295
          ],
          [
            7.7793496,
            46.6901632
          ],
          [
            7.7794739,
            46.6901817
          ],
          [
            7.7799944,
            46.6902523
          ],
          [
            7.780007,
            46.690254
          ],
          [
            7.7802851,
            46.6902917
          ],
          [
            7.7805547,
            46.6903404
          ],
          [
            7.7807996,
            46.6903981
          ],
          [
            7.7810366,
            46.6904685
          ],
          [
            7.7812214,
            46.6905307
          ],
          [
            7.7813558,
            46.6905755
          ],
          [
            7.7818777,
            46.6907493
          ],
          [
            7.7822027,
            46.6908761
          ],
          [
            7.7823089,
            46.6909198
          ],
          [
            7.7824938,
            46.6910033
          ],
          [
            7.7826104,
            46.6910547
          ],
          [
            7.782769,
            46.6911136
          ],
          [
            7.782989,
            46.6911777
          ],
          [
            7.7831553,
            46.6912213
          ],
          [
            7.783319,
            46.691273
          ],
          [
            7.7833833,
            46.6912998
          ],
          [
            7.7835193,
            46.6913711
          ],
          [
            7.7836495,
            46.6914393
          ],
          [
            7.7838502,
            46.6915359
          ],
          [
            7.784077,
            46.6916359
          ],
          [
            7.7842722,
            46.6917109
          ],
          [
            7.7846548,
            46.691833
          ],
          [
            7.7849021,
            46.6919169
          ],
          [
            7.7849206,
            46.6919231
          ],
          [
            7.7850334,
            46.6919614
          ],
          [
            7.7853111,
            46.6920451
          ],
          [
            7.7854748,
            46.6920851
          ],
          [
            7.7855046,
            46.6920918
          ],
          [
            7.7855411,
            46.6921001
          ],
          [
            7.7855719,
            46.6921068
          ],
          [
            7.7860501,
            46.6922138
          ],
          [
            7.7861294,
            46.6922315
          ],
          [
            7.786274,
            46.6922706
          ],
          [
            7.7863254,
            46.6922843
          ]
        ]
      },
      "id": "way/1233056606"
    },
    {
      "type": "Feature",
      "properties": {
        "@id": "way/1236347712",
        "highway": "tertiary",
        "lane_markings": "yes",
        "lanes": "2",
        "maxspeed": "80",
        "maxweight": "32",
        "name": "Krattigenstrasse",
        "name:etymology:wikidata": "Q65953",
        "ref": "1114",
        "smoothness": "good",
        "surface": "asphalt"
      },
      "geometry": {
        "type": "LineString",
        "coordinates": [
          [
            7.7544821,
            46.6542936
          ],
          [
            7.7548047,
            46.6542011
          ],
          [
            7.7550133,
            46.6541256
          ],
          [
            7.7555463,
            46.6538628
          ],
          [
            7.7558172,
            46.6537523
          ],
          [
            7.7560399,
            46.6536897
          ],
          [
            7.7561666,
            46.6536694
          ],
          [
            7.7564798,
            46.6536543
          ],
          [
            7.7570216,
            46.6536377
          ],
          [
            7.757263,
            46.6536202
          ],
          [
            7.7574435,
            46.6535968
          ],
          [
            7.7577203,
            46.6535367
          ],
          [
            7.7580877,
            46.6534492
          ],
          [
            7.7583217,
            46.65343
          ],
          [
            7.7591341,
            46.6535655
          ],
          [
            7.7594402,
            46.6536165
          ],
          [
            7.7595795,
            46.6536383
          ],
          [
            7.7602854,
            46.6537489
          ]
        ]
      },
      "id": "way/1236347712"
    },
    {
      "type": "Feature",
      "properties": {
        "@id": "way/1236347713",
        "bridge": "yes",
        "highway": "tertiary",
        "lane_markings": "yes",
        "lanes": "2",
        "layer": "1",
        "maxspeed": "80",
        "maxweight": "32",
        "name": "Krattigenstrasse",
        "name:etymology:wikidata": "Q65953",
        "ref": "1114",
        "smoothness": "good",
        "surface": "asphalt"
      },
      "geometry": {
        "type": "LineString",
        "coordinates": [
          [
            7.7539136,
            46.6544478
          ],
          [
            7.7544821,
            46.6542936
          ]
        ]
      },
      "id": "way/1236347713"
    },
    {
      "type": "Feature",
      "properties": {
        "@id": "way/1239817092",
        "aerialway": "cable_car",
        "aerialway:bicycle": "yes",
        "aerialway:capacity": "800",
        "aerialway:occupancy": "85",
        "duration": "3:54",
        "name": "Stechelberg - Mürren"
      },
      "geometry": {
        "type": "LineString",
        "coordinates": [
          [
            7.9019616,
            46.5554434
          ],
          [
            7.8959318,
            46.5568847
          ],
          [
            7.8943331,
            46.5572764
          ],
          [
            7.8928454,
            46.5576449
          ],
          [
            7.8914032,
            46.5580136
          ]
        ]
      },
      "id": "way/1239817092"
    },
    {
      "type": "Feature",
      "properties": {
        "@id": "way/1254384354",
        "cycleway": "lane",
        "highway": "secondary",
        "lanes": "2",
        "maxspeed": "60",
        "name": "Seestrasse",
        "oneway": "no",
        "ref": "221",
        "sidewalk:left": "no",
        "sidewalk:right": "yes",
        "smoothness": "excellent",
        "source:maxspeed": "sign",
        "surface": "asphalt"
      },
      "geometry": {
        "type": "LineString",
        "coordinates": [
          [
            7.8234247,
            46.6801042
          ],
          [
            7.8231561,
            46.6801132
          ],
          [
            7.8230137,
            46.680115
          ],
          [
            7.8227732,
            46.6801104
          ],
          [
            7.8226679,
            46.6801045
          ],
          [
            7.8224194,
            46.6800815
          ]
        ]
      },
      "id": "way/1254384354"
    },
    {
      "type": "Feature",
      "properties": {
        "@id": "way/1255694469",
        "highway": "tertiary",
        "maxspeed": "50",
        "name": "Schmockenstrasse",
        "ref": "1109"
      },
      "geometry": {
        "type": "LineString",
        "coordinates": [
          [
            7.7726971,
            46.6897425
          ],
          [
            7.772709,
            46.6897449
          ],
          [
            7.7728173,
            46.6897615
          ],
          [
            7.7729678,
            46.6897808
          ],
          [
            7.7731247,
            46.6897947
          ],
          [
            7.7733013,
            46.6898059
          ],
          [
            7.7734254,
            46.6897993
          ],
          [
            7.773693,
            46.6897777
          ],
          [
            7.7739272,
            46.6897582
          ],
          [
            7.7742944,
            46.6897355
          ],
          [
            7.7743469,
            46.6897346
          ],
          [
            7.7745362,
            46.6897357
          ],
          [
            7.7748749,
            46.68975
          ],
          [
            7.7750853,
            46.6897539
          ],
          [
            7.7751507,
            46.6897546
          ],
          [
            7.7753873,
            46.6897404
          ],
          [
            7.7755493,
            46.6897223
          ],
          [
            7.775561,
            46.689721
          ],
          [
            7.7757841,
            46.6896991
          ],
          [
            7.7758354,
            46.689695
          ],
          [
            7.7759622,
            46.6896902
          ],
          [
            7.776136,
            46.6896896
          ],
          [
            7.7761968,
            46.6896908
          ],
          [
            7.7762663,
            46.6896921
          ],
          [
            7.7763452,
            46.6896935
          ]
        ]
      },
      "id": "way/1255694469"
    },
    {
      "type": "Feature",
      "properties": {
        "@id": "way/1255699735",
        "highway": "secondary",
        "maxspeed": "50",
        "maxweight": "34",
        "name": "Staatsstrasse",
        "ref": "221",
        "source:maxspeed": "sign"
      },
      "geometry": {
        "type": "LineString",
        "coordinates": [
          [
            7.7943879,
            46.687684
          ],
          [
            7.7943691,
            46.6876798
          ]
        ]
      },
      "id": "way/1255699735"
    },
    {
      "type": "Feature",
      "properties": {
        "@id": "way/1255699736",
        "highway": "secondary",
        "maxspeed": "50",
        "name": "Staatsstrasse",
        "ref": "221",
        "source:maxspeed": "sign",
        "surface": "asphalt"
      },
      "geometry": {
        "type": "LineString",
        "coordinates": [
          [
            7.7967202,
            46.6869228
          ],
          [
            7.7966911,
            46.6869233
          ],
          [
            7.7965855,
            46.6869251
          ]
        ]
      },
      "id": "way/1255699736"
    },
    {
      "type": "Feature",
      "properties": {
        "@id": "way/1272508880",
        "cycleway:both": "no",
        "highway": "tertiary",
        "lanes": "2",
        "maxspeed": "80",
        "maxweight": "28",
        "name": "Beatenbergstrasse",
        "ref": "1109",
        "surface": "asphalt"
      },
      "geometry": {
        "type": "LineString",
        "coordinates": [
          [
            7.8171147,
            46.6888284
          ],
          [
            7.8172151,
            46.6887885
          ],
          [
            7.8173557,
            46.6887327
          ],
          [
            7.8176261,
            46.6886194
          ],
          [
            7.8177837,
            46.6885592
          ],
          [
            7.8178601,
            46.6885302
          ],
          [
            7.8179022,
            46.6885097
          ],
          [
            7.8179117,
            46.6885039
          ],
          [
            7.8179767,
            46.6884586
          ],
          [
            7.8181977,
            46.6882744
          ],
          [
            7.8182403,
            46.6882413
          ],
          [
            7.8182888,
            46.6882174
          ]
        ]
      },
      "id": "way/1272508880"
    },
    {
      "type": "Feature",
      "properties": {
        "@id": "way/1272508881",
        "cycleway:both": "no",
        "highway": "tertiary",
        "lanes": "2",
        "maxspeed": "80",
        "maxweight": "28",
        "name": "Beatenbergstrasse",
        "ref": "1109",
        "surface": "asphalt"
      },
      "geometry": {
        "type": "LineString",
        "coordinates": [
          [
            7.8192765,
            46.6885341
          ],
          [
            7.8196883,
            46.6887961
          ],
          [
            7.8198512,
            46.6889094
          ],
          [
            7.8199952,
            46.6890249
          ],
          [
            7.8200577,
            46.6890832
          ],
          [
            7.8202224,
            46.6892716
          ],
          [
            7.8203314,
            46.6894376
          ],
          [
            7.8205147,
            46.6897446
          ],
          [
            7.8206011,
            46.6898613
          ],
          [
            7.8206893,
            46.6899474
          ],
          [
            7.8207504,
            46.6899912
          ],
          [
            7.8208121,
            46.6900288
          ],
          [
            7.8208928,
            46.6900699
          ],
          [
            7.820961,
            46.6900994
          ],
          [
            7.8210403,
            46.6901274
          ],
          [
            7.8217536,
            46.6903374
          ],
          [
            7.8220773,
            46.690455
          ],
          [
            7.8223009,
            46.6905586
          ],
          [
            7.8224105,
            46.690619
          ],
          [
            7.8225267,
            46.6906901
          ]
        ]
      },
      "id": "way/1272508881"
    },
    {
      "type": "Feature",
      "properties": {
        "@id": "way/1272508883",
        "cycleway:both": "no",
        "highway": "tertiary",
        "lanes": "2",
        "maxspeed": "80",
        "maxweight": "28",
        "name": "Beatenbergstrasse",
        "ref": "1109",
        "surface": "asphalt"
      },
      "geometry": {
        "type": "LineString",
        "coordinates": [
          [
            7.8265299,
            46.6911314
          ],
          [
            7.8265508,
            46.6911708
          ],
          [
            7.8265802,
            46.6912218
          ],
          [
            7.8267949,
            46.6916158
          ],
          [
            7.8268283,
            46.6916777
          ]
        ]
      },
      "id": "way/1272508883"
    },
    {
      "type": "Feature",
      "properties": {
        "@id": "way/1272508884",
        "cycleway:both": "no",
        "highway": "tertiary",
        "lanes": "2",
        "maxspeed": "80",
        "maxweight": "28",
        "name": "Beatenbergstrasse",
        "ref": "1109",
        "surface": "asphalt"
      },
      "geometry": {
        "type": "LineString",
        "coordinates": [
          [
            7.8280955,
            46.6939245
          ],
          [
            7.8280173,
            46.693779
          ],
          [
            7.8279907,
            46.6937153
          ],
          [
            7.8278393,
            46.6932021
          ],
          [
            7.8277914,
            46.6930916
          ],
          [
            7.8277504,
            46.693018
          ],
          [
            7.8276355,
            46.6928556
          ],
          [
            7.8273202,
            46.6924644
          ],
          [
            7.8271671,
            46.6922572
          ],
          [
            7.8270812,
            46.692127
          ],
          [
            7.8269594,
            46.6919205
          ],
          [
            7.8268283,
            46.6916777
          ]
        ]
      },
      "id": "way/1272508884"
    },
    {
      "type": "Feature",
      "properties": {
        "@id": "way/1272508889",
        "highway": "secondary",
        "maxspeed": "50",
        "name": "Seestrasse",
        "ref": "221",
        "source:maxspeed": "sign",
        "surface": "asphalt"
      },
      "geometry": {
        "type": "LineString",
        "coordinates": [
          [
            7.8134509,
            46.6822945
          ],
          [
            7.8130642,
            46.6822592
          ]
        ]
      },
      "id": "way/1272508889"
    },
    {
      "type": "Feature",
      "properties": {
        "@id": "way/1272508890",
        "highway": "secondary",
        "maxspeed": "50",
        "name": "Seestrasse",
        "ref": "221",
        "source:maxspeed": "sign",
        "surface": "asphalt"
      },
      "geometry": {
        "type": "LineString",
        "coordinates": [
          [
            7.8147111,
            46.6820029
          ],
          [
            7.8146665,
            46.6820339
          ],
          [
            7.8146113,
            46.6820676
          ],
          [
            7.8145332,
            46.6821101
          ],
          [
            7.8144276,
            46.6821591
          ],
          [
            7.8143651,
            46.6821845
          ],
          [
            7.8142425,
            46.6822253
          ],
          [
            7.8141211,
            46.6822572
          ],
          [
            7.8140559,
            46.6822691
          ],
          [
            7.8139227,
            46.6822894
          ],
          [
            7.8138587,
            46.6822977
          ],
          [
            7.8138469,
            46.6822987
          ],
          [
            7.8137908,
            46.6823042
          ],
          [
            7.8137758,
            46.6823048
          ],
          [
            7.8136117,
            46.6823093
          ],
          [
            7.8134509,
            46.6822945
          ]
        ]
      },
      "id": "way/1272508890"
    },
    {
      "type": "Feature",
      "properties": {
        "@id": "way/1272511255",
        "cycleway:right": "lane",
        "highway": "secondary",
        "lanes": "2",
        "lit": "no",
        "maxspeed": "50",
        "name": "Seestrasse",
        "ref": "221",
        "source:maxspeed": "sign",
        "surface": "asphalt"
      },
      "geometry": {
        "type": "LineString",
        "coordinates": [
          [
            7.8166817,
            46.6800877
          ],
          [
            7.816641,
            46.6801117
          ]
        ]
      },
      "id": "way/1272511255"
    },
    {
      "type": "Feature",
      "properties": {
        "@id": "way/1272543821",
        "cycleway:both": "no",
        "highway": "primary",
        "lanes": "2",
        "lit": "yes",
        "maxspeed": "50",
        "name": "Hauptstrasse",
        "oneway": "no",
        "ref": "6;11",
        "sidewalk": "both",
        "sidewalk:both:surface": "asphalt",
        "source:maxspeed": "sign",
        "surface": "asphalt"
      },
      "geometry": {
        "type": "LineString",
        "coordinates": [
          [
            7.8755544,
            46.6956677
          ],
          [
            7.8756594,
            46.6957266
          ],
          [
            7.8757158,
            46.6957583
          ],
          [
            7.8759721,
            46.6958977
          ],
          [
            7.876054,
            46.6959536
          ],
          [
            7.8761396,
            46.696019
          ],
          [
            7.8762596,
            46.69614
          ]
        ]
      },
      "id": "way/1272543821"
    },
    {
      "type": "Feature",
      "properties": {
        "@id": "way/1272543822",
        "cycleway:both": "no",
        "highway": "primary",
        "lanes": "2",
        "lit": "yes",
        "maxspeed": "50",
        "name": "Hauptstrasse",
        "oneway": "no",
        "ref": "6;11",
        "sidewalk": "both",
        "sidewalk:both:surface": "asphalt",
        "source:maxspeed": "sign",
        "surface": "asphalt"
      },
      "geometry": {
        "type": "LineString",
        "coordinates": [
          [
            7.8746061,
            46.6953828
          ],
          [
            7.8747893,
            46.6953948
          ],
          [
            7.8749486,
            46.6954234
          ],
          [
            7.8750821,
            46.6954635
          ],
          [
            7.8752329,
            46.6955189
          ],
          [
            7.8753942,
            46.6955835
          ],
          [
            7.8754807,
            46.6956293
          ],
          [
            7.8755544,
            46.6956677
          ]
        ]
      },
      "id": "way/1272543822"
    },
    {
      "type": "Feature",
      "properties": {
        "@id": "way/1272543835",
        "cycleway:both": "no",
        "highway": "tertiary",
        "lane_markings": "no",
        "maxspeed": "50",
        "name": "Scheidgasse",
        "ref": "1109",
        "surface": "asphalt"
      },
      "geometry": {
        "type": "LineString",
        "coordinates": [
          [
            7.8432759,
            46.6884319
          ],
          [
            7.8433027,
            46.6884123
          ],
          [
            7.843371,
            46.6883625
          ],
          [
            7.8434486,
            46.6882934
          ]
        ]
      },
      "id": "way/1272543835"
    },
    {
      "type": "Feature",
      "properties": {
        "@id": "way/1273599441",
        "cycleway:both": "lane",
        "highway": "primary",
        "lanes": "2",
        "lanes:backward": "1",
        "lanes:forward": "1",
        "maxspeed": "50",
        "name": "Lindenallee",
        "ref": "6;11",
        "sidewalk:right": "separate",
        "surface": "asphalt"
      },
      "geometry": {
        "type": "LineString",
        "coordinates": [
          [
            7.876089,
            46.6883656
          ],
          [
            7.8753811,
            46.6882589
          ],
          [
            7.8749761,
            46.6882018
          ]
        ]
      },
      "id": "way/1273599441"
    },
    {
      "type": "Feature",
      "properties": {
        "@id": "way/1280523193",
        "cycleway:both": "no",
        "highway": "tertiary",
        "lanes": "2",
        "lit": "yes",
        "maxspeed": "30",
        "name": "Hauptstrasse",
        "oneway": "yes",
        "sidewalk": "right",
        "surface": "asphalt"
      },
      "geometry": {
        "type": "LineString",
        "coordinates": [
          [
            7.8689573,
            46.6651955
          ],
          [
            7.8689461,
            46.6652773
          ],
          [
            7.8689448,
            46.6653141
          ],
          [
            7.8689461,
            46.6653435
          ],
          [
            7.8689468,
            46.6653539
          ]
        ]
      },
      "id": "way/1280523193"
    },
    {
      "type": "Feature",
      "properties": {
        "@id": "way/1280523194",
        "cycleway:both": "no",
        "highway": "tertiary",
        "lanes": "2",
        "lit": "yes",
        "maxspeed": "30",
        "name": "Hauptstrasse",
        "oneway": "no",
        "sidewalk": "right",
        "surface": "asphalt"
      },
      "geometry": {
        "type": "LineString",
        "coordinates": [
          [
            7.8690348,
            46.6648883
          ],
          [
            7.8690833,
            46.6647652
          ],
          [
            7.8690987,
            46.6647329
          ]
        ]
      },
      "id": "way/1280523194"
    },
    {
      "type": "Feature",
      "properties": {
        "@id": "way/1280523196",
        "cycleway:both": "no",
        "highway": "tertiary",
        "lanes": "2",
        "lit": "yes",
        "maxspeed": "30",
        "name": "Hauptstrasse",
        "oneway": "yes",
        "sidewalk": "right",
        "surface": "asphalt"
      },
      "geometry": {
        "type": "LineString",
        "coordinates": [
          [
            7.8689468,
            46.6653539
          ],
          [
            7.8689501,
            46.665401
          ],
          [
            7.8689515,
            46.6654318
          ],
          [
            7.8689522,
            46.6654471
          ],
          [
            7.8689566,
            46.6654811
          ]
        ]
      },
      "id": "way/1280523196"
    },
    {
      "type": "Feature",
      "properties": {
        "@id": "way/1280523197",
        "cycleway:both": "no",
        "highway": "tertiary",
        "lanes": "1",
        "lit": "yes",
        "maxspeed": "30",
        "name": "Hauptstrasse",
        "oneway": "yes",
        "sidewalk": "both",
        "sidewalk:both:surface": "asphalt",
        "smoothness": "good",
        "surface": "asphalt"
      },
      "geometry": {
        "type": "LineString",
        "coordinates": [
          [
            7.8691775,
            46.6658234
          ],
          [
            7.869231,
            46.6658668
          ],
          [
            7.8693458,
            46.6660506
          ],
          [
            7.8694175,
            46.6661656
          ],
          [
            7.8694169,
            46.6662131
          ]
        ]
      },
      "id": "way/1280523197"
    },
    {
      "type": "Feature",
      "properties": {
        "@id": "way/1280523198",
        "cycleway:both": "no",
        "highway": "tertiary",
        "lanes": "2",
        "maxspeed": "30",
        "name": "Hauptstrasse",
        "oneway": "no",
        "sidewalk": "both",
        "surface": "asphalt"
      },
      "geometry": {
        "type": "LineString",
        "coordinates": [
          [
            7.8691775,
            46.6658234
          ],
          [
            7.8690015,
            46.6655558
          ],
          [
            7.868962,
            46.6654901
          ]
        ]
      },
      "id": "way/1280523198"
    },
    {
      "type": "Feature",
      "properties": {
        "@id": "way/1280523199",
        "cycleway:both": "no",
        "highway": "tertiary",
        "lanes": "1",
        "lit": "yes",
        "maxspeed": "30",
        "name": "Hauptstrasse",
        "oneway": "yes",
        "sidewalk": "both",
        "sidewalk:both:surface": "asphalt",
        "smoothness": "good",
        "surface": "asphalt"
      },
      "geometry": {
        "type": "LineString",
        "coordinates": [
          [
            7.8694169,
            46.6662131
          ],
          [
            7.8693629,
            46.6661806
          ],
          [
            7.869292,
            46.6660696
          ],
          [
            7.8691762,
            46.6658833
          ],
          [
            7.8691775,
            46.6658234
          ]
        ]
      },
      "id": "way/1280523199"
    },
    {
      "type": "Feature",
      "properties": {
        "@id": "way/1280561273",
        "cycleway:both": "no",
        "highway": "tertiary",
        "lanes": "1",
        "maxspeed": "30",
        "name": "Hauptstrasse",
        "oneway": "yes",
        "sidewalk": "both",
        "surface": "asphalt"
      },
      "geometry": {
        "type": "LineString",
        "coordinates": [
          [
            7.8697332,
            46.6666975
          ],
          [
            7.8698331,
            46.6667812
          ],
          [
            7.8699031,
            46.6668877
          ],
          [
            7.8699577,
            46.6669887
          ],
          [
            7.870003,
            46.6670851
          ],
          [
            7.8699909,
            46.6671465
          ]
        ]
      },
      "id": "way/1280561273"
    },
    {
      "type": "Feature",
      "properties": {
        "@id": "way/1280561274",
        "cycleway:both": "no",
        "highway": "tertiary",
        "lanes": "1",
        "maxspeed": "30",
        "name": "Hauptstrasse",
        "oneway": "yes",
        "sidewalk": "both",
        "surface": "asphalt"
      },
      "geometry": {
        "type": "LineString",
        "coordinates": [
          [
            7.8699909,
            46.6671465
          ],
          [
            7.8699359,
            46.6670982
          ],
          [
            7.8698918,
            46.6670054
          ],
          [
            7.8698255,
            46.6668885
          ],
          [
            7.8697676,
            46.6668003
          ],
          [
            7.8697332,
            46.6666975
          ]
        ]
      },
      "id": "way/1280561274"
    },
    {
      "type": "Feature",
      "properties": {
        "@id": "way/1280561275",
        "cycleway:both": "no",
        "highway": "tertiary",
        "lanes": "2",
        "maxspeed": "30",
        "name": "Hauptstrasse",
        "oneway": "no",
        "sidewalk": "both",
        "surface": "asphalt"
      },
      "geometry": {
        "type": "LineString",
        "coordinates": [
          [
            7.869997,
            46.6671627
          ],
          [
            7.8699909,
            46.6671465
          ]
        ]
      },
      "id": "way/1280561275"
    },
    {
      "type": "Feature",
      "properties": {
        "@id": "way/1284288092",
        "cycleway:both": "no",
        "highway": "tertiary",
        "lanes": "2",
        "maxspeed": "30",
        "name": "Hauptstrasse",
        "oneway": "no",
        "sidewalk": "both",
        "surface": "asphalt"
      },
      "geometry": {
        "type": "LineString",
        "coordinates": [
          [
            7.868962,
            46.6654901
          ],
          [
            7.8689566,
            46.6654811
          ]
        ]
      },
      "id": "way/1284288092"
    },
    {
      "type": "Feature",
      "properties": {
        "@id": "way/1284653827",
        "highway": "tertiary",
        "lane_markings": "no",
        "maxspeed": "50",
        "name": "Saxetenstrasse",
        "ref": "1123",
        "surface": "asphalt"
      },
      "geometry": {
        "type": "LineString",
        "coordinates": [
          [
            7.8630376,
            46.6597787
          ],
          [
            7.8629745,
            46.6597499
          ],
          [
            7.8626891,
            46.659723
          ]
        ]
      },
      "id": "way/1284653827"
    },
    {
      "type": "Feature",
      "properties": {
        "@id": "way/1287794917",
        "highway": "secondary",
        "lanes": "2",
        "maxspeed": "60",
        "name": "Umfahrung Wilderswil",
        "oneway": "yes",
        "ref": "221",
        "surface": "asphalt"
      },
      "geometry": {
        "type": "LineString",
        "coordinates": [
          [
            7.8680648,
            46.6715035
          ],
          [
            7.8680941,
            46.6715138
          ],
          [
            7.8681258,
            46.6715223
          ],
          [
            7.8681627,
            46.6715278
          ],
          [
            7.8682019,
            46.6715292
          ],
          [
            7.8682417,
            46.6715297
          ],
          [
            7.8682502,
            46.6715289
          ],
          [
            7.8682968,
            46.6715251
          ],
          [
            7.8683893,
            46.6715124
          ],
          [
            7.868457,
            46.6715017
          ],
          [
            7.868569,
            46.6714802
          ],
          [
            7.8687136,
            46.6714474
          ],
          [
            7.8689995,
            46.6713732
          ]
        ]
      },
      "id": "way/1287794917"
    },
    {
      "type": "Feature",
      "properties": {
        "@id": "way/1303337733",
        "highway": "tertiary",
        "lane_markings": "no",
        "maxspeed": "50",
        "name": "Schmockenstrasse",
        "ref": "1109",
        "surface": "asphalt"
      },
      "geometry": {
        "type": "LineString",
        "coordinates": [
          [
            7.7679837,
            46.6902927
          ],
          [
            7.768009,
            46.6902831
          ],
          [
            7.7681689,
            46.6902193
          ],
          [
            7.7683604,
            46.6901305
          ],
          [
            7.7684044,
            46.6901102
          ],
          [
            7.7685013,
            46.6900654
          ],
          [
            7.7687337,
            46.6899557
          ],
          [
            7.7687504,
            46.6899478
          ],
          [
            7.7687698,
            46.6899387
          ],
          [
            7.7688355,
            46.6899122
          ],
          [
            7.7689315,
            46.6898735
          ],
          [
            7.7690144,
            46.6898475
          ],
          [
            7.769062,
            46.6898326
          ],
          [
            7.7691569,
            46.6898098
          ]
        ]
      },
      "id": "way/1303337733"
    },
    {
      "type": "Feature",
      "properties": {
        "@id": "way/1313065257",
        "highway": "tertiary",
        "maxspeed": "50",
        "name": "Interlakenstrasse",
        "name:etymology:wikidata": "Q68103",
        "ref": "1122",
        "surface": "asphalt"
      },
      "geometry": {
        "type": "LineString",
        "coordinates": [
          [
            7.892196,
            46.6868063
          ],
          [
            7.8922721,
            46.6867462
          ],
          [
            7.8929623,
            46.6862226
          ],
          [
            7.8931988,
            46.6860163
          ],
          [
            7.8932816,
            46.6859371
          ],
          [
            7.8932888,
            46.6859311
          ],
          [
            7.8933062,
            46.6859166
          ]
        ]
      },
      "id": "way/1313065257"
    },
    {
      "type": "Feature",
      "properties": {
        "@id": "way/1327245544",
        "highway": "primary",
        "lanes": "2",
        "maxspeed": "50",
        "maxweight": "32",
        "name": "Hauptstrasse",
        "ref": "6;11",
        "sidewalk:right": "yes",
        "surface": "asphalt"
      },
      "geometry": {
        "type": "LineString",
        "coordinates": [
          [
            7.7839766,
            46.6570664
          ],
          [
            7.7841827,
            46.657092
          ],
          [
            7.7846438,
            46.6571551
          ]
        ]
      },
      "id": "way/1327245544"
    },
    {
      "type": "Feature",
      "properties": {
        "@id": "way/1327245563",
        "bridge": "viaduct",
        "highway": "primary",
        "lanes": "2",
        "layer": "1",
        "maxspeed": "60",
        "name": "Goldswil-Viadukt",
        "oneway": "no",
        "ref": "6;11",
        "source:maxspeed": "sign",
        "surface": "asphalt"
      },
      "geometry": {
        "type": "LineString",
        "coordinates": [
          [
            7.8736427,
            46.6899517
          ],
          [
            7.8735133,
            46.6900853
          ]
        ]
      },
      "id": "way/1327245563"
    },
    {
      "type": "Feature",
      "properties": {
        "@id": "way/1349832195",
        "highway": "primary",
        "junction": "roundabout",
        "lane_markings": "no",
        "lanes": "1",
        "maxspeed": "50",
        "name": "Lindenallee",
        "ref": "6;11",
        "surface": "concrete"
      },
      "geometry": {
        "type": "LineString",
        "coordinates": [
          [
            7.8744375,
            46.6880627
          ],
          [
            7.8744631,
            46.6880469
          ],
          [
            7.8744933,
            46.6880363
          ],
          [
            7.874525,
            46.6880297
          ],
          [
            7.8745567,
            46.6880277
          ],
          [
            7.8745845,
            46.6880289
          ]
        ]
      },
      "id": "way/1349832195"
    },
    {
      "type": "Feature",
      "properties": {
        "@id": "way/1353773895",
        "highway": "tertiary",
        "lanes": "1",
        "maxspeed": "50",
        "name": "Interlakenstrasse",
        "surface": "asphalt"
      },
      "geometry": {
        "type": "LineString",
        "coordinates": [
          [
            7.8896486,
            46.6882859
          ],
          [
            7.8894929,
            46.6883148
          ],
          [
            7.889427,
            46.6883219
          ],
          [
            7.8891655,
            46.6883502
          ],
          [
            7.8889524,
            46.688361
          ]
        ]
      },
      "id": "way/1353773895"
    },
    {
      "type": "Feature",
      "properties": {
        "@id": "way/1353773896",
        "highway": "tertiary",
        "lanes": "2",
        "maxspeed": "50",
        "name": "Interlakenstrasse",
        "name:etymology:wikidata": "Q68103",
        "ref": "1122",
        "surface": "asphalt"
      },
      "geometry": {
        "type": "LineString",
        "coordinates": [
          [
            7.8884448,
            46.6883788
          ],
          [
            7.8889524,
            46.688361
          ]
        ]
      },
      "id": "way/1353773896"
    },
    {
      "type": "Feature",
      "properties": {
        "@id": "way/1353773897",
        "highway": "tertiary",
        "lanes": "2",
        "maxspeed": "50",
        "name": "Interlakenstrasse",
        "name:etymology:wikidata": "Q68103",
        "ref": "1122",
        "surface": "asphalt"
      },
      "geometry": {
        "type": "LineString",
        "coordinates": [
          [
            7.8896486,
            46.6882859
          ],
          [
            7.8898795,
            46.6882633
          ],
          [
            7.8901898,
            46.6882321
          ],
          [
            7.890234,
            46.6882255
          ],
          [
            7.8902949,
            46.6882124
          ],
          [
            7.8903992,
            46.6881733
          ],
          [
            7.8904794,
            46.6881207
          ],
          [
            7.8904967,
            46.6881086
          ]
        ]
      },
      "id": "way/1353773897"
    },
    {
      "type": "Feature",
      "properties": {
        "@id": "way/1353773900",
        "highway": "tertiary",
        "lanes": "2",
        "maxspeed": "60",
        "name": "Untere Bönigstrasse",
        "name:etymology:wikidata": "Q65502",
        "ref": "1122",
        "surface": "asphalt"
      },
      "geometry": {
        "type": "LineString",
        "coordinates": [
          [
            7.8865006,
            46.6886109
          ],
          [
            7.887447,
            46.6885193
          ],
          [
            7.8881141,
            46.6884478
          ],
          [
            7.8883131,
            46.6884264
          ],
          [
            7.8884448,
            46.6883788
          ]
        ]
      },
      "id": "way/1353773900"
    },
    {
      "type": "Feature",
      "properties": {
        "@id": "way/1356022354",
        "cycleway:right": "lane",
        "highway": "primary",
        "lanes": "2",
        "maxspeed": "50",
        "maxweight": "32",
        "name": "Hauptstrasse",
        "ref": "6;11",
        "surface": "asphalt"
      },
      "geometry": {
        "type": "LineString",
        "coordinates": [
          [
            7.7846438,
            46.6571551
          ],
          [
            7.7847823,
            46.6571741
          ]
        ]
      },
      "id": "way/1356022354"
    },
    {
      "type": "Feature",
      "properties": {
        "@id": "way/1360393532",
        "highway": "secondary",
        "lane_markings": "yes",
        "lanes": "2",
        "maxspeed": "50",
        "name": "Seestrasse",
        "ref": "221",
        "source:maxspeed": "sign",
        "surface": "asphalt"
      },
      "geometry": {
        "type": "LineString",
        "coordinates": [
          [
            7.8161292,
            46.6804177
          ],
          [
            7.8160393,
            46.6804734
          ],
          [
            7.8159952,
            46.6805072
          ],
          [
            7.8159769,
            46.6805213
          ],
          [
            7.8159395,
            46.6805536
          ]
        ]
      },
      "id": "way/1360393532"
    },
    {
      "type": "Feature",
      "properties": {
        "@id": "way/1364938962",
        "name": "Allmendhubelbahn",
        "railway": "funicular"
      },
      "geometry": {
        "type": "LineString",
        "coordinates": [
          [
            7.8906764,
            46.5624827
          ],
          [
            7.890919,
            46.5622919
          ],
          [
            7.890945,
            46.5622698
          ]
        ]
      },
      "id": "way/1364938962"
    },
    {
      "type": "Feature",
      "properties": {
        "@id": "way/1364938963",
        "name": "Allmendhubelbahn",
        "railway": "funicular"
      },
      "geometry": {
        "type": "LineString",
        "coordinates": [
          [
            7.8910036,
            46.56222
          ],
          [
            7.8910238,
            46.5622029
          ],
          [
            7.8912474,
            46.5619879
          ]
        ]
      },
      "id": "way/1364938963"
    },
    {
      "type": "Feature",
      "properties": {
        "@id": "way/1364938964",
        "bridge": "yes",
        "layer": "1",
        "name": "Allmendhubelbahn",
        "railway": "funicular"
      },
      "geometry": {
        "type": "LineString",
        "coordinates": [
          [
            7.890945,
            46.5622698
          ],
          [
            7.8910036,
            46.56222
          ]
        ]
      },
      "id": "way/1364938964"
    },
    {
      "type": "Feature",
      "properties": {
        "@id": "way/1422857306",
        "cycleway:both": "no",
        "highway": "tertiary",
        "lane_markings": "no",
        "maxspeed": "30",
        "name": "Dorfstrasse",
        "sidewalk": "left",
        "surface": "asphalt"
      },
      "geometry": {
        "type": "LineString",
        "coordinates": [
          [
            8.043668,
            46.6245057
          ],
          [
            8.0435924,
            46.6245093
          ],
          [
            8.0435204,
            46.6245029
          ],
          [
            8.0434561,
            46.6244884
          ],
          [
            8.0431046,
            46.624365
          ],
          [
            8.0430193,
            46.6243382
          ]
        ]
      },
      "id": "way/1422857306"
    },
    {
      "type": "Feature",
      "properties": {
        "@id": "way/1436358894",
        "highway": "tertiary",
        "maxspeed": "40",
        "name": "Grabenstrasse",
        "source": "survey",
        "surface": "asphalt"
      },
      "geometry": {
        "type": "LineString",
        "coordinates": [
          [
            8.0455454,
            46.6216895
          ],
          [
            8.0454802,
            46.6217166
          ],
          [
            8.0454122,
            46.6217487
          ],
          [
            8.0453818,
            46.6217708
          ],
          [
            8.0453506,
            46.6218019
          ],
          [
            8.0453275,
            46.6218365
          ],
          [
            8.0453098,
            46.6218778
          ],
          [
            8.045305,
            46.6219147
          ],
          [
            8.0453066,
            46.6219545
          ]
        ]
      },
      "id": "way/1436358894"
    },
    {
      "type": "Feature",
      "properties": {
        "@id": "way/1436415212",
        "cycleway:both": "no",
        "highway": "tertiary",
        "lane_markings": "no",
        "maxspeed": "50",
        "name": "Dorfstrasse",
        "surface": "asphalt"
      },
      "geometry": {
        "type": "LineString",
        "coordinates": [
          [
            8.031283,
            46.6244754
          ],
          [
            8.0311947,
            46.6244913
          ],
          [
            8.031103,
            46.6245025
          ],
          [
            8.0308767,
            46.6245135
          ],
          [
            8.0307981,
            46.6245236
          ],
          [
            8.0307255,
            46.6245453
          ],
          [
            8.0306562,
            46.6245694
          ],
          [
            8.030396,
            46.6247098
          ],
          [
            8.0303825,
            46.6247167
          ]
        ]
      },
      "id": "way/1436415212"
    },
    {
      "type": "Feature",
      "properties": {
        "@id": "way/1436415213",
        "cycleway:both": "no",
        "highway": "tertiary",
        "maxspeed": "30",
        "name": "Dorfstrasse",
        "surface": "asphalt"
      },
      "geometry": {
        "type": "LineString",
        "coordinates": [
          [
            8.0315149,
            46.6244176
          ],
          [
            8.031283,
            46.6244754
          ]
        ]
      },
      "id": "way/1436415213"
    },
    {
      "type": "Feature",
      "properties": {
        "@id": "way/1436454516",
        "cycleway:both": "no",
        "highway": "tertiary",
        "maxspeed": "40",
        "name": "Obere Gletscherstrasse",
        "surface": "asphalt"
      },
      "geometry": {
        "type": "LineString",
        "coordinates": [
          [
            8.062415,
            46.630397
          ],
          [
            8.0623691,
            46.6304012
          ],
          [
            8.0620856,
            46.6304261
          ],
          [
            8.0619579,
            46.6304369
          ],
          [
            8.0618147,
            46.6304511
          ],
          [
            8.0617161,
            46.6304545
          ],
          [
            8.0616843,
            46.6304541
          ],
          [
            8.0615758,
            46.6304523
          ],
          [
            8.0614775,
            46.6304453
          ],
          [
            8.0613845,
            46.6304376
          ],
          [
            8.0612775,
            46.6304252
          ],
          [
            8.0611524,
            46.6304079
          ],
          [
            8.0609806,
            46.6303849
          ],
          [
            8.0607304,
            46.6303485
          ],
          [
            8.0605715,
            46.6303239
          ],
          [
            8.0604234,
            46.6303114
          ],
          [
            8.0603171,
            46.6303114
          ],
          [
            8.0602114,
            46.6303143
          ],
          [
            8.0600988,
            46.6303253
          ],
          [
            8.0600339,
            46.6303369
          ],
          [
            8.0599774,
            46.6303478
          ],
          [
            8.0597539,
            46.6303955
          ],
          [
            8.0594738,
            46.6304608
          ],
          [
            8.0593493,
            46.6304894
          ],
          [
            8.0592422,
            46.6305167
          ],
          [
            8.059157,
            46.6305415
          ],
          [
            8.059072,
            46.6305692
          ],
          [
            8.058586,
            46.6307413
          ],
          [
            8.0584931,
            46.6307747
          ],
          [
            8.0584274,
            46.6307921
          ],
          [
            8.0583657,
            46.6308041
          ],
          [
            8.0582857,
            46.6308278
          ],
          [
            8.0582169,
            46.6308574
          ],
          [
            8.0581946,
            46.6308702
          ],
          [
            8.058125,
            46.6309121
          ],
          [
            8.0580271,
            46.6309721
          ],
          [
            8.0579092,
            46.6310556
          ],
          [
            8.0578132,
            46.6311166
          ],
          [
            8.057743,
            46.631157
          ],
          [
            8.0576751,
            46.6311905
          ],
          [
            8.0575979,
            46.6312132
          ],
          [
            8.0575188,
            46.6312292
          ],
          [
            8.0574328,
            46.6312373
          ],
          [
            8.0573228,
            46.6312399
          ],
          [
            8.0571975,
            46.6312504
          ],
          [
            8.0570991,
            46.6312632
          ],
          [
            8.0569993,
            46.6312813
          ],
          [
            8.0569117,
            46.6313019
          ],
          [
            8.0567832,
            46.6313367
          ],
          [
            8.0567198,
            46.631354
          ]
        ]
      },
      "id": "way/1436454516"
    },
    {
      "type": "Feature",
      "properties": {
        "@id": "way/1436454517",
        "cycleway:both": "no",
        "highway": "tertiary",
        "maxspeed": "40",
        "name": "Obere Gletscherstrasse",
        "surface": "asphalt"
      },
      "geometry": {
        "type": "LineString",
        "coordinates": [
          [
            8.0646083,
            46.6308999
          ],
          [
            8.0645604,
            46.6308951
          ],
          [
            8.0644855,
            46.6308849
          ],
          [
            8.0644684,
            46.6308807
          ],
          [
            8.0644179,
            46.6308678
          ],
          [
            8.0643517,
            46.6308421
          ],
          [
            8.0643039,
            46.6308122
          ],
          [
            8.0641594,
            46.6307016
          ],
          [
            8.0639114,
            46.6305116
          ],
          [
            8.0638158,
            46.6304427
          ],
          [
            8.0637632,
            46.6304059
          ],
          [
            8.0637047,
            46.6303772
          ],
          [
            8.063639,
            46.6303549
          ],
          [
            8.0635698,
            46.6303389
          ],
          [
            8.0634965,
            46.6303286
          ],
          [
            8.0634092,
            46.6303204
          ],
          [
            8.063328,
            46.6303178
          ],
          [
            8.06318,
            46.6303242
          ],
          [
            8.0625073,
            46.6303895
          ],
          [
            8.062415,
            46.630397
          ]
        ]
      },
      "id": "way/1436454517"
    },
    {
      "type": "Feature",
      "properties": {
        "@id": "way/1442024303",
        "aerialway": "chair_lift",
        "aerialway:bubble": "yes",
        "aerialway:capacity": "2000",
        "aerialway:occupancy": "6",
        "name": "Wixi - Fallboden",
        "planned": "yes"
      },
      "geometry": {
        "type": "LineString",
        "coordinates": [
          [
            7.9501618,
            46.5728273
          ],
          [
            7.9684132,
            46.5783811
          ]
        ]
      },
      "id": "way/1442024303"
    },
    {
      "type": "Feature",
      "properties": {
        "@id": "way/1443749233",
        "aerialway": "zip_line",
        "aerialway:duration": "2.5",
        "description": "fixed metal line",
        "name": "Fly Line",
        "website": "https://pfingstegg.ch/index.php/aktivitaeten/fly-line"
      },
      "geometry": {
        "type": "LineString",
        "coordinates": [
          [
            8.0561056,
            46.6174156
          ],
          [
            8.0559302,
            46.617308
          ],
          [
            8.0559027,
            46.6172929
          ],
          [
            8.0558837,
            46.6172772
          ],
          [
            8.0558566,
            46.6172442
          ],
          [
            8.0558366,
            46.6172352
          ],
          [
            8.0558104,
            46.617233
          ],
          [
            8.0557822,
            46.617242
          ],
          [
            8.0557691,
            46.6172521
          ],
          [
            8.0557665,
            46.6172673
          ],
          [
            8.0557712,
            46.6172888
          ],
          [
            8.0557919,
            46.6173157
          ]
        ]
      },
      "id": "way/1443749233"
    },
    {
      "type": "Feature",
      "properties": {
        "@id": "way/1443749234",
        "aerialway": "zip_line",
        "aerialway:duration": "2.5",
        "description": "fixed metal line",
        "name": "Fly Line",
        "website": "https://pfingstegg.ch/index.php/aktivitaeten/fly-line"
      },
      "geometry": {
        "type": "LineString",
        "coordinates": [
          [
            8.0557313,
            46.6172826
          ],
          [
            8.0557135,
            46.6172589
          ],
          [
            8.0556954,
            46.6172488
          ],
          [
            8.0556751,
            46.6172416
          ]
        ]
      },
      "id": "way/1443749234"
    },
    {
      "type": "Feature",
      "properties": {
        "@id": "way/1458305757",
        "cycleway:left": "no",
        "cycleway:right": "lane",
        "highway": "primary",
        "lanes": "1",
        "lit": "yes",
        "maxspeed": "50",
        "maxweight": "32",
        "name": "Hauptstrasse",
        "oneway": "yes",
        "parking:both": "no",
        "parking:both:restriction": "no_parking",
        "ref": "6;11",
        "sidewalk": "right",
        "smoothness": "good",
        "surface": "asphalt"
      },
      "geometry": {
        "type": "LineString",
        "coordinates": [
          [
            7.7643915,
            46.6552855
          ],
          [
            7.7645034,
            46.6553224
          ],
          [
            7.7645943,
            46.6553512
          ],
          [
            7.7646511,
            46.655368
          ],
          [
            7.7647237,
            46.6553933
          ]
        ]
      },
      "id": "way/1458305757"
    },
    {
      "type": "Feature",
      "properties": {
        "@id": "way/1458369210",
        "highway": "primary",
        "lanes": "1",
        "maxspeed": "50",
        "name": "Hauptstrasse",
        "oneway": "yes",
        "sidewalk:right": "yes",
        "surface": "asphalt"
      },
      "geometry": {
        "type": "LineString",
        "coordinates": [
          [
            7.781029,
            46.6565975
          ],
          [
            7.7811997,
            46.6565948
          ],
          [
            7.7813272,
            46.6566128
          ],
          [
            7.7815845,
            46.6566587
          ],
          [
            7.7816544,
            46.6566794
          ],
          [
            7.7817566,
            46.6567097
          ],
          [
            7.7819046,
            46.6567474
          ]
        ]
      },
      "id": "way/1458369210"
    },
    {
      "type": "Feature",
      "properties": {
        "@id": "way/1458369211",
        "cycleway:both": "lane",
        "highway": "primary",
        "lanes": "2",
        "maxspeed": "50",
        "name": "Hauptstrasse",
        "ref": "6;11",
        "sidewalk:right": "yes"
      },
      "geometry": {
        "type": "LineString",
        "coordinates": [
          [
            7.7805395,
            46.6565063
          ],
          [
            7.7807762,
            46.6565504
          ],
          [
            7.7809339,
            46.6565798
          ],
          [
            7.781029,
            46.6565975
          ]
        ]
      },
      "id": "way/1458369211"
    },
    {
      "type": "Feature",
      "properties": {
        "@id": "way/1458369213",
        "highway": "primary",
        "lanes": "2",
        "maxspeed": "50",
        "name": "Hauptstrasse",
        "oneway": "no",
        "ref": "6;11",
        "sidewalk:right": "yes",
        "surface": "asphalt"
      },
      "geometry": {
        "type": "LineString",
        "coordinates": [
          [
            7.782089,
            46.6567729
          ],
          [
            7.7819046,
            46.6567474
          ]
        ]
      },
      "id": "way/1458369213"
    },
    {
      "type": "Feature",
      "properties": {
        "@id": "way/1460197631",
        "highway": "primary",
        "junction": "roundabout",
        "lanes": "1",
        "name": "Sonnenhof",
        "surface": "asphalt"
      },
      "geometry": {
        "type": "LineString",
        "coordinates": [
          [
            7.8612798,
            46.6846592
          ],
          [
            7.861283,
            46.6846441
          ],
          [
            7.8612898,
            46.6846295
          ],
          [
            7.8613,
            46.6846159
          ],
          [
            7.8613134,
            46.6846037
          ],
          [
            7.8613296,
            46.6845931
          ],
          [
            7.8613481,
            46.6845846
          ],
          [
            7.8613685,
            46.6845783
          ],
          [
            7.86139,
            46.6845745
          ],
          [
            7.8614123,
            46.6845731
          ]
        ]
      },
      "id": "way/1460197631"
    },
    {
      "type": "Feature",
      "properties": {
        "@id": "way/1460197632",
        "highway": "primary",
        "junction": "roundabout",
        "lanes": "1",
        "name": "Sonnenhof",
        "surface": "asphalt"
      },
      "geometry": {
        "type": "LineString",
        "coordinates": [
          [
            7.861541,
            46.6846887
          ],
          [
            7.8615349,
            46.6847005
          ],
          [
            7.8615266,
            46.6847116
          ],
          [
            7.8615161,
            46.6847219
          ],
          [
            7.8615037,
            46.684731
          ],
          [
            7.8614896,
            46.684739
          ],
          [
            7.861474,
            46.6847455
          ]
        ]
      },
      "id": "way/1460197632"
    },
    {
      "type": "Feature",
      "properties": {
        "@id": "way/1460197633",
        "highway": "primary",
        "junction": "roundabout",
        "lanes": "1",
        "name": "Sonnenhof",
        "surface": "asphalt"
      },
      "geometry": {
        "type": "LineString",
        "coordinates": [
          [
            7.861474,
            46.6847455
          ],
          [
            7.8614541,
            46.6847512
          ],
          [
            7.8614332,
            46.6847546
          ],
          [
            7.8614117,
            46.6847557
          ],
          [
            7.8613902,
            46.6847544
          ],
          [
            7.8613694,
            46.6847507
          ],
          [
            7.8613496,
            46.6847448
          ],
          [
            7.8613316,
            46.6847368
          ],
          [
            7.8613156,
            46.6847269
          ],
          [
            7.8613022,
            46.6847153
          ],
          [
            7.8612917,
            46.6847024
          ],
          [
            7.8612843,
            46.6846885
          ],
          [
            7.8612804,
            46.684674
          ],
          [
            7.8612798,
            46.6846592
          ]
        ]
      },
      "id": "way/1460197633"
    },
    {
      "type": "Feature",
      "properties": {
        "@id": "way/1460197640",
        "cycleway:right": "no",
        "highway": "secondary",
        "junction": "roundabout",
        "lanes": "1",
        "maxspeed": "60",
        "name": "Gsteigstrasse",
        "oneway": "yes",
        "ref": "221",
        "source": "survey;gps",
        "surface": "asphalt"
      },
      "geometry": {
        "type": "LineString",
        "coordinates": [
          [
            7.8680648,
            46.6715035
          ],
          [
            7.8680786,
            46.6715354
          ],
          [
            7.868081,
            46.6715629
          ],
          [
            7.8680785,
            46.6715978
          ],
          [
            7.8680681,
            46.6716264
          ]
        ]
      },
      "id": "way/1460197640"
    },
    {
      "type": "Feature",
      "properties": {
        "@id": "way/1460197641",
        "cycleway:right": "no",
        "highway": "secondary",
        "junction": "roundabout",
        "lanes": "1",
        "maxspeed": "60",
        "name": "Gsteigstrasse",
        "oneway": "yes",
        "ref": "221",
        "source": "survey;gps",
        "surface": "asphalt"
      },
      "geometry": {
        "type": "LineString",
        "coordinates": [
          [
            7.8680681,
            46.6716264
          ],
          [
            7.8680469,
            46.6716525
          ],
          [
            7.8680055,
            46.6716884
          ]
        ]
      },
      "id": "way/1460197641"
    },
    {
      "type": "Feature",
      "properties": {
        "@id": "way/1460199101",
        "highway": "primary",
        "junction": "roundabout",
        "lanes": "1",
        "name": "Kreisel Lindenallee",
        "surface": "asphalt"
      },
      "geometry": {
        "type": "LineString",
        "coordinates": [
          [
            7.8696115,
            46.687444
          ],
          [
            7.8695958,
            46.6874551
          ],
          [
            7.8695776,
            46.6874644
          ],
          [
            7.8695575,
            46.6874714
          ],
          [
            7.869536,
            46.6874761
          ],
          [
            7.8695136,
            46.6874784
          ],
          [
            7.869491,
            46.6874781
          ],
          [
            7.8694688,
            46.6874753
          ]
        ]
      },
      "id": "way/1460199101"
    },
    {
      "type": "Feature",
      "properties": {
        "@id": "way/1460199102",
        "highway": "primary",
        "junction": "roundabout",
        "lanes": "1",
        "name": "Kreisel Lindenallee",
        "surface": "asphalt"
      },
      "geometry": {
        "type": "LineString",
        "coordinates": [
          [
            7.8694688,
            46.6874753
          ],
          [
            7.8694585,
            46.6874731
          ],
          [
            7.8694366,
            46.6874663
          ],
          [
            7.8694167,
            46.6874569
          ],
          [
            7.8693994,
            46.6874452
          ],
          [
            7.8693854,
            46.6874317
          ],
          [
            7.8693751,
            46.6874167
          ],
          [
            7.8693687,
            46.6874007
          ],
          [
            7.8693665,
            46.6873842
          ],
          [
            7.8693666,
            46.6873798
          ]
        ]
      },
      "id": "way/1460199102"
    },
    {
      "type": "Feature",
      "properties": {
        "@id": "way/1460199103",
        "highway": "primary",
        "junction": "roundabout",
        "lanes": "1",
        "name": "Kreisel Lindenallee",
        "surface": "asphalt"
      },
      "geometry": {
        "type": "LineString",
        "coordinates": [
          [
            7.8693666,
            46.6873798
          ],
          [
            7.8693685,
            46.6873677
          ],
          [
            7.8693746,
            46.6873516
          ],
          [
            7.8693848,
            46.6873365
          ],
          [
            7.8693985,
            46.687323
          ],
          [
            7.8694009,
            46.687321
          ]
        ]
      },
      "id": "way/1460199103"
    },
    {
      "type": "Feature",
      "properties": {
        "@id": "way/1460199104",
        "highway": "primary",
        "junction": "roundabout",
        "lanes": "1",
        "name": "Kreisel Lindenallee",
        "surface": "asphalt"
      },
      "geometry": {
        "type": "LineString",
        "coordinates": [
          [
            7.8694009,
            46.687321
          ],
          [
            7.8694156,
            46.6873112
          ],
          [
            7.8694353,
            46.6873017
          ],
          [
            7.8694571,
            46.6872946
          ],
          [
            7.8694803,
            46.6872903
          ],
          [
            7.8695043,
            46.6872888
          ],
          [
            7.8695158,
            46.6872891
          ]
        ]
      },
      "id": "way/1460199104"
    },
    {
      "type": "Feature",
      "properties": {
        "@id": "way/1460199105",
        "highway": "primary",
        "junction": "roundabout",
        "lanes": "1",
        "name": "Kreisel Lindenallee",
        "surface": "asphalt"
      },
      "geometry": {
        "type": "LineString",
        "coordinates": [
          [
            7.8695158,
            46.6872891
          ],
          [
            7.8695364,
            46.6872913
          ],
          [
            7.8695562,
            46.6872956
          ],
          [
            7.8695749,
            46.6873019
          ],
          [
            7.869592,
            46.6873101
          ],
          [
            7.8696071,
            46.6873199
          ],
          [
            7.8696199,
            46.6873311
          ],
          [
            7.8696301,
            46.6873436
          ],
          [
            7.8696374,
            46.6873569
          ],
          [
            7.8696418,
            46.6873709
          ],
          [
            7.8696431,
            46.6873851
          ]
        ]
      },
      "id": "way/1460199105"
    },
    {
      "type": "Feature",
      "properties": {
        "@id": "way/1460199106",
        "highway": "primary",
        "junction": "roundabout",
        "lanes": "1",
        "maxspeed": "50",
        "name": "Aldi-Kreisel",
        "ref": "6;11",
        "surface": "asphalt"
      },
      "geometry": {
        "type": "LineString",
        "coordinates": [
          [
            7.876829,
            46.6886109
          ],
          [
            7.8768086,
            46.6886045
          ],
          [
            7.8767898,
            46.6885959
          ],
          [
            7.8767733,
            46.6885854
          ],
          [
            7.8767594,
            46.6885733
          ],
          [
            7.8767485,
            46.6885598
          ],
          [
            7.8767409,
            46.6885452
          ],
          [
            7.8767367,
            46.6885301
          ],
          [
            7.876736,
            46.6885146
          ],
          [
            7.8767389,
            46.6884993
          ],
          [
            7.8767453,
            46.6884845
          ]
        ]
      },
      "id": "way/1460199106"
    },
    {
      "type": "Feature",
      "properties": {
        "@id": "way/1460199107",
        "highway": "primary",
        "junction": "roundabout",
        "lanes": "1",
        "maxspeed": "50",
        "name": "Aldi-Kreisel",
        "ref": "6;11",
        "surface": "asphalt"
      },
      "geometry": {
        "type": "LineString",
        "coordinates": [
          [
            7.8768538,
            46.6884236
          ],
          [
            7.8768783,
            46.6884222
          ],
          [
            7.8769028,
            46.6884237
          ],
          [
            7.8769266,
            46.6884281
          ],
          [
            7.8769489,
            46.6884353
          ],
          [
            7.876969,
            46.688445
          ]
        ]
      },
      "id": "way/1460199107"
    },
    {
      "type": "Feature",
      "properties": {
        "@id": "way/1460199108",
        "highway": "primary",
        "junction": "roundabout",
        "lanes": "1",
        "maxspeed": "50",
        "name": "Aldi-Kreisel",
        "ref": "6;11",
        "surface": "asphalt"
      },
      "geometry": {
        "type": "LineString",
        "coordinates": [
          [
            7.876969,
            46.688445
          ],
          [
            7.8769848,
            46.6884557
          ],
          [
            7.8769981,
            46.6884679
          ],
          [
            7.8770083,
            46.6884815
          ],
          [
            7.8770154,
            46.6884959
          ]
        ]
      },
      "id": "way/1460199108"
    },
    {
      "type": "Feature",
      "properties": {
        "@id": "way/1460199109",
        "highway": "primary",
        "junction": "roundabout",
        "lanes": "1",
        "maxspeed": "50",
        "name": "Aldi-Kreisel",
        "ref": "6;11",
        "surface": "asphalt"
      },
      "geometry": {
        "type": "LineString",
        "coordinates": [
          [
            7.8770154,
            46.6884959
          ],
          [
            7.8770189,
            46.6885099
          ],
          [
            7.8770195,
            46.6885242
          ],
          [
            7.877017,
            46.6885383
          ],
          [
            7.8770114,
            46.6885521
          ],
          [
            7.8770031,
            46.6885651
          ],
          [
            7.876992,
            46.6885772
          ]
        ]
      },
      "id": "way/1460199109"
    },
    {
      "type": "Feature",
      "properties": {
        "@id": "way/1460199110",
        "highway": "primary",
        "junction": "roundabout",
        "lanes": "1",
        "maxspeed": "50",
        "name": "Aldi-Kreisel",
        "ref": "6;11",
        "surface": "asphalt"
      },
      "geometry": {
        "type": "LineString",
        "coordinates": [
          [
            7.876992,
            46.6885772
          ],
          [
            7.8769771,
            46.688589
          ],
          [
            7.8769596,
            46.688599
          ],
          [
            7.8769399,
            46.688607
          ],
          [
            7.8769187,
            46.6886127
          ],
          [
            7.8768964,
            46.688616
          ],
          [
            7.8768737,
            46.6886168
          ],
          [
            7.876851,
            46.6886151
          ],
          [
            7.876829,
            46.6886109
          ]
        ]
      },
      "id": "way/1460199110"
    },
    {
      "type": "Feature",
      "properties": {
        "@id": "way/1460336793",
        "highway": "primary",
        "lanes": "1",
        "maxspeed": "50",
        "maxweight": "32",
        "name": "Hauptstrassse",
        "oneway": "yes",
        "ref": "6;11",
        "surface": "asphalt"
      },
      "geometry": {
        "type": "LineString",
        "coordinates": [
          [
            7.7730537,
            46.6545536
          ],
          [
            7.7731273,
            46.6545493
          ],
          [
            7.7733941,
            46.6545484
          ],
          [
            7.7735157,
            46.6545488
          ],
          [
            7.773687,
            46.6545594
          ]
        ]
      },
      "id": "way/1460336793"
    },
    {
      "type": "Feature",
      "properties": {
        "@id": "way/1460336794",
        "highway": "primary",
        "lanes": "2",
        "lanes:forward": "1",
        "lit": "yes",
        "maxspeed": "50",
        "maxweight": "32",
        "name": "Hauptstrasse",
        "ref": "6;11",
        "sidewalk": "right",
        "smoothness": "good",
        "surface": "asphalt"
      },
      "geometry": {
        "type": "LineString",
        "coordinates": [
          [
            7.7749423,
            46.6548375
          ],
          [
            7.7750987,
            46.6548831
          ]
        ]
      },
      "id": "way/1460336794"
    },
    {
      "type": "Feature",
      "properties": {
        "@id": "way/1471645690",
        "cycleway:left": "no",
        "cycleway:right": "lane",
        "highway": "primary",
        "lane_markings": "no",
        "lanes": "1",
        "lit": "yes",
        "maxspeed": "50",
        "maxweight": "32",
        "name": "Hauptstrasse",
        "oneway": "yes",
        "ref": "6;11",
        "sidewalk": "right",
        "smoothness": "good",
        "surface": "asphalt"
      },
      "geometry": {
        "type": "LineString",
        "coordinates": [
          [
            7.7647237,
            46.6553933
          ],
          [
            7.7648085,
            46.6554226
          ],
          [
            7.7650101,
            46.6555053
          ]
        ]
      },
      "id": "way/1471645690"
    },
    {
      "type": "Feature",
      "properties": {
        "@id": "way/1472016636",
        "highway": "secondary",
        "lanes": "2",
        "maxspeed": "60",
        "name": "Umfahrung Wilderswil",
        "ref": "221",
        "surface": "asphalt"
      },
      "geometry": {
        "type": "LineString",
        "coordinates": [
          [
            7.8696561,
            46.6711676
          ],
          [
            7.8697226,
            46.6711401
          ],
          [
            7.8698462,
            46.6710799
          ],
          [
            7.8699719,
            46.6710077
          ],
          [
            7.8700702,
            46.670943
          ],
          [
            7.8701285,
            46.6708977
          ],
          [
            7.8701985,
            46.6708348
          ],
          [
            7.8702659,
            46.6707536
          ]
        ]
      },
      "id": "way/1472016636"
    },
    {
      "type": "Feature",
      "properties": {
        "@id": "way/1495451842",
        "aerialway": "chair_lift",
        "aerialway:capacity": "1600",
        "aerialway:occupancy": "4",
        "name": "Isch - Bodmi",
        "planned": "yes"
      },
      "geometry": {
        "type": "LineString",
        "coordinates": [
          [
            8.0492464,
            46.6279419
          ],
          [
            8.0460263,
            46.6297298
          ]
        ]
      },
      "id": "way/1495451842"
    },
    {
      "type": "Feature",
      "properties": {
        "@id": "way/1513503235",
        "bus_bay": "right",
        "cycleway:both": "no",
        "highway": "tertiary",
        "lanes": "2",
        "maxspeed": "80",
        "maxweight": "28",
        "name": "Beatenbergstrasse",
        "ref": "1109",
        "surface": "asphalt"
      },
      "geometry": {
        "type": "LineString",
        "coordinates": [
          [
            7.8262715,
            46.69083
          ],
          [
            7.8263343,
            46.6908953
          ],
          [
            7.8263469,
            46.6909079
          ],
          [
            7.8264402,
            46.6910172
          ],
          [
            7.8265299,
            46.6911314
          ]
        ]
      },
      "id": "way/1513503235"
    },
    {
      "type": "Feature",
      "properties": {
        "@id": "way/1521184730",
        "highway": "primary",
        "lanes": "1",
        "maxspeed": "50",
        "maxweight": "32",
        "name": "Hauptstrassse",
        "oneway": "yes",
        "ref": "6;11",
        "surface": "asphalt"
      },
      "geometry": {
        "type": "LineString",
        "coordinates": [
          [
            7.773687,
            46.6545594
          ],
          [
            7.7738959,
            46.6545772
          ],
          [
            7.7740525,
            46.6545825
          ],
          [
            7.774137,
            46.6545933
          ],
          [
            7.7742127,
            46.6546108
          ],
          [
            7.7743511,
            46.6546483
          ]
        ]
      },
      "id": "way/1521184730"
    },
    {
      "type": "Feature",
      "properties": {
        "@id": "way/1521184732",
        "highway": "primary",
        "lanes": "1",
        "lanes:backward": "1",
        "lanes:forward": "1",
        "lit": "yes",
        "maxspeed": "50",
        "maxweight": "32",
        "name": "Hauptstrasse",
        "oneway": "yes",
        "placement:forward": "middle_of:1",
        "ref": "6;11",
        "sidewalk": "separate",
        "surface": "asphalt"
      },
      "geometry": {
        "type": "LineString",
        "coordinates": [
          [
            7.7737084,
            46.6546081
          ],
          [
            7.7734867,
            46.6545924
          ],
          [
            7.7733383,
            46.6545823
          ],
          [
            7.7731322,
            46.654565
          ],
          [
            7.7730537,
            46.6545536
          ]
        ]
      },
      "id": "way/1521184732"
    },
    {
      "type": "Feature",
      "properties": {
        "@id": "way/1521184734",
        "highway": "primary",
        "lanes": "1",
        "maxspeed": "50",
        "maxweight": "32",
        "name": "Hauptstrassse",
        "oneway": "yes",
        "ref": "6;11",
        "surface": "asphalt"
      },
      "geometry": {
        "type": "LineString",
        "coordinates": [
          [
            7.7744157,
            46.6546686
          ],
          [
            7.7745224,
            46.6547022
          ],
          [
            7.7746221,
            46.6547279
          ],
          [
            7.7747449,
            46.6547614
          ],
          [
            7.7749423,
            46.6548375
          ]
        ]
      },
      "id": "way/1521184734"
    },
    {
      "type": "Feature",
      "properties": {
        "@id": "way/1521184735",
        "highway": "primary",
        "lanes": "1",
        "maxspeed": "50",
        "maxweight": "32",
        "name": "Hauptstrassse",
        "oneway": "yes",
        "ref": "6;11",
        "surface": "asphalt"
      },
      "geometry": {
        "type": "LineString",
        "coordinates": [
          [
            7.7743511,
            46.6546483
          ],
          [
            7.7744157,
            46.6546686
          ]
        ]
      },
      "id": "way/1521184735"
    },
    {
      "type": "Feature",
      "properties": {
        "@id": "way/1521184737",
        "highway": "primary",
        "lanes": "2",
        "lanes:backward": "1",
        "lanes:forward": "1",
        "lit": "yes",
        "maxspeed": "50",
        "maxweight": "32",
        "name": "Hauptstrasse",
        "oneway": "yes",
        "ref": "6;11",
        "sidewalk": "both",
        "smoothness": "good",
        "surface": "asphalt"
      },
      "geometry": {
        "type": "LineString",
        "coordinates": [
          [
            7.7743127,
            46.654686
          ],
          [
            7.7741867,
            46.6546654
          ]
        ]
      },
      "id": "way/1521184737"
    },
    {
      "type": "Feature",
      "properties": {
        "@id": "way/1526161604",
        "aerialway": "gondola",
        "aerialway:capacity": "1200",
        "aerialway:duration": "21",
        "aerialway:occupancy": "6",
        "bicycle": "yes",
        "name": "Firstbahn",
        "ref": "2440"
      },
      "geometry": {
        "type": "LineString",
        "coordinates": [
          [
            8.0517645,
            46.6467562
          ],
          [
            8.0519695,
            46.6469588
          ],
          [
            8.0521926,
            46.6471522
          ],
          [
            8.0534877,
            46.6482751
          ],
          [
            8.054278,
            46.6489603
          ],
          [
            8.0559358,
            46.6503976
          ],
          [
            8.0570983,
            46.6514054
          ],
          [
            8.0579339,
            46.6521298
          ],
          [
            8.0582619,
            46.6524142
          ],
          [
            8.0587489,
            46.6528364
          ],
          [
            8.0603992,
            46.6542671
          ],
          [
            8.0610415,
            46.6548239
          ],
          [
            8.0630097,
            46.6565301
          ],
          [
            8.0643429,
            46.6576858
          ],
          [
            8.0647254,
            46.6580173
          ],
          [
            8.0650071,
            46.6582615
          ],
          [
            8.0652644,
            46.6584938
          ]
        ]
      },
      "id": "way/1526161604"
    },
    {
      "type": "Feature",
      "properties": {
        "@id": "node/268129402",
        "aerialway": "yes",
        "ele": "1121",
        "name": "Beatenberg",
        "operator": "NHB",
        "public_transport": "stop_position",
        "source": "Bundesamt für Verkehr (BAV), DIDOK 2015",
        "uic_name": "Beatenberg",
        "uic_ref": "8507192",
        "wheelchair": "yes"
      },
      "geometry": {
        "type": "Point",
        "coordinates": [
          7.7653204,
          46.6906118
        ]
      },
      "id": "node/268129402"
    },
    {
      "type": "Feature",
      "properties": {
        "@id": "node/271902415",
        "aerialway": "yes",
        "ele": "922",
        "name": "Stechelberg",
        "operator": "LSMS-lsms",
        "public_transport": "stop_position",
        "source": "Bundesamt für Verkehr (BAV), DIDOK 2015",
        "uic_name": "Stechelberg (Schilthornbahn)",
        "uic_ref": "8507453",
        "wheelchair": "yes"
      },
      "geometry": {
        "type": "Point",
        "coordinates": [
          7.9017843,
          46.5551128
        ]
      },
      "id": "node/271902415"
    },
    {
      "type": "Feature",
      "properties": {
        "@id": "node/271902417",
        "aerialway": "pylon"
      },
      "geometry": {
        "type": "Point",
        "coordinates": [
          7.8942554,
          46.5477499
        ]
      },
      "id": "node/271902417"
    },
    {
      "type": "Feature",
      "properties": {
        "@id": "node/271902504",
        "aerialway": "yes",
        "ele": "1367",
        "name": "Gimmelwald",
        "operator": "LSMS",
        "public_transport": "stop_position",
        "uic_name": "Gimmelwald (Schilthornbahn)",
        "uic_ref": "8507454"
      },
      "geometry": {
        "type": "Point",
        "coordinates": [
          7.8934143,
          46.5471647
        ]
      },
      "id": "node/271902504"
    },
    {
      "type": "Feature",
      "properties": {
        "@id": "node/271902505",
        "aerialway": "yes",
        "ele": "1639",
        "level": "0",
        "name": "Mürren",
        "operator": "LSMS",
        "public_transport": "stop_position",
        "uic_name": "Mürren (Schilthornbahn)",
        "uic_ref": "8507455"
      },
      "geometry": {
        "type": "Point",
        "coordinates": [
          7.8913383,
          46.5576223
        ]
      },
      "id": "node/271902505"
    },
    {
      "type": "Feature",
      "properties": {
        "@id": "node/271903980",
        "aerialway": "yes",
        "ele": "1639",
        "level": "0",
        "name": "Mürren",
        "operator": "LSMS",
        "public_transport": "stop_position",
        "uic_name": "Mürren (Schilthornbahn)",
        "uic_ref": "8507455"
      },
      "geometry": {
        "type": "Point",
        "coordinates": [
          7.8910625,
          46.5577585
        ]
      },
      "id": "node/271903980"
    },
    {
      "type": "Feature",
      "properties": {
        "@id": "node/271903981",
        "aerialway": "yes",
        "ele": "2685",
        "name": "Birg",
        "operator": "LSMS",
        "public_transport": "stop_position",
        "uic_name": "Birg (Schilthornbahn)",
        "uic_ref": "8507456"
      },
      "geometry": {
        "type": "Point",
        "coordinates": [
          7.8579039,
          46.561869
        ]
      },
      "id": "node/271903981"
    },
    {
      "type": "Feature",
      "properties": {
        "@id": "node/271904033",
        "aerialway": "yes",
        "ele": "2677",
        "name": "Birg",
        "operator": "LSMS",
        "public_transport": "stop_position",
        "uic_name": "Birg (Schilthornbahn)",
        "uic_ref": "8507456"
      },
      "geometry": {
        "type": "Point",
        "coordinates": [
          7.8572772,
          46.5617604
        ]
      },
      "id": "node/271904033"
    },
    {
      "type": "Feature",
      "properties": {
        "@id": "node/271904034",
        "aerialway": "yes",
        "ele": "2960",
        "name": "Schilthorn",
        "operator": "LSMS-lsms",
        "public_transport": "stop_position",
        "source": "Bundesamt für Verkehr (BAV), DIDOK 2015",
        "uic_name": "Schilthorn",
        "uic_ref": "8507457"
      },
      "geometry": {
        "type": "Point",
        "coordinates": [
          7.8353781,
          46.5573596
        ]
      },
      "id": "node/271904034"
    },
    {
      "type": "Feature",
      "properties": {
        "@id": "node/272852986",
        "aerialway": "yes",
        "ele": "1282",
        "name": "Wengen",
        "operator": "LWM",
        "public_transport": "stop_position",
        "uic_name": "Wengen (Männlichenbahn)",
        "uic_ref": "8507356"
      },
      "geometry": {
        "type": "Point",
        "coordinates": [
          7.9214951,
          46.6062521
        ]
      },
      "id": "node/272852986"
    },
    {
      "type": "Feature",
      "properties": {
        "@id": "node/272852989",
        "aerialway": "station",
        "ele": "2230",
        "name": "Männlichen",
        "operator": "LWM",
        "uic_name": "Männlichen (Luftseilb. Wengen)",
        "uic_ref": "8507357",
        "wikidata": "Q6699671"
      },
      "geometry": {
        "type": "Point",
        "coordinates": [
          7.9409459,
          46.6131638
        ]
      },
      "id": "node/272852989"
    },
    {
      "type": "Feature",
      "properties": {
        "@id": "node/272868374",
        "aerialway": "station",
        "aerialway:summer:access": "both",
        "ele": "1067",
        "name": "Grindelwald (Firstbahn)",
        "network": "Jungfraubahnen",
        "operator": "BGF",
        "public_transport": "station",
        "uic_name": "Grindelwald (Firstbahn)",
        "uic_ref": "8507350",
        "wheelchair": "limited"
      },
      "geometry": {
        "type": "Point",
        "coordinates": [
          8.0417827,
          46.6250229
        ]
      },
      "id": "node/272868374"
    },
    {
      "type": "Feature",
      "properties": {
        "@id": "node/272868377",
        "aerialway": "pylon",
        "ref": "5",
        "source": "survey"
      },
      "geometry": {
        "type": "Point",
        "coordinates": [
          8.0423408,
          46.6286804
        ]
      },
      "id": "node/272868377"
    },
    {
      "type": "Feature",
      "properties": {
        "@id": "node/272868378",
        "aerialway": "pylon",
        "ref": "8",
        "source": "survey"
      },
      "geometry": {
        "type": "Point",
        "coordinates": [
          8.0429799,
          46.6333262
        ]
      },
      "id": "node/272868378"
    },
    {
      "type": "Feature",
      "properties": {
        "@id": "node/272868379",
        "aerialway": "pylon",
        "ref": "10"
      },
      "geometry": {
        "type": "Point",
        "coordinates": [
          8.0431671,
          46.6346434
        ]
      },
      "id": "node/272868379"
    },
    {
      "type": "Feature",
      "properties": {
        "@id": "node/272868380",
        "aerialway": "station",
        "ele": "1564",
        "name": "Bort",
        "network": "Jungfraubahnen",
        "operator": "BGF",
        "public_transport": "station",
        "uic_name": "Bort (Firstbahn)",
        "uic_ref": "8507352",
        "wheelchair": "limited"
      },
      "geometry": {
        "type": "Point",
        "coordinates": [
          8.0517645,
          46.6467562
        ]
      },
      "id": "node/272868380"
    },
    {
      "type": "Feature",
      "properties": {
        "@id": "node/272868381",
        "aerialway": "station",
        "ele": "1952",
        "name": "Schreckfeld",
        "network": "Jungfraubahnen",
        "operator": "BGF",
        "public_transport": "station",
        "uic_name": "Schreckfeld (Firstbahn)",
        "uic_ref": "8507351",
        "wheelchair": "limited"
      },
      "geometry": {
        "type": "Point",
        "coordinates": [
          8.0652644,
          46.6584938
        ]
      },
      "id": "node/272868381"
    },
    {
      "type": "Feature",
      "properties": {
        "@id": "node/272868850",
        "aerialway": "yes",
        "ele": "1387",
        "name": "Pfingstegg",
        "network": "Jungfraubahnen",
        "operator": "LGP",
        "payment:cash": "only",
        "public_transport": "stop_position",
        "source": "Bundesamt für Verkehr (BAV), DIDOK 2015",
        "uic_name": "Pfingstegg",
        "uic_ref": "8530321"
      },
      "geometry": {
        "type": "Point",
        "coordinates": [
          8.05642,
          46.6174375
        ]
      },
      "id": "node/272868850"
    },
    {
      "type": "Feature",
      "properties": {
        "@id": "node/299136479",
        "aerialway": "station",
        "ele": "2225",
        "name": "Männlichen",
        "operator": "GGM",
        "public_transport": "stop_position",
        "uic_name": "Männlichen (Gondelbahn)",
        "uic_ref": "8507371",
        "usage": "tourism"
      },
      "geometry": {
        "type": "Point",
        "coordinates": [
          7.942866,
          46.6111804
        ]
      },
      "id": "node/299136479"
    },
    {
      "type": "Feature",
      "properties": {
        "@id": "node/299136480",
        "aerialway": "pylon",
        "ref": "34",
        "source": "survey"
      },
      "geometry": {
        "type": "Point",
        "coordinates": [
          7.9432508,
          46.6112968
        ]
      },
      "id": "node/299136480"
    },
    {
      "type": "Feature",
      "properties": {
        "@id": "node/299136481",
        "aerialway": "pylon",
        "ref": "33",
        "source": "survey"
      },
      "geometry": {
        "type": "Point",
        "coordinates": [
          7.9434769,
          46.6113619
        ]
      },
      "id": "node/299136481"
    },
    {
      "type": "Feature",
      "properties": {
        "@id": "node/299136482",
        "aerialway": "pylon",
        "ref": "32",
        "source": "survey"
      },
      "geometry": {
        "type": "Point",
        "coordinates": [
          7.9450136,
          46.6117889
        ]
      },
      "id": "node/299136482"
    },
    {
      "type": "Feature",
      "properties": {
        "@id": "node/299136486",
        "aerialway": "pylon",
        "ref": "31",
        "source": "survey"
      },
      "geometry": {
        "type": "Point",
        "coordinates": [
          7.9484225,
          46.6127302
        ]
      },
      "id": "node/299136486"
    },
    {
      "type": "Feature",
      "properties": {
        "@id": "node/299136487",
        "aerialway": "pylon",
        "ref": "30",
        "source": "survey"
      },
      "geometry": {
        "type": "Point",
        "coordinates": [
          7.9508533,
          46.6134006
        ]
      },
      "id": "node/299136487"
    },
    {
      "type": "Feature",
      "properties": {
        "@id": "node/299136489",
        "aerialway": "pylon",
        "ref": "29",
        "source": "survey"
      },
      "geometry": {
        "type": "Point",
        "coordinates": [
          7.952904,
          46.6139765
        ]
      },
      "id": "node/299136489"
    },
    {
      "type": "Feature",
      "properties": {
        "@id": "node/299136490",
        "aerialway": "pylon",
        "ref": "28",
        "source": "survey"
      },
      "geometry": {
        "type": "Point",
        "coordinates": [
          7.9563166,
          46.6149319
        ]
      },
      "id": "node/299136490"
    },
    {
      "type": "Feature",
      "properties": {
        "@id": "node/299136494",
        "aerialway": "pylon",
        "ref": "37",
        "source": "survey"
      },
      "geometry": {
        "type": "Point",
        "coordinates": [
          7.9615669,
          46.616411
        ]
      },
      "id": "node/299136494"
    },
    {
      "type": "Feature",
      "properties": {
        "@id": "node/299136495",
        "aerialway": "pylon",
        "ref": "26",
        "source": "survey"
      },
      "geometry": {
        "type": "Point",
        "coordinates": [
          7.9640284,
          46.6170954
        ]
      },
      "id": "node/299136495"
    },
    {
      "type": "Feature",
      "properties": {
        "@id": "node/299136497",
        "aerialway": "pylon",
        "ref": "24",
        "source": "survey"
      },
      "geometry": {
        "type": "Point",
        "coordinates": [
          7.9667361,
          46.6178597
        ]
      },
      "id": "node/299136497"
    },
    {
      "type": "Feature",
      "properties": {
        "@id": "node/299136498",
        "aerialway": "pylon",
        "ref": "23",
        "source": "survey"
      },
      "geometry": {
        "type": "Point",
        "coordinates": [
          7.9701487,
          46.6188165
        ]
      },
      "id": "node/299136498"
    },
    {
      "type": "Feature",
      "properties": {
        "@id": "node/299136500",
        "aerialway": "pylon",
        "ref": "22",
        "source": "survey"
      },
      "geometry": {
        "type": "Point",
        "coordinates": [
          7.9728318,
          46.6195712
        ]
      },
      "id": "node/299136500"
    },
    {
      "type": "Feature",
      "properties": {
        "@id": "node/299136501",
        "aerialway": "pylon",
        "ref": "21",
        "source": "survey"
      },
      "geometry": {
        "type": "Point",
        "coordinates": [
          7.9758352,
          46.6204216
        ]
      },
      "id": "node/299136501"
    },
    {
      "type": "Feature",
      "properties": {
        "@id": "node/299136503",
        "aerialway": "pylon",
        "ref": "20",
        "source": "survey"
      },
      "geometry": {
        "type": "Point",
        "coordinates": [
          7.9779879,
          46.621008
        ]
      },
      "id": "node/299136503"
    },
    {
      "type": "Feature",
      "properties": {
        "@id": "node/299136504",
        "aerialway": "pylon",
        "ref": "19",
        "source": "survey"
      },
      "geometry": {
        "type": "Point",
        "coordinates": [
          7.9785566,
          46.6211699
        ]
      },
      "id": "node/299136504"
    },
    {
      "type": "Feature",
      "properties": {
        "@id": "node/299136505",
        "aerialway": "yes",
        "ele": "1624",
        "name": "Mittelstation Holenstein",
        "operator": "GGM",
        "public_transport": "stop_position",
        "uic_name": "Holenstein",
        "uic_ref": "8507391"
      },
      "geometry": {
        "type": "Point",
        "coordinates": [
          7.9792395,
          46.6213368
        ]
      },
      "id": "node/299136505"
    },
    {
      "type": "Feature",
      "properties": {
        "@id": "node/299136506",
        "aerialway": "pylon",
        "ref": "17",
        "source": "survey"
      },
      "geometry": {
        "type": "Point",
        "coordinates": [
          7.9795927,
          46.6213673
        ]
      },
      "id": "node/299136506"
    },
    {
      "type": "Feature",
      "properties": {
        "@id": "node/299136507",
        "aerialway": "pylon",
        "ref": "16",
        "source": "survey"
      },
      "geometry": {
        "type": "Point",
        "coordinates": [
          7.9796686,
          46.6213738
        ]
      },
      "id": "node/299136507"
    },
    {
      "type": "Feature",
      "properties": {
        "@id": "node/299136511",
        "aerialway": "pylon",
        "ref": "15",
        "source": "survey"
      },
      "geometry": {
        "type": "Point",
        "coordinates": [
          7.9831954,
          46.6216704
        ]
      },
      "id": "node/299136511"
    },
    {
      "type": "Feature",
      "properties": {
        "@id": "node/299136512",
        "aerialway": "pylon",
        "ref": "14",
        "source": "survey"
      },
      "geometry": {
        "type": "Point",
        "coordinates": [
          7.9858705,
          46.6219041
        ]
      },
      "id": "node/299136512"
    },
    {
      "type": "Feature",
      "properties": {
        "@id": "node/299136517",
        "aerialway": "pylon",
        "ref": "13",
        "source": "survey"
      },
      "geometry": {
        "type": "Point",
        "coordinates": [
          7.9886794,
          46.6221416
        ]
      },
      "id": "node/299136517"
    },
    {
      "type": "Feature",
      "properties": {
        "@id": "node/299136522",
        "aerialway": "pylon",
        "ref": "12",
        "source": "survey"
      },
      "geometry": {
        "type": "Point",
        "coordinates": [
          7.9913149,
          46.622364
        ]
      },
      "id": "node/299136522"
    },
    {
      "type": "Feature",
      "properties": {
        "@id": "node/299136525",
        "aerialway": "pylon",
        "ref": "11",
        "source": "survey"
      },
      "geometry": {
        "type": "Point",
        "coordinates": [
          7.9932551,
          46.6225439
        ]
      },
      "id": "node/299136525"
    },
    {
      "type": "Feature",
      "properties": {
        "@id": "node/299136527",
        "aerialway": "pylon",
        "ref": "10",
        "source": "survey"
      },
      "geometry": {
        "type": "Point",
        "coordinates": [
          7.995839,
          46.6227573
        ]
      },
      "id": "node/299136527"
    },
    {
      "type": "Feature",
      "properties": {
        "@id": "node/299136528",
        "aerialway": "pylon",
        "ref": "9",
        "source": "survey"
      },
      "geometry": {
        "type": "Point",
        "coordinates": [
          7.9988235,
          46.6230235
        ]
      },
      "id": "node/299136528"
    },
    {
      "type": "Feature",
      "properties": {
        "@id": "node/299136529",
        "aerialway": "pylon",
        "ref": "8",
        "source": "survey"
      },
      "geometry": {
        "type": "Point",
        "coordinates": [
          8.0006385,
          46.6231673
        ]
      },
      "id": "node/299136529"
    },
    {
      "type": "Feature",
      "properties": {
        "@id": "node/299136533",
        "aerialway": "pylon",
        "ref": "7",
        "source": "survey"
      },
      "geometry": {
        "type": "Point",
        "coordinates": [
          8.0033201,
          46.6234175
        ]
      },
      "id": "node/299136533"
    },
    {
      "type": "Feature",
      "properties": {
        "@id": "node/299136538",
        "aerialway": "pylon",
        "ref": "6",
        "source": "survey"
      },
      "geometry": {
        "type": "Point",
        "coordinates": [
          8.0068991,
          46.6237181
        ]
      },
      "id": "node/299136538"
    },
    {
      "type": "Feature",
      "properties": {
        "@id": "node/299136539",
        "aerialway": "pylon",
        "ref": "5",
        "source": "survey"
      },
      "geometry": {
        "type": "Point",
        "coordinates": [
          8.0096874,
          46.6239603
        ]
      },
      "id": "node/299136539"
    },
    {
      "type": "Feature",
      "properties": {
        "@id": "node/299136540",
        "aerialway": "pylon",
        "ref": "4",
        "source": "survey"
      },
      "geometry": {
        "type": "Point",
        "coordinates": [
          8.0128291,
          46.6242256
        ]
      },
      "id": "node/299136540"
    },
    {
      "type": "Feature",
      "properties": {
        "@id": "node/299136541",
        "aerialway": "pylon",
        "ref": "3",
        "source": "survey"
      },
      "geometry": {
        "type": "Point",
        "coordinates": [
          8.0156058,
          46.624465
        ]
      },
      "id": "node/299136541"
    },
    {
      "type": "Feature",
      "properties": {
        "@id": "node/299136558",
        "aerialway": "pylon",
        "ref": "2",
        "source": "survey"
      },
      "geometry": {
        "type": "Point",
        "coordinates": [
          8.01813,
          46.6246671
        ]
      },
      "id": "node/299136558"
    },
    {
      "type": "Feature",
      "properties": {
        "@id": "node/299136559",
        "aerialway": "station",
        "ele": "957",
        "name": "Grindelwald Terminal",
        "operator": "GGM",
        "public_transport": "station",
        "source": "Bundesamt für Verkehr (BAV), DIDOK 2015",
        "uic_name": "Grindelwald Grund GGM",
        "uic_ref": "8507370",
        "wheelchair": "yes"
      },
      "geometry": {
        "type": "Point",
        "coordinates": [
          8.0185502,
          46.6247007
        ]
      },
      "id": "node/299136559"
    },
    {
      "type": "Feature",
      "properties": {
        "@id": "node/299136561",
        "aerialway": "station",
        "ele": "2239",
        "name": "Männlichen (Sesselbahn)",
        "operator": "GGM",
        "public_transport": "stop_position",
        "uic_name": "Männlichen (Sesselbahn)",
        "uic_ref": "8531147",
        "usage": "tourism"
      },
      "geometry": {
        "type": "Point",
        "coordinates": [
          7.9420597,
          46.6133257
        ]
      },
      "id": "node/299136561"
    },
    {
      "type": "Feature",
      "properties": {
        "@id": "node/299398614",
        "aerialway": "station",
        "ele": "2061",
        "name": "Kleine Scheidegg (Arven)",
        "operator": "SBKS",
        "public_transport": "station",
        "uic_name": "Kleine Scheidegg (Arven)",
        "uic_ref": "8530327"
      },
      "geometry": {
        "type": "Point",
        "coordinates": [
          7.9611794,
          46.5868306
        ]
      },
      "id": "node/299398614"
    },
    {
      "type": "Feature",
      "properties": {
        "@id": "node/299899885",
        "aerialway": "station",
        "name": "Eigergletscher (Arvengarten)",
        "public_transport": "station",
        "uic_name": "Eigergletscher (Arvengarten)",
        "uic_ref": "8500253"
      },
      "geometry": {
        "type": "Point",
        "coordinates": [
          7.9751857,
          46.5754214
        ]
      },
      "id": "node/299899885"
    },
    {
      "type": "Feature",
      "properties": {
        "@id": "node/299900108",
        "aerialway": "pylon",
        "ref": "2",
        "source": "survey"
      },
      "geometry": {
        "type": "Point",
        "coordinates": [
          8.041831,
          46.6253103
        ]
      },
      "id": "node/299900108"
    },
    {
      "type": "Feature",
      "properties": {
        "@id": "node/299900110",
        "aerialway": "pylon",
        "ref": "3",
        "source": "survey"
      },
      "geometry": {
        "type": "Point",
        "coordinates": [
          8.0420181,
          46.626334
        ]
      },
      "id": "node/299900110"
    },
    {
      "type": "Feature",
      "properties": {
        "@id": "node/299900112",
        "aerialway": "pylon",
        "ref": "4",
        "source": "survey"
      },
      "geometry": {
        "type": "Point",
        "coordinates": [
          8.0421765,
          46.6274856
        ]
      },
      "id": "node/299900112"
    },
    {
      "type": "Feature",
      "properties": {
        "@id": "node/299900114",
        "aerialway": "pylon",
        "ref": "6",
        "source": "survey"
      },
      "geometry": {
        "type": "Point",
        "coordinates": [
          8.0425419,
          46.630142
        ]
      },
      "id": "node/299900114"
    },
    {
      "type": "Feature",
      "properties": {
        "@id": "node/299900116",
        "aerialway": "pylon",
        "ref": "7",
        "source": "survey"
      },
      "geometry": {
        "type": "Point",
        "coordinates": [
          8.0428317,
          46.632249
        ]
      },
      "id": "node/299900116"
    },
    {
      "type": "Feature",
      "properties": {
        "@id": "node/299900118",
        "aerialway": "pylon",
        "ref": "9",
        "source": "survey"
      },
      "geometry": {
        "type": "Point",
        "coordinates": [
          8.0430942,
          46.634157
        ]
      },
      "id": "node/299900118"
    },
    {
      "type": "Feature",
      "properties": {
        "@id": "node/299900120",
        "aerialway": "pylon",
        "ref": "11",
        "source": "survey"
      },
      "geometry": {
        "type": "Point",
        "coordinates": [
          8.0440517,
          46.6358898
        ]
      },
      "id": "node/299900120"
    },
    {
      "type": "Feature",
      "properties": {
        "@id": "node/299900122",
        "aerialway": "pylon",
        "ref": "12",
        "source": "survey"
      },
      "geometry": {
        "type": "Point",
        "coordinates": [
          8.0450116,
          46.6372463
        ]
      },
      "id": "node/299900122"
    },
    {
      "type": "Feature",
      "properties": {
        "@id": "node/299900124",
        "aerialway": "pylon",
        "ref": "13",
        "source": "survey"
      },
      "geometry": {
        "type": "Point",
        "coordinates": [
          8.0464181,
          46.6392338
        ]
      },
      "id": "node/299900124"
    },
    {
      "type": "Feature",
      "properties": {
        "@id": "node/299900126",
        "aerialway": "pylon",
        "source": "survey"
      },
      "geometry": {
        "type": "Point",
        "coordinates": [
          8.0471518,
          46.6402706
        ]
      },
      "id": "node/299900126"
    },
    {
      "type": "Feature",
      "properties": {
        "@id": "node/299900127",
        "aerialway": "pylon",
        "ref": "15",
        "source": "survey"
      },
      "geometry": {
        "type": "Point",
        "coordinates": [
          8.0478251,
          46.641222
        ]
      },
      "id": "node/299900127"
    },
    {
      "type": "Feature",
      "properties": {
        "@id": "node/299900130",
        "aerialway": "pylon",
        "ref": "16",
        "source": "survey"
      },
      "geometry": {
        "type": "Point",
        "coordinates": [
          8.0491374,
          46.6430763
        ]
      },
      "id": "node/299900130"
    },
    {
      "type": "Feature",
      "properties": {
        "@id": "node/299900132",
        "aerialway": "pylon",
        "ref": "17",
        "source": "survey"
      },
      "geometry": {
        "type": "Point",
        "coordinates": [
          8.0496402,
          46.6437867
        ]
      },
      "id": "node/299900132"
    },
    {
      "type": "Feature",
      "properties": {
        "@id": "node/299900134",
        "aerialway": "pylon",
        "ref": "18",
        "source": "survey"
      },
      "geometry": {
        "type": "Point",
        "coordinates": [
          8.0507165,
          46.6453075
        ]
      },
      "id": "node/299900134"
    },
    {
      "type": "Feature",
      "properties": {
        "@id": "node/299900136",
        "aerialway": "pylon",
        "ref": "19",
        "source": "survey"
      },
      "geometry": {
        "type": "Point",
        "coordinates": [
          8.05142,
          46.6463015
        ]
      },
      "id": "node/299900136"
    },
    {
      "type": "Feature",
      "properties": {
        "@id": "node/299900138",
        "aerialway": "pylon",
        "ref": "22",
        "source": "survey"
      },
      "geometry": {
        "type": "Point",
        "coordinates": [
          8.0521926,
          46.6471522
        ]
      },
      "id": "node/299900138"
    },
    {
      "type": "Feature",
      "properties": {
        "@id": "node/299900143",
        "aerialway": "pylon",
        "ref": "20,21",
        "source": "survey"
      },
      "geometry": {
        "type": "Point",
        "coordinates": [
          8.0519695,
          46.6469588
        ]
      },
      "id": "node/299900143"
    },
    {
      "type": "Feature",
      "properties": {
        "@id": "node/299900145",
        "aerialway": "pylon",
        "ref": "23",
        "source": "survey"
      },
      "geometry": {
        "type": "Point",
        "coordinates": [
          8.0534877,
          46.6482751
        ]
      },
      "id": "node/299900145"
    },
    {
      "type": "Feature",
      "properties": {
        "@id": "node/299900147",
        "aerialway": "pylon",
        "ref": "24",
        "source": "survey"
      },
      "geometry": {
        "type": "Point",
        "coordinates": [
          8.054278,
          46.6489603
        ]
      },
      "id": "node/299900147"
    },
    {
      "type": "Feature",
      "properties": {
        "@id": "node/299900150",
        "aerialway": "pylon",
        "ref": "25",
        "source": "survey"
      },
      "geometry": {
        "type": "Point",
        "coordinates": [
          8.0559358,
          46.6503976
        ]
      },
      "id": "node/299900150"
    },
    {
      "type": "Feature",
      "properties": {
        "@id": "node/299900151",
        "aerialway": "pylon",
        "ref": "26",
        "source": "survey"
      },
      "geometry": {
        "type": "Point",
        "coordinates": [
          8.0570983,
          46.6514054
        ]
      },
      "id": "node/299900151"
    },
    {
      "type": "Feature",
      "properties": {
        "@id": "node/299900153",
        "aerialway": "pylon",
        "ref": "27",
        "source": "survey"
      },
      "geometry": {
        "type": "Point",
        "coordinates": [
          8.0579339,
          46.6521298
        ]
      },
      "id": "node/299900153"
    },
    {
      "type": "Feature",
      "properties": {
        "@id": "node/299900155",
        "aerialway": "pylon",
        "ref": "28",
        "source": "survey"
      },
      "geometry": {
        "type": "Point",
        "coordinates": [
          8.0582619,
          46.6524142
        ]
      },
      "id": "node/299900155"
    },
    {
      "type": "Feature",
      "properties": {
        "@id": "node/299900157",
        "aerialway": "pylon",
        "ref": "29",
        "source": "survey"
      },
      "geometry": {
        "type": "Point",
        "coordinates": [
          8.0587489,
          46.6528364
        ]
      },
      "id": "node/299900157"
    },
    {
      "type": "Feature",
      "properties": {
        "@id": "node/299900160",
        "aerialway": "pylon",
        "ref": "30",
        "source": "survey"
      },
      "geometry": {
        "type": "Point",
        "coordinates": [
          8.0603992,
          46.6542671
        ]
      },
      "id": "node/299900160"
    },
    {
      "type": "Feature",
      "properties": {
        "@id": "node/299900190",
        "aerialway": "pylon",
        "ref": "31",
        "source": "survey"
      },
      "geometry": {
        "type": "Point",
        "coordinates": [
          8.0610415,
          46.6548239
        ]
      },
      "id": "node/299900190"
    },
    {
      "type": "Feature",
      "properties": {
        "@id": "node/299900192",
        "aerialway": "pylon",
        "ref": "32",
        "source": "survey"
      },
      "geometry": {
        "type": "Point",
        "coordinates": [
          8.0630097,
          46.6565301
        ]
      },
      "id": "node/299900192"
    },
    {
      "type": "Feature",
      "properties": {
        "@id": "node/299900194",
        "aerialway": "pylon",
        "ref": "33",
        "source": "survey"
      },
      "geometry": {
        "type": "Point",
        "coordinates": [
          8.0643429,
          46.6576858
        ]
      },
      "id": "node/299900194"
    },
    {
      "type": "Feature",
      "properties": {
        "@id": "node/299900196",
        "aerialway": "pylon",
        "ref": "34",
        "source": "survey"
      },
      "geometry": {
        "type": "Point",
        "coordinates": [
          8.0647254,
          46.6580173
        ]
      },
      "id": "node/299900196"
    },
    {
      "type": "Feature",
      "properties": {
        "@id": "node/299900199",
        "aerialway": "pylon",
        "ref": "35,36",
        "source": "survey"
      },
      "geometry": {
        "type": "Point",
        "coordinates": [
          8.0648646,
          46.6585339
        ]
      },
      "id": "node/299900199"
    },
    {
      "type": "Feature",
      "properties": {
        "@id": "node/299901012",
        "aerialway": "pylon",
        "source": "survey"
      },
      "geometry": {
        "type": "Point",
        "coordinates": [
          8.055802,
          46.6178105
        ]
      },
      "id": "node/299901012"
    },
    {
      "type": "Feature",
      "properties": {
        "@id": "node/300421687",
        "aerialway": "station",
        "ele": "2323",
        "name": "Lauberhornschulter",
        "uic_name": "Lauberhornschulter",
        "uic_ref": "8531015"
      },
      "geometry": {
        "type": "Point",
        "coordinates": [
          7.9469988,
          46.5866466
        ]
      },
      "id": "node/300421687"
    },
    {
      "type": "Feature",
      "properties": {
        "@id": "node/300421688",
        "aerialway": "pylon",
        "ref": "15",
        "source": "survey"
      },
      "geometry": {
        "type": "Point",
        "coordinates": [
          7.9470836,
          46.5862301
        ]
      },
      "id": "node/300421688"
    },
    {
      "type": "Feature",
      "properties": {
        "@id": "node/300421689",
        "aerialway": "pylon",
        "source": "survey"
      },
      "geometry": {
        "type": "Point",
        "coordinates": [
          7.9471765,
          46.5857739
        ]
      },
      "id": "node/300421689"
    },
    {
      "type": "Feature",
      "properties": {
        "@id": "node/300421857",
        "aerialway": "yes",
        "ele": "2400",
        "name": "Lauberhorn",
        "operator": "SKSL",
        "public_transport": "station",
        "uic_name": "Lauberhorn",
        "uic_ref": "8530328"
      },
      "geometry": {
        "type": "Point",
        "coordinates": [
          7.9486724,
          46.5907734
        ]
      },
      "id": "node/300421857"
    },
    {
      "type": "Feature",
      "properties": {
        "@id": "node/300421860",
        "aerialway": "pylon",
        "ref": "4",
        "source": "survey"
      },
      "geometry": {
        "type": "Point",
        "coordinates": [
          7.9585093,
          46.586739
        ]
      },
      "id": "node/300421860"
    },
    {
      "type": "Feature",
      "properties": {
        "@id": "node/300421863",
        "aerialway": "pylon",
        "ref": "5",
        "source": "survey"
      },
      "geometry": {
        "type": "Point",
        "coordinates": [
          7.9571819,
          46.5872854
        ]
      },
      "id": "node/300421863"
    },
    {
      "type": "Feature",
      "properties": {
        "@id": "node/300421864",
        "aerialway": "pylon",
        "source": "survey"
      },
      "geometry": {
        "type": "Point",
        "coordinates": [
          7.9561871,
          46.587695
        ]
      },
      "id": "node/300421864"
    },
    {
      "type": "Feature",
      "properties": {
        "@id": "node/300421866",
        "aerialway": "pylon",
        "ref": "7",
        "source": "survey"
      },
      "geometry": {
        "type": "Point",
        "coordinates": [
          7.9555099,
          46.5879737
        ]
      },
      "id": "node/300421866"
    },
    {
      "type": "Feature",
      "properties": {
        "@id": "node/300421868",
        "aerialway": "pylon",
        "source": "survey"
      },
      "geometry": {
        "type": "Point",
        "coordinates": [
          7.9542052,
          46.5885108
        ]
      },
      "id": "node/300421868"
    },
    {
      "type": "Feature",
      "properties": {
        "@id": "node/300421870",
        "aerialway": "pylon",
        "source": "survey"
      },
      "geometry": {
        "type": "Point",
        "coordinates": [
          7.9490077,
          46.5906329
        ]
      },
      "id": "node/300421870"
    },
    {
      "type": "Feature",
      "properties": {
        "@id": "node/300421992",
        "aerialway": "pylon",
        "ref": "38",
        "source": "survey"
      },
      "geometry": {
        "type": "Point",
        "coordinates": [
          8.0618671,
          46.6588969
        ]
      },
      "id": "node/300421992"
    },
    {
      "type": "Feature",
      "properties": {
        "@id": "node/300421995",
        "aerialway": "pylon",
        "ref": "39",
        "source": "survey"
      },
      "geometry": {
        "type": "Point",
        "coordinates": [
          8.0598203,
          46.6591448
        ]
      },
      "id": "node/300421995"
    },
    {
      "type": "Feature",
      "properties": {
        "@id": "node/300421996",
        "aerialway": "pylon",
        "ref": "40",
        "source": "survey"
      },
      "geometry": {
        "type": "Point",
        "coordinates": [
          8.0582358,
          46.6593366
        ]
      },
      "id": "node/300421996"
    },
    {
      "type": "Feature",
      "properties": {
        "@id": "node/300421998",
        "aerialway": "pylon",
        "ref": "41",
        "source": "survey"
      },
      "geometry": {
        "type": "Point",
        "coordinates": [
          8.0574223,
          46.6594394
        ]
      },
      "id": "node/300421998"
    },
    {
      "type": "Feature",
      "properties": {
        "@id": "node/300421999",
        "aerialway": "pylon",
        "ref": "42",
        "source": "survey"
      },
      "geometry": {
        "type": "Point",
        "coordinates": [
          8.0550797,
          46.6597106
        ]
      },
      "id": "node/300421999"
    },
    {
      "type": "Feature",
      "properties": {
        "@id": "node/300422001",
        "aerialway": "pylon",
        "ref": "43",
        "source": "survey"
      },
      "geometry": {
        "type": "Point",
        "coordinates": [
          8.0545646,
          46.6597738
        ]
      },
      "id": "node/300422001"
    },
    {
      "type": "Feature",
      "properties": {
        "@id": "node/300422023",
        "aerialway": "yes",
        "ele": "1837",
        "name": "Arvengarten (Arven)",
        "operator": "SBKS",
        "public_transport": "station",
        "uic_name": "Arvengarten (Arven)",
        "uic_ref": "8530326"
      },
      "geometry": {
        "type": "Point",
        "coordinates": [
          7.9731532,
          46.5896529
        ]
      },
      "id": "node/300422023"
    },
    {
      "type": "Feature",
      "properties": {
        "@id": "node/300422025",
        "aerialway": "station",
        "ele": "2061",
        "name": "Kleine Scheidegg (Lauberhorn)",
        "operator": "SKSL",
        "public_transport": "station",
        "uic_name": "Kleine Scheidegg (Lauberhorn)",
        "uic_ref": "8530680"
      },
      "geometry": {
        "type": "Point",
        "coordinates": [
          7.9598918,
          46.5861699
        ]
      },
      "id": "node/300422025"
    },
    {
      "type": "Feature",
      "properties": {
        "@id": "node/331323759",
        "aerialway": "station",
        "name": "Grindelwald Läger (Sesselbahn)",
        "operator": "GGM",
        "outdoor_seating": "no",
        "public_transport": "stop_position",
        "uic_name": "Grindelwald Läger (Sesselbahn)",
        "uic_ref": "8531146"
      },
      "geometry": {
        "type": "Point",
        "coordinates": [
          7.9644802,
          46.6181422
        ]
      },
      "id": "node/331323759"
    },
    {
      "type": "Feature",
      "properties": {
        "@id": "node/331324029",
        "aerialway": "station",
        "ele": "1805",
        "name": "Grindelwald Hinder der Egg",
        "operator": "GGM",
        "public_transport": "stop_position",
        "uic_name": "Grindelwald Hinder der Egg",
        "uic_ref": "8530322",
        "usage": "tourism"
      },
      "geometry": {
        "type": "Point",
        "coordinates": [
          7.9667044,
          46.6171476
        ]
      },
      "id": "node/331324029"
    },
    {
      "type": "Feature",
      "properties": {
        "@id": "node/331324032",
        "aerialway": "station",
        "ele": "2251",
        "name": "Läger",
        "operator": "GGM",
        "public_transport": "stop_position",
        "uic_name": "Männlichen Klein Tschuggen",
        "uic_ref": "8530323",
        "usage": "tourism"
      },
      "geometry": {
        "type": "Point",
        "coordinates": [
          7.9455028,
          46.6060998
        ]
      },
      "id": "node/331324032"
    },
    {
      "type": "Feature",
      "properties": {
        "@id": "node/331324123",
        "aerialway": "yes",
        "ele": "1954",
        "name": "Gummi",
        "operator": "SGHo",
        "public_transport": "station",
        "uic_name": "Gummi",
        "uic_ref": "8530324"
      },
      "geometry": {
        "type": "Point",
        "coordinates": [
          7.9602744,
          46.6047721
        ]
      },
      "id": "node/331324123"
    },
    {
      "type": "Feature",
      "properties": {
        "@id": "node/331324126",
        "aerialway": "yes",
        "ele": "2174",
        "name": "Honegg (Gummi)",
        "public_transport": "station",
        "uic_name": "Honegg (Gummi)",
        "uic_ref": "8530325"
      },
      "geometry": {
        "type": "Point",
        "coordinates": [
          7.959082,
          46.5990257
        ]
      },
      "id": "node/331324126"
    },
    {
      "type": "Feature",
      "properties": {
        "@id": "node/331324275",
        "aerialway": "yes",
        "name": "Honegg",
        "public_transport": "station",
        "uic_name": "Arvengarten (Honegg)",
        "uic_ref": "8530940"
      },
      "geometry": {
        "type": "Point",
        "coordinates": [
          7.9739785,
          46.5902703
        ]
      },
      "id": "node/331324275"
    },
    {
      "type": "Feature",
      "properties": {
        "@id": "node/331324281",
        "aerialway": "yes",
        "name": "Honegg (Arvengarten)",
        "operator": "SGHo",
        "public_transport": "station",
        "uic_name": "Honegg (Arvengarten)",
        "uic_ref": "8531017"
      },
      "geometry": {
        "type": "Point",
        "coordinates": [
          7.955222,
          46.5981771
        ]
      },
      "id": "node/331324281"
    },
    {
      "type": "Feature",
      "properties": {
        "@id": "node/331324802",
        "aerialway": "station",
        "ele": "1831",
        "name": "Wengernalp Wixi",
        "public_transport": "station",
        "uic_name": "Wengernalp Wixi",
        "uic_ref": "8531095"
      },
      "geometry": {
        "type": "Point",
        "coordinates": [
          7.9498236,
          46.5727687
        ]
      },
      "id": "node/331324802"
    },
    {
      "type": "Feature",
      "properties": {
        "@id": "node/331324899",
        "aerialway": "station",
        "ele": "2144",
        "name": "Fallboden (Sesselbahn)",
        "uic_name": "Fallboden (Sesselbahn)",
        "uic_ref": "8531096"
      },
      "geometry": {
        "type": "Point",
        "coordinates": [
          7.9673993,
          46.5782492
        ]
      },
      "id": "node/331324899"
    },
    {
      "type": "Feature",
      "properties": {
        "@id": "node/331324900",
        "aerialway": "station",
        "ele": "1831",
        "name": "Fallboden",
        "public_transport": "station"
      },
      "geometry": {
        "type": "Point",
        "coordinates": [
          7.9502389,
          46.5729108
        ]
      },
      "id": "node/331324900"
    },
    {
      "type": "Feature",
      "properties": {
        "@id": "node/331325099",
        "aerialway": "station",
        "name": "Innerwengen",
        "uic_name": "Innerwengen",
        "uic_ref": "8531016"
      },
      "geometry": {
        "type": "Point",
        "coordinates": [
          7.9236917,
          46.5941813
        ]
      },
      "id": "node/331325099"
    },
    {
      "type": "Feature",
      "properties": {
        "@id": "node/331325100",
        "aerialway": "station",
        "name": "Allmend (Sesselbahn)",
        "public_transport": "station",
        "uic_name": "Allmend (Sesselbahn)",
        "uic_ref": "8500250"
      },
      "geometry": {
        "type": "Point",
        "coordinates": [
          7.9312189,
          46.5933008
        ]
      },
      "id": "node/331325100"
    },
    {
      "type": "Feature",
      "properties": {
        "@id": "node/349068805",
        "aerialway": "station",
        "ele": "2498",
        "name": "Oberjoch",
        "operator": "BGF",
        "uic_name": "Oberjoch",
        "uic_ref": "8531073"
      },
      "geometry": {
        "type": "Point",
        "coordinates": [
          8.0530041,
          46.6744659
        ]
      },
      "id": "node/349068805"
    },
    {
      "type": "Feature",
      "properties": {
        "@id": "node/349068806",
        "aerialway": "station",
        "ele": "1948",
        "name": "Schreckfeld (Schilt)",
        "operator": "BGF",
        "public_transport": "station",
        "uic_name": "Schreckfeld (Schilt)",
        "uic_ref": "8530971"
      },
      "geometry": {
        "type": "Point",
        "coordinates": [
          8.0668089,
          46.6601685
        ]
      },
      "id": "node/349068806"
    },
    {
      "type": "Feature",
      "properties": {
        "@id": "node/349068807",
        "aerialway": "station",
        "ele": "2258",
        "name": "Chrinnenboden (Schilt)",
        "operator": "BGF",
        "uic_name": "Chrinnenboden (Schilt)",
        "uic_ref": "8531074"
      },
      "geometry": {
        "type": "Point",
        "coordinates": [
          8.063952,
          46.6742657
        ]
      },
      "id": "node/349068807"
    },
    {
      "type": "Feature",
      "properties": {
        "@id": "node/349068808",
        "aerialway": "station",
        "ele": "2007",
        "name": "Alp Grindel",
        "operator": "BGF",
        "public_transport": "station",
        "uic_name": "Schreckfeld (Alp Grindel)",
        "uic_ref": "8530972"
      },
      "geometry": {
        "type": "Point",
        "coordinates": [
          8.0640387,
          46.6612722
        ]
      },
      "id": "node/349068808"
    },
    {
      "type": "Feature",
      "properties": {
        "@id": "node/349068809",
        "aerialway": "station",
        "ele": "1722",
        "name": "Underläger (Alp Grindel)",
        "operator": "BGF",
        "public_transport": "station",
        "uic_name": "Underläger (Alp Grindel)",
        "uic_ref": "8531075"
      },
      "geometry": {
        "type": "Point",
        "coordinates": [
          8.0737121,
          46.6549084
        ]
      },
      "id": "node/349068809"
    },
    {
      "type": "Feature",
      "properties": {
        "@id": "node/349068810",
        "aerialway": "station",
        "ele": "1960",
        "public_transport": "station"
      },
      "geometry": {
        "type": "Point",
        "coordinates": [
          8.0814146,
          46.6647631
        ]
      },
      "id": "node/349068810"
    },
    {
      "type": "Feature",
      "properties": {
        "@id": "node/349068811",
        "aerialway": "station",
        "ele": "1717",
        "public_transport": "station"
      },
      "geometry": {
        "type": "Point",
        "coordinates": [
          8.0800782,
          46.6552914
        ]
      },
      "id": "node/349068811"
    },
    {
      "type": "Feature",
      "properties": {
        "@id": "node/377037424",
        "aerialway": "station",
        "ele": "1707"
      },
      "geometry": {
        "type": "Point",
        "coordinates": [
          7.9759999,
          46.6074147
        ]
      },
      "id": "node/377037424"
    },
    {
      "type": "Feature",
      "properties": {
        "@id": "node/377037431",
        "aerialway": "station",
        "ele": "2045",
        "name": "Tschuggen"
      },
      "geometry": {
        "type": "Point",
        "coordinates": [
          7.9582135,
          46.6075093
        ]
      },
      "id": "node/377037431"
    },
    {
      "type": "Feature",
      "properties": {
        "@id": "node/392016056",
        "aerialway": "yes",
        "ele": "1481",
        "name": "Grütschalp",
        "network": "Jungfraubahnen",
        "operator": "BLM",
        "public_transport": "stop_position",
        "source": "Bundesamt für Verkehr (BAV), DIDOK 2015",
        "uic_name": "Grütschalp",
        "uic_ref": "8507378",
        "wheelchair": "yes"
      },
      "geometry": {
        "type": "Point",
        "coordinates": [
          7.8909193,
          46.5965829
        ]
      },
      "id": "node/392016056"
    },
    {
      "type": "Feature",
      "properties": {
        "@id": "node/404577087",
        "aerialway": "yes",
        "ele": "1090",
        "name": "Isenfluh (Luftseilbahn)",
        "operator": "GLIS",
        "public_transport": "stop_position",
        "uic_name": "Isenfluh (Luftseilbahn)",
        "uic_ref": "8530336"
      },
      "geometry": {
        "type": "Point",
        "coordinates": [
          7.8951256,
          46.6203914
        ]
      },
      "id": "node/404577087"
    },
    {
      "type": "Feature",
      "properties": {
        "@id": "node/404577090",
        "aerialway": "yes",
        "ele": "1526",
        "name": "Sulwald",
        "operator": "GLIS",
        "public_transport": "stop_position",
        "source": "Bundesamt für Verkehr (BAV), DIDOK 2015",
        "uic_name": "Sulwald",
        "uic_ref": "8530337"
      },
      "geometry": {
        "type": "Point",
        "coordinates": [
          7.8881172,
          46.6233964
        ]
      },
      "id": "node/404577090"
    },
    {
      "type": "Feature",
      "properties": {
        "@id": "node/665743494",
        "aerialway": "yes",
        "name": "Eigernordwand",
        "public_transport": "station",
        "uic_name": "Arvengarten (Eiger)",
        "uic_ref": "8530941"
      },
      "geometry": {
        "type": "Point",
        "coordinates": [
          7.9743548,
          46.590454
        ]
      },
      "id": "node/665743494"
    },
    {
      "type": "Feature",
      "properties": {
        "@id": "node/665772144",
        "aerialway": "pylon"
      },
      "geometry": {
        "type": "Point",
        "coordinates": [
          7.9537269,
          46.5739959
        ]
      },
      "id": "node/665772144"
    },
    {
      "type": "Feature",
      "properties": {
        "@id": "node/1408362838",
        "aerialway": "pylon"
      },
      "geometry": {
        "type": "Point",
        "coordinates": [
          7.893247,
          46.5228425
        ]
      },
      "id": "node/1408362838"
    },
    {
      "type": "Feature",
      "properties": {
        "@id": "node/1408514197",
        "aerialway": "pylon"
      },
      "geometry": {
        "type": "Point",
        "coordinates": [
          7.9024133,
          46.5260418
        ]
      },
      "id": "node/1408514197"
    },
    {
      "type": "Feature",
      "properties": {
        "@id": "node/1631812548",
        "aerialway": "pylon"
      },
      "geometry": {
        "type": "Point",
        "coordinates": [
          7.8848294,
          46.5585312
        ]
      },
      "id": "node/1631812548"
    },
    {
      "type": "Feature",
      "properties": {
        "@id": "node/1631812550",
        "aerialway": "pylon"
      },
      "geometry": {
        "type": "Point",
        "coordinates": [
          7.880728,
          46.5590396
        ]
      },
      "id": "node/1631812550"
    },
    {
      "type": "Feature",
      "properties": {
        "@id": "node/1631826572",
        "aerialway": "station",
        "ele": "2685",
        "name": "Riggli"
      },
      "geometry": {
        "type": "Point",
        "coordinates": [
          7.8569626,
          46.5619076
        ]
      },
      "id": "node/1631826572"
    },
    {
      "type": "Feature",
      "properties": {
        "@id": "node/1631826573",
        "aerialway": "pylon"
      },
      "geometry": {
        "type": "Point",
        "coordinates": [
          7.8571812,
          46.5621554
        ]
      },
      "id": "node/1631826573"
    },
    {
      "type": "Feature",
      "properties": {
        "@id": "node/1631826574",
        "aerialway": "pylon"
      },
      "geometry": {
        "type": "Point",
        "coordinates": [
          7.8572828,
          46.5622706
        ]
      },
      "id": "node/1631826574"
    },
    {
      "type": "Feature",
      "properties": {
        "@id": "node/1631826575",
        "aerialway": "pylon"
      },
      "geometry": {
        "type": "Point",
        "coordinates": [
          7.8585035,
          46.5636542
        ]
      },
      "id": "node/1631826575"
    },
    {
      "type": "Feature",
      "properties": {
        "@id": "node/1631826576",
        "aerialway": "pylon"
      },
      "geometry": {
        "type": "Point",
        "coordinates": [
          7.859611,
          46.5649096
        ]
      },
      "id": "node/1631826576"
    },
    {
      "type": "Feature",
      "properties": {
        "@id": "node/1631826577",
        "aerialway": "pylon"
      },
      "geometry": {
        "type": "Point",
        "coordinates": [
          7.8606532,
          46.5660909
        ]
      },
      "id": "node/1631826577"
    },
    {
      "type": "Feature",
      "properties": {
        "@id": "node/1631826578",
        "aerialway": "pylon"
      },
      "geometry": {
        "type": "Point",
        "coordinates": [
          7.8610692,
          46.5665624
        ]
      },
      "id": "node/1631826578"
    },
    {
      "type": "Feature",
      "properties": {
        "@id": "node/1631826579",
        "aerialway": "pylon"
      },
      "geometry": {
        "type": "Point",
        "coordinates": [
          7.8619559,
          46.5675674
        ]
      },
      "id": "node/1631826579"
    },
    {
      "type": "Feature",
      "properties": {
        "@id": "node/1631826580",
        "aerialway": "pylon"
      },
      "geometry": {
        "type": "Point",
        "coordinates": [
          7.8624161,
          46.568089
        ]
      },
      "id": "node/1631826580"
    },
    {
      "type": "Feature",
      "properties": {
        "@id": "node/1631826583",
        "aerialway": "pylon"
      },
      "geometry": {
        "type": "Point",
        "coordinates": [
          7.863163,
          46.5689355
        ]
      },
      "id": "node/1631826583"
    },
    {
      "type": "Feature",
      "properties": {
        "@id": "node/1631826585",
        "aerialway": "pylon"
      },
      "geometry": {
        "type": "Point",
        "coordinates": [
          7.8632574,
          46.5690425
        ]
      },
      "id": "node/1631826585"
    },
    {
      "type": "Feature",
      "properties": {
        "@id": "node/1631826586",
        "aerialway": "station",
        "ele": "2367",
        "name": "Riggli",
        "uic_name": "Riggli",
        "uic_ref": "8531032"
      },
      "geometry": {
        "type": "Point",
        "coordinates": [
          7.8634169,
          46.5692233
        ]
      },
      "id": "node/1631826586"
    },
    {
      "type": "Feature",
      "properties": {
        "@id": "node/1631832584",
        "aerialway": "station",
        "ele": "2235"
      },
      "geometry": {
        "type": "Point",
        "coordinates": [
          7.8689333,
          46.5669333
        ]
      },
      "id": "node/1631832584"
    },
    {
      "type": "Feature",
      "properties": {
        "@id": "node/1631832592",
        "aerialway": "pylon"
      },
      "geometry": {
        "type": "Point",
        "coordinates": [
          7.8688907,
          46.5669756
        ]
      },
      "id": "node/1631832592"
    },
    {
      "type": "Feature",
      "properties": {
        "@id": "node/1631832595",
        "aerialway": "pylon"
      },
      "geometry": {
        "type": "Point",
        "coordinates": [
          7.868483,
          46.5673796
        ]
      },
      "id": "node/1631832595"
    },
    {
      "type": "Feature",
      "properties": {
        "@id": "node/1631832605",
        "aerialway": "pylon"
      },
      "geometry": {
        "type": "Point",
        "coordinates": [
          7.8672899,
          46.5685621
        ]
      },
      "id": "node/1631832605"
    },
    {
      "type": "Feature",
      "properties": {
        "@id": "node/1631832606",
        "aerialway": "pylon"
      },
      "geometry": {
        "type": "Point",
        "coordinates": [
          7.8664936,
          46.5693514
        ]
      },
      "id": "node/1631832606"
    },
    {
      "type": "Feature",
      "properties": {
        "@id": "node/1631832609",
        "aerialway": "pylon"
      },
      "geometry": {
        "type": "Point",
        "coordinates": [
          7.8656916,
          46.5701462
        ]
      },
      "id": "node/1631832609"
    },
    {
      "type": "Feature",
      "properties": {
        "@id": "node/1631832612",
        "aerialway": "pylon"
      },
      "geometry": {
        "type": "Point",
        "coordinates": [
          7.8651722,
          46.5706609
        ]
      },
      "id": "node/1631832612"
    },
    {
      "type": "Feature",
      "properties": {
        "@id": "node/1631832614",
        "aerialway": "pylon"
      },
      "geometry": {
        "type": "Point",
        "coordinates": [
          7.8650821,
          46.5707503
        ]
      },
      "id": "node/1631832614"
    },
    {
      "type": "Feature",
      "properties": {
        "@id": "node/1631832617",
        "aerialway": "pylon"
      },
      "geometry": {
        "type": "Point",
        "coordinates": [
          7.8649084,
          46.5709224
        ]
      },
      "id": "node/1631832617"
    },
    {
      "type": "Feature",
      "properties": {
        "@id": "node/1631832621",
        "aerialway": "station",
        "name": "Muttleren",
        "uic_ref": "8531037"
      },
      "geometry": {
        "type": "Point",
        "coordinates": [
          7.8648642,
          46.5709662
        ]
      },
      "id": "node/1631832621"
    },
    {
      "type": "Feature",
      "properties": {
        "@id": "node/1631838586",
        "aerialway": "station",
        "name": "Kandahar",
        "uic_ref": "8531037"
      },
      "geometry": {
        "type": "Point",
        "coordinates": [
          7.8649236,
          46.5710081
        ]
      },
      "id": "node/1631838586"
    },
    {
      "type": "Feature",
      "properties": {
        "@id": "node/1631838587",
        "aerialway": "pylon"
      },
      "geometry": {
        "type": "Point",
        "coordinates": [
          7.865001,
          46.5709941
        ]
      },
      "id": "node/1631838587"
    },
    {
      "type": "Feature",
      "properties": {
        "@id": "node/1631838588",
        "aerialway": "pylon"
      },
      "geometry": {
        "type": "Point",
        "coordinates": [
          7.8655479,
          46.5709004
        ]
      },
      "id": "node/1631838588"
    },
    {
      "type": "Feature",
      "properties": {
        "@id": "node/1631838589",
        "aerialway": "pylon"
      },
      "geometry": {
        "type": "Point",
        "coordinates": [
          7.8667274,
          46.5706983
        ]
      },
      "id": "node/1631838589"
    },
    {
      "type": "Feature",
      "properties": {
        "@id": "node/1631838590",
        "aerialway": "pylon"
      },
      "geometry": {
        "type": "Point",
        "coordinates": [
          7.8675923,
          46.5705502
        ]
      },
      "id": "node/1631838590"
    },
    {
      "type": "Feature",
      "properties": {
        "@id": "node/1631838591",
        "aerialway": "station",
        "ele": "2194",
        "name": "Kandahar"
      },
      "geometry": {
        "type": "Point",
        "coordinates": [
          7.8771069,
          46.5689203
        ]
      },
      "id": "node/1631838591"
    },
    {
      "type": "Feature",
      "properties": {
        "@id": "node/1631900063",
        "aerialway": "station",
        "aerialway:access": "entry",
        "ele": "1813",
        "name": "Gimmeln",
        "operator": "Schilthornbahn AG",
        "public_transport": "station"
      },
      "geometry": {
        "type": "Point",
        "coordinates": [
          7.8811391,
          46.5505262
        ]
      },
      "id": "node/1631900063"
    },
    {
      "type": "Feature",
      "properties": {
        "@id": "node/1631900076",
        "aerialway": "pylon"
      },
      "geometry": {
        "type": "Point",
        "coordinates": [
          7.8800367,
          46.5513236
        ]
      },
      "id": "node/1631900076"
    },
    {
      "type": "Feature",
      "properties": {
        "@id": "node/1631900077",
        "aerialway": "pylon"
      },
      "geometry": {
        "type": "Point",
        "coordinates": [
          7.8795447,
          46.5516795
        ]
      },
      "id": "node/1631900077"
    },
    {
      "type": "Feature",
      "properties": {
        "@id": "node/1631900079",
        "aerialway": "pylon"
      },
      "geometry": {
        "type": "Point",
        "coordinates": [
          7.8786356,
          46.5523371
        ]
      },
      "id": "node/1631900079"
    },
    {
      "type": "Feature",
      "properties": {
        "@id": "node/1631900081",
        "aerialway": "pylon"
      },
      "geometry": {
        "type": "Point",
        "coordinates": [
          7.8779651,
          46.5528222
        ]
      },
      "id": "node/1631900081"
    },
    {
      "type": "Feature",
      "properties": {
        "@id": "node/1631900083",
        "aerialway": "pylon"
      },
      "geometry": {
        "type": "Point",
        "coordinates": [
          7.8765838,
          46.5538213
        ]
      },
      "id": "node/1631900083"
    },
    {
      "type": "Feature",
      "properties": {
        "@id": "node/1631900087",
        "aerialway": "pylon"
      },
      "geometry": {
        "type": "Point",
        "coordinates": [
          7.8757634,
          46.5544148
        ]
      },
      "id": "node/1631900087"
    },
    {
      "type": "Feature",
      "properties": {
        "@id": "node/1631900099",
        "aerialway": "pylon"
      },
      "geometry": {
        "type": "Point",
        "coordinates": [
          7.875121,
          46.5548794
        ]
      },
      "id": "node/1631900099"
    },
    {
      "type": "Feature",
      "properties": {
        "@id": "node/1631900101",
        "aerialway": "pylon"
      },
      "geometry": {
        "type": "Point",
        "coordinates": [
          7.8746271,
          46.5552367
        ]
      },
      "id": "node/1631900101"
    },
    {
      "type": "Feature",
      "properties": {
        "@id": "node/1631900102",
        "aerialway": "pylon"
      },
      "geometry": {
        "type": "Point",
        "coordinates": [
          7.8737233,
          46.5558903
        ]
      },
      "id": "node/1631900102"
    },
    {
      "type": "Feature",
      "properties": {
        "@id": "node/1631900104",
        "aerialway": "pylon"
      },
      "geometry": {
        "type": "Point",
        "coordinates": [
          7.8729409,
          46.5564563
        ]
      },
      "id": "node/1631900104"
    },
    {
      "type": "Feature",
      "properties": {
        "@id": "node/1631900107",
        "aerialway": "pylon"
      },
      "geometry": {
        "type": "Point",
        "coordinates": [
          7.872239,
          46.556964
        ]
      },
      "id": "node/1631900107"
    },
    {
      "type": "Feature",
      "properties": {
        "@id": "node/1631900108",
        "aerialway": "station",
        "public_transport": "station"
      },
      "geometry": {
        "type": "Point",
        "coordinates": [
          7.8716687,
          46.5573765
        ]
      },
      "id": "node/1631900108"
    },
    {
      "type": "Feature",
      "properties": {
        "@id": "node/1631906953",
        "aerialway": "pylon"
      },
      "geometry": {
        "type": "Point",
        "coordinates": [
          7.8901403,
          46.5643934
        ]
      },
      "id": "node/1631906953"
    },
    {
      "type": "Feature",
      "properties": {
        "@id": "node/1631906963",
        "aerialway": "pylon"
      },
      "geometry": {
        "type": "Point",
        "coordinates": [
          7.8904738,
          46.5644245
        ]
      },
      "id": "node/1631906963"
    },
    {
      "type": "Feature",
      "properties": {
        "@id": "node/1631906964",
        "aerialway": "pylon"
      },
      "geometry": {
        "type": "Point",
        "coordinates": [
          7.8897137,
          46.5643536
        ]
      },
      "id": "node/1631906964"
    },
    {
      "type": "Feature",
      "properties": {
        "@id": "node/1631906967",
        "aerialway": "pylon"
      },
      "geometry": {
        "type": "Point",
        "coordinates": [
          7.8886574,
          46.5642551
        ]
      },
      "id": "node/1631906967"
    },
    {
      "type": "Feature",
      "properties": {
        "@id": "node/1631906970",
        "aerialway": "pylon"
      },
      "geometry": {
        "type": "Point",
        "coordinates": [
          7.8878694,
          46.5641816
        ]
      },
      "id": "node/1631906970"
    },
    {
      "type": "Feature",
      "properties": {
        "@id": "node/1631912555",
        "aerialway": "station",
        "ele": "1930",
        "name": "Maulerhubel",
        "public_transport": "station"
      },
      "geometry": {
        "type": "Point",
        "coordinates": [
          7.8877338,
          46.5705611
        ]
      },
      "id": "node/1631912555"
    },
    {
      "type": "Feature",
      "properties": {
        "@id": "node/1631912560",
        "aerialway": "pylon"
      },
      "geometry": {
        "type": "Point",
        "coordinates": [
          7.8877719,
          46.5704784
        ]
      },
      "id": "node/1631912560"
    },
    {
      "type": "Feature",
      "properties": {
        "@id": "node/1631912571",
        "aerialway": "pylon"
      },
      "geometry": {
        "type": "Point",
        "coordinates": [
          7.8880738,
          46.5697137
        ]
      },
      "id": "node/1631912571"
    },
    {
      "type": "Feature",
      "properties": {
        "@id": "node/1631912575",
        "aerialway": "pylon"
      },
      "geometry": {
        "type": "Point",
        "coordinates": [
          7.8883044,
          46.569002
        ]
      },
      "id": "node/1631912575"
    },
    {
      "type": "Feature",
      "properties": {
        "@id": "node/1631912580",
        "aerialway": "pylon"
      },
      "geometry": {
        "type": "Point",
        "coordinates": [
          7.8886605,
          46.5680287
        ]
      },
      "id": "node/1631912580"
    },
    {
      "type": "Feature",
      "properties": {
        "@id": "node/1631912583",
        "aerialway": "pylon"
      },
      "geometry": {
        "type": "Point",
        "coordinates": [
          7.8891841,
          46.566619
        ]
      },
      "id": "node/1631912583"
    },
    {
      "type": "Feature",
      "properties": {
        "@id": "node/1631912587",
        "aerialway": "pylon"
      },
      "geometry": {
        "type": "Point",
        "coordinates": [
          7.8892818,
          46.5663496
        ]
      },
      "id": "node/1631912587"
    },
    {
      "type": "Feature",
      "properties": {
        "@id": "node/1631912590",
        "aerialway": "station",
        "ele": "1894",
        "name": "Allmiboden",
        "uic_name": "Allmiboden",
        "uic_ref": "8531034"
      },
      "geometry": {
        "type": "Point",
        "coordinates": [
          7.8893114,
          46.5662694
        ]
      },
      "id": "node/1631912590"
    },
    {
      "type": "Feature",
      "properties": {
        "@id": "node/1631925115",
        "aerialway": "station",
        "ele": "1578",
        "name": "Winteregg (Talst. Maulerhubel)",
        "uic_name": "Winteregg (Talst. Maulerhubel)",
        "uic_ref": "8500271"
      },
      "geometry": {
        "type": "Point",
        "coordinates": [
          7.8957272,
          46.5815
        ]
      },
      "id": "node/1631925115"
    },
    {
      "type": "Feature",
      "properties": {
        "@id": "node/1631925129",
        "aerialway": "pylon"
      },
      "geometry": {
        "type": "Point",
        "coordinates": [
          7.8956647,
          46.5814161
        ]
      },
      "id": "node/1631925129"
    },
    {
      "type": "Feature",
      "properties": {
        "@id": "node/1631925131",
        "aerialway": "pylon"
      },
      "geometry": {
        "type": "Point",
        "coordinates": [
          7.8949586,
          46.5804662
        ]
      },
      "id": "node/1631925131"
    },
    {
      "type": "Feature",
      "properties": {
        "@id": "node/1631925132",
        "aerialway": "pylon"
      },
      "geometry": {
        "type": "Point",
        "coordinates": [
          7.8938827,
          46.5790192
        ]
      },
      "id": "node/1631925132"
    },
    {
      "type": "Feature",
      "properties": {
        "@id": "node/1631925150",
        "aerialway": "pylon"
      },
      "geometry": {
        "type": "Point",
        "coordinates": [
          7.8930765,
          46.5779346
        ]
      },
      "id": "node/1631925150"
    },
    {
      "type": "Feature",
      "properties": {
        "@id": "node/1631925153",
        "aerialway": "pylon"
      },
      "geometry": {
        "type": "Point",
        "coordinates": [
          7.8924048,
          46.5770311
        ]
      },
      "id": "node/1631925153"
    },
    {
      "type": "Feature",
      "properties": {
        "@id": "node/1631925154",
        "aerialway": "pylon"
      },
      "geometry": {
        "type": "Point",
        "coordinates": [
          7.8917575,
          46.5761604
        ]
      },
      "id": "node/1631925154"
    },
    {
      "type": "Feature",
      "properties": {
        "@id": "node/1631925155",
        "aerialway": "pylon"
      },
      "geometry": {
        "type": "Point",
        "coordinates": [
          7.8914788,
          46.5757855
        ]
      },
      "id": "node/1631925155"
    },
    {
      "type": "Feature",
      "properties": {
        "@id": "node/1631925167",
        "aerialway": "pylon"
      },
      "geometry": {
        "type": "Point",
        "coordinates": [
          7.8906303,
          46.5746442
        ]
      },
      "id": "node/1631925167"
    },
    {
      "type": "Feature",
      "properties": {
        "@id": "node/1631925170",
        "aerialway": "pylon"
      },
      "geometry": {
        "type": "Point",
        "coordinates": [
          7.8898332,
          46.5735719
        ]
      },
      "id": "node/1631925170"
    },
    {
      "type": "Feature",
      "properties": {
        "@id": "node/1631925174",
        "aerialway": "pylon"
      },
      "geometry": {
        "type": "Point",
        "coordinates": [
          7.8887463,
          46.5721097
        ]
      },
      "id": "node/1631925174"
    },
    {
      "type": "Feature",
      "properties": {
        "@id": "node/1631925176",
        "aerialway": "pylon"
      },
      "geometry": {
        "type": "Point",
        "coordinates": [
          7.8879717,
          46.5710676
        ]
      },
      "id": "node/1631925176"
    },
    {
      "type": "Feature",
      "properties": {
        "@id": "node/1631925179",
        "aerialway": "pylon"
      },
      "geometry": {
        "type": "Point",
        "coordinates": [
          7.8878361,
          46.5708852
        ]
      },
      "id": "node/1631925179"
    },
    {
      "type": "Feature",
      "properties": {
        "@id": "node/1631925183",
        "aerialway": "station",
        "ele": "1930",
        "name": "Maulerhubel",
        "public_transport": "station",
        "uic_name": "Maulerhubel",
        "uic_ref": "8531033"
      },
      "geometry": {
        "type": "Point",
        "coordinates": [
          7.8877671,
          46.5707924
        ]
      },
      "id": "node/1631925183"
    },
    {
      "type": "Feature",
      "properties": {
        "@id": "node/1669955294",
        "aerialway": "station",
        "ele": "1807",
        "name": "Allmendhubel",
        "public_transport": "station"
      },
      "geometry": {
        "type": "Point",
        "coordinates": [
          7.8889149,
          46.5662755
        ]
      },
      "id": "node/1669955294"
    },
    {
      "type": "Feature",
      "properties": {
        "@id": "node/1669955300",
        "aerialway": "pylon",
        "ref": "1"
      },
      "geometry": {
        "type": "Point",
        "coordinates": [
          7.8887377,
          46.5660647
        ]
      },
      "id": "node/1669955300"
    },
    {
      "type": "Feature",
      "properties": {
        "@id": "node/1669955307",
        "aerialway": "pylon",
        "ref": "2"
      },
      "geometry": {
        "type": "Point",
        "coordinates": [
          7.8877329,
          46.5648695
        ]
      },
      "id": "node/1669955307"
    },
    {
      "type": "Feature",
      "properties": {
        "@id": "node/1669955311",
        "aerialway": "pylon",
        "ref": "3"
      },
      "geometry": {
        "type": "Point",
        "coordinates": [
          7.8873187,
          46.5643766
        ]
      },
      "id": "node/1669955311"
    },
    {
      "type": "Feature",
      "properties": {
        "@id": "node/1669955320",
        "aerialway": "station",
        "ele": "1928",
        "name": "Allmendhubel (Sesselbahn)",
        "public_transport": "station",
        "uic_name": "Allmendhubel (Sesselbahn)",
        "uic_ref": "8531035"
      },
      "geometry": {
        "type": "Point",
        "coordinates": [
          7.887126,
          46.5641475
        ]
      },
      "id": "node/1669955320"
    },
    {
      "type": "Feature",
      "properties": {
        "@id": "node/1690408763",
        "disused:railway": "halt",
        "ele": "2865.7",
        "name": "Eigerwand",
        "name:ru": "Айгерванд",
        "network": "Jungfraubahnen",
        "operator": "JB",
        "public_transport": "stop_position",
        "railway": "station",
        "train": "yes",
        "uic_name": "Eigerwand",
        "uic_ref": "8507362",
        "wikidata": "Q5348921"
      },
      "geometry": {
        "type": "Point",
        "coordinates": [
          8.0035685,
          46.5811539
        ]
      },
      "id": "node/1690408763"
    },
    {
      "type": "Feature",
      "properties": {
        "@id": "node/1850141489",
        "aerialway": "pylon",
        "ref": "27",
        "source": "survey"
      },
      "geometry": {
        "type": "Point",
        "coordinates": [
          7.9589622,
          46.6156713
        ]
      },
      "id": "node/1850141489"
    },
    {
      "type": "Feature",
      "properties": {
        "@id": "node/1850141490",
        "aerialway": "pylon",
        "ref": "18",
        "source": "survey"
      },
      "geometry": {
        "type": "Point",
        "coordinates": [
          7.9786412,
          46.621194
        ]
      },
      "id": "node/1850141490"
    },
    {
      "type": "Feature",
      "properties": {
        "@id": "node/2184149052",
        "aerialway": "station",
        "name": "Schiltgrat",
        "public_transport": "station"
      },
      "geometry": {
        "type": "Point",
        "coordinates": [
          7.8905065,
          46.5565212
        ]
      },
      "id": "node/2184149052"
    },
    {
      "type": "Feature",
      "properties": {
        "@id": "node/2184149068",
        "aerialway": "station",
        "name": "Schiltgrat",
        "public_transport": "station"
      },
      "geometry": {
        "type": "Point",
        "coordinates": [
          7.8720405,
          46.5575399
        ]
      },
      "id": "node/2184149068"
    },
    {
      "type": "Feature",
      "properties": {
        "@id": "node/2386471408",
        "aerialway": "yes",
        "ele": "1127",
        "name": "Beatenberg",
        "operator": "NHB",
        "public_transport": "stop_position",
        "uic_name": "Beatenberg",
        "uic_ref": "8507192",
        "wheelchair": "yes"
      },
      "geometry": {
        "type": "Point",
        "coordinates": [
          7.7654777,
          46.6906049
        ]
      },
      "id": "node/2386471408"
    },
    {
      "type": "Feature",
      "properties": {
        "@id": "node/2389489158",
        "aerialway": "pylon"
      },
      "geometry": {
        "type": "Point",
        "coordinates": [
          7.9750923,
          46.5768192
        ]
      },
      "id": "node/2389489158"
    },
    {
      "type": "Feature",
      "properties": {
        "@id": "node/2389489159",
        "aerialway": "pylon"
      },
      "geometry": {
        "type": "Point",
        "coordinates": [
          7.9750201,
          46.578068
        ]
      },
      "id": "node/2389489159"
    },
    {
      "type": "Feature",
      "properties": {
        "@id": "node/2389489161",
        "aerialway": "pylon"
      },
      "geometry": {
        "type": "Point",
        "coordinates": [
          7.9749527,
          46.5792339
        ]
      },
      "id": "node/2389489161"
    },
    {
      "type": "Feature",
      "properties": {
        "@id": "node/2389489164",
        "aerialway": "pylon"
      },
      "geometry": {
        "type": "Point",
        "coordinates": [
          7.9749138,
          46.579906
        ]
      },
      "id": "node/2389489164"
    },
    {
      "type": "Feature",
      "properties": {
        "@id": "node/2389489166",
        "aerialway": "pylon"
      },
      "geometry": {
        "type": "Point",
        "coordinates": [
          7.9748761,
          46.580559
        ]
      },
      "id": "node/2389489166"
    },
    {
      "type": "Feature",
      "properties": {
        "@id": "node/2389489169",
        "aerialway": "pylon"
      },
      "geometry": {
        "type": "Point",
        "coordinates": [
          7.9747791,
          46.5822355
        ]
      },
      "id": "node/2389489169"
    },
    {
      "type": "Feature",
      "properties": {
        "@id": "node/2389489203",
        "aerialway": "pylon"
      },
      "geometry": {
        "type": "Point",
        "coordinates": [
          7.974686,
          46.5838468
        ]
      },
      "id": "node/2389489203"
    },
    {
      "type": "Feature",
      "properties": {
        "@id": "node/2389489266",
        "aerialway": "pylon"
      },
      "geometry": {
        "type": "Point",
        "coordinates": [
          7.9746086,
          46.5851842
        ]
      },
      "id": "node/2389489266"
    },
    {
      "type": "Feature",
      "properties": {
        "@id": "node/2389489276",
        "aerialway": "pylon"
      },
      "geometry": {
        "type": "Point",
        "coordinates": [
          7.9744776,
          46.5874496
        ]
      },
      "id": "node/2389489276"
    },
    {
      "type": "Feature",
      "properties": {
        "@id": "node/2389489279",
        "aerialway": "pylon"
      },
      "geometry": {
        "type": "Point",
        "coordinates": [
          7.9744292,
          46.5882866
        ]
      },
      "id": "node/2389489279"
    },
    {
      "type": "Feature",
      "properties": {
        "@id": "node/2389489282",
        "aerialway": "pylon"
      },
      "geometry": {
        "type": "Point",
        "coordinates": [
          7.9743398,
          46.5898324
        ]
      },
      "id": "node/2389489282"
    },
    {
      "type": "Feature",
      "properties": {
        "@id": "node/2389609399",
        "aerialway": "pylon",
        "note": "See cable car note.\nSiehe Seilbahnhinweis."
      },
      "geometry": {
        "type": "Point",
        "coordinates": [
          7.8915759,
          46.5966056
        ]
      },
      "id": "node/2389609399"
    },
    {
      "type": "Feature",
      "properties": {
        "@id": "node/2390450309",
        "aerialway": "pylon"
      },
      "geometry": {
        "type": "Point",
        "coordinates": [
          7.891815,
          46.6218076
        ]
      },
      "id": "node/2390450309"
    },
    {
      "type": "Feature",
      "properties": {
        "@id": "node/2390450312",
        "aerialway": "pylon"
      },
      "geometry": {
        "type": "Point",
        "coordinates": [
          7.8898495,
          46.6226484
        ]
      },
      "id": "node/2390450312"
    },
    {
      "type": "Feature",
      "properties": {
        "@id": "node/2390450313",
        "aerialway": "pylon"
      },
      "geometry": {
        "type": "Point",
        "coordinates": [
          7.8892954,
          46.6228854
        ]
      },
      "id": "node/2390450313"
    },
    {
      "type": "Feature",
      "properties": {
        "@id": "node/2390590618",
        "aerialway": "pylon"
      },
      "geometry": {
        "type": "Point",
        "coordinates": [
          7.8927689,
          46.5504158
        ]
      },
      "id": "node/2390590618"
    },
    {
      "type": "Feature",
      "properties": {
        "@id": "node/2390590619",
        "aerialway": "pylon"
      },
      "geometry": {
        "type": "Point",
        "coordinates": [
          7.8918256,
          46.5551677
        ]
      },
      "id": "node/2390590619"
    },
    {
      "type": "Feature",
      "properties": {
        "@id": "node/2390590634",
        "aerialway": "pylon"
      },
      "geometry": {
        "type": "Point",
        "coordinates": [
          7.8357722,
          46.5574298
        ]
      },
      "id": "node/2390590634"
    },
    {
      "type": "Feature",
      "properties": {
        "@id": "node/2399510716",
        "aerialway": "pylon",
        "source": "Bing"
      },
      "geometry": {
        "type": "Point",
        "coordinates": [
          7.8613748,
          46.6103603
        ]
      },
      "id": "node/2399510716"
    },
    {
      "type": "Feature",
      "properties": {
        "@id": "node/2399510727",
        "aerialway": "pylon",
        "source": "Bing"
      },
      "geometry": {
        "type": "Point",
        "coordinates": [
          7.8645237,
          46.6144782
        ]
      },
      "id": "node/2399510727"
    },
    {
      "type": "Feature",
      "properties": {
        "@id": "node/2399510821",
        "aerialway": "pylon",
        "source": "Bing"
      },
      "geometry": {
        "type": "Point",
        "coordinates": [
          7.8600498,
          46.6086006
        ]
      },
      "id": "node/2399510821"
    },
    {
      "type": "Feature",
      "properties": {
        "@id": "node/2399510825",
        "aerialway": "pylon",
        "source": "Bing"
      },
      "geometry": {
        "type": "Point",
        "coordinates": [
          7.8601839,
          46.6087867
        ]
      },
      "id": "node/2399510825"
    },
    {
      "type": "Feature",
      "properties": {
        "@id": "node/2399510835",
        "aerialway": "pylon",
        "source": "Bing"
      },
      "geometry": {
        "type": "Point",
        "coordinates": [
          7.8606748,
          46.6094464
        ]
      },
      "id": "node/2399510835"
    },
    {
      "type": "Feature",
      "properties": {
        "@id": "node/2497152381",
        "aerialway": "pylon"
      },
      "geometry": {
        "type": "Point",
        "coordinates": [
          7.9425226,
          46.613425
        ]
      },
      "id": "node/2497152381"
    },
    {
      "type": "Feature",
      "properties": {
        "@id": "node/2497152688",
        "aerialway": "pylon"
      },
      "geometry": {
        "type": "Point",
        "coordinates": [
          7.9429251,
          46.6135113
        ]
      },
      "id": "node/2497152688"
    },
    {
      "type": "Feature",
      "properties": {
        "@id": "node/2497152848",
        "aerialway": "pylon"
      },
      "geometry": {
        "type": "Point",
        "coordinates": [
          7.9439964,
          46.6137411
        ]
      },
      "id": "node/2497152848"
    },
    {
      "type": "Feature",
      "properties": {
        "@id": "node/2497152983",
        "aerialway": "pylon"
      },
      "geometry": {
        "type": "Point",
        "coordinates": [
          7.9433996,
          46.6136131
        ]
      },
      "id": "node/2497152983"
    },
    {
      "type": "Feature",
      "properties": {
        "@id": "node/2497152998",
        "aerialway": "pylon"
      },
      "geometry": {
        "type": "Point",
        "coordinates": [
          7.937165,
          46.6118203
        ]
      },
      "id": "node/2497152998"
    },
    {
      "type": "Feature",
      "properties": {
        "@id": "node/2497221064",
        "aerialway": "pylon"
      },
      "geometry": {
        "type": "Point",
        "coordinates": [
          7.9594933,
          46.586334
        ]
      },
      "id": "node/2497221064"
    },
    {
      "type": "Feature",
      "properties": {
        "@id": "node/2497221068",
        "aerialway": "pylon"
      },
      "geometry": {
        "type": "Point",
        "coordinates": [
          7.9591558,
          46.5864729
        ]
      },
      "id": "node/2497221068"
    },
    {
      "type": "Feature",
      "properties": {
        "@id": "node/2497221302",
        "aerialway": "pylon"
      },
      "geometry": {
        "type": "Point",
        "coordinates": [
          7.9504851,
          46.5900418
        ]
      },
      "id": "node/2497221302"
    },
    {
      "type": "Feature",
      "properties": {
        "@id": "node/2497221348",
        "aerialway": "pylon"
      },
      "geometry": {
        "type": "Point",
        "coordinates": [
          7.952377,
          46.5892633
        ]
      },
      "id": "node/2497221348"
    },
    {
      "type": "Feature",
      "properties": {
        "@id": "node/2724359290",
        "aerialway": "pylon"
      },
      "geometry": {
        "type": "Point",
        "coordinates": [
          7.9721418,
          46.589412
        ]
      },
      "id": "node/2724359290"
    },
    {
      "type": "Feature",
      "properties": {
        "@id": "node/2724359291",
        "aerialway": "pylon"
      },
      "geometry": {
        "type": "Point",
        "coordinates": [
          7.9707605,
          46.5890831
        ]
      },
      "id": "node/2724359291"
    },
    {
      "type": "Feature",
      "properties": {
        "@id": "node/2724359292",
        "aerialway": "pylon"
      },
      "geometry": {
        "type": "Point",
        "coordinates": [
          7.9687765,
          46.5886106
        ]
      },
      "id": "node/2724359292"
    },
    {
      "type": "Feature",
      "properties": {
        "@id": "node/2724359293",
        "aerialway": "pylon"
      },
      "geometry": {
        "type": "Point",
        "coordinates": [
          7.9673692,
          46.5882755
        ]
      },
      "id": "node/2724359293"
    },
    {
      "type": "Feature",
      "properties": {
        "@id": "node/2724359294",
        "aerialway": "pylon"
      },
      "geometry": {
        "type": "Point",
        "coordinates": [
          7.9662029,
          46.5879977
        ]
      },
      "id": "node/2724359294"
    },
    {
      "type": "Feature",
      "properties": {
        "@id": "node/2724359295",
        "aerialway": "pylon"
      },
      "geometry": {
        "type": "Point",
        "coordinates": [
          7.9648623,
          46.5876785
        ]
      },
      "id": "node/2724359295"
    },
    {
      "type": "Feature",
      "properties": {
        "@id": "node/2724359296",
        "aerialway": "pylon"
      },
      "geometry": {
        "type": "Point",
        "coordinates": [
          7.9639329,
          46.5874571
        ]
      },
      "id": "node/2724359296"
    },
    {
      "type": "Feature",
      "properties": {
        "@id": "node/2724359298",
        "aerialway": "pylon"
      },
      "geometry": {
        "type": "Point",
        "coordinates": [
          7.962564,
          46.5871311
        ]
      },
      "id": "node/2724359298"
    },
    {
      "type": "Feature",
      "properties": {
        "@id": "node/2724359299",
        "aerialway": "pylon"
      },
      "geometry": {
        "type": "Point",
        "coordinates": [
          7.9615518,
          46.5869107
        ]
      },
      "id": "node/2724359299"
    },
    {
      "type": "Feature",
      "properties": {
        "@id": "node/2771974677",
        "aerialway": "pylon"
      },
      "geometry": {
        "type": "Point",
        "coordinates": [
          7.9507388,
          46.5730663
        ]
      },
      "id": "node/2771974677"
    },
    {
      "type": "Feature",
      "properties": {
        "@id": "node/2771974681",
        "aerialway": "pylon"
      },
      "geometry": {
        "type": "Point",
        "coordinates": [
          7.9523242,
          46.5735595
        ]
      },
      "id": "node/2771974681"
    },
    {
      "type": "Feature",
      "properties": {
        "@id": "node/2771974685",
        "aerialway": "pylon",
        "source": "Bing"
      },
      "geometry": {
        "type": "Point",
        "coordinates": [
          7.9495729,
          46.5740008
        ]
      },
      "id": "node/2771974685"
    },
    {
      "type": "Feature",
      "properties": {
        "@id": "node/2771974688",
        "aerialway": "pylon"
      },
      "geometry": {
        "type": "Point",
        "coordinates": [
          7.954115,
          46.5741166
        ]
      },
      "id": "node/2771974688"
    },
    {
      "type": "Feature",
      "properties": {
        "@id": "node/2771974690",
        "aerialway": "pylon"
      },
      "geometry": {
        "type": "Point",
        "coordinates": [
          7.955227,
          46.5744626
        ]
      },
      "id": "node/2771974690"
    },
    {
      "type": "Feature",
      "properties": {
        "@id": "node/2771974693",
        "aerialway": "pylon"
      },
      "geometry": {
        "type": "Point",
        "coordinates": [
          7.956086,
          46.5747298
        ]
      },
      "id": "node/2771974693"
    },
    {
      "type": "Feature",
      "properties": {
        "@id": "node/2771974696",
        "aerialway": "pylon"
      },
      "geometry": {
        "type": "Point",
        "coordinates": [
          7.9572041,
          46.5750776
        ]
      },
      "id": "node/2771974696"
    },
    {
      "type": "Feature",
      "properties": {
        "@id": "node/2771974698",
        "aerialway": "pylon"
      },
      "geometry": {
        "type": "Point",
        "coordinates": [
          7.9579798,
          46.5753189
        ]
      },
      "id": "node/2771974698"
    },
    {
      "type": "Feature",
      "properties": {
        "@id": "node/2771974702",
        "aerialway": "pylon",
        "source": "Bing"
      },
      "geometry": {
        "type": "Point",
        "coordinates": [
          7.949304,
          46.5753217
        ]
      },
      "id": "node/2771974702"
    },
    {
      "type": "Feature",
      "properties": {
        "@id": "node/2771974705",
        "aerialway": "pylon"
      },
      "geometry": {
        "type": "Point",
        "coordinates": [
          7.9589114,
          46.5756088
        ]
      },
      "id": "node/2771974705"
    },
    {
      "type": "Feature",
      "properties": {
        "@id": "node/2771974707",
        "aerialway": "pylon"
      },
      "geometry": {
        "type": "Point",
        "coordinates": [
          7.9596479,
          46.5758379
        ]
      },
      "id": "node/2771974707"
    },
    {
      "type": "Feature",
      "properties": {
        "@id": "node/2771974708",
        "aerialway": "pylon"
      },
      "geometry": {
        "type": "Point",
        "coordinates": [
          7.9615009,
          46.5764143
        ]
      },
      "id": "node/2771974708"
    },
    {
      "type": "Feature",
      "properties": {
        "@id": "node/2771974709",
        "aerialway": "pylon",
        "source": "Bing"
      },
      "geometry": {
        "type": "Point",
        "coordinates": [
          7.9490592,
          46.5765243
        ]
      },
      "id": "node/2771974709"
    },
    {
      "type": "Feature",
      "properties": {
        "@id": "node/2771974710",
        "aerialway": "pylon"
      },
      "geometry": {
        "type": "Point",
        "coordinates": [
          7.9635985,
          46.5770668
        ]
      },
      "id": "node/2771974710"
    },
    {
      "type": "Feature",
      "properties": {
        "@id": "node/2771974712",
        "aerialway": "pylon"
      },
      "geometry": {
        "type": "Point",
        "coordinates": [
          7.9640491,
          46.577207
        ]
      },
      "id": "node/2771974712"
    },
    {
      "type": "Feature",
      "properties": {
        "@id": "node/2771974714",
        "aerialway": "pylon"
      },
      "geometry": {
        "type": "Point",
        "coordinates": [
          7.9649181,
          46.5774774
        ]
      },
      "id": "node/2771974714"
    },
    {
      "type": "Feature",
      "properties": {
        "@id": "node/2771974717",
        "aerialway": "pylon",
        "source": "Bing"
      },
      "geometry": {
        "type": "Point",
        "coordinates": [
          7.9488118,
          46.5777401
        ]
      },
      "id": "node/2771974717"
    },
    {
      "type": "Feature",
      "properties": {
        "@id": "node/2771974720",
        "aerialway": "pylon"
      },
      "geometry": {
        "type": "Point",
        "coordinates": [
          7.9666921,
          46.5780292
        ]
      },
      "id": "node/2771974720"
    },
    {
      "type": "Feature",
      "properties": {
        "@id": "node/2771974723",
        "aerialway": "pylon",
        "source": "Bing"
      },
      "geometry": {
        "type": "Point",
        "coordinates": [
          7.948572,
          46.578918
        ]
      },
      "id": "node/2771974723"
    },
    {
      "type": "Feature",
      "properties": {
        "@id": "node/2771974725",
        "aerialway": "pylon",
        "source": "Bing"
      },
      "geometry": {
        "type": "Point",
        "coordinates": [
          7.9483408,
          46.580054
        ]
      },
      "id": "node/2771974725"
    },
    {
      "type": "Feature",
      "properties": {
        "@id": "node/2771974729",
        "aerialway": "pylon",
        "source": "Bing"
      },
      "geometry": {
        "type": "Point",
        "coordinates": [
          7.9481474,
          46.581004
        ]
      },
      "id": "node/2771974729"
    },
    {
      "type": "Feature",
      "properties": {
        "@id": "node/2771974732",
        "aerialway": "pylon",
        "source": "Bing"
      },
      "geometry": {
        "type": "Point",
        "coordinates": [
          7.9479096,
          46.5821724
        ]
      },
      "id": "node/2771974732"
    },
    {
      "type": "Feature",
      "properties": {
        "@id": "node/2771974737",
        "aerialway": "pylon",
        "source": "Bing"
      },
      "geometry": {
        "type": "Point",
        "coordinates": [
          7.9476466,
          46.5834643
        ]
      },
      "id": "node/2771974737"
    },
    {
      "type": "Feature",
      "properties": {
        "@id": "node/2771974742",
        "aerialway": "pylon",
        "source": "Bing"
      },
      "geometry": {
        "type": "Point",
        "coordinates": [
          7.9473861,
          46.5847441
        ]
      },
      "id": "node/2771974742"
    },
    {
      "type": "Feature",
      "properties": {
        "@id": "node/2922629538",
        "aerialway": "yes",
        "ele": "1624",
        "name": "Mittelstation Holenstein",
        "operator": "GGM",
        "public_transport": "stop_position",
        "uic_name": "Holenstein",
        "uic_ref": "8507391"
      },
      "geometry": {
        "type": "Point",
        "coordinates": [
          7.9789207,
          46.6212736
        ]
      },
      "id": "node/2922629538"
    },
    {
      "type": "Feature",
      "properties": {
        "@id": "node/2922629573",
        "aerialway": "pylon",
        "ref": "1",
        "source": "survey"
      },
      "geometry": {
        "type": "Point",
        "coordinates": [
          8.0182982,
          46.6246806
        ]
      },
      "id": "node/2922629573"
    },
    {
      "type": "Feature",
      "properties": {
        "@id": "node/3080372092",
        "ele": "564",
        "name": "Interlaken West",
        "name:ru": "Интерлакен Вест",
        "operator": "BLS",
        "public_transport": "station",
        "railway": "station",
        "railway:ref": "IW",
        "uic_name": "Interlaken West",
        "uic_ref": "8507493",
        "wheelchair": "yes",
        "wikidata": "Q663794",
        "wikipedia": "de:Bahnhof Interlaken West"
      },
      "geometry": {
        "type": "Point",
        "coordinates": [
          7.851602,
          46.6827908
        ]
      },
      "id": "node/3080372092"
    },
    {
      "type": "Feature",
      "properties": {
        "@id": "node/3087536401",
        "@relations": [
          {
            "role": "",
            "rel": 14551144,
            "reltags": {
              "from": "Eigergletscher",
              "name": "Eigergletscher ↔ Jungfraujoch",
              "network": "Jungfraubahn",
              "operator": "JB",
              "route": "railway",
              "to": "Jungfraujoch",
              "type": "route",
              "via": "Rotstock;Eigerwand;Eismeer"
            }
          }
        ]
      },
      "geometry": {
        "type": "Point",
        "coordinates": [
          7.982857,
          46.5475415
        ]
      },
      "id": "node/3087536401"
    },
    {
      "type": "Feature",
      "properties": {
        "@id": "node/3114762827",
        "ele": "567",
        "name": "Interlaken Ost",
        "name:zh": "因特拉肯东站",
        "operator": "BLS",
        "public_transport": "station",
        "railway": "station",
        "railway:ref": "IO",
        "uic_name": "Interlaken Ost",
        "uic_ref": "8507492",
        "wheelchair": "yes",
        "wikidata": "Q672006",
        "wikipedia": "de:Bahnhof Interlaken Ost"
      },
      "geometry": {
        "type": "Point",
        "coordinates": [
          7.8689965,
          46.6904478
        ]
      },
      "id": "node/3114762827"
    },
    {
      "type": "Feature",
      "properties": {
        "@id": "node/3179617711",
        "aerialway": "station"
      },
      "geometry": {
        "type": "Point",
        "coordinates": [
          8.0551372,
          46.6592539
        ]
      },
      "id": "node/3179617711"
    },
    {
      "type": "Feature",
      "properties": {
        "@id": "node/3179617712",
        "aerialway": "station"
      },
      "geometry": {
        "type": "Point",
        "coordinates": [
          8.0645552,
          46.6583809
        ]
      },
      "id": "node/3179617712"
    },
    {
      "type": "Feature",
      "properties": {
        "@id": "node/3214953865",
        "aerialway": "pylon"
      },
      "geometry": {
        "type": "Point",
        "coordinates": [
          8.0734992,
          46.6550384
        ]
      },
      "id": "node/3214953865"
    },
    {
      "type": "Feature",
      "properties": {
        "@id": "node/3214953866",
        "aerialway": "pylon",
        "source": "survey"
      },
      "geometry": {
        "type": "Point",
        "coordinates": [
          8.071972,
          46.6560456
        ]
      },
      "id": "node/3214953866"
    },
    {
      "type": "Feature",
      "properties": {
        "@id": "node/3214953867",
        "aerialway": "pylon",
        "source": "survey"
      },
      "geometry": {
        "type": "Point",
        "coordinates": [
          8.0704584,
          46.6570524
        ]
      },
      "id": "node/3214953867"
    },
    {
      "type": "Feature",
      "properties": {
        "@id": "node/3214953868",
        "aerialway": "pylon",
        "source": "survey"
      },
      "geometry": {
        "type": "Point",
        "coordinates": [
          8.0691515,
          46.6579217
        ]
      },
      "id": "node/3214953868"
    },
    {
      "type": "Feature",
      "properties": {
        "@id": "node/3214953869",
        "aerialway": "pylon",
        "source": "survey"
      },
      "geometry": {
        "type": "Point",
        "coordinates": [
          8.067718,
          46.6588752
        ]
      },
      "id": "node/3214953869"
    },
    {
      "type": "Feature",
      "properties": {
        "@id": "node/3214953870",
        "aerialway": "pylon",
        "source": "survey"
      },
      "geometry": {
        "type": "Point",
        "coordinates": [
          8.0663925,
          46.6597568
        ]
      },
      "id": "node/3214953870"
    },
    {
      "type": "Feature",
      "properties": {
        "@id": "node/3214953871",
        "aerialway": "pylon",
        "source": "survey"
      },
      "geometry": {
        "type": "Point",
        "coordinates": [
          8.0649604,
          46.6607094
        ]
      },
      "id": "node/3214953871"
    },
    {
      "type": "Feature",
      "properties": {
        "@id": "node/3214953872",
        "aerialway": "pylon"
      },
      "geometry": {
        "type": "Point",
        "coordinates": [
          8.0643643,
          46.661082
        ]
      },
      "id": "node/3214953872"
    },
    {
      "type": "Feature",
      "properties": {
        "@id": "node/3246929906",
        "aerialway": "yes",
        "ele": "1367",
        "name": "Gimmelwald",
        "operator": "LSMS",
        "public_transport": "stop_position",
        "uic_name": "Gimmelwald (Schilthornbahn)",
        "uic_ref": "8507454"
      },
      "geometry": {
        "type": "Point",
        "coordinates": [
          7.8935541,
          46.5470585
        ]
      },
      "id": "node/3246929906"
    },
    {
      "type": "Feature",
      "properties": {
        "@id": "node/3246981993",
        "aerialway": "yes",
        "aerialway:access": "both",
        "aerialway:summer:access": "both",
        "ele": "1027",
        "name": "Grindelwald (Pfingsteggbahn)",
        "network": "Jungfraubahnen",
        "operator": "LGP",
        "public_transport": "stop_position",
        "uic_name": "Grindelwald (Pfingsteggbahn)",
        "uic_ref": "8530320"
      },
      "geometry": {
        "type": "Point",
        "coordinates": [
          8.0470013,
          46.6231216
        ]
      },
      "id": "node/3246981993"
    },
    {
      "type": "Feature",
      "properties": {
        "@id": "node/3246982005",
        "aerialway": "pylon",
        "ref": "37",
        "source": "survey"
      },
      "geometry": {
        "type": "Point",
        "coordinates": [
          8.064287,
          46.6586039
        ]
      },
      "id": "node/3246982005"
    },
    {
      "type": "Feature",
      "properties": {
        "@id": "node/3400605056",
        "aerialway": "station",
        "ele": "2164",
        "name": "First (Oberjoch)",
        "operator": "BGF",
        "uic_name": "First (Oberjoch)",
        "uic_ref": "8530948"
      },
      "geometry": {
        "type": "Point",
        "coordinates": [
          8.05296,
          46.6613774
        ]
      },
      "id": "node/3400605056"
    },
    {
      "type": "Feature",
      "properties": {
        "@id": "node/3544049728",
        "aerialway": "pylon"
      },
      "geometry": {
        "type": "Point",
        "coordinates": [
          8.052981,
          46.6628488
        ]
      },
      "id": "node/3544049728"
    },
    {
      "type": "Feature",
      "properties": {
        "@id": "node/3544049735",
        "aerialway": "pylon"
      },
      "geometry": {
        "type": "Point",
        "coordinates": [
          8.0529817,
          46.6630432
        ]
      },
      "id": "node/3544049735"
    },
    {
      "type": "Feature",
      "properties": {
        "@id": "node/3544049785",
        "aerialway": "pylon"
      },
      "geometry": {
        "type": "Point",
        "coordinates": [
          8.0529856,
          46.6642409
        ]
      },
      "id": "node/3544049785"
    },
    {
      "type": "Feature",
      "properties": {
        "@id": "node/3544049905",
        "aerialway": "pylon"
      },
      "geometry": {
        "type": "Point",
        "coordinates": [
          8.0529877,
          46.6648926
        ]
      },
      "id": "node/3544049905"
    },
    {
      "type": "Feature",
      "properties": {
        "@id": "node/3544049936",
        "aerialway": "pylon"
      },
      "geometry": {
        "type": "Point",
        "coordinates": [
          8.0529906,
          46.665773
        ]
      },
      "id": "node/3544049936"
    },
    {
      "type": "Feature",
      "properties": {
        "@id": "node/3544049990",
        "aerialway": "pylon"
      },
      "geometry": {
        "type": "Point",
        "coordinates": [
          8.052995,
          46.6671207
        ]
      },
      "id": "node/3544049990"
    },
    {
      "type": "Feature",
      "properties": {
        "@id": "node/3544050205",
        "aerialway": "pylon"
      },
      "geometry": {
        "type": "Point",
        "coordinates": [
          8.0530012,
          46.6690177
        ]
      },
      "id": "node/3544050205"
    },
    {
      "type": "Feature",
      "properties": {
        "@id": "node/3544050217",
        "aerialway": "pylon"
      },
      "geometry": {
        "type": "Point",
        "coordinates": [
          8.0530048,
          46.6700959
        ]
      },
      "id": "node/3544050217"
    },
    {
      "type": "Feature",
      "properties": {
        "@id": "node/3544050224",
        "aerialway": "pylon"
      },
      "geometry": {
        "type": "Point",
        "coordinates": [
          8.0530088,
          46.6713241
        ]
      },
      "id": "node/3544050224"
    },
    {
      "type": "Feature",
      "properties": {
        "@id": "node/3544050227",
        "aerialway": "pylon"
      },
      "geometry": {
        "type": "Point",
        "coordinates": [
          8.0530147,
          46.6731289
        ]
      },
      "id": "node/3544050227"
    },
    {
      "type": "Feature",
      "properties": {
        "@id": "node/3544050228",
        "aerialway": "pylon"
      },
      "geometry": {
        "type": "Point",
        "coordinates": [
          8.053018,
          46.6741319
        ]
      },
      "id": "node/3544050228"
    },
    {
      "type": "Feature",
      "properties": {
        "@id": "node/3668308747",
        "ele": "2061",
        "name": "Kleine Scheidegg",
        "name:cs": "Kleine Scheidegg",
        "name:de": "Kleine Scheidegg",
        "name:en": "Kleine Scheidegg",
        "name:ja": "クライネ・シャイデック",
        "network": "Jungfraubahnen",
        "network:wikidata": "Q616970",
        "operator": "WAB;JB",
        "public_transport": "station",
        "railway": "station",
        "railway:ref": "KLS",
        "source": "Bundesamt für Verkehr (BAV), DIDOK 2015",
        "train": "yes",
        "uic_name": "Kleine Scheidegg",
        "uic_ref": "8507374",
        "wikidata": "Q869540",
        "wikipedia": "en:Kleine Scheidegg railway station"
      },
      "geometry": {
        "type": "Point",
        "coordinates": [
          7.9608968,
          46.5850987
        ]
      },
      "id": "node/3668308747"
    },
    {
      "type": "Feature",
      "properties": {
        "@id": "node/3790241420",
        "ele": "1542",
        "name": "Breitlauenen",
        "public_transport": "station",
        "railway": "station",
        "train": "yes",
        "uic_name": "Breitlauenen",
        "uic_ref": "8507386",
        "wikidata": "Q4960452"
      },
      "geometry": {
        "type": "Point",
        "coordinates": [
          7.895499,
          46.6597692
        ]
      },
      "id": "node/3790241420"
    },
    {
      "type": "Feature",
      "properties": {
        "@id": "node/3816971171",
        "ele": "1616",
        "name": "Alpiglen",
        "network": "Jungfraubahnen",
        "network:wikidata": "Q616970",
        "operator": "WAB",
        "public_transport": "station",
        "railway": "station",
        "railway:position": "14.49",
        "railway:ref": "ALP",
        "source": "Bundesamt für Verkehr (BAV), DIDOK 2015",
        "train": "yes",
        "uic_name": "Alpiglen",
        "uic_ref": "8507375",
        "wikidata": "Q4735442"
      },
      "geometry": {
        "type": "Point",
        "coordinates": [
          8.0019524,
          46.6000697
        ]
      },
      "id": "node/3816971171"
    },
    {
      "type": "Feature",
      "properties": {
        "@id": "node/4161784980",
        "ele": "1874",
        "name": "Wengernalp",
        "network": "Jungfraubahnen",
        "network:wikidata": "Q616970",
        "operator": "WAB",
        "public_transport": "station",
        "railway": "station",
        "railway:position": "8.31",
        "railway:ref": "WEAL",
        "source": "Bundesamt für Verkehr (BAV), DIDOK 2015",
        "train": "yes",
        "uic_name": "Wengernalp",
        "uic_ref": "8507373",
        "wikidata": "Q7982859"
      },
      "geometry": {
        "type": "Point",
        "coordinates": [
          7.939032,
          46.5756768
        ]
      },
      "id": "node/4161784980"
    },
    {
      "type": "Feature",
      "properties": {
        "@id": "node/4313036324",
        "ele": "2320",
        "name": "Eigergletscher",
        "name:de": "Eigergletscher",
        "network": "Jungfraubahnen",
        "operator": "JB",
        "public_transport": "station",
        "railway": "station",
        "source": "Bundesamt für Verkehr (BAV), DIDOK 2015",
        "train": "yes",
        "uic_name": "Eigergletscher",
        "uic_ref": "8507361",
        "wheelchair": "yes",
        "wikidata": "Q800710"
      },
      "geometry": {
        "type": "Point",
        "coordinates": [
          7.9748643,
          46.574801
        ]
      },
      "id": "node/4313036324"
    },
    {
      "type": "Feature",
      "properties": {
        "@id": "node/4313036325",
        "ele": "3454",
        "name": "Jungfraujoch",
        "name:de": "Jungfraujoch",
        "name:en": "Jungfraujoch",
        "name:fr": "Jungfraujoch",
        "name:ja": "ユングフラウヨッホ",
        "name:ja-Hira": "ゆんぐふらうよっほ",
        "name:ru": "Юнгфрауйох",
        "network": "Jungfraubahnen",
        "operator": "JB",
        "public_transport": "station",
        "railway": "station",
        "train": "yes",
        "uic_name": "Jungfraujoch",
        "uic_ref": "8507364",
        "wheelchair": "yes",
        "wikidata": "Q3695590"
      },
      "geometry": {
        "type": "Point",
        "coordinates": [
          7.9827094,
          46.5474958
        ]
      },
      "id": "node/4313036325"
    },
    {
      "type": "Feature",
      "properties": {
        "@id": "node/4377500956",
        "ele": "1333",
        "name": "Brandegg",
        "network": "Jungfraubahnen",
        "network:wikidata": "Q616970",
        "operator": "WAB",
        "public_transport": "station",
        "railway": "station",
        "railway:position": "16.02",
        "railway:ref": "BRAD",
        "source": "Bundesamt für Verkehr (BAV), DIDOK 2015",
        "train": "yes",
        "uic_name": "Brandegg",
        "uic_ref": "8507552",
        "wikidata": "Q4956623"
      },
      "geometry": {
        "type": "Point",
        "coordinates": [
          8.0112153,
          46.6088998
        ]
      },
      "id": "node/4377500956"
    },
    {
      "type": "Feature",
      "properties": {
        "@id": "node/4611497644",
        "name": "Burglauenen",
        "network": "Jungfraubahnen",
        "operator": "BOB",
        "public_transport": "station",
        "railway": "station",
        "train": "yes",
        "uic_name": "Burglauenen",
        "uic_ref": "8507382",
        "wikidata": "Q4998659"
      },
      "geometry": {
        "type": "Point",
        "coordinates": [
          7.9755015,
          46.635837
        ]
      },
      "id": "node/4611497644"
    },
    {
      "type": "Feature",
      "properties": {
        "@id": "node/4611497645",
        "name": "Lütschental",
        "network": "Jungfraubahnen",
        "operator": "BOB",
        "public_transport": "station",
        "railway": "station",
        "train": "yes",
        "uic_name": "Lütschental",
        "uic_ref": "8507383",
        "wikidata": "Q6711578"
      },
      "geometry": {
        "type": "Point",
        "coordinates": [
          7.9489646,
          46.6370926
        ]
      },
      "id": "node/4611497645"
    },
    {
      "type": "Feature",
      "properties": {
        "@id": "node/5292629070",
        "ele": "1509",
        "name": "Allmend",
        "network": "Jungfraubahnen",
        "network:wikidata": "Q616970",
        "operator": "WAB",
        "public_transport": "station",
        "railway": "station",
        "railway:position": "5.72",
        "railway:ref": "ALDW",
        "source": "Bundesamt für Verkehr (BAV), DIDOK 2015",
        "train": "yes",
        "uic_name": "Allmend",
        "uic_ref": "8507550",
        "wikidata": "Q4732953"
      },
      "geometry": {
        "type": "Point",
        "coordinates": [
          7.932255,
          46.5943474
        ]
      },
      "id": "node/5292629070"
    },
    {
      "type": "Feature",
      "properties": {
        "@id": "node/5299316733",
        "addr:city": "Mürren",
        "addr:country": "CH",
        "addr:housenumber": "954e",
        "addr:place": "Eggli",
        "addr:postcode": "3825",
        "aerialway": "station",
        "contact:email": "info@schilthorn.ch",
        "contact:fax": "+41 33 82 60 009",
        "contact:phone": "+41 33 82 60 007",
        "contact:website": "http://www.schilthorn.ch",
        "ele": "1643",
        "name": "Schilthornbahn",
        "operator": "LSMS",
        "public_transport": "station",
        "uic_name": "Mürren (Schilthornbahn)",
        "uic_ref": "8507455"
      },
      "geometry": {
        "type": "Point",
        "coordinates": [
          7.8912745,
          46.5578381
        ]
      },
      "id": "node/5299316733"
    },
    {
      "type": "Feature",
      "properties": {
        "@id": "node/6037884613",
        "name": "Schwendi",
        "network": "Jungfraubahnen",
        "network:wikidata": "Q616970",
        "operator": "BOB",
        "public_transport": "station",
        "railway": "station",
        "source": "Bundesamt für Verkehr (BAV), DIDOK 2015",
        "train": "yes",
        "uic_name": "Schwendi bei Grindelwald",
        "uic_ref": "8507381",
        "wikidata": "Q7433271",
        "wikimedia_commons": "File:Schwendi railway station.jpg"
      },
      "geometry": {
        "type": "Point",
        "coordinates": [
          8.0036379,
          46.6300031
        ]
      },
      "id": "node/6037884613"
    },
    {
      "type": "Feature",
      "properties": {
        "@id": "node/6037884614",
        "ele": "1034",
        "name": "Grindelwald",
        "network": "Jungfraubahnen",
        "network:wikidata": "Q616970",
        "operator": "BOB;WAB",
        "public_transport": "station",
        "railway": "station",
        "railway:ref": "GRIN",
        "source": "Bundesamt für Verkehr (BAV), DIDOK 2015",
        "train": "yes",
        "uic_name": "Grindelwald",
        "uic_ref": "8507380",
        "wheelchair": "yes",
        "wikidata": "Q5609422"
      },
      "geometry": {
        "type": "Point",
        "coordinates": [
          8.0325427,
          46.6245321
        ]
      },
      "id": "node/6037884614"
    },
    {
      "type": "Feature",
      "properties": {
        "@id": "node/6037884615",
        "ele": "944",
        "name": "Grindelwald Grund",
        "network": "Jungfraubahnen",
        "network:wikidata": "Q616970",
        "operator": "WAB",
        "public_transport": "station",
        "railway": "station",
        "railway:position": "18.13",
        "railway:ref": "GRIG",
        "source": "Bundesamt für Verkehr (BAV), DIDOK 2015",
        "train": "yes",
        "uic_name": "Grindelwald Grund",
        "uic_ref": "8507376",
        "wheelchair": "yes",
        "wikidata": "Q5609422"
      },
      "geometry": {
        "type": "Point",
        "coordinates": [
          8.023627,
          46.6225024
        ]
      },
      "id": "node/6037884615"
    },
    {
      "type": "Feature",
      "properties": {
        "@id": "node/6037884617",
        "ele": "1588",
        "name": "Winteregg",
        "network": "Jungfraubahnen",
        "network:wikidata": "Q616970",
        "operator": "BLM",
        "public_transport": "station",
        "railway": "station",
        "railway:ref": "WEGG",
        "source": "Bundesamt für Verkehr (BAV), DIDOK 2015",
        "train": "yes",
        "uic_name": "Winteregg",
        "uic_ref": "8507560",
        "wikidata": "Q8026446"
      },
      "geometry": {
        "type": "Point",
        "coordinates": [
          7.8959966,
          46.5818172
        ]
      },
      "id": "node/6037884617"
    },
    {
      "type": "Feature",
      "properties": {
        "@id": "node/6037884620",
        "ele": "797",
        "information": "guidepost",
        "internet_access": "wlan",
        "internet_access:fee": "no",
        "name": "Lauterbrunnen",
        "network": "Jungfraubahnen",
        "network:wikidata": "Q616970",
        "operator": "BOB;WAB",
        "public_transport": "station",
        "railway": "station",
        "railway:ref": "LAUT",
        "source": "Bundesamt für Verkehr (BAV), DIDOK 2015",
        "tourism": "information",
        "train": "yes",
        "uic_name": "Lauterbrunnen",
        "uic_ref": "8507384",
        "wheelchair": "yes",
        "wikidata": "Q1278888"
      },
      "geometry": {
        "type": "Point",
        "coordinates": [
          7.9080357,
          46.5983618
        ]
      },
      "id": "node/6037884620"
    },
    {
      "type": "Feature",
      "properties": {
        "@id": "node/6037884621",
        "name": "Zweilütschinen",
        "network": "Jungfraubahnen",
        "operator": "BOB",
        "public_transport": "station",
        "railway": "station",
        "railway:ref": "ZWEI",
        "source": "Bundesamt für Verkehr (BAV), DIDOK 2015",
        "train": "yes",
        "uic_name": "Zweilütschinen",
        "uic_ref": "8507389",
        "wheelchair": "yes",
        "wikidata": "Q8075650"
      },
      "geometry": {
        "type": "Point",
        "coordinates": [
          7.8998263,
          46.6325665
        ]
      },
      "id": "node/6037884621"
    },
    {
      "type": "Feature",
      "properties": {
        "@id": "node/6037884622",
        "ele": "1987",
        "name": "Schynige Platte",
        "network": "Jungfraubahnen",
        "operator": "SPB",
        "public_transport": "station",
        "railway": "station",
        "source": "Bundesamt für Verkehr (BAV), DIDOK 2015",
        "train": "yes",
        "uic_name": "Schynige Platte",
        "uic_ref": "8507387",
        "wikidata": "Q617181",
        "wikipedia": "de:Schynige Platte-Bahn"
      },
      "geometry": {
        "type": "Point",
        "coordinates": [
          7.9111731,
          46.6522608
        ]
      },
      "id": "node/6037884622"
    },
    {
      "type": "Feature",
      "properties": {
        "@id": "node/6389529421",
        "aerialway": "pylon"
      },
      "geometry": {
        "type": "Point",
        "coordinates": [
          7.7655392,
          46.6907396
        ]
      },
      "id": "node/6389529421"
    },
    {
      "type": "Feature",
      "properties": {
        "@id": "node/6389529422",
        "aerialway": "pylon"
      },
      "geometry": {
        "type": "Point",
        "coordinates": [
          7.7657608,
          46.6911927
        ]
      },
      "id": "node/6389529422"
    },
    {
      "type": "Feature",
      "properties": {
        "@id": "node/6389529423",
        "aerialway": "pylon"
      },
      "geometry": {
        "type": "Point",
        "coordinates": [
          7.7660647,
          46.6918221
        ]
      },
      "id": "node/6389529423"
    },
    {
      "type": "Feature",
      "properties": {
        "@id": "node/6389529424",
        "aerialway": "pylon"
      },
      "geometry": {
        "type": "Point",
        "coordinates": [
          7.7673386,
          46.6944458
        ]
      },
      "id": "node/6389529424"
    },
    {
      "type": "Feature",
      "properties": {
        "@id": "node/7473015815",
        "aerialway": "station",
        "name": "Eigergletscher",
        "public_transport": "station"
      },
      "geometry": {
        "type": "Point",
        "coordinates": [
          7.9757404,
          46.5754791
        ]
      },
      "id": "node/7473015815"
    },
    {
      "type": "Feature",
      "properties": {
        "@id": "node/7473015816",
        "aerialway": "station",
        "ele": "957",
        "name": "Grindelwald Terminal",
        "operator": "GGM",
        "public_transport": "station",
        "source": "Bundesamt für Verkehr (BAV), DIDOK 2015",
        "uic_name": "Grindelwald Grund GGM",
        "uic_ref": "8507370"
      },
      "geometry": {
        "type": "Point",
        "coordinates": [
          8.0193659,
          46.6243074
        ]
      },
      "id": "node/7473015816"
    },
    {
      "type": "Feature",
      "properties": {
        "@id": "node/7573175195",
        "aerialway": "pylon"
      },
      "geometry": {
        "type": "Point",
        "coordinates": [
          7.9846602,
          46.5851814
        ]
      },
      "id": "node/7573175195"
    },
    {
      "type": "Feature",
      "properties": {
        "@id": "node/7573175196",
        "aerialway": "pylon"
      },
      "geometry": {
        "type": "Point",
        "coordinates": [
          7.9885763,
          46.589833
        ]
      },
      "id": "node/7573175196"
    },
    {
      "type": "Feature",
      "properties": {
        "@id": "node/7573175197",
        "aerialway": "pylon"
      },
      "geometry": {
        "type": "Point",
        "coordinates": [
          8.0027256,
          46.6057257
        ]
      },
      "id": "node/7573175197"
    },
    {
      "type": "Feature",
      "properties": {
        "@id": "node/7573175198",
        "aerialway": "pylon"
      },
      "geometry": {
        "type": "Point",
        "coordinates": [
          8.0082489,
          46.6119287
        ]
      },
      "id": "node/7573175198"
    },
    {
      "type": "Feature",
      "properties": {
        "@id": "node/7573175199",
        "aerialway": "pylon"
      },
      "geometry": {
        "type": "Point",
        "coordinates": [
          8.0149966,
          46.6195386
        ]
      },
      "id": "node/7573175199"
    },
    {
      "type": "Feature",
      "properties": {
        "@id": "node/7660124975",
        "aerialway": "pylon",
        "ref": "1",
        "source": "survey"
      },
      "geometry": {
        "type": "Point",
        "coordinates": [
          8.0186102,
          46.6234749
        ]
      },
      "id": "node/7660124975"
    },
    {
      "type": "Feature",
      "properties": {
        "@id": "node/8674308553",
        "aerialway": "pylon"
      },
      "geometry": {
        "type": "Point",
        "coordinates": [
          7.9591419,
          46.5993145
        ]
      },
      "id": "node/8674308553"
    },
    {
      "type": "Feature",
      "properties": {
        "@id": "node/8674308554",
        "aerialway": "pylon"
      },
      "geometry": {
        "type": "Point",
        "coordinates": [
          7.9594127,
          46.6006197
        ]
      },
      "id": "node/8674308554"
    },
    {
      "type": "Feature",
      "properties": {
        "@id": "node/8674308555",
        "aerialway": "pylon"
      },
      "geometry": {
        "type": "Point",
        "coordinates": [
          7.9596617,
          46.6018196
        ]
      },
      "id": "node/8674308555"
    },
    {
      "type": "Feature",
      "properties": {
        "@id": "node/8674308556",
        "aerialway": "pylon"
      },
      "geometry": {
        "type": "Point",
        "coordinates": [
          7.9598487,
          46.6027206
        ]
      },
      "id": "node/8674308556"
    },
    {
      "type": "Feature",
      "properties": {
        "@id": "node/8674308557",
        "aerialway": "pylon"
      },
      "geometry": {
        "type": "Point",
        "coordinates": [
          7.9601717,
          46.6042774
        ]
      },
      "id": "node/8674308557"
    },
    {
      "type": "Feature",
      "properties": {
        "@id": "node/8674308558",
        "aerialway": "pylon"
      },
      "geometry": {
        "type": "Point",
        "coordinates": [
          7.9555617,
          46.5980339
        ]
      },
      "id": "node/8674308558"
    },
    {
      "type": "Feature",
      "properties": {
        "@id": "node/8674308559",
        "aerialway": "pylon"
      },
      "geometry": {
        "type": "Point",
        "coordinates": [
          7.9580696,
          46.5969768
        ]
      },
      "id": "node/8674308559"
    },
    {
      "type": "Feature",
      "properties": {
        "@id": "node/8674308560",
        "aerialway": "pylon"
      },
      "geometry": {
        "type": "Point",
        "coordinates": [
          7.9598464,
          46.5962278
        ]
      },
      "id": "node/8674308560"
    },
    {
      "type": "Feature",
      "properties": {
        "@id": "node/8674308561",
        "aerialway": "pylon"
      },
      "geometry": {
        "type": "Point",
        "coordinates": [
          7.9613253,
          46.5956044
        ]
      },
      "id": "node/8674308561"
    },
    {
      "type": "Feature",
      "properties": {
        "@id": "node/8674308562",
        "aerialway": "pylon"
      },
      "geometry": {
        "type": "Point",
        "coordinates": [
          7.9622658,
          46.5952079
        ]
      },
      "id": "node/8674308562"
    },
    {
      "type": "Feature",
      "properties": {
        "@id": "node/8674308563",
        "aerialway": "pylon"
      },
      "geometry": {
        "type": "Point",
        "coordinates": [
          7.9639072,
          46.594516
        ]
      },
      "id": "node/8674308563"
    },
    {
      "type": "Feature",
      "properties": {
        "@id": "node/8674308564",
        "aerialway": "pylon"
      },
      "geometry": {
        "type": "Point",
        "coordinates": [
          7.9657045,
          46.5937583
        ]
      },
      "id": "node/8674308564"
    },
    {
      "type": "Feature",
      "properties": {
        "@id": "node/8674308565",
        "aerialway": "pylon"
      },
      "geometry": {
        "type": "Point",
        "coordinates": [
          7.9675713,
          46.5929714
        ]
      },
      "id": "node/8674308565"
    },
    {
      "type": "Feature",
      "properties": {
        "@id": "node/8674308566",
        "aerialway": "pylon"
      },
      "geometry": {
        "type": "Point",
        "coordinates": [
          7.9693865,
          46.5922061
        ]
      },
      "id": "node/8674308566"
    },
    {
      "type": "Feature",
      "properties": {
        "@id": "node/8674308567",
        "aerialway": "pylon"
      },
      "geometry": {
        "type": "Point",
        "coordinates": [
          7.9703733,
          46.5917902
        ]
      },
      "id": "node/8674308567"
    },
    {
      "type": "Feature",
      "properties": {
        "@id": "node/8674308568",
        "aerialway": "pylon"
      },
      "geometry": {
        "type": "Point",
        "coordinates": [
          7.9715722,
          46.5912847
        ]
      },
      "id": "node/8674308568"
    },
    {
      "type": "Feature",
      "properties": {
        "@id": "node/8674308569",
        "aerialway": "pylon"
      },
      "geometry": {
        "type": "Point",
        "coordinates": [
          7.9732784,
          46.5905654
        ]
      },
      "id": "node/8674308569"
    },
    {
      "type": "Feature",
      "properties": {
        "@id": "node/8674308570",
        "aerialway": "pylon",
        "operator": "GGM",
        "usage": "tourism"
      },
      "geometry": {
        "type": "Point",
        "coordinates": [
          7.9459231,
          46.6063142
        ]
      },
      "id": "node/8674308570"
    },
    {
      "type": "Feature",
      "properties": {
        "@id": "node/8674308571",
        "aerialway": "pylon",
        "operator": "GGM",
        "usage": "tourism"
      },
      "geometry": {
        "type": "Point",
        "coordinates": [
          7.9475233,
          46.6071454
        ]
      },
      "id": "node/8674308571"
    },
    {
      "type": "Feature",
      "properties": {
        "@id": "node/8674308572",
        "aerialway": "pylon",
        "operator": "GGM",
        "usage": "tourism"
      },
      "geometry": {
        "type": "Point",
        "coordinates": [
          7.9493082,
          46.608084
        ]
      },
      "id": "node/8674308572"
    },
    {
      "type": "Feature",
      "properties": {
        "@id": "node/8674308573",
        "aerialway": "pylon",
        "operator": "GGM",
        "usage": "tourism"
      },
      "geometry": {
        "type": "Point",
        "coordinates": [
          7.9509173,
          46.6089146
        ]
      },
      "id": "node/8674308573"
    },
    {
      "type": "Feature",
      "properties": {
        "@id": "node/8674308574",
        "aerialway": "pylon",
        "operator": "GGM",
        "usage": "tourism"
      },
      "geometry": {
        "type": "Point",
        "coordinates": [
          7.9523107,
          46.6096429
        ]
      },
      "id": "node/8674308574"
    },
    {
      "type": "Feature",
      "properties": {
        "@id": "node/8674308575",
        "aerialway": "pylon",
        "operator": "GGM",
        "usage": "tourism"
      },
      "geometry": {
        "type": "Point",
        "coordinates": [
          7.9538125,
          46.6104299
        ]
      },
      "id": "node/8674308575"
    },
    {
      "type": "Feature",
      "properties": {
        "@id": "node/8674308576",
        "aerialway": "pylon",
        "operator": "GGM",
        "usage": "tourism"
      },
      "geometry": {
        "type": "Point",
        "coordinates": [
          7.9543656,
          46.6107181
        ]
      },
      "id": "node/8674308576"
    },
    {
      "type": "Feature",
      "properties": {
        "@id": "node/8674308577",
        "aerialway": "pylon",
        "operator": "GGM",
        "usage": "tourism"
      },
      "geometry": {
        "type": "Point",
        "coordinates": [
          7.9559879,
          46.6115693
        ]
      },
      "id": "node/8674308577"
    },
    {
      "type": "Feature",
      "properties": {
        "@id": "node/8674308578",
        "aerialway": "pylon",
        "operator": "GGM",
        "usage": "tourism"
      },
      "geometry": {
        "type": "Point",
        "coordinates": [
          7.9575996,
          46.6124112
        ]
      },
      "id": "node/8674308578"
    },
    {
      "type": "Feature",
      "properties": {
        "@id": "node/8674308579",
        "aerialway": "pylon",
        "operator": "GGM",
        "usage": "tourism"
      },
      "geometry": {
        "type": "Point",
        "coordinates": [
          7.9590152,
          46.6131485
        ]
      },
      "id": "node/8674308579"
    },
    {
      "type": "Feature",
      "properties": {
        "@id": "node/8674308580",
        "aerialway": "pylon",
        "operator": "GGM",
        "usage": "tourism"
      },
      "geometry": {
        "type": "Point",
        "coordinates": [
          7.9604857,
          46.6139072
        ]
      },
      "id": "node/8674308580"
    },
    {
      "type": "Feature",
      "properties": {
        "@id": "node/8674308581",
        "aerialway": "pylon",
        "operator": "GGM",
        "usage": "tourism"
      },
      "geometry": {
        "type": "Point",
        "coordinates": [
          7.9612638,
          46.6143094
        ]
      },
      "id": "node/8674308581"
    },
    {
      "type": "Feature",
      "properties": {
        "@id": "node/8674308582",
        "aerialway": "pylon",
        "operator": "GGM",
        "usage": "tourism"
      },
      "geometry": {
        "type": "Point",
        "coordinates": [
          7.9620954,
          46.6147437
        ]
      },
      "id": "node/8674308582"
    },
    {
      "type": "Feature",
      "properties": {
        "@id": "node/8674308583",
        "aerialway": "pylon",
        "operator": "GGM",
        "usage": "tourism"
      },
      "geometry": {
        "type": "Point",
        "coordinates": [
          7.9635337,
          46.6154939
        ]
      },
      "id": "node/8674308583"
    },
    {
      "type": "Feature",
      "properties": {
        "@id": "node/8674308585",
        "aerialway": "pylon",
        "operator": "GGM",
        "usage": "tourism"
      },
      "geometry": {
        "type": "Point",
        "coordinates": [
          7.9649239,
          46.6162221
        ]
      },
      "id": "node/8674308585"
    },
    {
      "type": "Feature",
      "properties": {
        "@id": "node/8674308586",
        "aerialway": "pylon",
        "operator": "GGM",
        "usage": "tourism"
      },
      "geometry": {
        "type": "Point",
        "coordinates": [
          7.9658703,
          46.6167157
        ]
      },
      "id": "node/8674308586"
    },
    {
      "type": "Feature",
      "properties": {
        "@id": "node/8681307729",
        "aerialway": "pylon"
      },
      "geometry": {
        "type": "Point",
        "coordinates": [
          7.8724342,
          46.5575182
        ]
      },
      "id": "node/8681307729"
    },
    {
      "type": "Feature",
      "properties": {
        "@id": "node/8681307730",
        "aerialway": "pylon"
      },
      "geometry": {
        "type": "Point",
        "coordinates": [
          7.8748849,
          46.557383
        ]
      },
      "id": "node/8681307730"
    },
    {
      "type": "Feature",
      "properties": {
        "@id": "node/8681307731",
        "aerialway": "pylon"
      },
      "geometry": {
        "type": "Point",
        "coordinates": [
          7.8766447,
          46.5572859
        ]
      },
      "id": "node/8681307731"
    },
    {
      "type": "Feature",
      "properties": {
        "@id": "node/8681307732",
        "aerialway": "pylon"
      },
      "geometry": {
        "type": "Point",
        "coordinates": [
          7.8796251,
          46.5571215
        ]
      },
      "id": "node/8681307732"
    },
    {
      "type": "Feature",
      "properties": {
        "@id": "node/8681307733",
        "aerialway": "pylon"
      },
      "geometry": {
        "type": "Point",
        "coordinates": [
          7.8810328,
          46.5570438
        ]
      },
      "id": "node/8681307733"
    },
    {
      "type": "Feature",
      "properties": {
        "@id": "node/8681307734",
        "aerialway": "pylon"
      },
      "geometry": {
        "type": "Point",
        "coordinates": [
          7.881757,
          46.5570039
        ]
      },
      "id": "node/8681307734"
    },
    {
      "type": "Feature",
      "properties": {
        "@id": "node/8681307735",
        "aerialway": "pylon"
      },
      "geometry": {
        "type": "Point",
        "coordinates": [
          7.8828373,
          46.5569443
        ]
      },
      "id": "node/8681307735"
    },
    {
      "type": "Feature",
      "properties": {
        "@id": "node/8681307736",
        "aerialway": "pylon"
      },
      "geometry": {
        "type": "Point",
        "coordinates": [
          7.8843348,
          46.5568617
        ]
      },
      "id": "node/8681307736"
    },
    {
      "type": "Feature",
      "properties": {
        "@id": "node/8681307737",
        "aerialway": "pylon"
      },
      "geometry": {
        "type": "Point",
        "coordinates": [
          7.8864483,
          46.5567451
        ]
      },
      "id": "node/8681307737"
    },
    {
      "type": "Feature",
      "properties": {
        "@id": "node/8681307738",
        "aerialway": "pylon"
      },
      "geometry": {
        "type": "Point",
        "coordinates": [
          7.8883901,
          46.556638
        ]
      },
      "id": "node/8681307738"
    },
    {
      "type": "Feature",
      "properties": {
        "@id": "node/8681307739",
        "aerialway": "pylon"
      },
      "geometry": {
        "type": "Point",
        "coordinates": [
          7.88997,
          46.5565508
        ]
      },
      "id": "node/8681307739"
    },
    {
      "type": "Feature",
      "properties": {
        "@id": "node/8681307740",
        "aerialway": "pylon"
      },
      "geometry": {
        "type": "Point",
        "coordinates": [
          7.8901669,
          46.5565399
        ]
      },
      "id": "node/8681307740"
    },
    {
      "type": "Feature",
      "properties": {
        "@id": "node/8681307743",
        "aerialway": "pylon"
      },
      "geometry": {
        "type": "Point",
        "coordinates": [
          7.9246395,
          46.5940704
        ]
      },
      "id": "node/8681307743"
    },
    {
      "type": "Feature",
      "properties": {
        "@id": "node/8681307744",
        "aerialway": "pylon"
      },
      "geometry": {
        "type": "Point",
        "coordinates": [
          7.9267049,
          46.5938288
        ]
      },
      "id": "node/8681307744"
    },
    {
      "type": "Feature",
      "properties": {
        "@id": "node/8681307745",
        "aerialway": "pylon"
      },
      "geometry": {
        "type": "Point",
        "coordinates": [
          7.9278372,
          46.5936964
        ]
      },
      "id": "node/8681307745"
    },
    {
      "type": "Feature",
      "properties": {
        "@id": "node/8681307746",
        "aerialway": "pylon"
      },
      "geometry": {
        "type": "Point",
        "coordinates": [
          7.9305656,
          46.5933772
        ]
      },
      "id": "node/8681307746"
    },
    {
      "type": "Feature",
      "properties": {
        "@id": "node/8681307747",
        "aerialway": "pylon"
      },
      "geometry": {
        "type": "Point",
        "coordinates": [
          7.9299917,
          46.5934444
        ]
      },
      "id": "node/8681307747"
    },
    {
      "type": "Feature",
      "properties": {
        "@id": "node/8681307748",
        "aerialway": "pylon"
      },
      "geometry": {
        "type": "Point",
        "coordinates": [
          7.9453691,
          46.6140355
        ]
      },
      "id": "node/8681307748"
    },
    {
      "type": "Feature",
      "properties": {
        "@id": "node/8681307749",
        "aerialway": "pylon"
      },
      "geometry": {
        "type": "Point",
        "coordinates": [
          7.9461565,
          46.6142045
        ]
      },
      "id": "node/8681307749"
    },
    {
      "type": "Feature",
      "properties": {
        "@id": "node/8681307750",
        "aerialway": "pylon"
      },
      "geometry": {
        "type": "Point",
        "coordinates": [
          7.9468158,
          46.6143459
        ]
      },
      "id": "node/8681307750"
    },
    {
      "type": "Feature",
      "properties": {
        "@id": "node/8681307751",
        "aerialway": "pylon"
      },
      "geometry": {
        "type": "Point",
        "coordinates": [
          7.9486485,
          46.614739
        ]
      },
      "id": "node/8681307751"
    },
    {
      "type": "Feature",
      "properties": {
        "@id": "node/8681307752",
        "aerialway": "pylon"
      },
      "geometry": {
        "type": "Point",
        "coordinates": [
          7.9504244,
          46.6151199
        ]
      },
      "id": "node/8681307752"
    },
    {
      "type": "Feature",
      "properties": {
        "@id": "node/8681307753",
        "aerialway": "pylon"
      },
      "geometry": {
        "type": "Point",
        "coordinates": [
          7.9520018,
          46.6154583
        ]
      },
      "id": "node/8681307753"
    },
    {
      "type": "Feature",
      "properties": {
        "@id": "node/8681307754",
        "aerialway": "pylon"
      },
      "geometry": {
        "type": "Point",
        "coordinates": [
          7.9540927,
          46.6159068
        ]
      },
      "id": "node/8681307754"
    },
    {
      "type": "Feature",
      "properties": {
        "@id": "node/8681307755",
        "aerialway": "pylon"
      },
      "geometry": {
        "type": "Point",
        "coordinates": [
          7.9562397,
          46.6163673
        ]
      },
      "id": "node/8681307755"
    },
    {
      "type": "Feature",
      "properties": {
        "@id": "node/8681307756",
        "aerialway": "pylon"
      },
      "geometry": {
        "type": "Point",
        "coordinates": [
          7.9581285,
          46.6167724
        ]
      },
      "id": "node/8681307756"
    },
    {
      "type": "Feature",
      "properties": {
        "@id": "node/8681307757",
        "aerialway": "pylon"
      },
      "geometry": {
        "type": "Point",
        "coordinates": [
          7.9593665,
          46.6170379
        ]
      },
      "id": "node/8681307757"
    },
    {
      "type": "Feature",
      "properties": {
        "@id": "node/8681307758",
        "aerialway": "pylon",
        "operator": "GGM",
        "usage": "tourism"
      },
      "geometry": {
        "type": "Point",
        "coordinates": [
          7.9622294,
          46.617652
        ]
      },
      "id": "node/8681307758"
    },
    {
      "type": "Feature",
      "properties": {
        "@id": "node/8681307759",
        "aerialway": "pylon",
        "operator": "GGM",
        "usage": "tourism"
      },
      "geometry": {
        "type": "Point",
        "coordinates": [
          7.9637235,
          46.6179785
        ]
      },
      "id": "node/8681307759"
    },
    {
      "type": "Feature",
      "properties": {
        "@id": "node/8718618899",
        "aerialway": "pylon"
      },
      "geometry": {
        "type": "Point",
        "coordinates": [
          8.0665612,
          46.6613907
        ]
      },
      "id": "node/8718618899"
    },
    {
      "type": "Feature",
      "properties": {
        "@id": "node/8718618900",
        "aerialway": "pylon"
      },
      "geometry": {
        "type": "Point",
        "coordinates": [
          8.0663803,
          46.6622838
        ]
      },
      "id": "node/8718618900"
    },
    {
      "type": "Feature",
      "properties": {
        "@id": "node/8718618901",
        "aerialway": "pylon"
      },
      "geometry": {
        "type": "Point",
        "coordinates": [
          8.0660891,
          46.6637204
        ]
      },
      "id": "node/8718618901"
    },
    {
      "type": "Feature",
      "properties": {
        "@id": "node/8718618902",
        "aerialway": "pylon"
      },
      "geometry": {
        "type": "Point",
        "coordinates": [
          8.0662347,
          46.6630021
        ]
      },
      "id": "node/8718618902"
    },
    {
      "type": "Feature",
      "properties": {
        "@id": "node/8718618903",
        "aerialway": "pylon"
      },
      "geometry": {
        "type": "Point",
        "coordinates": [
          8.0658522,
          46.6648898
        ]
      },
      "id": "node/8718618903"
    },
    {
      "type": "Feature",
      "properties": {
        "@id": "node/8718618904",
        "aerialway": "pylon"
      },
      "geometry": {
        "type": "Point",
        "coordinates": [
          8.0655467,
          46.6663972
        ]
      },
      "id": "node/8718618904"
    },
    {
      "type": "Feature",
      "properties": {
        "@id": "node/8718618905",
        "aerialway": "pylon"
      },
      "geometry": {
        "type": "Point",
        "coordinates": [
          8.0652587,
          46.6678185
        ]
      },
      "id": "node/8718618905"
    },
    {
      "type": "Feature",
      "properties": {
        "@id": "node/8718618906",
        "aerialway": "pylon"
      },
      "geometry": {
        "type": "Point",
        "coordinates": [
          8.064948,
          46.6693514
        ]
      },
      "id": "node/8718618906"
    },
    {
      "type": "Feature",
      "properties": {
        "@id": "node/8718618907",
        "aerialway": "pylon"
      },
      "geometry": {
        "type": "Point",
        "coordinates": [
          8.0648133,
          46.670016
        ]
      },
      "id": "node/8718618907"
    },
    {
      "type": "Feature",
      "properties": {
        "@id": "node/8718618908",
        "aerialway": "pylon"
      },
      "geometry": {
        "type": "Point",
        "coordinates": [
          8.064536,
          46.6713844
        ]
      },
      "id": "node/8718618908"
    },
    {
      "type": "Feature",
      "properties": {
        "@id": "node/8718618909",
        "aerialway": "pylon"
      },
      "geometry": {
        "type": "Point",
        "coordinates": [
          8.0643035,
          46.6725444
        ]
      },
      "id": "node/8718618909"
    },
    {
      "type": "Feature",
      "properties": {
        "@id": "node/8718618910",
        "aerialway": "pylon"
      },
      "geometry": {
        "type": "Point",
        "coordinates": [
          8.0640671,
          46.6737208
        ]
      },
      "id": "node/8718618910"
    },
    {
      "type": "Feature",
      "properties": {
        "@id": "node/8809981351",
        "aerialway": "pylon"
      },
      "geometry": {
        "type": "Point",
        "coordinates": [
          7.7832755,
          46.5758296
        ]
      },
      "id": "node/8809981351"
    },
    {
      "type": "Feature",
      "properties": {
        "@id": "node/8830627907",
        "aerialway": "station"
      },
      "geometry": {
        "type": "Point",
        "coordinates": [
          8.0641969,
          46.6580175
        ]
      },
      "id": "node/8830627907"
    },
    {
      "type": "Feature",
      "properties": {
        "@id": "node/8956359899",
        "aerialway": "pylon"
      },
      "geometry": {
        "type": "Point",
        "coordinates": [
          7.8956282,
          46.5972176
        ]
      },
      "id": "node/8956359899"
    },
    {
      "type": "Feature",
      "properties": {
        "@id": "node/8956359900",
        "aerialway": "pylon"
      },
      "geometry": {
        "type": "Point",
        "coordinates": [
          7.9064727,
          46.5986734
        ]
      },
      "id": "node/8956359900"
    },
    {
      "type": "Feature",
      "properties": {
        "@id": "node/8956359901",
        "aerialway": "pylon"
      },
      "geometry": {
        "type": "Point",
        "coordinates": [
          7.9031981,
          46.5982345
        ]
      },
      "id": "node/8956359901"
    },
    {
      "type": "Feature",
      "properties": {
        "@id": "node/8956359911",
        "aerialway": "yes",
        "name": "Lauterbrunnen",
        "network": "Jungfraubahnen",
        "operator": "BLM",
        "public_transport": "stop_position",
        "uic_name": "Lauterbrunnen (Seilbahn)",
        "uic_ref": "8507377"
      },
      "geometry": {
        "type": "Point",
        "coordinates": [
          7.907198,
          46.5987678
        ]
      },
      "id": "node/8956359911"
    },
    {
      "type": "Feature",
      "properties": {
        "@id": "node/10053885864",
        "aerialway": "pylon"
      },
      "geometry": {
        "type": "Point",
        "coordinates": [
          7.8498794,
          46.5413749
        ]
      },
      "id": "node/10053885864"
    },
    {
      "type": "Feature",
      "properties": {
        "@id": "node/10136119919",
        "aerialway": "station",
        "ele": "1121",
        "name": "Beatenberg",
        "operator": "NHB",
        "public_transport": "station",
        "toilets:wheelchair": "yes",
        "uic_name": "Beatenberg",
        "uic_ref": "8507192",
        "wheelchair": "yes"
      },
      "geometry": {
        "type": "Point",
        "coordinates": [
          7.7653934,
          46.6906263
        ]
      },
      "id": "node/10136119919"
    },
    {
      "type": "Feature",
      "properties": {
        "@id": "node/11078038620",
        "aerialway": "station",
        "name": "Wengen-Männlichen Aerial Cableway",
        "opening_hours": "Mo-Su 08:30-16:50",
        "operator": "Luftseilbahn Wengen–Männlichen AG",
        "phone": "+41338552933",
        "public_transport": "station",
        "website": "https://www.maennlichen.ch/"
      },
      "geometry": {
        "type": "Point",
        "coordinates": [
          7.9214929,
          46.6062539
        ]
      },
      "id": "node/11078038620"
    },
    {
      "type": "Feature",
      "properties": {
        "@id": "node/11487101627",
        "aerialway": "pylon",
        "ref": "Tower 3 \"Giuw\""
      },
      "geometry": {
        "type": "Point",
        "coordinates": [
          7.8816553,
          46.5590646
        ]
      },
      "id": "node/11487101627"
    },
    {
      "type": "Feature",
      "properties": {
        "@id": "node/11495529886",
        "aerialway": "pylon"
      },
      "geometry": {
        "type": "Point",
        "coordinates": [
          7.8913426,
          46.5580287
        ]
      },
      "id": "node/11495529886"
    },
    {
      "type": "Feature",
      "properties": {
        "@id": "node/12070060833",
        "addr:city": "Wengen",
        "addr:housenumber": "1275",
        "addr:postcode": "3823",
        "addr:street": "Wengiboden",
        "ele": "1275",
        "name": "Wengen",
        "network": "Jungfraubahnen",
        "network:wikidata": "Q616970",
        "operator": "WAB",
        "public_transport": "station",
        "railway": "station",
        "railway:position": "3.82",
        "railway:ref": "WENG",
        "source": "Bundesamt für Verkehr (BAV), DIDOK 2015",
        "train": "yes",
        "uic_name": "Wengen",
        "uic_ref": "8507372",
        "wikidata": "Q5636610"
      },
      "geometry": {
        "type": "Point",
        "coordinates": [
          7.920865,
          46.6050081
        ]
      },
      "id": "node/12070060833"
    },
    {
      "type": "Feature",
      "properties": {
        "@id": "node/12316322871",
        "aerialway": "station",
        "ele": "2225",
        "name": "Männlichen (Gondelbahn)",
        "operator": "GGM",
        "public_transport": "station",
        "uic_name": "Männlichen (Gondelbahn)",
        "uic_ref": "8507371",
        "usage": "tourism"
      },
      "geometry": {
        "type": "Point",
        "coordinates": [
          7.9427263,
          46.6111563
        ]
      },
      "id": "node/12316322871"
    },
    {
      "type": "Feature",
      "properties": {
        "@id": "node/12316322872",
        "aerialway": "pylon",
        "operator": "GGM",
        "usage": "tourism"
      },
      "geometry": {
        "type": "Point",
        "coordinates": [
          7.9664582,
          46.6170201
        ]
      },
      "id": "node/12316322872"
    },
    {
      "type": "Feature",
      "properties": {
        "@id": "node/12316322873",
        "aerialway": "station",
        "ele": "2251",
        "name": "Läger",
        "operator": "GGM",
        "public_transport": "station",
        "uic_name": "Männlichen Klein Tschuggen",
        "uic_ref": "8530323",
        "usage": "tourism"
      },
      "geometry": {
        "type": "Point",
        "coordinates": [
          7.9454488,
          46.6060661
        ]
      },
      "id": "node/12316322873"
    },
    {
      "type": "Feature",
      "properties": {
        "@id": "node/12316322874",
        "aerialway": "pylon",
        "operator": "GGM",
        "usage": "tourism"
      },
      "geometry": {
        "type": "Point",
        "coordinates": [
          7.9458456,
          46.6062741
        ]
      },
      "id": "node/12316322874"
    },
    {
      "type": "Feature",
      "properties": {
        "@id": "node/12316322875",
        "aerialway": "station",
        "ele": "2239",
        "name": "Männlichen (Sesselbahn)",
        "operator": "GGM",
        "public_transport": "station",
        "uic_name": "Männlichen (Sesselbahn)",
        "uic_ref": "8531147",
        "usage": "tourism"
      },
      "geometry": {
        "type": "Point",
        "coordinates": [
          7.9420571,
          46.6134106
        ]
      },
      "id": "node/12316322875"
    },
    {
      "type": "Feature",
      "properties": {
        "@id": "node/12316322876",
        "aerialway": "pylon",
        "operator": "GGM",
        "usage": "tourism"
      },
      "geometry": {
        "type": "Point",
        "coordinates": [
          7.9642032,
          46.6180823
        ]
      },
      "id": "node/12316322876"
    },
    {
      "type": "Feature",
      "properties": {
        "@id": "node/12316322877",
        "aerialway": "station",
        "name": "Grindelwald Läger (Sesselbahn)",
        "operator": "GGM",
        "outdoor_seating": "no",
        "public_transport": "station",
        "uic_name": "Grindelwald Läger (Sesselbahn)",
        "uic_ref": "8531146",
        "usage": "tourism"
      },
      "geometry": {
        "type": "Point",
        "coordinates": [
          7.9645206,
          46.6181787
        ]
      },
      "id": "node/12316322877"
    },
    {
      "type": "Feature",
      "properties": {
        "@id": "node/12316322878",
        "aerialway": "station",
        "ele": "1805",
        "name": "Grindelwald Hinder der Egg",
        "operator": "GGM",
        "public_transport": "station",
        "uic_name": "Grindelwald Hinder der Egg",
        "uic_ref": "8530322",
        "usage": "tourism"
      },
      "geometry": {
        "type": "Point",
        "coordinates": [
          7.9667294,
          46.6171636
        ]
      },
      "id": "node/12316322878"
    },
    {
      "type": "Feature",
      "properties": {
        "@id": "node/12381898253",
        "aerialway": "yes",
        "operator": "BGF",
        "public_transport": "stop_position",
        "ref": "Jungfraubahnen"
      },
      "geometry": {
        "type": "Point",
        "coordinates": [
          8.0538197,
          46.6598581
        ]
      },
      "id": "node/12381898253"
    },
    {
      "type": "Feature",
      "properties": {
        "@id": "node/12497853679",
        "aerialway": "pylon"
      },
      "geometry": {
        "type": "Point",
        "coordinates": [
          7.8719471,
          46.5698042
        ]
      },
      "id": "node/12497853679"
    },
    {
      "type": "Feature",
      "properties": {
        "@id": "node/12497853680",
        "aerialway": "pylon"
      },
      "geometry": {
        "type": "Point",
        "coordinates": [
          7.8707075,
          46.5700166
        ]
      },
      "id": "node/12497853680"
    },
    {
      "type": "Feature",
      "properties": {
        "@id": "node/12497853681",
        "aerialway": "pylon"
      },
      "geometry": {
        "type": "Point",
        "coordinates": [
          7.8694946,
          46.5702243
        ]
      },
      "id": "node/12497853681"
    },
    {
      "type": "Feature",
      "properties": {
        "@id": "node/12497853682",
        "aerialway": "pylon"
      },
      "geometry": {
        "type": "Point",
        "coordinates": [
          7.8730414,
          46.5696167
        ]
      },
      "id": "node/12497853682"
    },
    {
      "type": "Feature",
      "properties": {
        "@id": "node/12497853683",
        "aerialway": "pylon"
      },
      "geometry": {
        "type": "Point",
        "coordinates": [
          7.8735939,
          46.5695221
        ]
      },
      "id": "node/12497853683"
    },
    {
      "type": "Feature",
      "properties": {
        "@id": "node/12497853684",
        "aerialway": "pylon"
      },
      "geometry": {
        "type": "Point",
        "coordinates": [
          7.8739663,
          46.5694583
        ]
      },
      "id": "node/12497853684"
    },
    {
      "type": "Feature",
      "properties": {
        "@id": "node/12497853685",
        "aerialway": "pylon"
      },
      "geometry": {
        "type": "Point",
        "coordinates": [
          7.87439,
          46.5693857
        ]
      },
      "id": "node/12497853685"
    },
    {
      "type": "Feature",
      "properties": {
        "@id": "node/12497853686",
        "aerialway": "pylon"
      },
      "geometry": {
        "type": "Point",
        "coordinates": [
          7.8757485,
          46.569153
        ]
      },
      "id": "node/12497853686"
    },
    {
      "type": "Feature",
      "properties": {
        "@id": "node/12551721174",
        "aerialway": "station",
        "ele": "1960",
        "public_transport": "station"
      },
      "geometry": {
        "type": "Point",
        "coordinates": [
          8.0815297,
          46.6653095
        ]
      },
      "id": "node/12551721174"
    },
    {
      "type": "Feature",
      "properties": {
        "@id": "node/12662118625",
        "aerialway": "pylon"
      },
      "geometry": {
        "type": "Point",
        "coordinates": [
          7.7832977,
          46.5760738
        ]
      },
      "id": "node/12662118625"
    },
    {
      "type": "Feature",
      "properties": {
        "@id": "node/12715196173",
        "aerialway": "pylon"
      },
      "geometry": {
        "type": "Point",
        "coordinates": [
          7.7956603,
          46.6883209
        ]
      },
      "id": "node/12715196173"
    },
    {
      "type": "Feature",
      "properties": {
        "@id": "node/12715196174",
        "aerialway": "pylon"
      },
      "geometry": {
        "type": "Point",
        "coordinates": [
          7.7958586,
          46.6898383
        ]
      },
      "id": "node/12715196174"
    },
    {
      "type": "Feature",
      "properties": {
        "@id": "node/12715196175",
        "aerialway": "pylon"
      },
      "geometry": {
        "type": "Point",
        "coordinates": [
          7.7959298,
          46.6903826
        ]
      },
      "id": "node/12715196175"
    },
    {
      "type": "Feature",
      "properties": {
        "@id": "node/12715196176",
        "aerialway": "pylon"
      },
      "geometry": {
        "type": "Point",
        "coordinates": [
          7.7959786,
          46.6907562
        ]
      },
      "id": "node/12715196176"
    },
    {
      "type": "Feature",
      "properties": {
        "@id": "node/12715239828",
        "aerialway": "pylon"
      },
      "geometry": {
        "type": "Point",
        "coordinates": [
          7.8928454,
          46.5576449
        ]
      },
      "id": "node/12715239828"
    },
    {
      "type": "Feature",
      "properties": {
        "@id": "node/12715239829",
        "aerialway": "pylon"
      },
      "geometry": {
        "type": "Point",
        "coordinates": [
          7.8943331,
          46.5572764
        ]
      },
      "id": "node/12715239829"
    },
    {
      "type": "Feature",
      "properties": {
        "@id": "node/12715239830",
        "aerialway": "pylon"
      },
      "geometry": {
        "type": "Point",
        "coordinates": [
          7.8959318,
          46.5568847
        ]
      },
      "id": "node/12715239830"
    },
    {
      "type": "Feature",
      "properties": {
        "@id": "node/12715239831",
        "aerialway": "station",
        "public_transport": "station"
      },
      "geometry": {
        "type": "Point",
        "coordinates": [
          7.9019616,
          46.5554434
        ]
      },
      "id": "node/12715239831"
    },
    {
      "type": "Feature",
      "properties": {
        "@id": "node/12980256927",
        "aerialway": "pylon"
      },
      "geometry": {
        "type": "Point",
        "coordinates": [
          8.0373938,
          46.6857222
        ]
      },
      "id": "node/12980256927"
    },
    {
      "type": "Feature",
      "properties": {
        "@id": "node/12997356529",
        "ele": "1485",
        "name": "Grütschalp",
        "network": "Jungfraubahnen",
        "network:wikidata": "Q616970",
        "operator": "BLM",
        "public_transport": "station",
        "railway": "station",
        "source": "Bundesamt für Verkehr (BAV), DIDOK 2015",
        "train": "yes",
        "uic_name": "Winteregg",
        "uic_ref": "8507560",
        "wikidata": "Q3096596"
      },
      "geometry": {
        "type": "Point",
        "coordinates": [
          7.890707,
          46.5965617
        ]
      },
      "id": "node/12997356529"
    },
    {
      "type": "Feature",
      "properties": {
        "@id": "node/13474047137",
        "ele": "584",
        "name": "Wilderswil",
        "network": "Jungfraubahnen",
        "not:network:wikidata": "Q616970",
        "operator": "BOB",
        "public_transport": "station",
        "railway": "station",
        "railway:ref": "WILD",
        "train": "yes",
        "uic_name": "Wilderswil",
        "uic_ref": "8507388",
        "wikidata": "Q8001195"
      },
      "geometry": {
        "type": "Point",
        "coordinates": [
          7.8692766,
          46.6656244
        ]
      },
      "id": "node/13474047137"
    },
    {
      "type": "Feature",
      "properties": {
        "@id": "node/13991021971",
        "ele": "1639",
        "name": "Mürren",
        "network": "Jungfraubahnen",
        "network:wikidata": "Q616970",
        "operator": "BLM",
        "public_transport": "station",
        "railway": "station",
        "railway:ref": "MUER",
        "train": "yes",
        "uic_ref": "8507379",
        "wheelchair": "yes",
        "wikidata": "Q6950575"
      },
      "geometry": {
        "type": "Point",
        "coordinates": [
          7.8971188,
          46.5636889
        ]
      },
      "id": "node/13991021971"
    }
  ]
}